period_idx,period_label,basis,draw,null_mean_pairwise_jaccard
0,1961-1970,presence,0,0.3840861899119818
0,1961-1970,presence,1,0.3851974541141605
0,1961-1970,presence,2,0.3874877845466081
0,1961-1970,presence,3,0.388661345380207
0,1961-1970,presence,4,0.3903359796995186
0,1961-1970,presence,5,0.39190264246527645
0,1961-1970,presence,6,0.3908303362994956
0,1961-1970,presence,7,0.38440711500666247
0,1961-1970,presence,8,0.3837525995301656
0,1961-1970,presence,9,0.39280679397076157
0,1961-1970,presence,10,0.39169464375912344
0,1961-1970,presence,11,0.38434462303240585
0,1961-1970,presence,12,0.38427535364752563
0,1961-1970,presence,13,0.38875830156938757
0,1961-1970,presence,14,0.3868262823832602
0,1961-1970,presence,15,0.3991833853259193
0,1961-1970,presence,16,0.38425492735149797
0,1961-1970,presence,17,0.39461962852799953
0,1961-1970,presence,18,0.3917563269909067
0,1961-1970,presence,19,0.3912581500533989
0,1961-1970,presence,20,0.38563712870839567
0,1961-1970,presence,21,0.3833695517236241
0,1961-1970,presence,22,0.3842569760556186
0,1961-1970,presence,23,0.3870496291876383
0,1961-1970,presence,24,0.38850807378433005
0,1961-1970,presence,25,0.3866018383656512
0,1961-1970,presence,26,0.38908338812184967
0,1961-1970,presence,27,0.388036241144124
0,1961-1970,presence,28,0.39239430232077294
0,1961-1970,presence,29,0.3881729539788006
0,1961-1970,presence,30,0.3949124844486836
0,1961-1970,presence,31,0.39644999409973214
0,1961-1970,presence,32,0.39300666758245945
0,1961-1970,presence,33,0.394202833993558
0,1961-1970,presence,34,0.3867239524762149
0,1961-1970,presence,35,0.38664046172530336
0,1961-1970,presence,36,0.3841703252336736
0,1961-1970,presence,37,0.3881850291069747
0,1961-1970,presence,38,0.3864229305971388
0,1961-1970,presence,39,0.3856903613661175
0,1961-1970,presence,40,0.3958978998958756
0,1961-1970,presence,41,0.3919097378656202
0,1961-1970,presence,42,0.39023457462818023
0,1961-1970,presence,43,0.3867036432647292
0,1961-1970,presence,44,0.3896607697229869
0,1961-1970,presence,45,0.38653023070443887
0,1961-1970,presence,46,0.3935306660672819
0,1961-1970,presence,47,0.387648737956847
0,1961-1970,presence,48,0.3860600728247787
0,1961-1970,presence,49,0.38358665592828484
0,1961-1970,presence,50,0.38837373452758067
0,1961-1970,presence,51,0.38990697274068314
0,1961-1970,presence,52,0.38614680851374106
0,1961-1970,presence,53,0.3819674229742103
0,1961-1970,presence,54,0.38666035981914765
0,1961-1970,presence,55,0.3824786607309232
0,1961-1970,presence,56,0.3893285710280828
0,1961-1970,presence,57,0.38969922571672994
0,1961-1970,presence,58,0.39063984679905134
0,1961-1970,presence,59,0.38480979396971304
0,1961-1970,presence,60,0.39193472440078775
0,1961-1970,presence,61,0.38677827326017367
0,1961-1970,presence,62,0.394635784652753
0,1961-1970,presence,63,0.3834881601820158
0,1961-1970,presence,64,0.39176179212943923
0,1961-1970,presence,65,0.3851132434530268
0,1961-1970,presence,66,0.38638324240699806
0,1961-1970,presence,67,0.38416954463334557
0,1961-1970,presence,68,0.3875089895704923
0,1961-1970,presence,69,0.385363287625731
0,1961-1970,presence,70,0.3897668331179286
0,1961-1970,presence,71,0.3889024910175779
0,1961-1970,presence,72,0.38402126300881956
0,1961-1970,presence,73,0.38379347640927775
0,1961-1970,presence,74,0.38849141286328714
0,1961-1970,presence,75,0.38643803196970616
0,1961-1970,presence,76,0.3921003895551407
0,1961-1970,presence,77,0.38694929483956636
0,1961-1970,presence,78,0.3870130822336705
0,1961-1970,presence,79,0.3848647542026918
0,1961-1970,presence,80,0.3852284969932029
0,1961-1970,presence,81,0.3907987751313543
0,1961-1970,presence,82,0.38305151161188317
0,1961-1970,presence,83,0.3866039147713356
0,1961-1970,presence,84,0.39240522978913067
0,1961-1970,presence,85,0.392669706696856
0,1961-1970,presence,86,0.3849985663587116
0,1961-1970,presence,87,0.39785911151861375
0,1961-1970,presence,88,0.38842590720121084
0,1961-1970,presence,89,0.3836798581425278
0,1961-1970,presence,90,0.3883373602265005
0,1961-1970,presence,91,0.3835845045686675
0,1961-1970,presence,92,0.3897189066589519
0,1961-1970,presence,93,0.3836131994785841
0,1961-1970,presence,94,0.38649379780601495
0,1961-1970,presence,95,0.38801111703737323
0,1961-1970,presence,96,0.3902558958554434
0,1961-1970,presence,97,0.38434259305300034
0,1961-1970,presence,98,0.3901307779701445
0,1961-1970,presence,99,0.3919829782669149
0,1961-1970,presence,100,0.38584813355740966
0,1961-1970,presence,101,0.38730118978690065
0,1961-1970,presence,102,0.38572269652586394
0,1961-1970,presence,103,0.38690971128753937
0,1961-1970,presence,104,0.3834833970550808
0,1961-1970,presence,105,0.3829292523297048
0,1961-1970,presence,106,0.38683371482847545
0,1961-1970,presence,107,0.3878599310443202
0,1961-1970,presence,108,0.38544226114927466
0,1961-1970,presence,109,0.3845359602117163
0,1961-1970,presence,110,0.38496654175387207
0,1961-1970,presence,111,0.3897812741138533
0,1961-1970,presence,112,0.3880621023437765
0,1961-1970,presence,113,0.38542728324968145
0,1961-1970,presence,114,0.40216921401876154
0,1961-1970,presence,115,0.3883891928262611
0,1961-1970,presence,116,0.38836296842220874
0,1961-1970,presence,117,0.3863456134949348
0,1961-1970,presence,118,0.389977023882418
0,1961-1970,presence,119,0.3880815503835866
0,1961-1970,presence,120,0.38472271297497546
0,1961-1970,presence,121,0.3872479855466876
0,1961-1970,presence,122,0.3857931197937747
0,1961-1970,presence,123,0.3890607099034701
0,1961-1970,presence,124,0.38346653974482026
0,1961-1970,presence,125,0.39091293531338783
0,1961-1970,presence,126,0.39763086544760756
0,1961-1970,presence,127,0.39478082877404147
0,1961-1970,presence,128,0.3879854496935945
0,1961-1970,presence,129,0.39071944242371726
0,1961-1970,presence,130,0.3806686850521692
0,1961-1970,presence,131,0.38929347948013104
0,1961-1970,presence,132,0.3892432950408064
0,1961-1970,presence,133,0.3868630102510194
0,1961-1970,presence,134,0.3840282444637648
0,1961-1970,presence,135,0.39053607079327485
0,1961-1970,presence,136,0.3978433006996356
0,1961-1970,presence,137,0.3866732281042236
0,1961-1970,presence,138,0.3880013243418221
0,1961-1970,presence,139,0.38650899764855473
0,1961-1970,presence,140,0.3865397319553071
0,1961-1970,presence,141,0.3898664568630632
0,1961-1970,presence,142,0.3866342044762502
0,1961-1970,presence,143,0.38491049873670735
0,1961-1970,presence,144,0.3874208506844254
0,1961-1970,presence,145,0.38516888047431036
0,1961-1970,presence,146,0.3941933282818017
0,1961-1970,presence,147,0.3808779979028848
0,1961-1970,presence,148,0.383423865182915
0,1961-1970,presence,149,0.38566045683960665
0,1961-1970,presence,150,0.3838448253606625
0,1961-1970,presence,151,0.384368734792943
0,1961-1970,presence,152,0.38587593039694734
0,1961-1970,presence,153,0.38942997885305575
0,1961-1970,presence,154,0.3849040997305465
0,1961-1970,presence,155,0.38876135177040155
0,1961-1970,presence,156,0.38555834248707554
0,1961-1970,presence,157,0.3851062357284077
0,1961-1970,presence,158,0.3860776237755876
0,1961-1970,presence,159,0.38610359914092945
0,1961-1970,presence,160,0.38258042443562806
0,1961-1970,presence,161,0.3833920656601652
0,1961-1970,presence,162,0.3900662413671463
0,1961-1970,presence,163,0.3865810304158721
0,1961-1970,presence,164,0.3872070018816268
0,1961-1970,presence,165,0.38511546271727265
0,1961-1970,presence,166,0.3845243243433289
0,1961-1970,presence,167,0.3850953397616294
0,1961-1970,presence,168,0.39027596021374306
0,1961-1970,presence,169,0.3814725370155234
0,1961-1970,presence,170,0.3823021949406208
0,1961-1970,presence,171,0.3844268633578588
0,1961-1970,presence,172,0.3866235752265164
0,1961-1970,presence,173,0.3888148197537338
0,1961-1970,presence,174,0.38633583726611836
0,1961-1970,presence,175,0.389385746339783
0,1961-1970,presence,176,0.39358307918828284
0,1961-1970,presence,177,0.3881106816344373
0,1961-1970,presence,178,0.3810620113504729
0,1961-1970,presence,179,0.3831746611441182
0,1961-1970,presence,180,0.3860362561437222
0,1961-1970,presence,181,0.3846835679667902
0,1961-1970,presence,182,0.3845682922323194
0,1961-1970,presence,183,0.39236233014513555
0,1961-1970,presence,184,0.3859430880745479
0,1961-1970,presence,185,0.3869173704119525
0,1961-1970,presence,186,0.38391090642221865
0,1961-1970,presence,187,0.3876890141030413
0,1961-1970,presence,188,0.3888261677571632
0,1961-1970,presence,189,0.38716943041038065
0,1961-1970,presence,190,0.3837193088041504
0,1961-1970,presence,191,0.3815132978564748
0,1961-1970,presence,192,0.3896985922155605
0,1961-1970,presence,193,0.38371731230894124
0,1961-1970,presence,194,0.3846471485611757
0,1961-1970,presence,195,0.386717292370424
0,1961-1970,presence,196,0.3989789263619342
0,1961-1970,presence,197,0.3913641842598142
0,1961-1970,presence,198,0.385125861653011
0,1961-1970,presence,199,0.38621893440897964
0,1961-1970,presence,200,0.3888649215289487
0,1961-1970,presence,201,0.38941361449845613
0,1961-1970,presence,202,0.3874188405862614
0,1961-1970,presence,203,0.3843180261166687
0,1961-1970,presence,204,0.3959832117354742
0,1961-1970,presence,205,0.38610102096795357
0,1961-1970,presence,206,0.3852860207498217
0,1961-1970,presence,207,0.3874457451380528
0,1961-1970,presence,208,0.3910256975302224
0,1961-1970,presence,209,0.381724499314997
0,1961-1970,presence,210,0.39403485479485717
0,1961-1970,presence,211,0.38437672809844753
0,1961-1970,presence,212,0.38705108051827514
0,1961-1970,presence,213,0.38730436962903025
0,1961-1970,presence,214,0.3861106100046919
0,1961-1970,presence,215,0.38974205156331854
0,1961-1970,presence,216,0.3836509979043916
0,1961-1970,presence,217,0.3927415110777221
0,1961-1970,presence,218,0.39367790142081643
0,1961-1970,presence,219,0.38882820307861987
0,1961-1970,presence,220,0.38930164962404784
0,1961-1970,presence,221,0.38232865885580825
0,1961-1970,presence,222,0.3874281324507569
0,1961-1970,presence,223,0.3857515779119137
0,1961-1970,presence,224,0.3911227411197642
0,1961-1970,presence,225,0.3836961911056934
0,1961-1970,presence,226,0.38559274540609384
0,1961-1970,presence,227,0.38136708795645446
0,1961-1970,presence,228,0.3873941407595254
0,1961-1970,presence,229,0.384325642724964
0,1961-1970,presence,230,0.38587348004768823
0,1961-1970,presence,231,0.387962239087507
0,1961-1970,presence,232,0.3825922223829464
0,1961-1970,presence,233,0.3919379315589723
0,1961-1970,presence,234,0.38283577491722287
0,1961-1970,presence,235,0.389371332880204
0,1961-1970,presence,236,0.38622848996152165
0,1961-1970,presence,237,0.39377847203073446
0,1961-1970,presence,238,0.391079726373844
0,1961-1970,presence,239,0.3835038557889237
0,1961-1970,presence,240,0.3862297184129764
0,1961-1970,presence,241,0.3940068626124831
0,1961-1970,presence,242,0.3891845931691728
0,1961-1970,presence,243,0.3905118071973276
0,1961-1970,presence,244,0.38695573740822614
0,1961-1970,presence,245,0.3832663325027578
0,1961-1970,presence,246,0.3875717462791767
0,1961-1970,presence,247,0.3815896302038836
0,1961-1970,presence,248,0.3900424190686754
0,1961-1970,presence,249,0.389822284929751
0,1961-1970,presence,250,0.387868644260047
0,1961-1970,presence,251,0.3882013888905411
0,1961-1970,presence,252,0.39156197739044846
0,1961-1970,presence,253,0.3861532813173085
0,1961-1970,presence,254,0.3906189180197872
0,1961-1970,presence,255,0.39253836620322685
0,1961-1970,presence,256,0.38410631077486285
0,1961-1970,presence,257,0.3820548230050492
0,1961-1970,presence,258,0.383515630715857
0,1961-1970,presence,259,0.3833509216784997
0,1961-1970,presence,260,0.38305097889373907
0,1961-1970,presence,261,0.38506121622637457
0,1961-1970,presence,262,0.38367110411793665
0,1961-1970,presence,263,0.3885019612112372
0,1961-1970,presence,264,0.38533389687235836
0,1961-1970,presence,265,0.38402226048540644
0,1961-1970,presence,266,0.38700260024831357
0,1961-1970,presence,267,0.384174715848924
0,1961-1970,presence,268,0.3833994133485084
0,1961-1970,presence,269,0.38656471000928017
0,1961-1970,presence,270,0.393869894460809
0,1961-1970,presence,271,0.38533012152921653
0,1961-1970,presence,272,0.3838787455124679
0,1961-1970,presence,273,0.3916321036513344
0,1961-1970,presence,274,0.3874066847765943
0,1961-1970,presence,275,0.38570135872172073
0,1961-1970,presence,276,0.39056167144402437
0,1961-1970,presence,277,0.3829838943526726
0,1961-1970,presence,278,0.3874884992249245
0,1961-1970,presence,279,0.39932766558897786
0,1961-1970,presence,280,0.3820155837124163
0,1961-1970,presence,281,0.3835804058937543
0,1961-1970,presence,282,0.3866589425234341
0,1961-1970,presence,283,0.38822240650205647
0,1961-1970,presence,284,0.39081306660492177
0,1961-1970,presence,285,0.39106482590645486
0,1961-1970,presence,286,0.38765747523933997
0,1961-1970,presence,287,0.3874624318881881
0,1961-1970,presence,288,0.3822430345337586
0,1961-1970,presence,289,0.39249261572136074
0,1961-1970,presence,290,0.38711864964395326
0,1961-1970,presence,291,0.38434077339620326
0,1961-1970,presence,292,0.3907168299955273
0,1961-1970,presence,293,0.3859151449619418
0,1961-1970,presence,294,0.384286142883428
0,1961-1970,presence,295,0.3925189713085641
0,1961-1970,presence,296,0.3892867533421832
0,1961-1970,presence,297,0.383979335563046
0,1961-1970,presence,298,0.38497768675936095
0,1961-1970,presence,299,0.38712489956833845
0,1961-1970,presence,300,0.38588384665575665
0,1961-1970,presence,301,0.38008222923381296
0,1961-1970,presence,302,0.38834286011590124
0,1961-1970,presence,303,0.38937364587817075
0,1961-1970,presence,304,0.3885461468576496
0,1961-1970,presence,305,0.38385646739719137
0,1961-1970,presence,306,0.3866898425439149
0,1961-1970,presence,307,0.39488146304799077
0,1961-1970,presence,308,0.39013794463455104
0,1961-1970,presence,309,0.39521258132683473
0,1961-1970,presence,310,0.3866400421264675
0,1961-1970,presence,311,0.3839059341292016
0,1961-1970,presence,312,0.38332847195671677
0,1961-1970,presence,313,0.39119725799590055
0,1961-1970,presence,314,0.37992704578945347
0,1961-1970,presence,315,0.38663279802985684
0,1961-1970,presence,316,0.3844875691595148
0,1961-1970,presence,317,0.3806619400793609
0,1961-1970,presence,318,0.3939362914193231
0,1961-1970,presence,319,0.382776538234683
0,1961-1970,presence,320,0.3853083128535617
0,1961-1970,presence,321,0.38441342991682365
0,1961-1970,presence,322,0.3821696026447158
0,1961-1970,presence,323,0.39516392983587556
0,1961-1970,presence,324,0.38716523546840287
0,1961-1970,presence,325,0.385382857045753
0,1961-1970,presence,326,0.39283039014076165
0,1961-1970,presence,327,0.38825498701064315
0,1961-1970,presence,328,0.3857334440166662
0,1961-1970,presence,329,0.38978356161316385
0,1961-1970,presence,330,0.38989784620440726
0,1961-1970,presence,331,0.38460698845314234
0,1961-1970,presence,332,0.382470660210896
0,1961-1970,presence,333,0.38573184608252487
0,1961-1970,presence,334,0.39341802264224274
0,1961-1970,presence,335,0.38537066108809387
0,1961-1970,presence,336,0.393801061031354
0,1961-1970,presence,337,0.3845234056206907
0,1961-1970,presence,338,0.38825416664783186
0,1961-1970,presence,339,0.385467327319554
0,1961-1970,presence,340,0.3870584156500446
0,1961-1970,presence,341,0.3901667222085774
0,1961-1970,presence,342,0.3928852245877133
0,1961-1970,presence,343,0.38653536959234747
0,1961-1970,presence,344,0.382833303475123
0,1961-1970,presence,345,0.38419162024633563
0,1961-1970,presence,346,0.3936729571597992
0,1961-1970,presence,347,0.38301819577272067
0,1961-1970,presence,348,0.38943411690494334
0,1961-1970,presence,349,0.38360795396994496
0,1961-1970,presence,350,0.3824280033273246
0,1961-1970,presence,351,0.3856250471917893
0,1961-1970,presence,352,0.39115882232398075
0,1961-1970,presence,353,0.38609724028276066
0,1961-1970,presence,354,0.3825865018172711
0,1961-1970,presence,355,0.38467936151461996
0,1961-1970,presence,356,0.38770313920200794
0,1961-1970,presence,357,0.38427440144069097
0,1961-1970,presence,358,0.3822859141863667
0,1961-1970,presence,359,0.3846804590582871
0,1961-1970,presence,360,0.3888675552702702
0,1961-1970,presence,361,0.3840514710960055
0,1961-1970,presence,362,0.38489150157702195
0,1961-1970,presence,363,0.3864280025166546
0,1961-1970,presence,364,0.38840129306758264
0,1961-1970,presence,365,0.3872190874736124
0,1961-1970,presence,366,0.3824705732511162
0,1961-1970,presence,367,0.38859389311878
0,1961-1970,presence,368,0.3886487517426432
0,1961-1970,presence,369,0.38226730848337187
0,1961-1970,presence,370,0.3930952615341756
0,1961-1970,presence,371,0.3856990378483591
0,1961-1970,presence,372,0.38638123230883414
0,1961-1970,presence,373,0.3846414474912332
0,1961-1970,presence,374,0.38562094747049497
0,1961-1970,presence,375,0.38441928871495434
0,1961-1970,presence,376,0.3887232655897815
0,1961-1970,presence,377,0.3840621336096449
0,1961-1970,presence,378,0.3844436819520173
0,1961-1970,presence,379,0.3850578625748309
0,1961-1970,presence,380,0.38823524504787904
0,1961-1970,presence,381,0.39005852127726387
0,1961-1970,presence,382,0.38712067543783424
0,1961-1970,presence,383,0.4007205652567643
0,1961-1970,presence,384,0.38634109847047454
0,1961-1970,presence,385,0.38760516025787517
0,1961-1970,presence,386,0.38579258024661695
0,1961-1970,presence,387,0.3837737478291777
0,1961-1970,presence,388,0.38435918551868775
0,1961-1970,presence,389,0.3855953593763191
0,1961-1970,presence,390,0.39180345274802286
0,1961-1970,presence,391,0.3980291254329716
0,1961-1970,presence,392,0.3857449216612112
0,1961-1970,presence,393,0.39208747930467386
0,1961-1970,presence,394,0.3866768904382027
0,1961-1970,presence,395,0.3874965741481579
0,1961-1970,presence,396,0.3852824913062469
0,1961-1970,presence,397,0.3851655515504051
0,1961-1970,presence,398,0.3842963378849899
0,1961-1970,presence,399,0.3876729343641108
1,1971-1980,presence,0,0.2998208194096352
1,1971-1980,presence,1,0.29760207718121806
1,1971-1980,presence,2,0.3013771973998367
1,1971-1980,presence,3,0.3148147039865306
1,1971-1980,presence,4,0.2988560054281803
1,1971-1980,presence,5,0.2987786105936261
1,1971-1980,presence,6,0.3012418116655733
1,1971-1980,presence,7,0.30088622137093507
1,1971-1980,presence,8,0.3023496519820049
1,1971-1980,presence,9,0.30215737829708417
1,1971-1980,presence,10,0.30235498079635076
1,1971-1980,presence,11,0.3038591563020743
1,1971-1980,presence,12,0.3008570756084301
1,1971-1980,presence,13,0.29917614763976996
1,1971-1980,presence,14,0.30926870754947383
1,1971-1980,presence,15,0.29921681617889045
1,1971-1980,presence,16,0.30362888623531037
1,1971-1980,presence,17,0.3144875102537641
1,1971-1980,presence,18,0.3028416735411704
1,1971-1980,presence,19,0.3016984556980687
1,1971-1980,presence,20,0.30354871646957554
1,1971-1980,presence,21,0.3103470762052419
1,1971-1980,presence,22,0.29909719243891075
1,1971-1980,presence,23,0.3035018794200296
1,1971-1980,presence,24,0.2976423078483837
1,1971-1980,presence,25,0.30146676877617284
1,1971-1980,presence,26,0.3009981045284838
1,1971-1980,presence,27,0.30393845741175457
1,1971-1980,presence,28,0.30428465923338216
1,1971-1980,presence,29,0.30066819131447614
1,1971-1980,presence,30,0.3025760826863768
1,1971-1980,presence,31,0.3013965297759802
1,1971-1980,presence,32,0.30983646255705083
1,1971-1980,presence,33,0.2999669116716331
1,1971-1980,presence,34,0.3089368204751332
1,1971-1980,presence,35,0.2985357826011851
1,1971-1980,presence,36,0.30205098454034207
1,1971-1980,presence,37,0.30749092625640617
1,1971-1980,presence,38,0.30154388417739814
1,1971-1980,presence,39,0.30130574225968965
1,1971-1980,presence,40,0.30121051198257087
1,1971-1980,presence,41,0.2997677844959192
1,1971-1980,presence,42,0.29969221925878275
1,1971-1980,presence,43,0.29705516616023586
1,1971-1980,presence,44,0.298277586813771
1,1971-1980,presence,45,0.30616689450184037
1,1971-1980,presence,46,0.3049200501725657
1,1971-1980,presence,47,0.29948084058184676
1,1971-1980,presence,48,0.3071673607538545
1,1971-1980,presence,49,0.30554087231138316
1,1971-1980,presence,50,0.3165642050229899
1,1971-1980,presence,51,0.2985646079783077
1,1971-1980,presence,52,0.3020517081101446
1,1971-1980,presence,53,0.3021537140190391
1,1971-1980,presence,54,0.30112980271649004
1,1971-1980,presence,55,0.305926925993683
1,1971-1980,presence,56,0.3002704942904246
1,1971-1980,presence,57,0.30342916711628015
1,1971-1980,presence,58,0.3070900977247727
1,1971-1980,presence,59,0.30452821605782127
1,1971-1980,presence,60,0.3048190873955193
1,1971-1980,presence,61,0.3025813325677877
1,1971-1980,presence,62,0.30075243534415363
1,1971-1980,presence,63,0.3020642641027703
1,1971-1980,presence,64,0.3101150258696698
1,1971-1980,presence,65,0.298576059804775
1,1971-1980,presence,66,0.3004283443737778
1,1971-1980,presence,67,0.3008245471132468
1,1971-1980,presence,68,0.3043484468532843
1,1971-1980,presence,69,0.3012615577147311
1,1971-1980,presence,70,0.29864250032303435
1,1971-1980,presence,71,0.3000830529477975
1,1971-1980,presence,72,0.2975819208597847
1,1971-1980,presence,73,0.30449001702774925
1,1971-1980,presence,74,0.30598320807589385
1,1971-1980,presence,75,0.2979309047720425
1,1971-1980,presence,76,0.30003301573154517
1,1971-1980,presence,77,0.31048395461321154
1,1971-1980,presence,78,0.30033952742447323
1,1971-1980,presence,79,0.30186222109790223
1,1971-1980,presence,80,0.30328294881216705
1,1971-1980,presence,81,0.30806742646042184
1,1971-1980,presence,82,0.2965259004984238
1,1971-1980,presence,83,0.3042460103392766
1,1971-1980,presence,84,0.3040557660362227
1,1971-1980,presence,85,0.3048609630536875
1,1971-1980,presence,86,0.3017146980198451
1,1971-1980,presence,87,0.29998349145407965
1,1971-1980,presence,88,0.2990881816626786
1,1971-1980,presence,89,0.29973747632513115
1,1971-1980,presence,90,0.302018324740848
1,1971-1980,presence,91,0.30482610036305857
1,1971-1980,presence,92,0.3044438482412553
1,1971-1980,presence,93,0.30312462817397023
1,1971-1980,presence,94,0.30210588381060516
1,1971-1980,presence,95,0.2977685871561645
1,1971-1980,presence,96,0.29889389241362924
1,1971-1980,presence,97,0.30251254600519306
1,1971-1980,presence,98,0.30343299774414323
1,1971-1980,presence,99,0.29911227203022867
1,1971-1980,presence,100,0.3011467672477734
1,1971-1980,presence,101,0.3014549952756222
1,1971-1980,presence,102,0.2981496619780289
1,1971-1980,presence,103,0.3078523210034433
1,1971-1980,presence,104,0.3057106879117328
1,1971-1980,presence,105,0.3015618611264896
1,1971-1980,presence,106,0.29649120666342027
1,1971-1980,presence,107,0.30787671886936596
1,1971-1980,presence,108,0.3091215211445475
1,1971-1980,presence,109,0.2998643965110683
1,1971-1980,presence,110,0.3057275523181096
1,1971-1980,presence,111,0.2989551538932344
1,1971-1980,presence,112,0.29982844114519813
1,1971-1980,presence,113,0.2997245952576835
1,1971-1980,presence,114,0.30412739916029385
1,1971-1980,presence,115,0.3049326915058339
1,1971-1980,presence,116,0.30000188418822327
1,1971-1980,presence,117,0.30141669579846825
1,1971-1980,presence,118,0.3015114225514768
1,1971-1980,presence,119,0.30899303010371126
1,1971-1980,presence,120,0.30158599198072883
1,1971-1980,presence,121,0.29923457727056796
1,1971-1980,presence,122,0.29606126190201265
1,1971-1980,presence,123,0.29915491854636594
1,1971-1980,presence,124,0.30865988826418395
1,1971-1980,presence,125,0.2999879167458502
1,1971-1980,presence,126,0.2990535971166776
1,1971-1980,presence,127,0.29952725214528625
1,1971-1980,presence,128,0.2992856257949137
1,1971-1980,presence,129,0.31105575922042644
1,1971-1980,presence,130,0.2999451555711231
1,1971-1980,presence,131,0.30022064819568695
1,1971-1980,presence,132,0.29911227396328016
1,1971-1980,presence,133,0.3061468780760576
1,1971-1980,presence,134,0.3013155130473242
1,1971-1980,presence,135,0.3061806115782508
1,1971-1980,presence,136,0.29796554100927164
1,1971-1980,presence,137,0.30314794245715304
1,1971-1980,presence,138,0.30310382453087564
1,1971-1980,presence,139,0.3030820174908797
1,1971-1980,presence,140,0.301428985137383
1,1971-1980,presence,141,0.3067955934316229
1,1971-1980,presence,142,0.30225698579026755
1,1971-1980,presence,143,0.30561121258199436
1,1971-1980,presence,144,0.3092905606247324
1,1971-1980,presence,145,0.30030763322075243
1,1971-1980,presence,146,0.29837467321406946
1,1971-1980,presence,147,0.29711480770691295
1,1971-1980,presence,148,0.30001790721604965
1,1971-1980,presence,149,0.30157655253243487
1,1971-1980,presence,150,0.3057932986919055
1,1971-1980,presence,151,0.3080749881639974
1,1971-1980,presence,152,0.30415982208938863
1,1971-1980,presence,153,0.29791182029185126
1,1971-1980,presence,154,0.3014355845392997
1,1971-1980,presence,155,0.30078581878504473
1,1971-1980,presence,156,0.29890277048945785
1,1971-1980,presence,157,0.30210171740454245
1,1971-1980,presence,158,0.30265104552739996
1,1971-1980,presence,159,0.2991138672988518
1,1971-1980,presence,160,0.2988044470794084
1,1971-1980,presence,161,0.302884270728698
1,1971-1980,presence,162,0.2993209513439776
1,1971-1980,presence,163,0.3039397443586685
1,1971-1980,presence,164,0.306801135848156
1,1971-1980,presence,165,0.30096545271177627
1,1971-1980,presence,166,0.2972809334341842
1,1971-1980,presence,167,0.31023511372098833
1,1971-1980,presence,168,0.29856317479962996
1,1971-1980,presence,169,0.30597434800608175
1,1971-1980,presence,170,0.308281179031953
1,1971-1980,presence,171,0.30135569903952253
1,1971-1980,presence,172,0.300404617455701
1,1971-1980,presence,173,0.29981212440094024
1,1971-1980,presence,174,0.29962718421213
1,1971-1980,presence,175,0.3006474487056917
1,1971-1980,presence,176,0.30210299031893467
1,1971-1980,presence,177,0.2985442453215286
1,1971-1980,presence,178,0.30103447088257457
1,1971-1980,presence,179,0.300216971746577
1,1971-1980,presence,180,0.30340015512809626
1,1971-1980,presence,181,0.3006110809555082
1,1971-1980,presence,182,0.2985766062139901
1,1971-1980,presence,183,0.30112529036580893
1,1971-1980,presence,184,0.2987951052860109
1,1971-1980,presence,185,0.2991827884591043
1,1971-1980,presence,186,0.3044379740916119
1,1971-1980,presence,187,0.30249405071193
1,1971-1980,presence,188,0.30601981634779624
1,1971-1980,presence,189,0.3024980008668089
1,1971-1980,presence,190,0.2970869334627075
1,1971-1980,presence,191,0.30064164274980837
1,1971-1980,presence,192,0.30361127019408757
1,1971-1980,presence,193,0.3035457646641857
1,1971-1980,presence,194,0.2968670069037716
1,1971-1980,presence,195,0.29694600738815136
1,1971-1980,presence,196,0.30618793165039293
1,1971-1980,presence,197,0.29788773948216674
1,1971-1980,presence,198,0.3017003649443665
1,1971-1980,presence,199,0.3012388646928121
1,1971-1980,presence,200,0.3048169522327804
1,1971-1980,presence,201,0.30015327050543766
1,1971-1980,presence,202,0.30575296088357234
1,1971-1980,presence,203,0.3018340162303011
1,1971-1980,presence,204,0.3029244973507744
1,1971-1980,presence,205,0.30737492612879613
1,1971-1980,presence,206,0.30259564065678624
1,1971-1980,presence,207,0.31289054638029096
1,1971-1980,presence,208,0.3117747493734336
1,1971-1980,presence,209,0.3028123734209261
1,1971-1980,presence,210,0.3022940767880783
1,1971-1980,presence,211,0.29721502575798237
1,1971-1980,presence,212,0.30163258145649785
1,1971-1980,presence,213,0.3019949438389841
1,1971-1980,presence,214,0.3051924810941839
1,1971-1980,presence,215,0.30257293009421493
1,1971-1980,presence,216,0.30428559561783247
1,1971-1980,presence,217,0.30072722216007813
1,1971-1980,presence,218,0.31466773880860566
1,1971-1980,presence,219,0.30295899866817055
1,1971-1980,presence,220,0.30041270426912836
1,1971-1980,presence,221,0.29964044569694726
1,1971-1980,presence,222,0.29760388465593574
1,1971-1980,presence,223,0.30005586071278795
1,1971-1980,presence,224,0.3016397952108092
1,1971-1980,presence,225,0.3020423905156877
1,1971-1980,presence,226,0.30126102773645336
1,1971-1980,presence,227,0.3013798074488864
1,1971-1980,presence,228,0.2980686318969988
1,1971-1980,presence,229,0.30343041142866994
1,1971-1980,presence,230,0.30325096604605123
1,1971-1980,presence,231,0.3030493448043758
1,1971-1980,presence,232,0.3035148253878904
1,1971-1980,presence,233,0.29610784318021166
1,1971-1980,presence,234,0.302824706718863
1,1971-1980,presence,235,0.30184079511962636
1,1971-1980,presence,236,0.30384910296675005
1,1971-1980,presence,237,0.2995725130777375
1,1971-1980,presence,238,0.3079680702639294
1,1971-1980,presence,239,0.30249170914225093
1,1971-1980,presence,240,0.29943193165909887
1,1971-1980,presence,241,0.2968609237339887
1,1971-1980,presence,242,0.3051750100676184
1,1971-1980,presence,243,0.3031383425297899
1,1971-1980,presence,244,0.3074106759826574
1,1971-1980,presence,245,0.30911805464630543
1,1971-1980,presence,246,0.2986193503134293
1,1971-1980,presence,247,0.29911329497242806
1,1971-1980,presence,248,0.29916328669037645
1,1971-1980,presence,249,0.30029002745334016
1,1971-1980,presence,250,0.3011867365234238
1,1971-1980,presence,251,0.29934003911751594
1,1971-1980,presence,252,0.2987536199968475
1,1971-1980,presence,253,0.29438868557483105
1,1971-1980,presence,254,0.30317573859176034
1,1971-1980,presence,255,0.3017069740473378
1,1971-1980,presence,256,0.30191372507065234
1,1971-1980,presence,257,0.3005997823770656
1,1971-1980,presence,258,0.3005182667779417
1,1971-1980,presence,259,0.3105213869735929
1,1971-1980,presence,260,0.2981278600570396
1,1971-1980,presence,261,0.3062366155874283
1,1971-1980,presence,262,0.3021313738864048
1,1971-1980,presence,263,0.29736856531554673
1,1971-1980,presence,264,0.3032619120931815
1,1971-1980,presence,265,0.2998200452941165
1,1971-1980,presence,266,0.3008927690100291
1,1971-1980,presence,267,0.30094987543129953
1,1971-1980,presence,268,0.3074036612252557
1,1971-1980,presence,269,0.3099524854517115
1,1971-1980,presence,270,0.2989124595877692
1,1971-1980,presence,271,0.3041817309009647
1,1971-1980,presence,272,0.29918712035585104
1,1971-1980,presence,273,0.3018998955908786
1,1971-1980,presence,274,0.29690986680731263
1,1971-1980,presence,275,0.30330039384992946
1,1971-1980,presence,276,0.30579380848053445
1,1971-1980,presence,277,0.3100777167592183
1,1971-1980,presence,278,0.31661163362208256
1,1971-1980,presence,279,0.30459407007394623
1,1971-1980,presence,280,0.3066996809305246
1,1971-1980,presence,281,0.2984690047654444
1,1971-1980,presence,282,0.30567470942083946
1,1971-1980,presence,283,0.3006821802351988
1,1971-1980,presence,284,0.3048242505401948
1,1971-1980,presence,285,0.30172190540224597
1,1971-1980,presence,286,0.30415205004117546
1,1971-1980,presence,287,0.3000333754581046
1,1971-1980,presence,288,0.30307876910527837
1,1971-1980,presence,289,0.3005774863108454
1,1971-1980,presence,290,0.30218875780795285
1,1971-1980,presence,291,0.30443784557948644
1,1971-1980,presence,292,0.30587190078869647
1,1971-1980,presence,293,0.3065624916234436
1,1971-1980,presence,294,0.29923693591553496
1,1971-1980,presence,295,0.2996699265933012
1,1971-1980,presence,296,0.30429948301755577
1,1971-1980,presence,297,0.3011872795319003
1,1971-1980,presence,298,0.31013814029680903
1,1971-1980,presence,299,0.310176731843721
1,1971-1980,presence,300,0.30031223341788355
1,1971-1980,presence,301,0.3061827879078266
1,1971-1980,presence,302,0.30093382967221977
1,1971-1980,presence,303,0.3002565880255509
1,1971-1980,presence,304,0.29846247058611614
1,1971-1980,presence,305,0.3100942825091432
1,1971-1980,presence,306,0.30371789638237007
1,1971-1980,presence,307,0.2979376287841845
1,1971-1980,presence,308,0.29724574871149945
1,1971-1980,presence,309,0.3015109454815337
1,1971-1980,presence,310,0.2999150615752783
1,1971-1980,presence,311,0.3053392714025454
1,1971-1980,presence,312,0.3087838216708186
1,1971-1980,presence,313,0.301780324114883
1,1971-1980,presence,314,0.302277123031767
1,1971-1980,presence,315,0.3026031592246763
1,1971-1980,presence,316,0.3011504269437706
1,1971-1980,presence,317,0.30940978271957376
1,1971-1980,presence,318,0.3029399020885089
1,1971-1980,presence,319,0.30386685156518745
1,1971-1980,presence,320,0.30376533217670987
1,1971-1980,presence,321,0.30174307288858376
1,1971-1980,presence,322,0.30970077240297833
1,1971-1980,presence,323,0.30202620521892964
1,1971-1980,presence,324,0.3019590428491358
1,1971-1980,presence,325,0.3026842674153046
1,1971-1980,presence,326,0.3006488842827852
1,1971-1980,presence,327,0.30509454286253823
1,1971-1980,presence,328,0.31162284277899593
1,1971-1980,presence,329,0.3034425659551434
1,1971-1980,presence,330,0.2997550335156759
1,1971-1980,presence,331,0.30026538630931043
1,1971-1980,presence,332,0.30030482614364196
1,1971-1980,presence,333,0.3034726945669283
1,1971-1980,presence,334,0.30242140688831864
1,1971-1980,presence,335,0.3003578123730988
1,1971-1980,presence,336,0.29977574322678807
1,1971-1980,presence,337,0.30463336897450677
1,1971-1980,presence,338,0.2991913537027701
1,1971-1980,presence,339,0.2995709175943309
1,1971-1980,presence,340,0.299485932060429
1,1971-1980,presence,341,0.30224235148093503
1,1971-1980,presence,342,0.30165890439110254
1,1971-1980,presence,343,0.30400493770075815
1,1971-1980,presence,344,0.2950620105728465
1,1971-1980,presence,345,0.30478547173787107
1,1971-1980,presence,346,0.30326217029874153
1,1971-1980,presence,347,0.2964066722464555
1,1971-1980,presence,348,0.3037457423109513
1,1971-1980,presence,349,0.30474894640819566
1,1971-1980,presence,350,0.30116229219267143
1,1971-1980,presence,351,0.30000629365760945
1,1971-1980,presence,352,0.29944645281332594
1,1971-1980,presence,353,0.3018917947807267
1,1971-1980,presence,354,0.30219973002287237
1,1971-1980,presence,355,0.3005908542924797
1,1971-1980,presence,356,0.2997852567395911
1,1971-1980,presence,357,0.29549345642031405
1,1971-1980,presence,358,0.3014827025972537
1,1971-1980,presence,359,0.30340111309828804
1,1971-1980,presence,360,0.3025658289580503
1,1971-1980,presence,361,0.30187217695731633
1,1971-1980,presence,362,0.30038556404752226
1,1971-1980,presence,363,0.3000400424452282
1,1971-1980,presence,364,0.30654336415075584
1,1971-1980,presence,365,0.30059480949477085
1,1971-1980,presence,366,0.2973775818909333
1,1971-1980,presence,367,0.3085374751309349
1,1971-1980,presence,368,0.29872883337279627
1,1971-1980,presence,369,0.30628672493513825
1,1971-1980,presence,370,0.30494668035496203
1,1971-1980,presence,371,0.3004683525252411
1,1971-1980,presence,372,0.3021042515992206
1,1971-1980,presence,373,0.303014841231753
1,1971-1980,presence,374,0.3059413405794985
1,1971-1980,presence,375,0.30948847169628907
1,1971-1980,presence,376,0.301584948168733
1,1971-1980,presence,377,0.3003503012152393
1,1971-1980,presence,378,0.3067238375229861
1,1971-1980,presence,379,0.3032132585838081
1,1971-1980,presence,380,0.30220218224184947
1,1971-1980,presence,381,0.3014911726918306
1,1971-1980,presence,382,0.3025365437652589
1,1971-1980,presence,383,0.3048238897397179
1,1971-1980,presence,384,0.30036979124246926
1,1971-1980,presence,385,0.3031424033339668
1,1971-1980,presence,386,0.2987762805148641
1,1971-1980,presence,387,0.29877063543181964
1,1971-1980,presence,388,0.3016634579086205
1,1971-1980,presence,389,0.3051502948590797
1,1971-1980,presence,390,0.3093387047750438
1,1971-1980,presence,391,0.3053670881563683
1,1971-1980,presence,392,0.2995665669756227
1,1971-1980,presence,393,0.3048809004749407
1,1971-1980,presence,394,0.29589733412585584
1,1971-1980,presence,395,0.30077112630518205
1,1971-1980,presence,396,0.29753967169311596
1,1971-1980,presence,397,0.311798868199797
1,1971-1980,presence,398,0.2983970768510242
1,1971-1980,presence,399,0.3055009604187236
2,1981-1990,presence,0,0.2434006600283728
2,1981-1990,presence,1,0.2386050471233637
2,1981-1990,presence,2,0.24395605231461354
2,1981-1990,presence,3,0.2382679188420087
2,1981-1990,presence,4,0.23601302214394912
2,1981-1990,presence,5,0.23547668563996785
2,1981-1990,presence,6,0.23058873773302466
2,1981-1990,presence,7,0.24926444590967844
2,1981-1990,presence,8,0.24578196226307378
2,1981-1990,presence,9,0.23492267288802238
2,1981-1990,presence,10,0.24416717338219876
2,1981-1990,presence,11,0.24038808775890425
2,1981-1990,presence,12,0.2435810959406332
2,1981-1990,presence,13,0.24340589372025723
2,1981-1990,presence,14,0.2321043251974914
2,1981-1990,presence,15,0.24180187326920155
2,1981-1990,presence,16,0.23654655173446448
2,1981-1990,presence,17,0.2309985176853476
2,1981-1990,presence,18,0.2521741464407778
2,1981-1990,presence,19,0.24025689466408404
2,1981-1990,presence,20,0.2308264919330171
2,1981-1990,presence,21,0.243216268650544
2,1981-1990,presence,22,0.24763080468777907
2,1981-1990,presence,23,0.24262794274318394
2,1981-1990,presence,24,0.24844481498893262
2,1981-1990,presence,25,0.23175527434542745
2,1981-1990,presence,26,0.24142409133069073
2,1981-1990,presence,27,0.2402508338123873
2,1981-1990,presence,28,0.24394341209423415
2,1981-1990,presence,29,0.2458676458856613
2,1981-1990,presence,30,0.24024412577463564
2,1981-1990,presence,31,0.23806332170145483
2,1981-1990,presence,32,0.24473651527461254
2,1981-1990,presence,33,0.24860387657042043
2,1981-1990,presence,34,0.24169434022937586
2,1981-1990,presence,35,0.24767527010888962
2,1981-1990,presence,36,0.23922628712029953
2,1981-1990,presence,37,0.24899926999385205
2,1981-1990,presence,38,0.240874852631647
2,1981-1990,presence,39,0.24225062126433203
2,1981-1990,presence,40,0.2555097396849357
2,1981-1990,presence,41,0.234660836971952
2,1981-1990,presence,42,0.23625037886750738
2,1981-1990,presence,43,0.24939249819032952
2,1981-1990,presence,44,0.24666094124965693
2,1981-1990,presence,45,0.24653932611504026
2,1981-1990,presence,46,0.24408469556729404
2,1981-1990,presence,47,0.24305234131523995
2,1981-1990,presence,48,0.2395012338018942
2,1981-1990,presence,49,0.23376675274876027
2,1981-1990,presence,50,0.2550029829639859
2,1981-1990,presence,51,0.2447488752183997
2,1981-1990,presence,52,0.23252784673110968
2,1981-1990,presence,53,0.23696589111829164
2,1981-1990,presence,54,0.23791143804917464
2,1981-1990,presence,55,0.24117864489553092
2,1981-1990,presence,56,0.23261428620115654
2,1981-1990,presence,57,0.22542717566976359
2,1981-1990,presence,58,0.2484081498801679
2,1981-1990,presence,59,0.24402996989623293
2,1981-1990,presence,60,0.24829856263193667
2,1981-1990,presence,61,0.24449653985353018
2,1981-1990,presence,62,0.23528814006364374
2,1981-1990,presence,63,0.2408793747157681
2,1981-1990,presence,64,0.24445525824330977
2,1981-1990,presence,65,0.23476513298113444
2,1981-1990,presence,66,0.2361852504170139
2,1981-1990,presence,67,0.23821409751757272
2,1981-1990,presence,68,0.23629951113193956
2,1981-1990,presence,69,0.24597504452410454
2,1981-1990,presence,70,0.24160717469588658
2,1981-1990,presence,71,0.24047767235535084
2,1981-1990,presence,72,0.23373040378437365
2,1981-1990,presence,73,0.23460227419901578
2,1981-1990,presence,74,0.23985874522751707
2,1981-1990,presence,75,0.23449580855910446
2,1981-1990,presence,76,0.2390384779551154
2,1981-1990,presence,77,0.23809818406779243
2,1981-1990,presence,78,0.23509636767740824
2,1981-1990,presence,79,0.25381654285166233
2,1981-1990,presence,80,0.23752854872610396
2,1981-1990,presence,81,0.2349756573103353
2,1981-1990,presence,82,0.23108235739690772
2,1981-1990,presence,83,0.25006092328496476
2,1981-1990,presence,84,0.23442117999028925
2,1981-1990,presence,85,0.23710650639248756
2,1981-1990,presence,86,0.24285512418024832
2,1981-1990,presence,87,0.23107955999528237
2,1981-1990,presence,88,0.242925563261488
2,1981-1990,presence,89,0.2480207937163587
2,1981-1990,presence,90,0.22751969790661855
2,1981-1990,presence,91,0.23798449220113801
2,1981-1990,presence,92,0.24876137677709304
2,1981-1990,presence,93,0.24122001307513896
2,1981-1990,presence,94,0.23397132460199613
2,1981-1990,presence,95,0.24879024677910205
2,1981-1990,presence,96,0.2528417577419516
2,1981-1990,presence,97,0.24703449560584798
2,1981-1990,presence,98,0.23580629938281217
2,1981-1990,presence,99,0.23648559778638398
2,1981-1990,presence,100,0.22777155614529224
2,1981-1990,presence,101,0.23764422738242302
2,1981-1990,presence,102,0.24116861276046636
2,1981-1990,presence,103,0.23883999670815187
2,1981-1990,presence,104,0.23583878077817672
2,1981-1990,presence,105,0.2439416431881431
2,1981-1990,presence,106,0.24580974876675657
2,1981-1990,presence,107,0.242084090160544
2,1981-1990,presence,108,0.2374341086025533
2,1981-1990,presence,109,0.24056169790224755
2,1981-1990,presence,110,0.23803442250793516
2,1981-1990,presence,111,0.24042003197701772
2,1981-1990,presence,112,0.2301681956462607
2,1981-1990,presence,113,0.24481196326799812
2,1981-1990,presence,114,0.2418951949357324
2,1981-1990,presence,115,0.23380086526676377
2,1981-1990,presence,116,0.2325592646155717
2,1981-1990,presence,117,0.24164181780917005
2,1981-1990,presence,118,0.2542009872601501
2,1981-1990,presence,119,0.2483831248942239
2,1981-1990,presence,120,0.23776109948376953
2,1981-1990,presence,121,0.23468696112037477
2,1981-1990,presence,122,0.2461119909870463
2,1981-1990,presence,123,0.24272738657099027
2,1981-1990,presence,124,0.23343621614117196
2,1981-1990,presence,125,0.23481237376475603
2,1981-1990,presence,126,0.24612350909591224
2,1981-1990,presence,127,0.23573990643346968
2,1981-1990,presence,128,0.2372225768012077
2,1981-1990,presence,129,0.2465314400374223
2,1981-1990,presence,130,0.23898183456368344
2,1981-1990,presence,131,0.23407142313856996
2,1981-1990,presence,132,0.24992852633715693
2,1981-1990,presence,133,0.24084753025582537
2,1981-1990,presence,134,0.243888460117547
2,1981-1990,presence,135,0.24869585552581214
2,1981-1990,presence,136,0.2525971409001118
2,1981-1990,presence,137,0.2396433483941615
2,1981-1990,presence,138,0.2411012272739995
2,1981-1990,presence,139,0.24110070471527487
2,1981-1990,presence,140,0.23403248303877794
2,1981-1990,presence,141,0.23947041286742593
2,1981-1990,presence,142,0.23401696888824952
2,1981-1990,presence,143,0.2288809542638524
2,1981-1990,presence,144,0.23567721894980204
2,1981-1990,presence,145,0.23294116633661616
2,1981-1990,presence,146,0.23127808330190555
2,1981-1990,presence,147,0.23987275624272528
2,1981-1990,presence,148,0.23423309148051402
2,1981-1990,presence,149,0.24760723792306932
2,1981-1990,presence,150,0.2451558689632322
2,1981-1990,presence,151,0.2458991345217115
2,1981-1990,presence,152,0.2509373182471369
2,1981-1990,presence,153,0.25407799140622583
2,1981-1990,presence,154,0.23023070352648736
2,1981-1990,presence,155,0.24249370252883728
2,1981-1990,presence,156,0.2296736032353283
2,1981-1990,presence,157,0.23964667410798585
2,1981-1990,presence,158,0.2362295325844221
2,1981-1990,presence,159,0.24130633918605368
2,1981-1990,presence,160,0.2438810943238531
2,1981-1990,presence,161,0.2391009198978666
2,1981-1990,presence,162,0.23710809918669196
2,1981-1990,presence,163,0.2510970749207378
2,1981-1990,presence,164,0.24489562872983392
2,1981-1990,presence,165,0.23058191610337062
2,1981-1990,presence,166,0.24441008764690028
2,1981-1990,presence,167,0.24867153328487956
2,1981-1990,presence,168,0.23512155142327174
2,1981-1990,presence,169,0.23677212894811914
2,1981-1990,presence,170,0.23748449847196967
2,1981-1990,presence,171,0.24451743257428873
2,1981-1990,presence,172,0.2431171711743514
2,1981-1990,presence,173,0.24212609090400042
2,1981-1990,presence,174,0.22662847841086894
2,1981-1990,presence,175,0.2515879543906649
2,1981-1990,presence,176,0.24549039874517614
2,1981-1990,presence,177,0.24846396277894012
2,1981-1990,presence,178,0.24370277938275012
2,1981-1990,presence,179,0.22588751440867152
2,1981-1990,presence,180,0.2395587531704969
2,1981-1990,presence,181,0.23550863534106378
2,1981-1990,presence,182,0.25046770455376277
2,1981-1990,presence,183,0.24385808582694687
2,1981-1990,presence,184,0.2368715933655158
2,1981-1990,presence,185,0.23734822259907765
2,1981-1990,presence,186,0.22846493506256502
2,1981-1990,presence,187,0.24237634875169378
2,1981-1990,presence,188,0.2359945203655646
2,1981-1990,presence,189,0.24930901651121953
2,1981-1990,presence,190,0.24812295371493878
2,1981-1990,presence,191,0.23785019726461185
2,1981-1990,presence,192,0.23936427707359856
2,1981-1990,presence,193,0.226521607187585
2,1981-1990,presence,194,0.2598319080380916
2,1981-1990,presence,195,0.23600431080042253
2,1981-1990,presence,196,0.23976745621063061
2,1981-1990,presence,197,0.24344456972099224
2,1981-1990,presence,198,0.23495535490561723
2,1981-1990,presence,199,0.2433577817832382
2,1981-1990,presence,200,0.23580379528463508
2,1981-1990,presence,201,0.2517219507684705
2,1981-1990,presence,202,0.2333757905604929
2,1981-1990,presence,203,0.22999901570119582
2,1981-1990,presence,204,0.2495100851821444
2,1981-1990,presence,205,0.2306916013902166
2,1981-1990,presence,206,0.23705458529660894
2,1981-1990,presence,207,0.24246284924987896
2,1981-1990,presence,208,0.24399248834566972
2,1981-1990,presence,209,0.24356768455457725
2,1981-1990,presence,210,0.2345752502770301
2,1981-1990,presence,211,0.25222430979295885
2,1981-1990,presence,212,0.2433626991191351
2,1981-1990,presence,213,0.23294026084960062
2,1981-1990,presence,214,0.23768294150458358
2,1981-1990,presence,215,0.23369527229325684
2,1981-1990,presence,216,0.23814568959495946
2,1981-1990,presence,217,0.24451465161471034
2,1981-1990,presence,218,0.239468004488441
2,1981-1990,presence,219,0.23869510729297747
2,1981-1990,presence,220,0.23889739095076218
2,1981-1990,presence,221,0.23451426567733438
2,1981-1990,presence,222,0.23755068632354395
2,1981-1990,presence,223,0.25545218221606836
2,1981-1990,presence,224,0.25032797195509376
2,1981-1990,presence,225,0.2437130318666372
2,1981-1990,presence,226,0.24410366547847673
2,1981-1990,presence,227,0.24750206596753746
2,1981-1990,presence,228,0.2568818523965964
2,1981-1990,presence,229,0.24316536028530264
2,1981-1990,presence,230,0.2351741672326667
2,1981-1990,presence,231,0.25013238422042505
2,1981-1990,presence,232,0.24666812387429216
2,1981-1990,presence,233,0.23916356651976764
2,1981-1990,presence,234,0.23198053082278097
2,1981-1990,presence,235,0.23447490174516283
2,1981-1990,presence,236,0.2334757753464574
2,1981-1990,presence,237,0.23635842638258034
2,1981-1990,presence,238,0.23391252836045728
2,1981-1990,presence,239,0.24130664468188098
2,1981-1990,presence,240,0.2436170201627201
2,1981-1990,presence,241,0.23726619318209857
2,1981-1990,presence,242,0.2415640434211644
2,1981-1990,presence,243,0.24892209087722597
2,1981-1990,presence,244,0.24613911447123407
2,1981-1990,presence,245,0.23403574133616148
2,1981-1990,presence,246,0.24248349083265355
2,1981-1990,presence,247,0.2402866780355571
2,1981-1990,presence,248,0.23297821202480795
2,1981-1990,presence,249,0.2399347230695696
2,1981-1990,presence,250,0.23324095131180034
2,1981-1990,presence,251,0.23734146196582054
2,1981-1990,presence,252,0.24538741003743522
2,1981-1990,presence,253,0.2392127438464122
2,1981-1990,presence,254,0.24272230205220147
2,1981-1990,presence,255,0.24410272168188735
2,1981-1990,presence,256,0.23394944360206144
2,1981-1990,presence,257,0.24986181466778243
2,1981-1990,presence,258,0.2394355055129392
2,1981-1990,presence,259,0.2369847105434807
2,1981-1990,presence,260,0.2322080614870462
2,1981-1990,presence,261,0.23699617636367476
2,1981-1990,presence,262,0.24540463654145422
2,1981-1990,presence,263,0.2603368375131708
2,1981-1990,presence,264,0.23954501007481457
2,1981-1990,presence,265,0.2351983157961402
2,1981-1990,presence,266,0.23643764627041786
2,1981-1990,presence,267,0.23217242085323803
2,1981-1990,presence,268,0.25106854987372074
2,1981-1990,presence,269,0.24254572086979548
2,1981-1990,presence,270,0.237960915205116
2,1981-1990,presence,271,0.23256491369662227
2,1981-1990,presence,272,0.24112898708868222
2,1981-1990,presence,273,0.24598335669602198
2,1981-1990,presence,274,0.23535664249835578
2,1981-1990,presence,275,0.2365125334355268
2,1981-1990,presence,276,0.22948268579321363
2,1981-1990,presence,277,0.2469725346088414
2,1981-1990,presence,278,0.23798467616373184
2,1981-1990,presence,279,0.2365514847188733
2,1981-1990,presence,280,0.23949820150330298
2,1981-1990,presence,281,0.23984982279307723
2,1981-1990,presence,282,0.23490092183739336
2,1981-1990,presence,283,0.24315164738535536
2,1981-1990,presence,284,0.24321174673847049
2,1981-1990,presence,285,0.22772655308000997
2,1981-1990,presence,286,0.24163199556344564
2,1981-1990,presence,287,0.23870792660893547
2,1981-1990,presence,288,0.24698435325589546
2,1981-1990,presence,289,0.24108620938973316
2,1981-1990,presence,290,0.24971800457900978
2,1981-1990,presence,291,0.24796981785831324
2,1981-1990,presence,292,0.2384489848951904
2,1981-1990,presence,293,0.23737289187797433
2,1981-1990,presence,294,0.2407040666244711
2,1981-1990,presence,295,0.2450719696836383
2,1981-1990,presence,296,0.24719784340660822
2,1981-1990,presence,297,0.2408923964862175
2,1981-1990,presence,298,0.2378533751081182
2,1981-1990,presence,299,0.24432681634981218
2,1981-1990,presence,300,0.22159107590256458
2,1981-1990,presence,301,0.23676017875180874
2,1981-1990,presence,302,0.23572074175703558
2,1981-1990,presence,303,0.24494086747733673
2,1981-1990,presence,304,0.24189229351329583
2,1981-1990,presence,305,0.2524947164510192
2,1981-1990,presence,306,0.24675617737354227
2,1981-1990,presence,307,0.2447358943598592
2,1981-1990,presence,308,0.23963909761485597
2,1981-1990,presence,309,0.23776352321501323
2,1981-1990,presence,310,0.24208225837243263
2,1981-1990,presence,311,0.23396184956030308
2,1981-1990,presence,312,0.25227721163012035
2,1981-1990,presence,313,0.24083777760381794
2,1981-1990,presence,314,0.24128856255061096
2,1981-1990,presence,315,0.2420317944314612
2,1981-1990,presence,316,0.24286363895754384
2,1981-1990,presence,317,0.24201245645754482
2,1981-1990,presence,318,0.23852443367153062
2,1981-1990,presence,319,0.23455367724277196
2,1981-1990,presence,320,0.24842501223622637
2,1981-1990,presence,321,0.2434089606910414
2,1981-1990,presence,322,0.24189715871922784
2,1981-1990,presence,323,0.23334904076784768
2,1981-1990,presence,324,0.25065539437127
2,1981-1990,presence,325,0.2378489537339499
2,1981-1990,presence,326,0.2449128919586567
2,1981-1990,presence,327,0.24158090999652942
2,1981-1990,presence,328,0.2404951945517037
2,1981-1990,presence,329,0.24953500149610355
2,1981-1990,presence,330,0.24186916291779106
2,1981-1990,presence,331,0.2413654423246418
2,1981-1990,presence,332,0.24325161584473795
2,1981-1990,presence,333,0.2360952512543775
2,1981-1990,presence,334,0.23591176543762749
2,1981-1990,presence,335,0.2500701520354481
2,1981-1990,presence,336,0.24788807511082897
2,1981-1990,presence,337,0.23234661929405256
2,1981-1990,presence,338,0.2399900674183052
2,1981-1990,presence,339,0.24319061164035544
2,1981-1990,presence,340,0.2417532535332105
2,1981-1990,presence,341,0.24602410507182576
2,1981-1990,presence,342,0.24525668720438734
2,1981-1990,presence,343,0.2504220821713778
2,1981-1990,presence,344,0.23758987588960595
2,1981-1990,presence,345,0.2431770928496706
2,1981-1990,presence,346,0.23656282362635592
2,1981-1990,presence,347,0.24144626579876086
2,1981-1990,presence,348,0.24005848745693414
2,1981-1990,presence,349,0.23599652348089112
2,1981-1990,presence,350,0.23955326705073157
2,1981-1990,presence,351,0.23194637933691448
2,1981-1990,presence,352,0.25871336125352884
2,1981-1990,presence,353,0.24374696480236063
2,1981-1990,presence,354,0.23777973947710507
2,1981-1990,presence,355,0.23330346523347412
2,1981-1990,presence,356,0.24274974218954987
2,1981-1990,presence,357,0.237690717492434
2,1981-1990,presence,358,0.23985512134322926
2,1981-1990,presence,359,0.24650391921434642
2,1981-1990,presence,360,0.22637902417914696
2,1981-1990,presence,361,0.24408016528607052
2,1981-1990,presence,362,0.23370917829870214
2,1981-1990,presence,363,0.24602465156356856
2,1981-1990,presence,364,0.23824993460720711
2,1981-1990,presence,365,0.2351511473829185
2,1981-1990,presence,366,0.241711735460115
2,1981-1990,presence,367,0.2506869984508045
2,1981-1990,presence,368,0.24572557029529837
2,1981-1990,presence,369,0.23833991537041
2,1981-1990,presence,370,0.23270882346398214
2,1981-1990,presence,371,0.24394406796685314
2,1981-1990,presence,372,0.2418755091987679
2,1981-1990,presence,373,0.23967712738177818
2,1981-1990,presence,374,0.2392467747043652
2,1981-1990,presence,375,0.23062679686074505
2,1981-1990,presence,376,0.2357758125629566
2,1981-1990,presence,377,0.24230846961234034
2,1981-1990,presence,378,0.2339162366345563
2,1981-1990,presence,379,0.224398262323387
2,1981-1990,presence,380,0.23993465044523854
2,1981-1990,presence,381,0.23876485257292115
2,1981-1990,presence,382,0.24121790870473558
2,1981-1990,presence,383,0.2414657249930969
2,1981-1990,presence,384,0.23140502172380803
2,1981-1990,presence,385,0.2560909773909753
2,1981-1990,presence,386,0.23740558866590222
2,1981-1990,presence,387,0.24109888648534297
2,1981-1990,presence,388,0.24027943947198857
2,1981-1990,presence,389,0.24319114855677484
2,1981-1990,presence,390,0.2382607170138244
2,1981-1990,presence,391,0.23553503843293985
2,1981-1990,presence,392,0.24631642613005755
2,1981-1990,presence,393,0.24085985238502053
2,1981-1990,presence,394,0.24628127469475897
2,1981-1990,presence,395,0.24369281652858876
2,1981-1990,presence,396,0.24432665155672598
2,1981-1990,presence,397,0.240612103853975
2,1981-1990,presence,398,0.2376692512679984
2,1981-1990,presence,399,0.24139498983632646
3,1991-2000,presence,0,0.20937682015988912
3,1991-2000,presence,1,0.21212694023562875
3,1991-2000,presence,2,0.2143154615293305
3,1991-2000,presence,3,0.20547962930571495
3,1991-2000,presence,4,0.20870949809213732
3,1991-2000,presence,5,0.20621406524341032
3,1991-2000,presence,6,0.21005143984248673
3,1991-2000,presence,7,0.21160480749176408
3,1991-2000,presence,8,0.20755142576899538
3,1991-2000,presence,9,0.20691670126633224
3,1991-2000,presence,10,0.20993208532333202
3,1991-2000,presence,11,0.20870386625549514
3,1991-2000,presence,12,0.20495058681759604
3,1991-2000,presence,13,0.20860045651408837
3,1991-2000,presence,14,0.20844450265851175
3,1991-2000,presence,15,0.2046515093296675
3,1991-2000,presence,16,0.2126414475718274
3,1991-2000,presence,17,0.20705707709282248
3,1991-2000,presence,18,0.20980222197371465
3,1991-2000,presence,19,0.20841173558026585
3,1991-2000,presence,20,0.20978460417589143
3,1991-2000,presence,21,0.2079947783869203
3,1991-2000,presence,22,0.2085989010726733
3,1991-2000,presence,23,0.20402415685147318
3,1991-2000,presence,24,0.2051527398197483
3,1991-2000,presence,25,0.2133226748568999
3,1991-2000,presence,26,0.20676979577714116
3,1991-2000,presence,27,0.20558818657228872
3,1991-2000,presence,28,0.20513522364362277
3,1991-2000,presence,29,0.20817752329268388
3,1991-2000,presence,30,0.2062924152463806
3,1991-2000,presence,31,0.20502648121730818
3,1991-2000,presence,32,0.20955115678004269
3,1991-2000,presence,33,0.21227130858439328
3,1991-2000,presence,34,0.2075320182953737
3,1991-2000,presence,35,0.20983454306952268
3,1991-2000,presence,36,0.20820377167423124
3,1991-2000,presence,37,0.2076792549300292
3,1991-2000,presence,38,0.21083900682953235
3,1991-2000,presence,39,0.2067612516577855
3,1991-2000,presence,40,0.20847166482213567
3,1991-2000,presence,41,0.2084237721155931
3,1991-2000,presence,42,0.2091358039412468
3,1991-2000,presence,43,0.20678924799196396
3,1991-2000,presence,44,0.2067590441267716
3,1991-2000,presence,45,0.20403154056787362
3,1991-2000,presence,46,0.20371999170465194
3,1991-2000,presence,47,0.20842143144599917
3,1991-2000,presence,48,0.21124287614462045
3,1991-2000,presence,49,0.2102692984410514
3,1991-2000,presence,50,0.2134860952717407
3,1991-2000,presence,51,0.20721698616881526
3,1991-2000,presence,52,0.20953336820807295
3,1991-2000,presence,53,0.213126596326909
3,1991-2000,presence,54,0.2067684758410924
3,1991-2000,presence,55,0.2037964764933245
3,1991-2000,presence,56,0.20734038212972053
3,1991-2000,presence,57,0.20773480585479698
3,1991-2000,presence,58,0.20690730598574808
3,1991-2000,presence,59,0.20765468582334345
3,1991-2000,presence,60,0.20463955445461401
3,1991-2000,presence,61,0.2086300141652153
3,1991-2000,presence,62,0.20783121341297014
3,1991-2000,presence,63,0.20671386448404577
3,1991-2000,presence,64,0.21167907421246152
3,1991-2000,presence,65,0.20751172267888318
3,1991-2000,presence,66,0.20889075456318157
3,1991-2000,presence,67,0.2164508598496791
3,1991-2000,presence,68,0.20987357144028765
3,1991-2000,presence,69,0.2059411651668112
3,1991-2000,presence,70,0.2106175868397823
3,1991-2000,presence,71,0.2068812747691648
3,1991-2000,presence,72,0.20823059526824006
3,1991-2000,presence,73,0.21060945370702577
3,1991-2000,presence,74,0.20799567675822903
3,1991-2000,presence,75,0.21024052551188172
3,1991-2000,presence,76,0.21210122998404815
3,1991-2000,presence,77,0.20578972345846006
3,1991-2000,presence,78,0.2106184590318399
3,1991-2000,presence,79,0.2055506608969422
3,1991-2000,presence,80,0.2089996635069003
3,1991-2000,presence,81,0.20786508861328096
3,1991-2000,presence,82,0.20844676804716442
3,1991-2000,presence,83,0.21427248720714612
3,1991-2000,presence,84,0.20605830796078556
3,1991-2000,presence,85,0.20469953581426376
3,1991-2000,presence,86,0.20629474381783638
3,1991-2000,presence,87,0.20532215389133995
3,1991-2000,presence,88,0.2066161761972729
3,1991-2000,presence,89,0.2153731108820346
3,1991-2000,presence,90,0.21393221389296105
3,1991-2000,presence,91,0.2090947922530414
3,1991-2000,presence,92,0.20586063255438788
3,1991-2000,presence,93,0.21138993240845705
3,1991-2000,presence,94,0.2074705399547817
3,1991-2000,presence,95,0.21116814918572385
3,1991-2000,presence,96,0.21338412609510973
3,1991-2000,presence,97,0.208602594279301
3,1991-2000,presence,98,0.20777789304917052
3,1991-2000,presence,99,0.21095149072581737
3,1991-2000,presence,100,0.20571290907134265
3,1991-2000,presence,101,0.20602739376677182
3,1991-2000,presence,102,0.20228444677450338
3,1991-2000,presence,103,0.20431202637849408
3,1991-2000,presence,104,0.20686698892978
3,1991-2000,presence,105,0.20913671547654006
3,1991-2000,presence,106,0.20899857269588598
3,1991-2000,presence,107,0.20752301131943102
3,1991-2000,presence,108,0.20966007983772306
3,1991-2000,presence,109,0.20452758675657476
3,1991-2000,presence,110,0.20572251171063569
3,1991-2000,presence,111,0.20548491561463111
3,1991-2000,presence,112,0.21620947334072002
3,1991-2000,presence,113,0.21271236362401147
3,1991-2000,presence,114,0.20643465316334952
3,1991-2000,presence,115,0.20962957416024108
3,1991-2000,presence,116,0.21504386049654312
3,1991-2000,presence,117,0.20394094382727543
3,1991-2000,presence,118,0.2050539113398218
3,1991-2000,presence,119,0.20593562271420154
3,1991-2000,presence,120,0.2112213445909987
3,1991-2000,presence,121,0.2074701091433803
3,1991-2000,presence,122,0.21194882657385714
3,1991-2000,presence,123,0.20989698618904543
3,1991-2000,presence,124,0.20828072249742713
3,1991-2000,presence,125,0.20766697080486832
3,1991-2000,presence,126,0.209767515417771
3,1991-2000,presence,127,0.20503410981319556
3,1991-2000,presence,128,0.21161610935446382
3,1991-2000,presence,129,0.20684769252304921
3,1991-2000,presence,130,0.2083559372120017
3,1991-2000,presence,131,0.2098835619778174
3,1991-2000,presence,132,0.20928051179641632
3,1991-2000,presence,133,0.20483050490686194
3,1991-2000,presence,134,0.20783318447216909
3,1991-2000,presence,135,0.2064485352250987
3,1991-2000,presence,136,0.20420620092630104
3,1991-2000,presence,137,0.20651085522608043
3,1991-2000,presence,138,0.20951095047553608
3,1991-2000,presence,139,0.2055677298947181
3,1991-2000,presence,140,0.20632816571531065
3,1991-2000,presence,141,0.2072699753776606
3,1991-2000,presence,142,0.21103110035684797
3,1991-2000,presence,143,0.20522363060797988
3,1991-2000,presence,144,0.21040140184799777
3,1991-2000,presence,145,0.20700906170028477
3,1991-2000,presence,146,0.21052883267552894
3,1991-2000,presence,147,0.21070897756631024
3,1991-2000,presence,148,0.20557056584610148
3,1991-2000,presence,149,0.2106659960223806
3,1991-2000,presence,150,0.20978652579164198
3,1991-2000,presence,151,0.2088313701092921
3,1991-2000,presence,152,0.20754647511673377
3,1991-2000,presence,153,0.20593218790455464
3,1991-2000,presence,154,0.20474109387346315
3,1991-2000,presence,155,0.20865963918103114
3,1991-2000,presence,156,0.208913073486862
3,1991-2000,presence,157,0.20804710033933166
3,1991-2000,presence,158,0.20706170452492517
3,1991-2000,presence,159,0.20383544658576963
3,1991-2000,presence,160,0.20377142194995146
3,1991-2000,presence,161,0.21034170941469424
3,1991-2000,presence,162,0.21271395988479216
3,1991-2000,presence,163,0.205181196049578
3,1991-2000,presence,164,0.2081396033672641
3,1991-2000,presence,165,0.21189817731415123
3,1991-2000,presence,166,0.21191091625275169
3,1991-2000,presence,167,0.21250484747580345
3,1991-2000,presence,168,0.20698841862469428
3,1991-2000,presence,169,0.20984320533061207
3,1991-2000,presence,170,0.20694381688812707
3,1991-2000,presence,171,0.20812144453732823
3,1991-2000,presence,172,0.20662364593571755
3,1991-2000,presence,173,0.20716555442089185
3,1991-2000,presence,174,0.21149420915178616
3,1991-2000,presence,175,0.20974088646252287
3,1991-2000,presence,176,0.2087745095523378
3,1991-2000,presence,177,0.2070525340403193
3,1991-2000,presence,178,0.20796388583925568
3,1991-2000,presence,179,0.20886088327279215
3,1991-2000,presence,180,0.21035768563079202
3,1991-2000,presence,181,0.20845844500816912
3,1991-2000,presence,182,0.21064963815433135
3,1991-2000,presence,183,0.2105505413847422
3,1991-2000,presence,184,0.20707503460928015
3,1991-2000,presence,185,0.207314326073624
3,1991-2000,presence,186,0.21118661036412506
3,1991-2000,presence,187,0.21075643957394982
3,1991-2000,presence,188,0.20556571198165122
3,1991-2000,presence,189,0.2070301091408441
3,1991-2000,presence,190,0.21001071434420654
3,1991-2000,presence,191,0.20865979192489365
3,1991-2000,presence,192,0.20706287643680876
3,1991-2000,presence,193,0.20955154934892706
3,1991-2000,presence,194,0.21212903492284352
3,1991-2000,presence,195,0.21130137824382939
3,1991-2000,presence,196,0.20584352093378708
3,1991-2000,presence,197,0.2104323716652656
3,1991-2000,presence,198,0.2092320537137386
3,1991-2000,presence,199,0.20964494675992756
3,1991-2000,presence,200,0.21339367136167323
3,1991-2000,presence,201,0.21420312872037678
3,1991-2000,presence,202,0.20962922180770943
3,1991-2000,presence,203,0.2118958897786641
3,1991-2000,presence,204,0.21375309005690357
3,1991-2000,presence,205,0.20604144394679785
3,1991-2000,presence,206,0.2040456107169897
3,1991-2000,presence,207,0.2048762017443681
3,1991-2000,presence,208,0.20700784530251576
3,1991-2000,presence,209,0.20707145732354312
3,1991-2000,presence,210,0.20624738451469327
3,1991-2000,presence,211,0.2060228680762789
3,1991-2000,presence,212,0.21040220442559013
3,1991-2000,presence,213,0.20216435491267498
3,1991-2000,presence,214,0.20856133980129474
3,1991-2000,presence,215,0.21125559693124743
3,1991-2000,presence,216,0.20553666924290795
3,1991-2000,presence,217,0.20997652356893065
3,1991-2000,presence,218,0.2065627363088363
3,1991-2000,presence,219,0.2100822312335619
3,1991-2000,presence,220,0.2075360326320932
3,1991-2000,presence,221,0.21008653763595767
3,1991-2000,presence,222,0.210826160146693
3,1991-2000,presence,223,0.20416281756038712
3,1991-2000,presence,224,0.21024791681536772
3,1991-2000,presence,225,0.2044637747994997
3,1991-2000,presence,226,0.20631841946064175
3,1991-2000,presence,227,0.203545595407135
3,1991-2000,presence,228,0.2052330755747465
3,1991-2000,presence,229,0.20755951513147716
3,1991-2000,presence,230,0.21012152311765306
3,1991-2000,presence,231,0.20736421154022297
3,1991-2000,presence,232,0.20758635696904212
3,1991-2000,presence,233,0.2043537989018198
3,1991-2000,presence,234,0.20621506949921709
3,1991-2000,presence,235,0.21296630811549605
3,1991-2000,presence,236,0.2063315734492629
3,1991-2000,presence,237,0.20991035628304955
3,1991-2000,presence,238,0.20565493060237014
3,1991-2000,presence,239,0.20896567700116095
3,1991-2000,presence,240,0.21138464496771855
3,1991-2000,presence,241,0.20962243744409967
3,1991-2000,presence,242,0.2061234534077566
3,1991-2000,presence,243,0.20858924648896543
3,1991-2000,presence,244,0.21042252770905134
3,1991-2000,presence,245,0.20774466567977704
3,1991-2000,presence,246,0.2069814497112095
3,1991-2000,presence,247,0.21442981537139202
3,1991-2000,presence,248,0.21405963722530658
3,1991-2000,presence,249,0.20599401397544118
3,1991-2000,presence,250,0.20966508154437954
3,1991-2000,presence,251,0.2079515645130949
3,1991-2000,presence,252,0.20814228661998774
3,1991-2000,presence,253,0.2046458082402014
3,1991-2000,presence,254,0.20738391615597615
3,1991-2000,presence,255,0.20550498935561437
3,1991-2000,presence,256,0.20471658148994618
3,1991-2000,presence,257,0.21106010005505935
3,1991-2000,presence,258,0.2092076054863267
3,1991-2000,presence,259,0.20697165507349638
3,1991-2000,presence,260,0.20855394349991938
3,1991-2000,presence,261,0.20953620542505677
3,1991-2000,presence,262,0.20721890156318457
3,1991-2000,presence,263,0.20647069148443598
3,1991-2000,presence,264,0.20918651495606067
3,1991-2000,presence,265,0.20623026281773388
3,1991-2000,presence,266,0.21031143372666142
3,1991-2000,presence,267,0.21772873289320235
3,1991-2000,presence,268,0.20810649917306062
3,1991-2000,presence,269,0.20696977728743765
3,1991-2000,presence,270,0.20548359307498593
3,1991-2000,presence,271,0.21022767477017001
3,1991-2000,presence,272,0.20611237444426453
3,1991-2000,presence,273,0.20741877092753816
3,1991-2000,presence,274,0.2097935381648027
3,1991-2000,presence,275,0.20830434693174385
3,1991-2000,presence,276,0.20846676224189792
3,1991-2000,presence,277,0.21170164771504565
3,1991-2000,presence,278,0.2073193157416155
3,1991-2000,presence,279,0.21281137753134655
3,1991-2000,presence,280,0.21277837176357556
3,1991-2000,presence,281,0.2088630863087187
3,1991-2000,presence,282,0.2062398167305669
3,1991-2000,presence,283,0.20611382564742878
3,1991-2000,presence,284,0.21165177994935372
3,1991-2000,presence,285,0.20921407571767384
3,1991-2000,presence,286,0.2088599575157839
3,1991-2000,presence,287,0.21158644357179257
3,1991-2000,presence,288,0.20377390616458058
3,1991-2000,presence,289,0.20475589992616972
3,1991-2000,presence,290,0.20799785288453182
3,1991-2000,presence,291,0.20976023284848963
3,1991-2000,presence,292,0.21207687124627467
3,1991-2000,presence,293,0.21257705342527788
3,1991-2000,presence,294,0.21048170856013487
3,1991-2000,presence,295,0.21147813235404306
3,1991-2000,presence,296,0.21051924513828582
3,1991-2000,presence,297,0.21217290519565563
3,1991-2000,presence,298,0.2065431861612995
3,1991-2000,presence,299,0.206438854674514
3,1991-2000,presence,300,0.2084898647356677
3,1991-2000,presence,301,0.21265701577026838
3,1991-2000,presence,302,0.204570938992716
3,1991-2000,presence,303,0.20563359266281878
3,1991-2000,presence,304,0.20715084953752383
3,1991-2000,presence,305,0.20609906266996075
3,1991-2000,presence,306,0.2054974089167229
3,1991-2000,presence,307,0.20781154992531978
3,1991-2000,presence,308,0.20926013692861842
3,1991-2000,presence,309,0.2110106896314534
3,1991-2000,presence,310,0.2109382748374353
3,1991-2000,presence,311,0.2107882026475288
3,1991-2000,presence,312,0.21230192451878102
3,1991-2000,presence,313,0.2044805864643168
3,1991-2000,presence,314,0.21243913214926227
3,1991-2000,presence,315,0.20875818338675742
3,1991-2000,presence,316,0.2037203564801045
3,1991-2000,presence,317,0.20789952999108902
3,1991-2000,presence,318,0.2088491080252531
3,1991-2000,presence,319,0.2056253324259004
3,1991-2000,presence,320,0.20719908580645818
3,1991-2000,presence,321,0.20696004897141126
3,1991-2000,presence,322,0.20462402237735083
3,1991-2000,presence,323,0.20579655612554829
3,1991-2000,presence,324,0.22574603002367713
3,1991-2000,presence,325,0.21101900238871762
3,1991-2000,presence,326,0.20865358778835966
3,1991-2000,presence,327,0.2049188466268906
3,1991-2000,presence,328,0.20680985912547223
3,1991-2000,presence,329,0.2113882434904917
3,1991-2000,presence,330,0.20733372655523524
3,1991-2000,presence,331,0.20828714718807162
3,1991-2000,presence,332,0.21211158946878683
3,1991-2000,presence,333,0.20834060235942709
3,1991-2000,presence,334,0.2040466976160349
3,1991-2000,presence,335,0.2120374597434502
3,1991-2000,presence,336,0.2134099877548493
3,1991-2000,presence,337,0.21064322670316332
3,1991-2000,presence,338,0.21232912437350904
3,1991-2000,presence,339,0.20608638885742087
3,1991-2000,presence,340,0.21059589593264189
3,1991-2000,presence,341,0.2088694069438497
3,1991-2000,presence,342,0.21990866278137772
3,1991-2000,presence,343,0.20542141131468714
3,1991-2000,presence,344,0.21173898373404637
3,1991-2000,presence,345,0.2092567613015954
3,1991-2000,presence,346,0.21181478212993335
3,1991-2000,presence,347,0.20758717248981423
3,1991-2000,presence,348,0.20670241477983642
3,1991-2000,presence,349,0.20857028727863675
3,1991-2000,presence,350,0.20983930196354122
3,1991-2000,presence,351,0.20987711401740858
3,1991-2000,presence,352,0.20912692885358913
3,1991-2000,presence,353,0.2070761672951237
3,1991-2000,presence,354,0.20785867560295157
3,1991-2000,presence,355,0.21273547556968375
3,1991-2000,presence,356,0.20721851959702212
3,1991-2000,presence,357,0.20855835904665773
3,1991-2000,presence,358,0.20824791302933365
3,1991-2000,presence,359,0.2109960232537992
3,1991-2000,presence,360,0.20480489727832657
3,1991-2000,presence,361,0.21028993189405698
3,1991-2000,presence,362,0.2070032833175769
3,1991-2000,presence,363,0.20837407301546512
3,1991-2000,presence,364,0.20563331406526333
3,1991-2000,presence,365,0.21002563796603343
3,1991-2000,presence,366,0.21220242772825826
3,1991-2000,presence,367,0.21566913725655618
3,1991-2000,presence,368,0.21180194716600045
3,1991-2000,presence,369,0.20903619282529218
3,1991-2000,presence,370,0.20497403316872398
3,1991-2000,presence,371,0.20996376910259523
3,1991-2000,presence,372,0.20923858268723577
3,1991-2000,presence,373,0.20806269644364833
3,1991-2000,presence,374,0.21204435608380132
3,1991-2000,presence,375,0.21327339648097005
3,1991-2000,presence,376,0.20973836363798365
3,1991-2000,presence,377,0.20959617786825285
3,1991-2000,presence,378,0.2100661399782333
3,1991-2000,presence,379,0.2046281185343435
3,1991-2000,presence,380,0.2040520616559915
3,1991-2000,presence,381,0.2060204213433652
3,1991-2000,presence,382,0.20494523625055566
3,1991-2000,presence,383,0.20601602671198838
3,1991-2000,presence,384,0.2076106117769839
3,1991-2000,presence,385,0.20958618000884005
3,1991-2000,presence,386,0.20933736475465517
3,1991-2000,presence,387,0.20918746691257845
3,1991-2000,presence,388,0.2072904395154779
3,1991-2000,presence,389,0.21060262225614848
3,1991-2000,presence,390,0.2104138994122161
3,1991-2000,presence,391,0.20759087408121701
3,1991-2000,presence,392,0.20919509043164478
3,1991-2000,presence,393,0.20717571612813504
3,1991-2000,presence,394,0.20571353872532044
3,1991-2000,presence,395,0.20811572047162882
3,1991-2000,presence,396,0.2054156140218952
3,1991-2000,presence,397,0.20647614380454554
3,1991-2000,presence,398,0.20861906889181067
3,1991-2000,presence,399,0.2036921483808212
4,2001-2010,presence,0,0.20408429534728267
4,2001-2010,presence,1,0.20484677240090798
4,2001-2010,presence,2,0.20241280158082323
4,2001-2010,presence,3,0.20130417214481036
4,2001-2010,presence,4,0.20251146149522156
4,2001-2010,presence,5,0.20377429255398746
4,2001-2010,presence,6,0.20206136141757464
4,2001-2010,presence,7,0.20301687408504113
4,2001-2010,presence,8,0.20532641429235365
4,2001-2010,presence,9,0.20544879198453114
4,2001-2010,presence,10,0.20478430864779615
4,2001-2010,presence,11,0.2054164865108371
4,2001-2010,presence,12,0.2013743813263751
4,2001-2010,presence,13,0.2033980798564815
4,2001-2010,presence,14,0.20212151508306828
4,2001-2010,presence,15,0.207301390082642
4,2001-2010,presence,16,0.20265120803510567
4,2001-2010,presence,17,0.20267852649221693
4,2001-2010,presence,18,0.2023606489130514
4,2001-2010,presence,19,0.20092396266588672
4,2001-2010,presence,20,0.20074812923242066
4,2001-2010,presence,21,0.20296371287844675
4,2001-2010,presence,22,0.20430219193354837
4,2001-2010,presence,23,0.2058046645704104
4,2001-2010,presence,24,0.20168020354006677
4,2001-2010,presence,25,0.20311479892730144
4,2001-2010,presence,26,0.2015243893158279
4,2001-2010,presence,27,0.20032123170032828
4,2001-2010,presence,28,0.20608607221993278
4,2001-2010,presence,29,0.20221105556040972
4,2001-2010,presence,30,0.20047057500355148
4,2001-2010,presence,31,0.20545430428344788
4,2001-2010,presence,32,0.20315584476107576
4,2001-2010,presence,33,0.20590264362343869
4,2001-2010,presence,34,0.20377216050514554
4,2001-2010,presence,35,0.20221319473505753
4,2001-2010,presence,36,0.20362619020062803
4,2001-2010,presence,37,0.20202467345238953
4,2001-2010,presence,38,0.20267889308632833
4,2001-2010,presence,39,0.2019920996870247
4,2001-2010,presence,40,0.2000909934801519
4,2001-2010,presence,41,0.20211502279236768
4,2001-2010,presence,42,0.20457972721088083
4,2001-2010,presence,43,0.2003771551448466
4,2001-2010,presence,44,0.20107785617226567
4,2001-2010,presence,45,0.20224026225058703
4,2001-2010,presence,46,0.20278175263364803
4,2001-2010,presence,47,0.20261421096235563
4,2001-2010,presence,48,0.2015144069584636
4,2001-2010,presence,49,0.2047146339087604
4,2001-2010,presence,50,0.20168348857076074
4,2001-2010,presence,51,0.20227250392513782
4,2001-2010,presence,52,0.2035726927345573
4,2001-2010,presence,53,0.20524413493492605
4,2001-2010,presence,54,0.20429627465708397
4,2001-2010,presence,55,0.2015130912695869
4,2001-2010,presence,56,0.20279864868271644
4,2001-2010,presence,57,0.20261522804475882
4,2001-2010,presence,58,0.20278478220927926
4,2001-2010,presence,59,0.2027014380285099
4,2001-2010,presence,60,0.20257214884398528
4,2001-2010,presence,61,0.2040434779344208
4,2001-2010,presence,62,0.2046009547914264
4,2001-2010,presence,63,0.2016347307290954
4,2001-2010,presence,64,0.20248848146917106
4,2001-2010,presence,65,0.2041203670984068
4,2001-2010,presence,66,0.20496885845219442
4,2001-2010,presence,67,0.2041887304016374
4,2001-2010,presence,68,0.2059429177043537
4,2001-2010,presence,69,0.20345126824972207
4,2001-2010,presence,70,0.20213510098885404
4,2001-2010,presence,71,0.2032969281184829
4,2001-2010,presence,72,0.20211033944326204
4,2001-2010,presence,73,0.20327376603131792
4,2001-2010,presence,74,0.20158310340487393
4,2001-2010,presence,75,0.20186396945091004
4,2001-2010,presence,76,0.20320629578577065
4,2001-2010,presence,77,0.20108470232241246
4,2001-2010,presence,78,0.2013198829816858
4,2001-2010,presence,79,0.2044877743561041
4,2001-2010,presence,80,0.2054441889309562
4,2001-2010,presence,81,0.20653838655721043
4,2001-2010,presence,82,0.19973904142148374
4,2001-2010,presence,83,0.2032635612164691
4,2001-2010,presence,84,0.2033865471168551
4,2001-2010,presence,85,0.20445781119377837
4,2001-2010,presence,86,0.2046291999582361
4,2001-2010,presence,87,0.2022396485728202
4,2001-2010,presence,88,0.2034149629126927
4,2001-2010,presence,89,0.2022450834979259
4,2001-2010,presence,90,0.2033915884543271
4,2001-2010,presence,91,0.2035827831729868
4,2001-2010,presence,92,0.20341745248592635
4,2001-2010,presence,93,0.20071104583361032
4,2001-2010,presence,94,0.20471176031500202
4,2001-2010,presence,95,0.20259894142596122
4,2001-2010,presence,96,0.20338160614831347
4,2001-2010,presence,97,0.2023338292282075
4,2001-2010,presence,98,0.2024879305986621
4,2001-2010,presence,99,0.20545904596253994
4,2001-2010,presence,100,0.20281704056673458
4,2001-2010,presence,101,0.20495078274933395
4,2001-2010,presence,102,0.20228956502413686
4,2001-2010,presence,103,0.20167301879332022
4,2001-2010,presence,104,0.20217477468270958
4,2001-2010,presence,105,0.20318993749477385
4,2001-2010,presence,106,0.20334798059396134
4,2001-2010,presence,107,0.20325285312097657
4,2001-2010,presence,108,0.20266556927948612
4,2001-2010,presence,109,0.20103997870174878
4,2001-2010,presence,110,0.20365810231142298
4,2001-2010,presence,111,0.2036873709047518
4,2001-2010,presence,112,0.20368900551934674
4,2001-2010,presence,113,0.20499600298228052
4,2001-2010,presence,114,0.20449979838319135
4,2001-2010,presence,115,0.20018049065755442
4,2001-2010,presence,116,0.20359248353399795
4,2001-2010,presence,117,0.20190455774211294
4,2001-2010,presence,118,0.20077169965581992
4,2001-2010,presence,119,0.20038176409969535
4,2001-2010,presence,120,0.20404490258539862
4,2001-2010,presence,121,0.20199715840683197
4,2001-2010,presence,122,0.20213054014441098
4,2001-2010,presence,123,0.19979108158247738
4,2001-2010,presence,124,0.20319150589382445
4,2001-2010,presence,125,0.20177785087716346
4,2001-2010,presence,126,0.2038853201652372
4,2001-2010,presence,127,0.20198968270041576
4,2001-2010,presence,128,0.20065424242783175
4,2001-2010,presence,129,0.20438682487438883
4,2001-2010,presence,130,0.2032078180696304
4,2001-2010,presence,131,0.2028639769299651
4,2001-2010,presence,132,0.20381544596459317
4,2001-2010,presence,133,0.2043256497750077
4,2001-2010,presence,134,0.20295583979269807
4,2001-2010,presence,135,0.20497814906830686
4,2001-2010,presence,136,0.2054816629472389
4,2001-2010,presence,137,0.2033759155253198
4,2001-2010,presence,138,0.2064932417160509
4,2001-2010,presence,139,0.20198330013705662
4,2001-2010,presence,140,0.20357127187704746
4,2001-2010,presence,141,0.202478615734083
4,2001-2010,presence,142,0.2055642356533194
4,2001-2010,presence,143,0.20241937116287553
4,2001-2010,presence,144,0.20081756336958081
4,2001-2010,presence,145,0.20170750220029257
4,2001-2010,presence,146,0.20167208474736986
4,2001-2010,presence,147,0.20042963268911715
4,2001-2010,presence,148,0.20163467257680867
4,2001-2010,presence,149,0.20015313542371227
4,2001-2010,presence,150,0.20421539607742234
4,2001-2010,presence,151,0.20281866799613069
4,2001-2010,presence,152,0.20187680810760944
4,2001-2010,presence,153,0.2028455244011695
4,2001-2010,presence,154,0.20181345091286196
4,2001-2010,presence,155,0.20479523969383048
4,2001-2010,presence,156,0.2020816318803037
4,2001-2010,presence,157,0.2032951082881586
4,2001-2010,presence,158,0.20132574472610826
4,2001-2010,presence,159,0.205720669490158
4,2001-2010,presence,160,0.2021205956204794
4,2001-2010,presence,161,0.2008940016612234
4,2001-2010,presence,162,0.20411479186213027
4,2001-2010,presence,163,0.20210847699225198
4,2001-2010,presence,164,0.2032156015639154
4,2001-2010,presence,165,0.20203570414121041
4,2001-2010,presence,166,0.20395748143533124
4,2001-2010,presence,167,0.2020120782404104
4,2001-2010,presence,168,0.20573022257155696
4,2001-2010,presence,169,0.20160509770009874
4,2001-2010,presence,170,0.20338695922972214
4,2001-2010,presence,171,0.20176709504880283
4,2001-2010,presence,172,0.2014320262547634
4,2001-2010,presence,173,0.2010235597587969
4,2001-2010,presence,174,0.20336789403345473
4,2001-2010,presence,175,0.2037810518851767
4,2001-2010,presence,176,0.2017895885286974
4,2001-2010,presence,177,0.20044797358977226
4,2001-2010,presence,178,0.2041049191447938
4,2001-2010,presence,179,0.20306213518879376
4,2001-2010,presence,180,0.2067071853820467
4,2001-2010,presence,181,0.2072451417774088
4,2001-2010,presence,182,0.20286266191429028
4,2001-2010,presence,183,0.20431980834745953
4,2001-2010,presence,184,0.20472418870202025
4,2001-2010,presence,185,0.20309581582947048
4,2001-2010,presence,186,0.2009678710115177
4,2001-2010,presence,187,0.2027575626853054
4,2001-2010,presence,188,0.2022040167467455
4,2001-2010,presence,189,0.2023887865605243
4,2001-2010,presence,190,0.2035229947635219
4,2001-2010,presence,191,0.20234513539815732
4,2001-2010,presence,192,0.20387743939552427
4,2001-2010,presence,193,0.2010729810267694
4,2001-2010,presence,194,0.2065692761140557
4,2001-2010,presence,195,0.20162364545637013
4,2001-2010,presence,196,0.2032223312350523
4,2001-2010,presence,197,0.2040674586915289
4,2001-2010,presence,198,0.203829061004567
4,2001-2010,presence,199,0.20742858011789755
4,2001-2010,presence,200,0.20287370305894675
4,2001-2010,presence,201,0.20461679196633425
4,2001-2010,presence,202,0.20215869746943083
4,2001-2010,presence,203,0.20305727661981499
4,2001-2010,presence,204,0.2017384391293154
4,2001-2010,presence,205,0.20110756736569055
4,2001-2010,presence,206,0.2047818544446933
4,2001-2010,presence,207,0.20388352722327113
4,2001-2010,presence,208,0.19949631120996983
4,2001-2010,presence,209,0.20334362556274518
4,2001-2010,presence,210,0.20296060472196584
4,2001-2010,presence,211,0.20127147808409937
4,2001-2010,presence,212,0.20204382590285216
4,2001-2010,presence,213,0.20098501527260879
4,2001-2010,presence,214,0.201670274302215
4,2001-2010,presence,215,0.20402610125117335
4,2001-2010,presence,216,0.20189057977850872
4,2001-2010,presence,217,0.20198191012062064
4,2001-2010,presence,218,0.20197890651001618
4,2001-2010,presence,219,0.20197154390086564
4,2001-2010,presence,220,0.20286081220591654
4,2001-2010,presence,221,0.20150264840757776
4,2001-2010,presence,222,0.20149550941512193
4,2001-2010,presence,223,0.20405199794574466
4,2001-2010,presence,224,0.20326068813721893
4,2001-2010,presence,225,0.20374588882962683
4,2001-2010,presence,226,0.203612747462211
4,2001-2010,presence,227,0.2039606796361353
4,2001-2010,presence,228,0.20625413152698274
4,2001-2010,presence,229,0.20449915036648647
4,2001-2010,presence,230,0.2041695236666036
4,2001-2010,presence,231,0.20219146153625114
4,2001-2010,presence,232,0.2019207199940841
4,2001-2010,presence,233,0.2043935747599828
4,2001-2010,presence,234,0.2030543655760415
4,2001-2010,presence,235,0.20149909648927822
4,2001-2010,presence,236,0.20155274546808485
4,2001-2010,presence,237,0.20317440852536156
4,2001-2010,presence,238,0.202826244373955
4,2001-2010,presence,239,0.20093049247820138
4,2001-2010,presence,240,0.2030051875119474
4,2001-2010,presence,241,0.20120719671259035
4,2001-2010,presence,242,0.20194394869439794
4,2001-2010,presence,243,0.20236295587147635
4,2001-2010,presence,244,0.20265476648150918
4,2001-2010,presence,245,0.2015781087414319
4,2001-2010,presence,246,0.20366130260352147
4,2001-2010,presence,247,0.20344282204423417
4,2001-2010,presence,248,0.2016995295955266
4,2001-2010,presence,249,0.2030428803758151
4,2001-2010,presence,250,0.20167153614516786
4,2001-2010,presence,251,0.20084701855252723
4,2001-2010,presence,252,0.20364444122934844
4,2001-2010,presence,253,0.20435005687635424
4,2001-2010,presence,254,0.20229566445553313
4,2001-2010,presence,255,0.20247644326455452
4,2001-2010,presence,256,0.20104999812730712
4,2001-2010,presence,257,0.20292581337648008
4,2001-2010,presence,258,0.20428578739580938
4,2001-2010,presence,259,0.20485113976869107
4,2001-2010,presence,260,0.20273822376581252
4,2001-2010,presence,261,0.2040879651904297
4,2001-2010,presence,262,0.20269550008978374
4,2001-2010,presence,263,0.20438596048175547
4,2001-2010,presence,264,0.20479741029780976
4,2001-2010,presence,265,0.20277422336620038
4,2001-2010,presence,266,0.20589390272487448
4,2001-2010,presence,267,0.20254208666390155
4,2001-2010,presence,268,0.201468216819777
4,2001-2010,presence,269,0.20295578158282793
4,2001-2010,presence,270,0.20058614733179972
4,2001-2010,presence,271,0.2054169714941314
4,2001-2010,presence,272,0.20304999936397936
4,2001-2010,presence,273,0.20160177929984605
4,2001-2010,presence,274,0.2006383880112524
4,2001-2010,presence,275,0.20307880578338028
4,2001-2010,presence,276,0.20207911878986695
4,2001-2010,presence,277,0.2016989500190159
4,2001-2010,presence,278,0.20437379594352492
4,2001-2010,presence,279,0.20174646833925186
4,2001-2010,presence,280,0.20317846722978603
4,2001-2010,presence,281,0.2039791345972667
4,2001-2010,presence,282,0.20472052659562098
4,2001-2010,presence,283,0.20263272536528826
4,2001-2010,presence,284,0.20315134892955175
4,2001-2010,presence,285,0.20331693335496107
4,2001-2010,presence,286,0.20168669108037554
4,2001-2010,presence,287,0.20532918562363217
4,2001-2010,presence,288,0.20212301199982283
4,2001-2010,presence,289,0.20252495659795075
4,2001-2010,presence,290,0.201232982689263
4,2001-2010,presence,291,0.20232847279577768
4,2001-2010,presence,292,0.20466982784775312
4,2001-2010,presence,293,0.20334807225004012
4,2001-2010,presence,294,0.20240192719611494
4,2001-2010,presence,295,0.2025947339987172
4,2001-2010,presence,296,0.2049589131107364
4,2001-2010,presence,297,0.20345383131653047
4,2001-2010,presence,298,0.20203647705719782
4,2001-2010,presence,299,0.2016789518823522
4,2001-2010,presence,300,0.20258868483446418
4,2001-2010,presence,301,0.20081900366731711
4,2001-2010,presence,302,0.20634252265898828
4,2001-2010,presence,303,0.20116174020855013
4,2001-2010,presence,304,0.20229540368819698
4,2001-2010,presence,305,0.20217317203214963
4,2001-2010,presence,306,0.20178796615434855
4,2001-2010,presence,307,0.20326643321155902
4,2001-2010,presence,308,0.20102328215452459
4,2001-2010,presence,309,0.202996919088924
4,2001-2010,presence,310,0.2032362416340714
4,2001-2010,presence,311,0.20201441969285033
4,2001-2010,presence,312,0.2007058305006004
4,2001-2010,presence,313,0.20487629351971218
4,2001-2010,presence,314,0.2026020183304735
4,2001-2010,presence,315,0.2025171717004395
4,2001-2010,presence,316,0.20450270772551568
4,2001-2010,presence,317,0.20484267128055672
4,2001-2010,presence,318,0.20406734956732794
4,2001-2010,presence,319,0.20138115389577338
4,2001-2010,presence,320,0.20124003686535125
4,2001-2010,presence,321,0.20341972315365797
4,2001-2010,presence,322,0.2056638781458415
4,2001-2010,presence,323,0.2046656781330023
4,2001-2010,presence,324,0.2034988749124487
4,2001-2010,presence,325,0.20506140400249842
4,2001-2010,presence,326,0.20056883056413666
4,2001-2010,presence,327,0.20635760741600187
4,2001-2010,presence,328,0.20210689398560355
4,2001-2010,presence,329,0.2056383641347078
4,2001-2010,presence,330,0.20184082088310687
4,2001-2010,presence,331,0.20340278877494714
4,2001-2010,presence,332,0.2008076247433344
4,2001-2010,presence,333,0.20279183831891937
4,2001-2010,presence,334,0.20326070436614277
4,2001-2010,presence,335,0.20240583513618782
4,2001-2010,presence,336,0.20153223504201004
4,2001-2010,presence,337,0.20424929759968968
4,2001-2010,presence,338,0.20649290173754234
4,2001-2010,presence,339,0.20451444269544203
4,2001-2010,presence,340,0.2016478277000529
4,2001-2010,presence,341,0.20469993283124852
4,2001-2010,presence,342,0.20415675249164691
4,2001-2010,presence,343,0.20058104575489916
4,2001-2010,presence,344,0.20272088772090374
4,2001-2010,presence,345,0.20386362537650138
4,2001-2010,presence,346,0.2033223564632614
4,2001-2010,presence,347,0.20184267143432963
4,2001-2010,presence,348,0.20195468830400656
4,2001-2010,presence,349,0.20343546902432727
4,2001-2010,presence,350,0.20105222968766726
4,2001-2010,presence,351,0.20427284991137676
4,2001-2010,presence,352,0.20290395917893006
4,2001-2010,presence,353,0.20428461758190508
4,2001-2010,presence,354,0.20358070365179595
4,2001-2010,presence,355,0.20120464891369771
4,2001-2010,presence,356,0.2012541756034737
4,2001-2010,presence,357,0.20311423361224898
4,2001-2010,presence,358,0.20335585024176545
4,2001-2010,presence,359,0.2024592501132006
4,2001-2010,presence,360,0.201552811127444
4,2001-2010,presence,361,0.20398389860332042
4,2001-2010,presence,362,0.2016417300991293
4,2001-2010,presence,363,0.201556863397797
4,2001-2010,presence,364,0.20282064323796983
4,2001-2010,presence,365,0.20039972680227808
4,2001-2010,presence,366,0.2042657100172174
4,2001-2010,presence,367,0.20085538922817955
4,2001-2010,presence,368,0.20347599986870554
4,2001-2010,presence,369,0.20497261980011625
4,2001-2010,presence,370,0.2000775957779178
4,2001-2010,presence,371,0.20204819706076868
4,2001-2010,presence,372,0.20242983273011095
4,2001-2010,presence,373,0.20499732207877888
4,2001-2010,presence,374,0.2032669821874355
4,2001-2010,presence,375,0.2055065925113444
4,2001-2010,presence,376,0.20647814678884388
4,2001-2010,presence,377,0.20132364148808257
4,2001-2010,presence,378,0.20468661668303392
4,2001-2010,presence,379,0.20248389427341448
4,2001-2010,presence,380,0.20523882411355665
4,2001-2010,presence,381,0.20505090599895837
4,2001-2010,presence,382,0.20226467418433136
4,2001-2010,presence,383,0.20291747487578224
4,2001-2010,presence,384,0.20236513935722947
4,2001-2010,presence,385,0.2026995681841023
4,2001-2010,presence,386,0.2028983549232091
4,2001-2010,presence,387,0.2041016099048068
4,2001-2010,presence,388,0.20526899347468724
4,2001-2010,presence,389,0.20127184924885633
4,2001-2010,presence,390,0.20140099600080852
4,2001-2010,presence,391,0.2020819997298362
4,2001-2010,presence,392,0.20760374539347815
4,2001-2010,presence,393,0.2037229878511095
4,2001-2010,presence,394,0.20259407677043356
4,2001-2010,presence,395,0.20214284663313756
4,2001-2010,presence,396,0.20245124702368522
4,2001-2010,presence,397,0.2024872584144532
4,2001-2010,presence,398,0.20302638912303017
4,2001-2010,presence,399,0.20084199258570717
5,2011-2020,presence,0,0.18521069877862867
5,2011-2020,presence,1,0.18473095610445772
5,2011-2020,presence,2,0.1816879470091572
5,2011-2020,presence,3,0.18750095276431109
5,2011-2020,presence,4,0.19108680604696796
5,2011-2020,presence,5,0.18380900899880145
5,2011-2020,presence,6,0.18557531012973566
5,2011-2020,presence,7,0.18383704780220408
5,2011-2020,presence,8,0.1840796936789996
5,2011-2020,presence,9,0.18522926595808623
5,2011-2020,presence,10,0.1828372387301214
5,2011-2020,presence,11,0.1870721889974652
5,2011-2020,presence,12,0.18558026094336388
5,2011-2020,presence,13,0.18539755655650017
5,2011-2020,presence,14,0.1845117155884329
5,2011-2020,presence,15,0.1834488882667801
5,2011-2020,presence,16,0.1842510840218398
5,2011-2020,presence,17,0.18367551442983762
5,2011-2020,presence,18,0.18665970614031469
5,2011-2020,presence,19,0.18709148060178626
5,2011-2020,presence,20,0.1849471455768821
5,2011-2020,presence,21,0.18342699466293758
5,2011-2020,presence,22,0.18787651960848153
5,2011-2020,presence,23,0.18743860124781955
5,2011-2020,presence,24,0.18757168469861596
5,2011-2020,presence,25,0.1849191679870266
5,2011-2020,presence,26,0.18529151047012388
5,2011-2020,presence,27,0.1827775193502536
5,2011-2020,presence,28,0.18578856550694808
5,2011-2020,presence,29,0.18374309288743515
5,2011-2020,presence,30,0.1857481521350212
5,2011-2020,presence,31,0.18419211564536123
5,2011-2020,presence,32,0.18722536170771564
5,2011-2020,presence,33,0.18697542433190553
5,2011-2020,presence,34,0.18508988216314193
5,2011-2020,presence,35,0.1868235403021473
5,2011-2020,presence,36,0.18485185778458268
5,2011-2020,presence,37,0.18668486507732526
5,2011-2020,presence,38,0.18449122447718833
5,2011-2020,presence,39,0.18304704402049587
5,2011-2020,presence,40,0.18610737534248473
5,2011-2020,presence,41,0.18250817850247944
5,2011-2020,presence,42,0.18785752486707988
5,2011-2020,presence,43,0.18630118532729256
5,2011-2020,presence,44,0.1858150473982709
5,2011-2020,presence,45,0.18537955784762425
5,2011-2020,presence,46,0.1849815603216928
5,2011-2020,presence,47,0.18303032139921582
5,2011-2020,presence,48,0.1867164976761491
5,2011-2020,presence,49,0.1848106706277011
5,2011-2020,presence,50,0.18598096571253828
5,2011-2020,presence,51,0.1850956145705975
5,2011-2020,presence,52,0.18490614830211913
5,2011-2020,presence,53,0.18651050171810332
5,2011-2020,presence,54,0.18388084372358007
5,2011-2020,presence,55,0.18549308855474467
5,2011-2020,presence,56,0.1833653287608333
5,2011-2020,presence,57,0.18852102290869815
5,2011-2020,presence,58,0.186884910684284
5,2011-2020,presence,59,0.18493382193689492
5,2011-2020,presence,60,0.1853086016564398
5,2011-2020,presence,61,0.18403318200487
5,2011-2020,presence,62,0.18595806410818244
5,2011-2020,presence,63,0.18654291686056435
5,2011-2020,presence,64,0.18933704822360772
5,2011-2020,presence,65,0.1842733532557978
5,2011-2020,presence,66,0.18394943422914833
5,2011-2020,presence,67,0.18615571473332534
5,2011-2020,presence,68,0.18605395730979554
5,2011-2020,presence,69,0.18873339169961761
5,2011-2020,presence,70,0.18330645900576176
5,2011-2020,presence,71,0.18668375571682597
5,2011-2020,presence,72,0.1863213284113017
5,2011-2020,presence,73,0.18502607936848867
5,2011-2020,presence,74,0.18407181078759763
5,2011-2020,presence,75,0.18507409352819423
5,2011-2020,presence,76,0.18708787470577035
5,2011-2020,presence,77,0.18323179523346445
5,2011-2020,presence,78,0.1828596425460739
5,2011-2020,presence,79,0.18498270533067787
5,2011-2020,presence,80,0.1844499051142084
5,2011-2020,presence,81,0.18507903551335333
5,2011-2020,presence,82,0.18650223673607236
5,2011-2020,presence,83,0.18995876024407157
5,2011-2020,presence,84,0.1859367773722991
5,2011-2020,presence,85,0.18616750099677032
5,2011-2020,presence,86,0.18595441736241397
5,2011-2020,presence,87,0.18318030973453256
5,2011-2020,presence,88,0.18655848475792478
5,2011-2020,presence,89,0.18328135409085633
5,2011-2020,presence,90,0.18689491625361823
5,2011-2020,presence,91,0.18524740086076796
5,2011-2020,presence,92,0.18714414031366836
5,2011-2020,presence,93,0.18786909124561835
5,2011-2020,presence,94,0.18928033012504691
5,2011-2020,presence,95,0.1858931183330735
5,2011-2020,presence,96,0.18665019128067098
5,2011-2020,presence,97,0.18596069779745159
5,2011-2020,presence,98,0.18960649659263712
5,2011-2020,presence,99,0.18474968125719327
5,2011-2020,presence,100,0.18533636750759264
5,2011-2020,presence,101,0.18748998822489796
5,2011-2020,presence,102,0.1847325366951457
5,2011-2020,presence,103,0.18981459264030123
5,2011-2020,presence,104,0.1854365610242817
5,2011-2020,presence,105,0.1851448594291231
5,2011-2020,presence,106,0.18443192796291086
5,2011-2020,presence,107,0.18806647323989023
5,2011-2020,presence,108,0.18801141214120073
5,2011-2020,presence,109,0.1848683347759236
5,2011-2020,presence,110,0.1824782459721828
5,2011-2020,presence,111,0.18726291640911574
5,2011-2020,presence,112,0.18288362168328806
5,2011-2020,presence,113,0.18749661646589444
5,2011-2020,presence,114,0.18433134668323578
5,2011-2020,presence,115,0.1867327282319927
5,2011-2020,presence,116,0.1879103209176358
5,2011-2020,presence,117,0.18513366886183136
5,2011-2020,presence,118,0.18289577133873913
5,2011-2020,presence,119,0.19222396907210632
5,2011-2020,presence,120,0.18345046485099867
5,2011-2020,presence,121,0.18286967308181457
5,2011-2020,presence,122,0.1865992172421919
5,2011-2020,presence,123,0.18418228484450094
5,2011-2020,presence,124,0.18756539781378598
5,2011-2020,presence,125,0.18864007785189
5,2011-2020,presence,126,0.18391177180172918
5,2011-2020,presence,127,0.18892975842516652
5,2011-2020,presence,128,0.18660576745330812
5,2011-2020,presence,129,0.18545324891260373
5,2011-2020,presence,130,0.18499292001737228
5,2011-2020,presence,131,0.1823867452344201
5,2011-2020,presence,132,0.18597088667881168
5,2011-2020,presence,133,0.18409705939631882
5,2011-2020,presence,134,0.18517398496471896
5,2011-2020,presence,135,0.18574033084594205
5,2011-2020,presence,136,0.18816844907795302
5,2011-2020,presence,137,0.18541729274204158
5,2011-2020,presence,138,0.1863273347263699
5,2011-2020,presence,139,0.18487605739244406
5,2011-2020,presence,140,0.18686884646675042
5,2011-2020,presence,141,0.18764089777767842
5,2011-2020,presence,142,0.1805807253106312
5,2011-2020,presence,143,0.18844115694371125
5,2011-2020,presence,144,0.18453028150612452
5,2011-2020,presence,145,0.18262050117787584
5,2011-2020,presence,146,0.18682123013038332
5,2011-2020,presence,147,0.18350896979223583
5,2011-2020,presence,148,0.18598988346134646
5,2011-2020,presence,149,0.18656409197684454
5,2011-2020,presence,150,0.18684057602481846
5,2011-2020,presence,151,0.18613003478409382
5,2011-2020,presence,152,0.18419505076745493
5,2011-2020,presence,153,0.18235668229075563
5,2011-2020,presence,154,0.18834752399527113
5,2011-2020,presence,155,0.18609524731910326
5,2011-2020,presence,156,0.18973433724502053
5,2011-2020,presence,157,0.18726555294638889
5,2011-2020,presence,158,0.1879152802387511
5,2011-2020,presence,159,0.18660147947483208
5,2011-2020,presence,160,0.18641413504858262
5,2011-2020,presence,161,0.18537922124552392
5,2011-2020,presence,162,0.18552216313618927
5,2011-2020,presence,163,0.1856822382165382
5,2011-2020,presence,164,0.18168916399842855
5,2011-2020,presence,165,0.18696043361461157
5,2011-2020,presence,166,0.18960202288722658
5,2011-2020,presence,167,0.18326053878271117
5,2011-2020,presence,168,0.18473855229462188
5,2011-2020,presence,169,0.18681361658316958
5,2011-2020,presence,170,0.18791530900760786
5,2011-2020,presence,171,0.18589431061506867
5,2011-2020,presence,172,0.18867963709742092
5,2011-2020,presence,173,0.18625205982730983
5,2011-2020,presence,174,0.18279483720498496
5,2011-2020,presence,175,0.18567856913279432
5,2011-2020,presence,176,0.1815602528746549
5,2011-2020,presence,177,0.18372144248673905
5,2011-2020,presence,178,0.1843684726876489
5,2011-2020,presence,179,0.18584256333934643
5,2011-2020,presence,180,0.1821685179407444
5,2011-2020,presence,181,0.18220956828658894
5,2011-2020,presence,182,0.1841975605169374
5,2011-2020,presence,183,0.1849009766978727
5,2011-2020,presence,184,0.18503945183219814
5,2011-2020,presence,185,0.18433725805497084
5,2011-2020,presence,186,0.1835986752133722
5,2011-2020,presence,187,0.18700913501310917
5,2011-2020,presence,188,0.18676695103898963
5,2011-2020,presence,189,0.1836481352990423
5,2011-2020,presence,190,0.18702565127075038
5,2011-2020,presence,191,0.18539261799650356
5,2011-2020,presence,192,0.1851474719819352
5,2011-2020,presence,193,0.18850941546693856
5,2011-2020,presence,194,0.19043303331728093
5,2011-2020,presence,195,0.18530230449658122
5,2011-2020,presence,196,0.18414181046672307
5,2011-2020,presence,197,0.18570632002533927
5,2011-2020,presence,198,0.1848157602107099
5,2011-2020,presence,199,0.1854134600943107
5,2011-2020,presence,200,0.1860140008128234
5,2011-2020,presence,201,0.18744135171662785
5,2011-2020,presence,202,0.18631365833557198
5,2011-2020,presence,203,0.18368307765048242
5,2011-2020,presence,204,0.18375676420644677
5,2011-2020,presence,205,0.1832855808666182
5,2011-2020,presence,206,0.1840472150726714
5,2011-2020,presence,207,0.1855599736129274
5,2011-2020,presence,208,0.18280422241049465
5,2011-2020,presence,209,0.18321483498317626
5,2011-2020,presence,210,0.18444232573039604
5,2011-2020,presence,211,0.18437035001173666
5,2011-2020,presence,212,0.18393627077704638
5,2011-2020,presence,213,0.1862662251629769
5,2011-2020,presence,214,0.1839824502114535
5,2011-2020,presence,215,0.1849441325554982
5,2011-2020,presence,216,0.18569669272022032
5,2011-2020,presence,217,0.18645513361763838
5,2011-2020,presence,218,0.1860011014960281
5,2011-2020,presence,219,0.18510364308602062
5,2011-2020,presence,220,0.18277265526933967
5,2011-2020,presence,221,0.1851131786414774
5,2011-2020,presence,222,0.1866893936701226
5,2011-2020,presence,223,0.18471844420029312
5,2011-2020,presence,224,0.18593880840537205
5,2011-2020,presence,225,0.1852046840002857
5,2011-2020,presence,226,0.1832096947159344
5,2011-2020,presence,227,0.18488775665043952
5,2011-2020,presence,228,0.18475061560986444
5,2011-2020,presence,229,0.18187314625952458
5,2011-2020,presence,230,0.1853824588845294
5,2011-2020,presence,231,0.18393163941431495
5,2011-2020,presence,232,0.18733567328336279
5,2011-2020,presence,233,0.18484622411518295
5,2011-2020,presence,234,0.1872365398159452
5,2011-2020,presence,235,0.18288313386236044
5,2011-2020,presence,236,0.18185430519414697
5,2011-2020,presence,237,0.18688083970919528
5,2011-2020,presence,238,0.18467112518847417
5,2011-2020,presence,239,0.1853395769387447
5,2011-2020,presence,240,0.1813337496915767
5,2011-2020,presence,241,0.18647126657677981
5,2011-2020,presence,242,0.18806273029617865
5,2011-2020,presence,243,0.1849189894752109
5,2011-2020,presence,244,0.18675068616509638
5,2011-2020,presence,245,0.18645543374740411
5,2011-2020,presence,246,0.18611917161251695
5,2011-2020,presence,247,0.18604688500822247
5,2011-2020,presence,248,0.18519229021287617
5,2011-2020,presence,249,0.18699856030702872
5,2011-2020,presence,250,0.18470684445942956
5,2011-2020,presence,251,0.18838971553324152
5,2011-2020,presence,252,0.18572415999456232
5,2011-2020,presence,253,0.18399714133570697
5,2011-2020,presence,254,0.18653257374192192
5,2011-2020,presence,255,0.18353819136403363
5,2011-2020,presence,256,0.18516184135149502
5,2011-2020,presence,257,0.18509039791116258
5,2011-2020,presence,258,0.1859087642712265
5,2011-2020,presence,259,0.18619333322933773
5,2011-2020,presence,260,0.18663271280943178
5,2011-2020,presence,261,0.18277188078452555
5,2011-2020,presence,262,0.1868359577735771
5,2011-2020,presence,263,0.1838170844018677
5,2011-2020,presence,264,0.18703957153985595
5,2011-2020,presence,265,0.18759909092456717
5,2011-2020,presence,266,0.18688015235506267
5,2011-2020,presence,267,0.1845574019729384
5,2011-2020,presence,268,0.1882070832311403
5,2011-2020,presence,269,0.18717771134244524
5,2011-2020,presence,270,0.18409225731638912
5,2011-2020,presence,271,0.1878467778541755
5,2011-2020,presence,272,0.18708242826889193
5,2011-2020,presence,273,0.18760931021965158
5,2011-2020,presence,274,0.1860457171775555
5,2011-2020,presence,275,0.18643997315884678
5,2011-2020,presence,276,0.18687636351165232
5,2011-2020,presence,277,0.18388558129897886
5,2011-2020,presence,278,0.18550551632425755
5,2011-2020,presence,279,0.18500836724809178
5,2011-2020,presence,280,0.18755467484592128
5,2011-2020,presence,281,0.18724033063853257
5,2011-2020,presence,282,0.18610521485881698
5,2011-2020,presence,283,0.18812491915314242
5,2011-2020,presence,284,0.187796996938717
5,2011-2020,presence,285,0.18439271810424332
5,2011-2020,presence,286,0.18767052925475233
5,2011-2020,presence,287,0.18156797558778798
5,2011-2020,presence,288,0.18379945969083986
5,2011-2020,presence,289,0.18621149956120842
5,2011-2020,presence,290,0.18561335895666212
5,2011-2020,presence,291,0.18268739476248172
5,2011-2020,presence,292,0.1834385829200315
5,2011-2020,presence,293,0.1867626605734921
5,2011-2020,presence,294,0.18701938779737232
5,2011-2020,presence,295,0.1850093855823157
5,2011-2020,presence,296,0.18609468795115422
5,2011-2020,presence,297,0.18524039413005772
5,2011-2020,presence,298,0.1873103637303042
5,2011-2020,presence,299,0.1879105136337028
5,2011-2020,presence,300,0.18186207861004308
5,2011-2020,presence,301,0.18547383724768668
5,2011-2020,presence,302,0.18311497549304243
5,2011-2020,presence,303,0.18474871688200883
5,2011-2020,presence,304,0.18463466041288204
5,2011-2020,presence,305,0.1858398965258335
5,2011-2020,presence,306,0.18839179518613391
5,2011-2020,presence,307,0.18549526725106522
5,2011-2020,presence,308,0.18377576620386846
5,2011-2020,presence,309,0.1848199232643601
5,2011-2020,presence,310,0.18413077399830738
5,2011-2020,presence,311,0.18597165553432182
5,2011-2020,presence,312,0.1871705878589394
5,2011-2020,presence,313,0.1861627464180454
5,2011-2020,presence,314,0.18534627425733916
5,2011-2020,presence,315,0.18838229408457877
5,2011-2020,presence,316,0.18456351816760055
5,2011-2020,presence,317,0.18552748224143367
5,2011-2020,presence,318,0.18694954271529393
5,2011-2020,presence,319,0.18680013199826329
5,2011-2020,presence,320,0.18470236809382226
5,2011-2020,presence,321,0.18550074265126074
5,2011-2020,presence,322,0.18501805134215452
5,2011-2020,presence,323,0.1827983939773892
5,2011-2020,presence,324,0.1896411664188023
5,2011-2020,presence,325,0.1835397754423089
5,2011-2020,presence,326,0.18363355744547744
5,2011-2020,presence,327,0.18424167145457346
5,2011-2020,presence,328,0.18458000500319566
5,2011-2020,presence,329,0.1823000201378129
5,2011-2020,presence,330,0.1853863316895434
5,2011-2020,presence,331,0.18703339234574368
5,2011-2020,presence,332,0.1845636167598997
5,2011-2020,presence,333,0.18397393521205074
5,2011-2020,presence,334,0.18263253694987241
5,2011-2020,presence,335,0.18369330082548532
5,2011-2020,presence,336,0.18542849965857344
5,2011-2020,presence,337,0.18813645453200234
5,2011-2020,presence,338,0.18423794394527115
5,2011-2020,presence,339,0.1873229037799509
5,2011-2020,presence,340,0.18619853934041541
5,2011-2020,presence,341,0.1865034535776907
5,2011-2020,presence,342,0.18662248015456168
5,2011-2020,presence,343,0.18754218011198315
5,2011-2020,presence,344,0.18377655921174565
5,2011-2020,presence,345,0.18356646964455434
5,2011-2020,presence,346,0.18478612375078754
5,2011-2020,presence,347,0.1879718680788885
5,2011-2020,presence,348,0.18812596795682823
5,2011-2020,presence,349,0.18542862410446911
5,2011-2020,presence,350,0.18590084447906013
5,2011-2020,presence,351,0.1877867306931426
5,2011-2020,presence,352,0.18519813636503557
5,2011-2020,presence,353,0.1864742036753919
5,2011-2020,presence,354,0.18951835017807311
5,2011-2020,presence,355,0.18602013849650528
5,2011-2020,presence,356,0.1852830615712435
5,2011-2020,presence,357,0.1862365736062248
5,2011-2020,presence,358,0.18553136620127816
5,2011-2020,presence,359,0.1856675613206429
5,2011-2020,presence,360,0.18596461101052342
5,2011-2020,presence,361,0.1857206874683928
5,2011-2020,presence,362,0.18480114464708192
5,2011-2020,presence,363,0.18699875022174944
5,2011-2020,presence,364,0.18240128437515646
5,2011-2020,presence,365,0.1830850976815503
5,2011-2020,presence,366,0.1853803188701315
5,2011-2020,presence,367,0.18671980822417128
5,2011-2020,presence,368,0.18308006124260048
5,2011-2020,presence,369,0.18799133266948778
5,2011-2020,presence,370,0.18575905170201817
5,2011-2020,presence,371,0.18353979192506092
5,2011-2020,presence,372,0.18486543086202306
5,2011-2020,presence,373,0.18307695369596416
5,2011-2020,presence,374,0.18544255893492503
5,2011-2020,presence,375,0.1856832984143149
5,2011-2020,presence,376,0.18484425732644544
5,2011-2020,presence,377,0.18759607538547607
5,2011-2020,presence,378,0.18525617826235324
5,2011-2020,presence,379,0.1837902611961262
5,2011-2020,presence,380,0.18657433037498114
5,2011-2020,presence,381,0.1859251065947115
5,2011-2020,presence,382,0.18454582822422716
5,2011-2020,presence,383,0.18598453572586085
5,2011-2020,presence,384,0.18503285549459936
5,2011-2020,presence,385,0.1868409447088925
5,2011-2020,presence,386,0.18560509200188968
5,2011-2020,presence,387,0.1866442390628535
5,2011-2020,presence,388,0.1856746544765401
5,2011-2020,presence,389,0.18249329006566023
5,2011-2020,presence,390,0.18268013968147417
5,2011-2020,presence,391,0.18495923751691343
5,2011-2020,presence,392,0.18681407748292453
5,2011-2020,presence,393,0.18598826772605725
5,2011-2020,presence,394,0.1867629889612662
5,2011-2020,presence,395,0.18555464926926768
5,2011-2020,presence,396,0.18550075976071978
5,2011-2020,presence,397,0.18612141471796143
5,2011-2020,presence,398,0.18355177944131193
5,2011-2020,presence,399,0.18275853620883895
6,2021-2025,presence,0,0.29937365796533705
6,2021-2025,presence,1,0.29947121389845205
6,2021-2025,presence,2,0.2999380404262342
6,2021-2025,presence,3,0.29752630718508927
6,2021-2025,presence,4,0.2977495735117978
6,2021-2025,presence,5,0.2974977736002828
6,2021-2025,presence,6,0.29954795225118946
6,2021-2025,presence,7,0.29853953553633394
6,2021-2025,presence,8,0.2974557224864719
6,2021-2025,presence,9,0.2999342552218542
6,2021-2025,presence,10,0.2980660295645186
6,2021-2025,presence,11,0.2994490164616179
6,2021-2025,presence,12,0.29916878041894795
6,2021-2025,presence,13,0.29936066718711185
6,2021-2025,presence,14,0.30104293818147265
6,2021-2025,presence,15,0.3006751120254544
6,2021-2025,presence,16,0.3002934534719359
6,2021-2025,presence,17,0.29834104878460044
6,2021-2025,presence,18,0.30017519694569034
6,2021-2025,presence,19,0.3006865665355411
6,2021-2025,presence,20,0.2985238080388384
6,2021-2025,presence,21,0.3009143559621832
6,2021-2025,presence,22,0.29951315457911676
6,2021-2025,presence,23,0.29996171732341254
6,2021-2025,presence,24,0.2990537427929605
6,2021-2025,presence,25,0.2964580605376621
6,2021-2025,presence,26,0.29920182234197523
6,2021-2025,presence,27,0.297917963117127
6,2021-2025,presence,28,0.2991761152229533
6,2021-2025,presence,29,0.2965315456053551
6,2021-2025,presence,30,0.2980300258986511
6,2021-2025,presence,31,0.3003058934505879
6,2021-2025,presence,32,0.29928793799235903
6,2021-2025,presence,33,0.2994079890174476
6,2021-2025,presence,34,0.29882261426515594
6,2021-2025,presence,35,0.30198184388224003
6,2021-2025,presence,36,0.2976740669992156
6,2021-2025,presence,37,0.29780930652278736
6,2021-2025,presence,38,0.29868179523414984
6,2021-2025,presence,39,0.3023480230594481
6,2021-2025,presence,40,0.29946639431656935
6,2021-2025,presence,41,0.29934119897947
6,2021-2025,presence,42,0.299499277519456
6,2021-2025,presence,43,0.3008493948152044
6,2021-2025,presence,44,0.29700063414841477
6,2021-2025,presence,45,0.3003586046351627
6,2021-2025,presence,46,0.30179625415440336
6,2021-2025,presence,47,0.2997996567163275
6,2021-2025,presence,48,0.2977391712915908
6,2021-2025,presence,49,0.2987731529951655
6,2021-2025,presence,50,0.3007076400116127
6,2021-2025,presence,51,0.29828371500315287
6,2021-2025,presence,52,0.2975965984682142
6,2021-2025,presence,53,0.3002117749594747
6,2021-2025,presence,54,0.3015183293350911
6,2021-2025,presence,55,0.2957842342673808
6,2021-2025,presence,56,0.29882625004273444
6,2021-2025,presence,57,0.30081492707978974
6,2021-2025,presence,58,0.3000908675724128
6,2021-2025,presence,59,0.2977797978574374
6,2021-2025,presence,60,0.29806129517153035
6,2021-2025,presence,61,0.29748767539844917
6,2021-2025,presence,62,0.2975193555974428
6,2021-2025,presence,63,0.3002688128578001
6,2021-2025,presence,64,0.3016153971232486
6,2021-2025,presence,65,0.30034544820696063
6,2021-2025,presence,66,0.29847534812466037
6,2021-2025,presence,67,0.2990859084886127
6,2021-2025,presence,68,0.29994555601104333
6,2021-2025,presence,69,0.2979366001253973
6,2021-2025,presence,70,0.2998369256724909
6,2021-2025,presence,71,0.30116984799381824
6,2021-2025,presence,72,0.3014539879745031
6,2021-2025,presence,73,0.30168809674498037
6,2021-2025,presence,74,0.29673570419790457
6,2021-2025,presence,75,0.30247276779746096
6,2021-2025,presence,76,0.29965838546851487
6,2021-2025,presence,77,0.30181607107115394
6,2021-2025,presence,78,0.2991552329325358
6,2021-2025,presence,79,0.30024914582186457
6,2021-2025,presence,80,0.29759501622495016
6,2021-2025,presence,81,0.3019355300703816
6,2021-2025,presence,82,0.30119934525098324
6,2021-2025,presence,83,0.2963626538068164
6,2021-2025,presence,84,0.2975422061675666
6,2021-2025,presence,85,0.2992426434486584
6,2021-2025,presence,86,0.3001693495479235
6,2021-2025,presence,87,0.3001901930472921
6,2021-2025,presence,88,0.2976262645571947
6,2021-2025,presence,89,0.2996359249139389
6,2021-2025,presence,90,0.3006674964688255
6,2021-2025,presence,91,0.2975755872626507
6,2021-2025,presence,92,0.298818316473049
6,2021-2025,presence,93,0.2999468907739473
6,2021-2025,presence,94,0.3021749041294372
6,2021-2025,presence,95,0.2980114499931945
6,2021-2025,presence,96,0.30260264674093273
6,2021-2025,presence,97,0.29840036583885765
6,2021-2025,presence,98,0.2998447044258501
6,2021-2025,presence,99,0.3023411335927813
6,2021-2025,presence,100,0.3000298643437561
6,2021-2025,presence,101,0.2998522123136314
6,2021-2025,presence,102,0.2974259846004787
6,2021-2025,presence,103,0.2991972552557434
6,2021-2025,presence,104,0.30107054078109174
6,2021-2025,presence,105,0.29931710185179494
6,2021-2025,presence,106,0.2985104925513196
6,2021-2025,presence,107,0.30064621051861756
6,2021-2025,presence,108,0.29957049546697784
6,2021-2025,presence,109,0.29967222916137476
6,2021-2025,presence,110,0.29959322652680886
6,2021-2025,presence,111,0.2990526092994723
6,2021-2025,presence,112,0.2965032725715519
6,2021-2025,presence,113,0.297748514009447
6,2021-2025,presence,114,0.29680722675222565
6,2021-2025,presence,115,0.3012410773276203
6,2021-2025,presence,116,0.2994162749536103
6,2021-2025,presence,117,0.2985837490259351
6,2021-2025,presence,118,0.29812803285144435
6,2021-2025,presence,119,0.30166779638163826
6,2021-2025,presence,120,0.3006796148573192
6,2021-2025,presence,121,0.3036651739032555
6,2021-2025,presence,122,0.2975645978706634
6,2021-2025,presence,123,0.29937225177876203
6,2021-2025,presence,124,0.29718500967077804
6,2021-2025,presence,125,0.29786618562435485
6,2021-2025,presence,126,0.2966439581659419
6,2021-2025,presence,127,0.3001344520701833
6,2021-2025,presence,128,0.29976705323222474
6,2021-2025,presence,129,0.3005274637862232
6,2021-2025,presence,130,0.3027434390494419
6,2021-2025,presence,131,0.3011261373216215
6,2021-2025,presence,132,0.29938076432192073
6,2021-2025,presence,133,0.2984094067136395
6,2021-2025,presence,134,0.29838224568398525
6,2021-2025,presence,135,0.2983209287050728
6,2021-2025,presence,136,0.2984663128459438
6,2021-2025,presence,137,0.3005222534662483
6,2021-2025,presence,138,0.29747621239575034
6,2021-2025,presence,139,0.29978422021219225
6,2021-2025,presence,140,0.299791481207619
6,2021-2025,presence,141,0.29753535568257694
6,2021-2025,presence,142,0.29892093435853523
6,2021-2025,presence,143,0.2981874726171682
6,2021-2025,presence,144,0.2980413434562642
6,2021-2025,presence,145,0.3011213996562918
6,2021-2025,presence,146,0.3028218319414712
6,2021-2025,presence,147,0.3005375356554826
6,2021-2025,presence,148,0.30010590210164456
6,2021-2025,presence,149,0.2982138169925637
6,2021-2025,presence,150,0.30181356030555423
6,2021-2025,presence,151,0.30107283266021057
6,2021-2025,presence,152,0.29974770561096686
6,2021-2025,presence,153,0.30080423897057357
6,2021-2025,presence,154,0.29836666588955485
6,2021-2025,presence,155,0.30015876885183684
6,2021-2025,presence,156,0.2998939817560119
6,2021-2025,presence,157,0.2998913480084672
6,2021-2025,presence,158,0.2979080521697938
6,2021-2025,presence,159,0.30018897633028313
6,2021-2025,presence,160,0.2991606367534662
6,2021-2025,presence,161,0.298940023794735
6,2021-2025,presence,162,0.2981007189040868
6,2021-2025,presence,163,0.30020061005491516
6,2021-2025,presence,164,0.30031886281800035
6,2021-2025,presence,165,0.3002746620896724
6,2021-2025,presence,166,0.30210366626497276
6,2021-2025,presence,167,0.3006725984714195
6,2021-2025,presence,168,0.29827630519008363
6,2021-2025,presence,169,0.2991595564057246
6,2021-2025,presence,170,0.2975943388607913
6,2021-2025,presence,171,0.30116127876314674
6,2021-2025,presence,172,0.3010576058549507
6,2021-2025,presence,173,0.29954001313568995
6,2021-2025,presence,174,0.29810245176864425
6,2021-2025,presence,175,0.29825794691706115
6,2021-2025,presence,176,0.29807944560491656
6,2021-2025,presence,177,0.29900954955893533
6,2021-2025,presence,178,0.2962936512273373
6,2021-2025,presence,179,0.29885061761675075
6,2021-2025,presence,180,0.29675625460110616
6,2021-2025,presence,181,0.2994388219616396
6,2021-2025,presence,182,0.29758007425884997
6,2021-2025,presence,183,0.2989128183037048
6,2021-2025,presence,184,0.2971204219242179
6,2021-2025,presence,185,0.2982389223976668
6,2021-2025,presence,186,0.29834570642266717
6,2021-2025,presence,187,0.2992330610225461
6,2021-2025,presence,188,0.30316576773946907
6,2021-2025,presence,189,0.2990727398253283
6,2021-2025,presence,190,0.2998521745362741
6,2021-2025,presence,191,0.2994883026864088
6,2021-2025,presence,192,0.2976545039675689
6,2021-2025,presence,193,0.29675387933242403
6,2021-2025,presence,194,0.2966582213249108
6,2021-2025,presence,195,0.3037183646193221
6,2021-2025,presence,196,0.2997116640160221
6,2021-2025,presence,197,0.3020203140830995
6,2021-2025,presence,198,0.29822770347046684
6,2021-2025,presence,199,0.30062262140323787
6,2021-2025,presence,200,0.300184624614576
6,2021-2025,presence,201,0.29564397707218854
6,2021-2025,presence,202,0.2971326402068399
6,2021-2025,presence,203,0.2991737080413443
6,2021-2025,presence,204,0.3013525133165327
6,2021-2025,presence,205,0.29877777698656693
6,2021-2025,presence,206,0.2985389514488084
6,2021-2025,presence,207,0.29789100307892175
6,2021-2025,presence,208,0.2996374485391136
6,2021-2025,presence,209,0.29776434932451773
6,2021-2025,presence,210,0.2986296419251736
6,2021-2025,presence,211,0.2982054297033543
6,2021-2025,presence,212,0.30387517698697575
6,2021-2025,presence,213,0.29987010004987424
6,2021-2025,presence,214,0.30177306500774154
6,2021-2025,presence,215,0.29722218414462287
6,2021-2025,presence,216,0.2971966247481122
6,2021-2025,presence,217,0.2983438311873053
6,2021-2025,presence,218,0.3004804858985813
6,2021-2025,presence,219,0.301993501759706
6,2021-2025,presence,220,0.29656429733437706
6,2021-2025,presence,221,0.29917953873175224
6,2021-2025,presence,222,0.3005200840415405
6,2021-2025,presence,223,0.30111806057902685
6,2021-2025,presence,224,0.2985123980062834
6,2021-2025,presence,225,0.3023839897206689
6,2021-2025,presence,226,0.29718370512480297
6,2021-2025,presence,227,0.3000842695751157
6,2021-2025,presence,228,0.2999070130476724
6,2021-2025,presence,229,0.3016276033259929
6,2021-2025,presence,230,0.2978493758610556
6,2021-2025,presence,231,0.2989936493142379
6,2021-2025,presence,232,0.29934448642046646
6,2021-2025,presence,233,0.3003068905723405
6,2021-2025,presence,234,0.2995341253333762
6,2021-2025,presence,235,0.3004761915644688
6,2021-2025,presence,236,0.2990189616693715
6,2021-2025,presence,237,0.2989662848851487
6,2021-2025,presence,238,0.29754079338191197
6,2021-2025,presence,239,0.29656541727281144
6,2021-2025,presence,240,0.3015811392620293
6,2021-2025,presence,241,0.29825196567318196
6,2021-2025,presence,242,0.30221855705360073
6,2021-2025,presence,243,0.29662632606719663
6,2021-2025,presence,244,0.29644216278624763
6,2021-2025,presence,245,0.2988502838261422
6,2021-2025,presence,246,0.30041086933616035
6,2021-2025,presence,247,0.2987744140501428
6,2021-2025,presence,248,0.3018585407562572
6,2021-2025,presence,249,0.3023489605579447
6,2021-2025,presence,250,0.2974577540793681
6,2021-2025,presence,251,0.2985780294780661
6,2021-2025,presence,252,0.30088592781939383
6,2021-2025,presence,253,0.29935266143791445
6,2021-2025,presence,254,0.29822808829196845
6,2021-2025,presence,255,0.29855589511577035
6,2021-2025,presence,256,0.29790719606431243
6,2021-2025,presence,257,0.29819888319188553
6,2021-2025,presence,258,0.29574698940582284
6,2021-2025,presence,259,0.2987060137051539
6,2021-2025,presence,260,0.2987055415989915
6,2021-2025,presence,261,0.3002390707827663
6,2021-2025,presence,262,0.2982046084462811
6,2021-2025,presence,263,0.29735553662226244
6,2021-2025,presence,264,0.2975963596508326
6,2021-2025,presence,265,0.30029048576423945
6,2021-2025,presence,266,0.2973751913109564
6,2021-2025,presence,267,0.299602961481613
6,2021-2025,presence,268,0.30011147051210785
6,2021-2025,presence,269,0.29937671641721586
6,2021-2025,presence,270,0.29823278019344013
6,2021-2025,presence,271,0.30061513548783697
6,2021-2025,presence,272,0.29941927405990487
6,2021-2025,presence,273,0.2991322370299734
6,2021-2025,presence,274,0.2994769953171804
6,2021-2025,presence,275,0.30248593227977805
6,2021-2025,presence,276,0.3011024805023632
6,2021-2025,presence,277,0.3017492249939235
6,2021-2025,presence,278,0.2993229428761422
6,2021-2025,presence,279,0.29902523428977174
6,2021-2025,presence,280,0.2990627784391964
6,2021-2025,presence,281,0.2992954783143911
6,2021-2025,presence,282,0.30076369632765815
6,2021-2025,presence,283,0.2961388587440835
6,2021-2025,presence,284,0.2985553824669047
6,2021-2025,presence,285,0.2994584945106111
6,2021-2025,presence,286,0.30010333615739965
6,2021-2025,presence,287,0.3008224810630862
6,2021-2025,presence,288,0.29852103596926327
6,2021-2025,presence,289,0.30189878862081854
6,2021-2025,presence,290,0.2995217710417533
6,2021-2025,presence,291,0.29667364516783495
6,2021-2025,presence,292,0.2954149800828203
6,2021-2025,presence,293,0.2960127255565502
6,2021-2025,presence,294,0.30155528302917944
6,2021-2025,presence,295,0.29744481945319734
6,2021-2025,presence,296,0.30108689485756635
6,2021-2025,presence,297,0.2991398531679468
6,2021-2025,presence,298,0.3032545346833608
6,2021-2025,presence,299,0.3010096200108326
6,2021-2025,presence,300,0.2981538473187282
6,2021-2025,presence,301,0.3032672876915032
6,2021-2025,presence,302,0.29840660311280287
6,2021-2025,presence,303,0.30060241039563834
6,2021-2025,presence,304,0.30093261369832564
6,2021-2025,presence,305,0.3005279585594299
6,2021-2025,presence,306,0.29863318039614883
6,2021-2025,presence,307,0.3005512603468832
6,2021-2025,presence,308,0.2989694170514189
6,2021-2025,presence,309,0.2975874212545031
6,2021-2025,presence,310,0.29916114602711485
6,2021-2025,presence,311,0.29978737009477485
6,2021-2025,presence,312,0.298698881022965
6,2021-2025,presence,313,0.29734777511072624
6,2021-2025,presence,314,0.3007738026861641
6,2021-2025,presence,315,0.2981083676055311
6,2021-2025,presence,316,0.29765498916108113
6,2021-2025,presence,317,0.30199392579035056
6,2021-2025,presence,318,0.30155630358153457
6,2021-2025,presence,319,0.3012223116667012
6,2021-2025,presence,320,0.29923702764918675
6,2021-2025,presence,321,0.2984917576645338
6,2021-2025,presence,322,0.2989962611673514
6,2021-2025,presence,323,0.2976611304002003
6,2021-2025,presence,324,0.30315389208562177
6,2021-2025,presence,325,0.2977925979158862
6,2021-2025,presence,326,0.29866173118643063
6,2021-2025,presence,327,0.29773187849872
6,2021-2025,presence,328,0.3007678895480253
6,2021-2025,presence,329,0.30067832025199065
6,2021-2025,presence,330,0.29814056008610207
6,2021-2025,presence,331,0.3011776191043267
6,2021-2025,presence,332,0.29854653463360364
6,2021-2025,presence,333,0.29900333724185396
6,2021-2025,presence,334,0.3031954507088235
6,2021-2025,presence,335,0.30147201859846745
6,2021-2025,presence,336,0.2981898410336355
6,2021-2025,presence,337,0.30206585625452703
6,2021-2025,presence,338,0.29855622730909015
6,2021-2025,presence,339,0.3004208066079249
6,2021-2025,presence,340,0.30271392161770005
6,2021-2025,presence,341,0.30161313965551667
6,2021-2025,presence,342,0.2988740358621939
6,2021-2025,presence,343,0.3008744228804493
6,2021-2025,presence,344,0.29895235685724264
6,2021-2025,presence,345,0.29985239395698804
6,2021-2025,presence,346,0.2963808120329913
6,2021-2025,presence,347,0.2986787274735546
6,2021-2025,presence,348,0.2976954814353676
6,2021-2025,presence,349,0.2973759783433877
6,2021-2025,presence,350,0.2983228573101305
6,2021-2025,presence,351,0.2995038426182396
6,2021-2025,presence,352,0.30076741014359926
6,2021-2025,presence,353,0.29798410762926736
6,2021-2025,presence,354,0.29903366581127944
6,2021-2025,presence,355,0.29883193291759635
6,2021-2025,presence,356,0.2994131622102995
6,2021-2025,presence,357,0.2985425379937169
6,2021-2025,presence,358,0.30073608133201296
6,2021-2025,presence,359,0.3018130140151726
6,2021-2025,presence,360,0.29917784854587204
6,2021-2025,presence,361,0.3012445642490928
6,2021-2025,presence,362,0.29805748445040964
6,2021-2025,presence,363,0.3006647833535344
6,2021-2025,presence,364,0.2992818300257511
6,2021-2025,presence,365,0.3016312616340493
6,2021-2025,presence,366,0.29770535295222333
6,2021-2025,presence,367,0.2994486815064688
6,2021-2025,presence,368,0.29927949871319803
6,2021-2025,presence,369,0.29635529884997336
6,2021-2025,presence,370,0.3023445290070202
6,2021-2025,presence,371,0.300008198072559
6,2021-2025,presence,372,0.29664102240659573
6,2021-2025,presence,373,0.2977658919748094
6,2021-2025,presence,374,0.2966353496942771
6,2021-2025,presence,375,0.29859421800187613
6,2021-2025,presence,376,0.29793237230737507
6,2021-2025,presence,377,0.29795037525761053
6,2021-2025,presence,378,0.3003649346185584
6,2021-2025,presence,379,0.30040876677747497
6,2021-2025,presence,380,0.30125640590078273
6,2021-2025,presence,381,0.29869559228045617
6,2021-2025,presence,382,0.3004460397438468
6,2021-2025,presence,383,0.297143917916082
6,2021-2025,presence,384,0.29965631769171885
6,2021-2025,presence,385,0.2986660059606687
6,2021-2025,presence,386,0.2974812648616225
6,2021-2025,presence,387,0.298338882990298
6,2021-2025,presence,388,0.29804988524260306
6,2021-2025,presence,389,0.29767923625927123
6,2021-2025,presence,390,0.29954565037352393
6,2021-2025,presence,391,0.29853489174701675
6,2021-2025,presence,392,0.29839795921993084
6,2021-2025,presence,393,0.2987275392826969
6,2021-2025,presence,394,0.2992400479777266
6,2021-2025,presence,395,0.30103862841771367
6,2021-2025,presence,396,0.30096664360770475
6,2021-2025,presence,397,0.29941455271530043
6,2021-2025,presence,398,0.3039416429777424
6,2021-2025,presence,399,0.29957937200268114
0,1961-1970,rpa,0,0.16543991558131832
0,1961-1970,rpa,1,0.1620870184784212
0,1961-1970,rpa,2,0.1647024272024272
0,1961-1970,rpa,3,0.16060812406966254
0,1961-1970,rpa,4,0.16201811009503317
0,1961-1970,rpa,5,0.16285838449299989
0,1961-1970,rpa,6,0.1655140276181
0,1961-1970,rpa,7,0.1654685623577026
0,1961-1970,rpa,8,0.16789659770429
0,1961-1970,rpa,9,0.15907207109130186
0,1961-1970,rpa,10,0.17034685400070013
0,1961-1970,rpa,11,0.17014175597320394
0,1961-1970,rpa,12,0.16138167388167388
0,1961-1970,rpa,13,0.16043185384248732
0,1961-1970,rpa,14,0.1605272932196009
0,1961-1970,rpa,15,0.16313324789003522
0,1961-1970,rpa,16,0.1626149093909275
0,1961-1970,rpa,17,0.1620172028825875
0,1961-1970,rpa,18,0.17166688682525785
0,1961-1970,rpa,19,0.16313903333134103
0,1961-1970,rpa,20,0.1605408658293274
0,1961-1970,rpa,21,0.166529517491056
0,1961-1970,rpa,22,0.1684901814709507
0,1961-1970,rpa,23,0.16162733278117894
0,1961-1970,rpa,24,0.16272050912888017
0,1961-1970,rpa,25,0.1661102608217993
0,1961-1970,rpa,26,0.16513399349937813
0,1961-1970,rpa,27,0.15895513276734993
0,1961-1970,rpa,28,0.16393218604757065
0,1961-1970,rpa,29,0.1643195301849148
0,1961-1970,rpa,30,0.1689123585899604
0,1961-1970,rpa,31,0.1605462557385634
0,1961-1970,rpa,32,0.16869562061869756
0,1961-1970,rpa,33,0.15541863763017608
0,1961-1970,rpa,34,0.16337930232161005
0,1961-1970,rpa,35,0.1625930871123179
0,1961-1970,rpa,36,0.16327667639884835
0,1961-1970,rpa,37,0.15967167782778643
0,1961-1970,rpa,38,0.15855844653921577
0,1961-1970,rpa,39,0.15938897285051132
0,1961-1970,rpa,40,0.17477335593851434
0,1961-1970,rpa,41,0.1662679410416967
0,1961-1970,rpa,42,0.16326986759679069
0,1961-1970,rpa,43,0.1656284912506632
0,1961-1970,rpa,44,0.16937030206260975
0,1961-1970,rpa,45,0.16228168199322046
0,1961-1970,rpa,46,0.16847744073422807
0,1961-1970,rpa,47,0.16475424818185
0,1961-1970,rpa,48,0.1620796048680664
0,1961-1970,rpa,49,0.16013535965459044
0,1961-1970,rpa,50,0.16428167211538253
0,1961-1970,rpa,51,0.16134499403730174
0,1961-1970,rpa,52,0.1599318019001277
0,1961-1970,rpa,53,0.16868756243756242
0,1961-1970,rpa,54,0.16253006253006252
0,1961-1970,rpa,55,0.17052211970198394
0,1961-1970,rpa,56,0.16038048489971565
0,1961-1970,rpa,57,0.1628848317762345
0,1961-1970,rpa,58,0.1707442088663808
0,1961-1970,rpa,59,0.17224151853676742
0,1961-1970,rpa,60,0.1649743753816152
0,1961-1970,rpa,61,0.16519201951894258
0,1961-1970,rpa,62,0.16823317352163505
0,1961-1970,rpa,63,0.17480875605875604
0,1961-1970,rpa,64,0.16413476125014584
0,1961-1970,rpa,65,0.16205897023204718
0,1961-1970,rpa,66,0.16009032864236486
0,1961-1970,rpa,67,0.16901277141661755
0,1961-1970,rpa,68,0.1661538206221464
0,1961-1970,rpa,69,0.15955920859767014
0,1961-1970,rpa,70,0.16027326954928764
0,1961-1970,rpa,71,0.16734047647509184
0,1961-1970,rpa,72,0.16138267003651618
0,1961-1970,rpa,73,0.17620527201975167
0,1961-1970,rpa,74,0.16109552840322072
0,1961-1970,rpa,75,0.16617131088284934
0,1961-1970,rpa,76,0.16960815181969027
0,1961-1970,rpa,77,0.16510358880268383
0,1961-1970,rpa,78,0.1603691002729464
0,1961-1970,rpa,79,0.1613414007644777
0,1961-1970,rpa,80,0.16167952417952416
0,1961-1970,rpa,81,0.1616879914956838
0,1961-1970,rpa,82,0.17301091003014082
0,1961-1970,rpa,83,0.16698479583094966
0,1961-1970,rpa,84,0.16479763114378498
0,1961-1970,rpa,85,0.16415387967989778
0,1961-1970,rpa,86,0.16544644813875584
0,1961-1970,rpa,87,0.1655384679423141
0,1961-1970,rpa,88,0.1688428548157055
0,1961-1970,rpa,89,0.15993109454647916
0,1961-1970,rpa,90,0.16310777897316361
0,1961-1970,rpa,91,0.16462561236316894
0,1961-1970,rpa,92,0.1633588015673036
0,1961-1970,rpa,93,0.17058069716440757
0,1961-1970,rpa,94,0.1641206173163187
0,1961-1970,rpa,95,0.1640380055255621
0,1961-1970,rpa,96,0.16603570511941554
0,1961-1970,rpa,97,0.1620761319290731
0,1961-1970,rpa,98,0.1669945742076011
0,1961-1970,rpa,99,0.16128781767922037
0,1961-1970,rpa,100,0.16588164328548946
0,1961-1970,rpa,101,0.16155190230416477
0,1961-1970,rpa,102,0.1640875087707667
0,1961-1970,rpa,103,0.15995980515211283
0,1961-1970,rpa,104,0.16925475124004535
0,1961-1970,rpa,105,0.15699769687326248
0,1961-1970,rpa,106,0.1612842997458382
0,1961-1970,rpa,107,0.17702606803285537
0,1961-1970,rpa,108,0.16373297286758826
0,1961-1970,rpa,109,0.1606382043882044
0,1961-1970,rpa,110,0.1591504115542577
0,1961-1970,rpa,111,0.15773882456574762
0,1961-1970,rpa,112,0.16522597772597772
0,1961-1970,rpa,113,0.1636653944346252
0,1961-1970,rpa,114,0.1631221164875011
0,1961-1970,rpa,115,0.15922181451027603
0,1961-1970,rpa,116,0.16218305847830733
0,1961-1970,rpa,117,0.16342508986739757
0,1961-1970,rpa,118,0.1618866710212864
0,1961-1970,rpa,119,0.1625507997114332
0,1961-1970,rpa,120,0.1594594288316008
0,1961-1970,rpa,121,0.16713831040754118
0,1961-1970,rpa,122,0.16584770286693365
0,1961-1970,rpa,123,0.16301750034781712
0,1961-1970,rpa,124,0.15709472151779844
0,1961-1970,rpa,125,0.16679625364580117
0,1961-1970,rpa,126,0.16111168034244958
0,1961-1970,rpa,127,0.164546262142416
0,1961-1970,rpa,128,0.16814549410703258
0,1961-1970,rpa,129,0.16573220227066376
0,1961-1970,rpa,130,0.16660120820188692
0,1961-1970,rpa,131,0.15718517174965138
0,1961-1970,rpa,132,0.1628257782103936
0,1961-1970,rpa,133,0.16653065595373287
0,1961-1970,rpa,134,0.16232394742010126
0,1961-1970,rpa,135,0.1596714183252645
0,1961-1970,rpa,136,0.15798238023916755
0,1961-1970,rpa,137,0.17950939729785884
0,1961-1970,rpa,138,0.15702310510002818
0,1961-1970,rpa,139,0.159531778762548
0,1961-1970,rpa,140,0.15701061340201614
0,1961-1970,rpa,141,0.1598027506681353
0,1961-1970,rpa,142,0.1623803724765263
0,1961-1970,rpa,143,0.16077935597166368
0,1961-1970,rpa,144,0.16379622870007488
0,1961-1970,rpa,145,0.1609321056436441
0,1961-1970,rpa,146,0.16242915999703333
0,1961-1970,rpa,147,0.17106744750975522
0,1961-1970,rpa,148,0.16036014848232044
0,1961-1970,rpa,149,0.16565065988142913
0,1961-1970,rpa,150,0.16100480715865328
0,1961-1970,rpa,151,0.16150941295172064
0,1961-1970,rpa,152,0.16276061901061903
0,1961-1970,rpa,153,0.16031210598518292
0,1961-1970,rpa,154,0.16014700692302503
0,1961-1970,rpa,155,0.16210787076171693
0,1961-1970,rpa,156,0.16183846424231044
0,1961-1970,rpa,157,0.1610519780203038
0,1961-1970,rpa,158,0.15860606211284944
0,1961-1970,rpa,159,0.16707775423838775
0,1961-1970,rpa,160,0.16596306115536885
0,1961-1970,rpa,161,0.16169891362199054
0,1961-1970,rpa,162,0.15694074444074443
0,1961-1970,rpa,163,0.16349975125427613
0,1961-1970,rpa,164,0.16586243486695976
0,1961-1970,rpa,165,0.15965855306918658
0,1961-1970,rpa,166,0.16318746717502378
0,1961-1970,rpa,167,0.15946524984986526
0,1961-1970,rpa,168,0.17186638462090953
0,1961-1970,rpa,169,0.16824338410876874
0,1961-1970,rpa,170,0.17069968848815004
0,1961-1970,rpa,171,0.16719311252682295
0,1961-1970,rpa,172,0.1572468444074779
0,1961-1970,rpa,173,0.16535823506977357
0,1961-1970,rpa,174,0.15728086016547554
0,1961-1970,rpa,175,0.1676555847370327
0,1961-1970,rpa,176,0.1621301063608756
0,1961-1970,rpa,177,0.1604190639258513
0,1961-1970,rpa,178,0.16723207348207347
0,1961-1970,rpa,179,0.16023100830793138
0,1961-1970,rpa,180,0.17044176914086417
0,1961-1970,rpa,181,0.1640220534451304
0,1961-1970,rpa,182,0.16134767905129896
0,1961-1970,rpa,183,0.1609345029028287
0,1961-1970,rpa,184,0.16077362389579586
0,1961-1970,rpa,185,0.16158521280127613
0,1961-1970,rpa,186,0.15928416313031699
0,1961-1970,rpa,187,0.16305151296667134
0,1961-1970,rpa,188,0.16643417438100694
0,1961-1970,rpa,189,0.16444634006851203
0,1961-1970,rpa,190,0.16130501913872958
0,1961-1970,rpa,191,0.16364865547557852
0,1961-1970,rpa,192,0.1627941670362485
0,1961-1970,rpa,193,0.16847310453079684
0,1961-1970,rpa,194,0.1618386913070171
0,1961-1970,rpa,195,0.15897560416791187
0,1961-1970,rpa,196,0.16351702386770262
0,1961-1970,rpa,197,0.1580029656952734
0,1961-1970,rpa,198,0.16658889543504932
0,1961-1970,rpa,199,0.1675364123893536
0,1961-1970,rpa,200,0.1597224712609328
0,1961-1970,rpa,201,0.16184936439461325
0,1961-1970,rpa,202,0.15981118240733627
0,1961-1970,rpa,203,0.1598920488343565
0,1961-1970,rpa,204,0.17191847975219016
0,1961-1970,rpa,205,0.1649170629939861
0,1961-1970,rpa,206,0.15784869981702562
0,1961-1970,rpa,207,0.15883318960242038
0,1961-1970,rpa,208,0.16424583042230098
0,1961-1970,rpa,209,0.15632403565095873
0,1961-1970,rpa,210,0.16501784833232797
0,1961-1970,rpa,211,0.17005271730950464
0,1961-1970,rpa,212,0.15965574667497742
0,1961-1970,rpa,213,0.1624984701907779
0,1961-1970,rpa,214,0.16929386392056078
0,1961-1970,rpa,215,0.16661821084898007
0,1961-1970,rpa,216,0.16871664241573744
0,1961-1970,rpa,217,0.1676680157449388
0,1961-1970,rpa,218,0.163535129400514
0,1961-1970,rpa,219,0.1687011350472889
0,1961-1970,rpa,220,0.16269421461729153
0,1961-1970,rpa,221,0.16836156657989237
0,1961-1970,rpa,222,0.1588154544885314
0,1961-1970,rpa,223,0.16628739849893698
0,1961-1970,rpa,224,0.17214326230163332
0,1961-1970,rpa,225,0.160867661122186
0,1961-1970,rpa,226,0.16935283377591068
0,1961-1970,rpa,227,0.16333979410902488
0,1961-1970,rpa,228,0.16558730045720996
0,1961-1970,rpa,229,0.16093561933642905
0,1961-1970,rpa,230,0.16037662061417718
0,1961-1970,rpa,231,0.16639418274033663
0,1961-1970,rpa,232,0.15886449732603575
0,1961-1970,rpa,233,0.16212775409607988
0,1961-1970,rpa,234,0.16712138937817672
0,1961-1970,rpa,235,0.16054682078437735
0,1961-1970,rpa,236,0.15462638794086758
0,1961-1970,rpa,237,0.15447332226178384
0,1961-1970,rpa,238,0.1605559818512307
0,1961-1970,rpa,239,0.1632190814883123
0,1961-1970,rpa,240,0.16169455858369888
0,1961-1970,rpa,241,0.17216531687685535
0,1961-1970,rpa,242,0.16681767620681648
0,1961-1970,rpa,243,0.15994358205896667
0,1961-1970,rpa,244,0.16754045455968536
0,1961-1970,rpa,245,0.16041191609630526
0,1961-1970,rpa,246,0.1677319151018246
0,1961-1970,rpa,247,0.16848070021146946
0,1961-1970,rpa,248,0.16738939479324097
0,1961-1970,rpa,249,0.16811683686683687
0,1961-1970,rpa,250,0.16232837256592916
0,1961-1970,rpa,251,0.16473816425739501
0,1961-1970,rpa,252,0.1628665849819696
0,1961-1970,rpa,253,0.17065774325389707
0,1961-1970,rpa,254,0.16386186818879128
0,1961-1970,rpa,255,0.169881756420218
0,1961-1970,rpa,256,0.16379484119868734
0,1961-1970,rpa,257,0.16073239438624057
0,1961-1970,rpa,258,0.1648948870385522
0,1961-1970,rpa,259,0.16488950863950863
0,1961-1970,rpa,260,0.1733498726428591
0,1961-1970,rpa,261,0.15899823111361572
0,1961-1970,rpa,262,0.16310623137546212
0,1961-1970,rpa,263,0.17384557163968928
0,1961-1970,rpa,264,0.16220812663120357
0,1961-1970,rpa,265,0.1623021031674878
0,1961-1970,rpa,266,0.16499227163819924
0,1961-1970,rpa,267,0.16383841878751385
0,1961-1970,rpa,268,0.16690102569627457
0,1961-1970,rpa,269,0.16437518615120425
0,1961-1970,rpa,270,0.16646439386824005
0,1961-1970,rpa,271,0.15738470930778625
0,1961-1970,rpa,272,0.1719103148401791
0,1961-1970,rpa,273,0.1612957199495661
0,1961-1970,rpa,274,0.1584842330034638
0,1961-1970,rpa,275,0.16317377213870427
0,1961-1970,rpa,276,0.15908164129317975
0,1961-1970,rpa,277,0.17419566146941715
0,1961-1970,rpa,278,0.16899366240429586
0,1961-1970,rpa,279,0.16851426707195938
0,1961-1970,rpa,280,0.16671247200093356
0,1961-1970,rpa,281,0.16657580311426465
0,1961-1970,rpa,282,0.15928990880913957
0,1961-1970,rpa,283,0.15933471798856413
0,1961-1970,rpa,284,0.16097803549726625
0,1961-1970,rpa,285,0.164788327769097
0,1961-1970,rpa,286,0.164779949395334
0,1961-1970,rpa,287,0.15979300258146414
0,1961-1970,rpa,288,0.1651765079649695
0,1961-1970,rpa,289,0.1568736818736819
0,1961-1970,rpa,290,0.16170234679850062
0,1961-1970,rpa,291,0.16684730867423175
0,1961-1970,rpa,292,0.16526990062057936
0,1961-1970,rpa,293,0.15825166223921883
0,1961-1970,rpa,294,0.16484535344829462
0,1961-1970,rpa,295,0.16146519079211386
0,1961-1970,rpa,296,0.16298546538931155
0,1961-1970,rpa,297,0.1680272007195084
0,1961-1970,rpa,298,0.1648625266555131
0,1961-1970,rpa,299,0.16390729996499226
0,1961-1970,rpa,300,0.1650180481911251
0,1961-1970,rpa,301,0.1730298683635788
0,1961-1970,rpa,302,0.1733628550936243
0,1961-1970,rpa,303,0.16588776252237789
0,1961-1970,rpa,304,0.16095805903498211
0,1961-1970,rpa,305,0.16112937987937986
0,1961-1970,rpa,306,0.15948541779989744
0,1961-1970,rpa,307,0.17137687810764735
0,1961-1970,rpa,308,0.1667952240067625
0,1961-1970,rpa,309,0.15953579895887587
0,1961-1970,rpa,310,0.1713882146008843
0,1961-1970,rpa,311,0.16265790833098523
0,1961-1970,rpa,312,0.16563941756249448
0,1961-1970,rpa,313,0.16229694555486412
0,1961-1970,rpa,314,0.16546955537340155
0,1961-1970,rpa,315,0.15798418106110412
0,1961-1970,rpa,316,0.17647925227110747
0,1961-1970,rpa,317,0.16223384458678577
0,1961-1970,rpa,318,0.16601479005325162
0,1961-1970,rpa,319,0.15875865168851594
0,1961-1970,rpa,320,0.1662195668417388
0,1961-1970,rpa,321,0.16297545047545048
0,1961-1970,rpa,322,0.16491517741517742
0,1961-1970,rpa,323,0.16348487694641542
0,1961-1970,rpa,324,0.15866389455190363
0,1961-1970,rpa,325,0.15872501785963328
0,1961-1970,rpa,326,0.16316893576508962
0,1961-1970,rpa,327,0.16785563397554346
0,1961-1970,rpa,328,0.1649346055737458
0,1961-1970,rpa,329,0.16315630175924295
0,1961-1970,rpa,330,0.1685379791149022
0,1961-1970,rpa,331,0.1632273531311993
0,1961-1970,rpa,332,0.16612328198866658
0,1961-1970,rpa,333,0.1694184157136646
0,1961-1970,rpa,334,0.15695418834559108
0,1961-1970,rpa,335,0.16504257850411697
0,1961-1970,rpa,336,0.16354016354016354
0,1961-1970,rpa,337,0.1640720348865145
0,1961-1970,rpa,338,0.16727615647298902
0,1961-1970,rpa,339,0.16232974646436185
0,1961-1970,rpa,340,0.16025628573705497
0,1961-1970,rpa,341,0.1623312009341421
0,1961-1970,rpa,342,0.16350954852086075
0,1961-1970,rpa,343,0.1688470884737853
0,1961-1970,rpa,344,0.16929954995565857
0,1961-1970,rpa,345,0.16128458436150744
0,1961-1970,rpa,346,0.1646825710739738
0,1961-1970,rpa,347,0.1639517533748303
0,1961-1970,rpa,348,0.16461759394451703
0,1961-1970,rpa,349,0.15911406969099276
0,1961-1970,rpa,350,0.16606336829753118
0,1961-1970,rpa,351,0.16534789996328458
0,1961-1970,rpa,352,0.15710510998972535
0,1961-1970,rpa,353,0.16149405730853694
0,1961-1970,rpa,354,0.16422832865140558
0,1961-1970,rpa,355,0.16996127092280938
0,1961-1970,rpa,356,0.1622156155810002
0,1961-1970,rpa,357,0.1648623874868219
0,1961-1970,rpa,358,0.16882268268014874
0,1961-1970,rpa,359,0.17334326997788535
0,1961-1970,rpa,360,0.16896493819570743
0,1961-1970,rpa,361,0.16716766139843062
0,1961-1970,rpa,362,0.16506211025441794
0,1961-1970,rpa,363,0.16846315658532854
0,1961-1970,rpa,364,0.1639317591240668
0,1961-1970,rpa,365,0.16163010778395392
0,1961-1970,rpa,366,0.1632644379250714
0,1961-1970,rpa,367,0.1648635510626461
0,1961-1970,rpa,368,0.16289908453369994
0,1961-1970,rpa,369,0.16776633267017887
0,1961-1970,rpa,370,0.16458207035130115
0,1961-1970,rpa,371,0.16549409928934816
0,1961-1970,rpa,372,0.175481661793879
0,1961-1970,rpa,373,0.17097154772494141
0,1961-1970,rpa,374,0.15894891935615915
0,1961-1970,rpa,375,0.1610439773901312
0,1961-1970,rpa,376,0.16511830406061173
0,1961-1970,rpa,377,0.1628333916795455
0,1961-1970,rpa,378,0.17090295325589444
0,1961-1970,rpa,379,0.1728829742404403
0,1961-1970,rpa,380,0.1660475700351266
0,1961-1970,rpa,381,0.17068458606920142
0,1961-1970,rpa,382,0.16257531642147027
0,1961-1970,rpa,383,0.16036065074526615
0,1961-1970,rpa,384,0.16917982616512026
0,1961-1970,rpa,385,0.16714174358405126
0,1961-1970,rpa,386,0.15990282865282862
0,1961-1970,rpa,387,0.17292603910250967
0,1961-1970,rpa,388,0.16564660410814255
0,1961-1970,rpa,389,0.1561045749959777
0,1961-1970,rpa,390,0.17278204345512038
0,1961-1970,rpa,391,0.16462151054911237
0,1961-1970,rpa,392,0.1685885402514362
0,1961-1970,rpa,393,0.16346495384956924
0,1961-1970,rpa,394,0.1614775537852461
0,1961-1970,rpa,395,0.16253188009409728
0,1961-1970,rpa,396,0.16306482293473243
0,1961-1970,rpa,397,0.16190280517203592
0,1961-1970,rpa,398,0.16220969201738433
0,1961-1970,rpa,399,0.15740322711476556
1,1971-1980,rpa,0,0.15716061716061713
1,1971-1980,rpa,1,0.16080803455803455
1,1971-1980,rpa,2,0.15932749644146707
1,1971-1980,rpa,3,0.15902682965182968
1,1971-1980,rpa,4,0.16308204526954526
1,1971-1980,rpa,5,0.15584344576991635
1,1971-1980,rpa,6,0.16431721056721055
1,1971-1980,rpa,7,0.1565162730787731
1,1971-1980,rpa,8,0.16024829337329335
1,1971-1980,rpa,9,0.1594730500980501
1,1971-1980,rpa,10,0.15531868594368597
1,1971-1980,rpa,11,0.1619310434935435
1,1971-1980,rpa,12,0.15804239605710194
1,1971-1980,rpa,13,0.1568420930920931
1,1971-1980,rpa,14,0.15749294686794685
1,1971-1980,rpa,15,0.15731943165766696
1,1971-1980,rpa,16,0.15714041745291746
1,1971-1980,rpa,17,0.1596438964086023
1,1971-1980,rpa,18,0.15637558043808042
1,1971-1980,rpa,19,0.15661352740396858
1,1971-1980,rpa,20,0.15888288794538794
1,1971-1980,rpa,21,0.16438976056623117
1,1971-1980,rpa,22,0.15820604844501904
1,1971-1980,rpa,23,0.15590257985478573
1,1971-1980,rpa,24,0.15952719597940185
1,1971-1980,rpa,25,0.15752578440078438
1,1971-1980,rpa,26,0.15817464466361522
1,1971-1980,rpa,27,0.1615981587856588
1,1971-1980,rpa,28,0.1647639003153709
1,1971-1980,rpa,29,0.16355685164508696
1,1971-1980,rpa,30,0.15784194495591553
1,1971-1980,rpa,31,0.16502185314685316
1,1971-1980,rpa,32,0.15944598225848228
1,1971-1980,rpa,33,0.16246297683797684
1,1971-1980,rpa,34,0.16285135003885004
1,1971-1980,rpa,35,0.1557803838318544
1,1971-1980,rpa,36,0.15937926656676654
1,1971-1980,rpa,37,0.16009888259888258
1,1971-1980,rpa,38,0.16248704998705
1,1971-1980,rpa,39,0.15793133473280532
1,1971-1980,rpa,40,0.1539484126984127
1,1971-1980,rpa,41,0.15658535908535906
1,1971-1980,rpa,42,0.15946363821363818
1,1971-1980,rpa,43,0.15776074619824623
1,1971-1980,rpa,44,0.15578652828652825
1,1971-1980,rpa,45,0.1553890553890554
1,1971-1980,rpa,46,0.15714305370555373
1,1971-1980,rpa,47,0.15640090777958424
1,1971-1980,rpa,48,0.1572609681984682
1,1971-1980,rpa,49,0.16153954705425294
1,1971-1980,rpa,50,0.15811712933036462
1,1971-1980,rpa,51,0.15974117317867317
1,1971-1980,rpa,52,0.1566784141784142
1,1971-1980,rpa,53,0.16091895373145373
1,1971-1980,rpa,54,0.1558720214970215
1,1971-1980,rpa,55,0.1619822409344468
1,1971-1980,rpa,56,0.1586765664890665
1,1971-1980,rpa,57,0.16715068496318494
1,1971-1980,rpa,58,0.15687545093795094
1,1971-1980,rpa,59,0.1655665515040515
1,1971-1980,rpa,60,0.15471986346986347
1,1971-1980,rpa,61,0.15873733904983905
1,1971-1980,rpa,62,0.15785872216019275
1,1971-1980,rpa,63,0.17011193667443666
1,1971-1980,rpa,64,0.1568985712000418
1,1971-1980,rpa,65,0.15705799987049987
1,1971-1980,rpa,66,0.16104589038412567
1,1971-1980,rpa,67,0.15560259865406925
1,1971-1980,rpa,68,0.15581878769378765
1,1971-1980,rpa,69,0.16198086635586637
1,1971-1980,rpa,70,0.15792878417878417
1,1971-1980,rpa,71,0.15836432086432087
1,1971-1980,rpa,72,0.15749904031154033
1,1971-1980,rpa,73,0.15475546444296442
1,1971-1980,rpa,74,0.15677813607960667
1,1971-1980,rpa,75,0.16063853494000552
1,1971-1980,rpa,76,0.15305848087098087
1,1971-1980,rpa,77,0.15983465608465608
1,1971-1980,rpa,78,0.15690958347208347
1,1971-1980,rpa,79,0.15578847078847077
1,1971-1980,rpa,80,0.15778651903651902
1,1971-1980,rpa,81,0.16134263884263883
1,1971-1980,rpa,82,0.1586233972998679
1,1971-1980,rpa,83,0.15673898065442185
1,1971-1980,rpa,84,0.15693161005661008
1,1971-1980,rpa,85,0.15564485283235285
1,1971-1980,rpa,86,0.1593240786990787
1,1971-1980,rpa,87,0.16139691581351798
1,1971-1980,rpa,88,0.1612656119322141
1,1971-1980,rpa,89,0.16180031773781775
1,1971-1980,rpa,90,0.15932517713767716
1,1971-1980,rpa,91,0.16394390331890332
1,1971-1980,rpa,92,0.1569436235061235
1,1971-1980,rpa,93,0.16018864917761977
1,1971-1980,rpa,94,0.1610132609764963
1,1971-1980,rpa,95,0.16078277047027048
1,1971-1980,rpa,96,0.15883171566995097
1,1971-1980,rpa,97,0.15674022736522736
1,1971-1980,rpa,98,0.15498929311429313
1,1971-1980,rpa,99,0.16359651922151922
1,1971-1980,rpa,100,0.15711273680023682
1,1971-1980,rpa,101,0.16005831654728714
1,1971-1980,rpa,102,0.15912678756428758
1,1971-1980,rpa,103,0.16395843739593738
1,1971-1980,rpa,104,0.15389219440690027
1,1971-1980,rpa,105,0.16536627928172046
1,1971-1980,rpa,106,0.16019782301032304
1,1971-1980,rpa,107,0.15897483303733304
1,1971-1980,rpa,108,0.15871581305404833
1,1971-1980,rpa,109,0.15922097578347577
1,1971-1980,rpa,110,0.15810010591260593
1,1971-1980,rpa,111,0.15990329795476857
1,1971-1980,rpa,112,0.16350090405237463
1,1971-1980,rpa,113,0.16913340132090132
1,1971-1980,rpa,114,0.15650161861558917
1,1971-1980,rpa,115,0.16315351179321766
1,1971-1980,rpa,116,0.15658778721278718
1,1971-1980,rpa,117,0.15923194860694861
1,1971-1980,rpa,118,0.16240332788126904
1,1971-1980,rpa,119,0.1593353637103637
1,1971-1980,rpa,120,0.16020096801346803
1,1971-1980,rpa,121,0.15673643486143488
1,1971-1980,rpa,122,0.1558248233248233
1,1971-1980,rpa,123,0.1587960997335997
1,1971-1980,rpa,124,0.15879473059620117
1,1971-1980,rpa,125,0.15782135076252723
1,1971-1980,rpa,126,0.159214177026677
1,1971-1980,rpa,127,0.16387948856698858
1,1971-1980,rpa,128,0.15858477170977167
1,1971-1980,rpa,129,0.16370218425365485
1,1971-1980,rpa,130,0.15949959762459762
1,1971-1980,rpa,131,0.16527064370814368
1,1971-1980,rpa,132,0.1612684422059422
1,1971-1980,rpa,133,0.15570038757538757
1,1971-1980,rpa,134,0.1565304255929256
1,1971-1980,rpa,135,0.15823683261183258
1,1971-1980,rpa,136,0.15612256956006956
1,1971-1980,rpa,137,0.16533886252636254
1,1971-1980,rpa,138,0.15697642635142633
1,1971-1980,rpa,139,0.15746163558663556
1,1971-1980,rpa,140,0.15737328643578644
1,1971-1980,rpa,141,0.15835303585303587
1,1971-1980,rpa,142,0.1578939232064232
1,1971-1980,rpa,143,0.15595767658267656
1,1971-1980,rpa,144,0.16078232633379694
1,1971-1980,rpa,145,0.1626868501868502
1,1971-1980,rpa,146,0.15920121545121546
1,1971-1980,rpa,147,0.1629563723313723
1,1971-1980,rpa,148,0.16003772847522849
1,1971-1980,rpa,149,0.16029464748214747
1,1971-1980,rpa,150,0.1574117202242202
1,1971-1980,rpa,151,0.16252312502312502
1,1971-1980,rpa,152,0.15793091168091167
1,1971-1980,rpa,153,0.16167646011396009
1,1971-1980,rpa,154,0.15533651533651532
1,1971-1980,rpa,155,0.16190002127502126
1,1971-1980,rpa,156,0.1607899161024161
1,1971-1980,rpa,157,0.16157068625818624
1,1971-1980,rpa,158,0.15372978872978874
1,1971-1980,rpa,159,0.16106325387575385
1,1971-1980,rpa,160,0.1622381193153252
1,1971-1980,rpa,161,0.16169738825988828
1,1971-1980,rpa,162,0.16392491767491765
1,1971-1980,rpa,163,0.16283032803253394
1,1971-1980,rpa,164,0.16198557093777682
1,1971-1980,rpa,165,0.16449217789291318
1,1971-1980,rpa,166,0.15894178737928738
1,1971-1980,rpa,167,0.15879183316683315
1,1971-1980,rpa,168,0.1585332328347034
1,1971-1980,rpa,169,0.15797634418957945
1,1971-1980,rpa,170,0.15652928770575827
1,1971-1980,rpa,171,0.16425968707218708
1,1971-1980,rpa,172,0.15421425796425794
1,1971-1980,rpa,173,0.16330511604408665
1,1971-1980,rpa,174,0.1528505291005291
1,1971-1980,rpa,175,0.15520634458134458
1,1971-1980,rpa,176,0.161775480102686
1,1971-1980,rpa,177,0.1592570576210282
1,1971-1980,rpa,178,0.15888297568444626
1,1971-1980,rpa,179,0.16285669055889643
1,1971-1980,rpa,180,0.16258967883967881
1,1971-1980,rpa,181,0.15532387615108204
1,1971-1980,rpa,182,0.1604044797794798
1,1971-1980,rpa,183,0.16177665131709248
1,1971-1980,rpa,184,0.16220752627002627
1,1971-1980,rpa,185,0.16532874056771116
1,1971-1980,rpa,186,0.15785266816516816
1,1971-1980,rpa,187,0.16224550776021365
1,1971-1980,rpa,188,0.1635443988201341
1,1971-1980,rpa,189,0.1589150453304865
1,1971-1980,rpa,190,0.15764539722260312
1,1971-1980,rpa,191,0.15819955507455508
1,1971-1980,rpa,192,0.16027606652606655
1,1971-1980,rpa,193,0.16303081178081177
1,1971-1980,rpa,194,0.16051105008825595
1,1971-1980,rpa,195,0.15622333258846416
1,1971-1980,rpa,196,0.16855170292670293
1,1971-1980,rpa,197,0.1573511442261442
1,1971-1980,rpa,198,0.16900031681281683
1,1971-1980,rpa,199,0.15598797376370904
1,1971-1980,rpa,200,0.15989504708254706
1,1971-1980,rpa,201,0.16192373122520182
1,1971-1980,rpa,202,0.16167049385799387
1,1971-1980,rpa,203,0.16258726567550097
1,1971-1980,rpa,204,0.15837220649720649
1,1971-1980,rpa,205,0.15570445757945758
1,1971-1980,rpa,206,0.15814452432099488
1,1971-1980,rpa,207,0.15478912291412292
1,1971-1980,rpa,208,0.16223671004921006
1,1971-1980,rpa,209,0.16100437756687755
1,1971-1980,rpa,210,0.15741202765099824
1,1971-1980,rpa,211,0.15917959355459357
1,1971-1980,rpa,212,0.16307936956834015
1,1971-1980,rpa,213,0.1591146469271469
1,1971-1980,rpa,214,0.16310046435046435
1,1971-1980,rpa,215,0.1645057026307026
1,1971-1980,rpa,216,0.1579727978992685
1,1971-1980,rpa,217,0.15567500786250785
1,1971-1980,rpa,218,0.15962084212084213
1,1971-1980,rpa,219,0.15545121545121543
1,1971-1980,rpa,220,0.168573511863953
1,1971-1980,rpa,221,0.162102780117486
1,1971-1980,rpa,222,0.15589500777000778
1,1971-1980,rpa,223,0.16536311591458652
1,1971-1980,rpa,224,0.15758263727013727
1,1971-1980,rpa,225,0.15316382691382693
1,1971-1980,rpa,226,0.15991606976901096
1,1971-1980,rpa,227,0.15734897047397045
1,1971-1980,rpa,228,0.16731089512339514
1,1971-1980,rpa,229,0.15667517667517666
1,1971-1980,rpa,230,0.16203200122317765
1,1971-1980,rpa,231,0.15637817044067046
1,1971-1980,rpa,232,0.16640606602003663
1,1971-1980,rpa,233,0.15756558120528705
1,1971-1980,rpa,234,0.16053308823529414
1,1971-1980,rpa,235,0.16346176495073553
1,1971-1980,rpa,236,0.1597547462069521
1,1971-1980,rpa,237,0.16400600556850561
1,1971-1980,rpa,238,0.15961772024272022
1,1971-1980,rpa,239,0.15954282169355696
1,1971-1980,rpa,240,0.15709831834831836
1,1971-1980,rpa,241,0.15901201807451806
1,1971-1980,rpa,242,0.15934993247493245
1,1971-1980,rpa,243,0.159133251008251
1,1971-1980,rpa,244,0.16337951400451398
1,1971-1980,rpa,245,0.15920624514374512
1,1971-1980,rpa,246,0.15469511969511968
1,1971-1980,rpa,247,0.16216611615508675
1,1971-1980,rpa,248,0.15965879028379026
1,1971-1980,rpa,249,0.1593086543086543
1,1971-1980,rpa,250,0.1574232017982018
1,1971-1980,rpa,251,0.16653086020733082
1,1971-1980,rpa,252,0.15906427926648511
1,1971-1980,rpa,253,0.16657499091322622
1,1971-1980,rpa,254,0.16264973452473452
1,1971-1980,rpa,255,0.16500099301569893
1,1971-1980,rpa,256,0.16356978669478667
1,1971-1980,rpa,257,0.15873319967069968
1,1971-1980,rpa,258,0.15764176795426796
1,1971-1980,rpa,259,0.15960370647870648
1,1971-1980,rpa,260,0.16003209753209754
1,1971-1980,rpa,261,0.16429413179413183
1,1971-1980,rpa,262,0.15791790385540386
1,1971-1980,rpa,263,0.15908698939948937
1,1971-1980,rpa,264,0.15699437136937136
1,1971-1980,rpa,265,0.1609501493876494
1,1971-1980,rpa,266,0.1618483171240524
1,1971-1980,rpa,267,0.16170470596941186
1,1971-1980,rpa,268,0.15946543720440778
1,1971-1980,rpa,269,0.1608563760585819
1,1971-1980,rpa,270,0.15733807858807858
1,1971-1980,rpa,271,0.15475615819365818
1,1971-1980,rpa,272,0.1581243048890108
1,1971-1980,rpa,273,0.16042965340759457
1,1971-1980,rpa,274,0.15980482480482483
1,1971-1980,rpa,275,0.1612400678025678
1,1971-1980,rpa,276,0.16495595839345842
1,1971-1980,rpa,277,0.16462296826267414
1,1971-1980,rpa,278,0.1586953786953787
1,1971-1980,rpa,279,0.16646496069290187
1,1971-1980,rpa,280,0.1630408017908018
1,1971-1980,rpa,281,0.1633468152218152
1,1971-1980,rpa,282,0.161460773023273
1,1971-1980,rpa,283,0.16152687590187587
1,1971-1980,rpa,284,0.15944982781379838
1,1971-1980,rpa,285,0.1614343826108532
1,1971-1980,rpa,286,0.16223255910755913
1,1971-1980,rpa,287,0.16289637445887448
1,1971-1980,rpa,288,0.16599597162097163
1,1971-1980,rpa,289,0.15943257654654713
1,1971-1980,rpa,290,0.1618733383990737
1,1971-1980,rpa,291,0.1613314000814001
1,1971-1980,rpa,292,0.1570524961149961
1,1971-1980,rpa,293,0.15866399327796385
1,1971-1980,rpa,294,0.15614493145743147
1,1971-1980,rpa,295,0.16006131123778183
1,1971-1980,rpa,296,0.16174344174344174
1,1971-1980,rpa,297,0.1588254453879454
1,1971-1980,rpa,298,0.16006539620510207
1,1971-1980,rpa,299,0.15696024563671623
1,1971-1980,rpa,300,0.15876303095053093
1,1971-1980,rpa,301,0.1641304413179413
1,1971-1980,rpa,302,0.16211204304954305
1,1971-1980,rpa,303,0.16068329818329818
1,1971-1980,rpa,304,0.1582408448033448
1,1971-1980,rpa,305,0.15610364172864172
1,1971-1980,rpa,306,0.1644083462833463
1,1971-1980,rpa,307,0.15511449198949198
1,1971-1980,rpa,308,0.16056474775224777
1,1971-1980,rpa,309,0.16257931406828466
1,1971-1980,rpa,310,0.1595764094293506
1,1971-1980,rpa,311,0.16142969843337487
1,1971-1980,rpa,312,0.15964293808043806
1,1971-1980,rpa,313,0.16431754588004585
1,1971-1980,rpa,314,0.15763019388019386
1,1971-1980,rpa,315,0.15802896858043916
1,1971-1980,rpa,316,0.16281033304930362
1,1971-1980,rpa,317,0.1579231879231879
1,1971-1980,rpa,318,0.16033744033744035
1,1971-1980,rpa,319,0.16105382906853496
1,1971-1980,rpa,320,0.16164584258334258
1,1971-1980,rpa,321,0.15775958518605576
1,1971-1980,rpa,322,0.15679713804713805
1,1971-1980,rpa,323,0.16259492345889406
1,1971-1980,rpa,324,0.16184378121878124
1,1971-1980,rpa,325,0.1577322446072446
1,1971-1980,rpa,326,0.15716030497280495
1,1971-1980,rpa,327,0.15841277935027934
1,1971-1980,rpa,328,0.1539789146039146
1,1971-1980,rpa,329,0.1615690083337142
1,1971-1980,rpa,330,0.15524882524882522
1,1971-1980,rpa,331,0.15666751073001073
1,1971-1980,rpa,332,0.15734869297369294
1,1971-1980,rpa,333,0.15737637362637363
1,1971-1980,rpa,334,0.1622796402943462
1,1971-1980,rpa,335,0.1608938862063862
1,1971-1980,rpa,336,0.15980285917785916
1,1971-1980,rpa,337,0.15524531024531024
1,1971-1980,rpa,338,0.17674941820162407
1,1971-1980,rpa,339,0.1574074652199652
1,1971-1980,rpa,340,0.15762633200133197
1,1971-1980,rpa,341,0.15881709929504048
1,1971-1980,rpa,342,0.1574395858770859
1,1971-1980,rpa,343,0.15982753357753357
1,1971-1980,rpa,344,0.1623238900260959
1,1971-1980,rpa,345,0.16026702464202464
1,1971-1980,rpa,346,0.16612203292350353
1,1971-1980,rpa,347,0.16008877220274279
1,1971-1980,rpa,348,0.15827481546231545
1,1971-1980,rpa,349,0.15848716098716098
1,1971-1980,rpa,350,0.15687329554976615
1,1971-1980,rpa,351,0.1571046314796315
1,1971-1980,rpa,352,0.16016240227637285
1,1971-1980,rpa,353,0.1589214604839605
1,1971-1980,rpa,354,0.158859681984682
1,1971-1980,rpa,355,0.15745384245384245
1,1971-1980,rpa,356,0.1572682178932179
1,1971-1980,rpa,357,0.16295439038086096
1,1971-1980,rpa,358,0.15840964590964593
1,1971-1980,rpa,359,0.1620172188922189
1,1971-1980,rpa,360,0.15638192689663277
1,1971-1980,rpa,361,0.16809687997187997
1,1971-1980,rpa,362,0.16005776494747082
1,1971-1980,rpa,363,0.15726411320161318
1,1971-1980,rpa,364,0.15463912245162248
1,1971-1980,rpa,365,0.15832502668899728
1,1971-1980,rpa,366,0.16528907775231302
1,1971-1980,rpa,367,0.15729604885854886
1,1971-1980,rpa,368,0.161495386421857
1,1971-1980,rpa,369,0.1612511562511562
1,1971-1980,rpa,370,0.15630010036260036
1,1971-1980,rpa,371,0.15677234190101835
1,1971-1980,rpa,372,0.15842459147606208
1,1971-1980,rpa,373,0.1594402703777704
1,1971-1980,rpa,374,0.15418787231287231
1,1971-1980,rpa,375,0.16083792365042365
1,1971-1980,rpa,376,0.1654074397824398
1,1971-1980,rpa,377,0.15881484256484255
1,1971-1980,rpa,378,0.15404632404632407
1,1971-1980,rpa,379,0.15561835155585155
1,1971-1980,rpa,380,0.15801738294385353
1,1971-1980,rpa,381,0.1686557077182077
1,1971-1980,rpa,382,0.15582780645280642
1,1971-1980,rpa,383,0.15698678636178634
1,1971-1980,rpa,384,0.15349694287194285
1,1971-1980,rpa,385,0.16183707496207497
1,1971-1980,rpa,386,0.1648390913280619
1,1971-1980,rpa,387,0.15708179551929552
1,1971-1980,rpa,388,0.15752766909016908
1,1971-1980,rpa,389,0.1596569055944056
1,1971-1980,rpa,390,0.16106959557327205
1,1971-1980,rpa,391,0.15876040626040624
1,1971-1980,rpa,392,0.16236181846475964
1,1971-1980,rpa,393,0.16280258616655677
1,1971-1980,rpa,394,0.16770472582972584
1,1971-1980,rpa,395,0.16563059625559626
1,1971-1980,rpa,396,0.1589777121027121
1,1971-1980,rpa,397,0.15979256038079567
1,1971-1980,rpa,398,0.16227677415177416
1,1971-1980,rpa,399,0.15595899334869925
2,1981-1990,rpa,0,0.11925994309323322
2,1981-1990,rpa,1,0.12230694906368623
2,1981-1990,rpa,2,0.11387352364786443
2,1981-1990,rpa,3,0.12340675177715166
2,1981-1990,rpa,4,0.11322581098189617
2,1981-1990,rpa,5,0.11949311152802893
2,1981-1990,rpa,6,0.11278164107054284
2,1981-1990,rpa,7,0.11323367221657574
2,1981-1990,rpa,8,0.1118433427546728
2,1981-1990,rpa,9,0.11502346919798384
2,1981-1990,rpa,10,0.11516692140243284
2,1981-1990,rpa,11,0.11136119591525347
2,1981-1990,rpa,12,0.11937308220450786
2,1981-1990,rpa,13,0.12401325110865825
2,1981-1990,rpa,14,0.11569415765663228
2,1981-1990,rpa,15,0.11409363238905401
2,1981-1990,rpa,16,0.11829371890223817
2,1981-1990,rpa,17,0.11951476153519039
2,1981-1990,rpa,18,0.1115857765017429
2,1981-1990,rpa,19,0.11677201087221446
2,1981-1990,rpa,20,0.12466261482488662
2,1981-1990,rpa,21,0.10994554722459676
2,1981-1990,rpa,22,0.11377042035365709
2,1981-1990,rpa,23,0.12144746928676835
2,1981-1990,rpa,24,0.11987272664069244
2,1981-1990,rpa,25,0.12640840642392445
2,1981-1990,rpa,26,0.11818109246753118
2,1981-1990,rpa,27,0.1223021066798233
2,1981-1990,rpa,28,0.11493524318420612
2,1981-1990,rpa,29,0.11624273815305398
2,1981-1990,rpa,30,0.11970594422963302
2,1981-1990,rpa,31,0.11852308060110148
2,1981-1990,rpa,32,0.11527654631712951
2,1981-1990,rpa,33,0.12046866873909759
2,1981-1990,rpa,34,0.1103963559139595
2,1981-1990,rpa,35,0.11384294196951474
2,1981-1990,rpa,36,0.12110100168996141
2,1981-1990,rpa,37,0.11408406341396779
2,1981-1990,rpa,38,0.11980673589265302
2,1981-1990,rpa,39,0.11869895313643504
2,1981-1990,rpa,40,0.1195977808795985
2,1981-1990,rpa,41,0.115585410677413
2,1981-1990,rpa,42,0.11343721436810396
2,1981-1990,rpa,43,0.1162912910522299
2,1981-1990,rpa,44,0.11900641576460178
2,1981-1990,rpa,45,0.12514246082519578
2,1981-1990,rpa,46,0.1164031364897056
2,1981-1990,rpa,47,0.125074451651893
2,1981-1990,rpa,48,0.11627090129516962
2,1981-1990,rpa,49,0.11441646407779413
2,1981-1990,rpa,50,0.11715611371146
2,1981-1990,rpa,51,0.10679957583276986
2,1981-1990,rpa,52,0.11579485564019032
2,1981-1990,rpa,53,0.11962048443684202
2,1981-1990,rpa,54,0.11785440705500108
2,1981-1990,rpa,55,0.11219694030654623
2,1981-1990,rpa,56,0.12004229189465353
2,1981-1990,rpa,57,0.11759395161488759
2,1981-1990,rpa,58,0.11362870905938133
2,1981-1990,rpa,59,0.1285149525206755
2,1981-1990,rpa,60,0.11974890410307679
2,1981-1990,rpa,61,0.12404764855865985
2,1981-1990,rpa,62,0.11757812461050654
2,1981-1990,rpa,63,0.11028242480176702
2,1981-1990,rpa,64,0.11873412454765686
2,1981-1990,rpa,65,0.12489614907935684
2,1981-1990,rpa,66,0.11808160628611221
2,1981-1990,rpa,67,0.1107131587886594
2,1981-1990,rpa,68,0.1144974990237233
2,1981-1990,rpa,69,0.1192831137358086
2,1981-1990,rpa,70,0.1221495237432647
2,1981-1990,rpa,71,0.11562883472656002
2,1981-1990,rpa,72,0.11263626120008328
2,1981-1990,rpa,73,0.11487146361639262
2,1981-1990,rpa,74,0.12054745015118819
2,1981-1990,rpa,75,0.11340337618046976
2,1981-1990,rpa,76,0.12787590093043127
2,1981-1990,rpa,77,0.11468978054206973
2,1981-1990,rpa,78,0.11737266473860748
2,1981-1990,rpa,79,0.12289140839198792
2,1981-1990,rpa,80,0.11298767316588239
2,1981-1990,rpa,81,0.11402183532363191
2,1981-1990,rpa,82,0.12133385224518227
2,1981-1990,rpa,83,0.11250418119984913
2,1981-1990,rpa,84,0.12213433681486421
2,1981-1990,rpa,85,0.12052179569089234
2,1981-1990,rpa,86,0.11062840918860913
2,1981-1990,rpa,87,0.11595151906112497
2,1981-1990,rpa,88,0.12669615138750706
2,1981-1990,rpa,89,0.11571916152396257
2,1981-1990,rpa,90,0.12041146777817308
2,1981-1990,rpa,91,0.1132489268917116
2,1981-1990,rpa,92,0.11123257618295287
2,1981-1990,rpa,93,0.11389716323793403
2,1981-1990,rpa,94,0.11720753649904621
2,1981-1990,rpa,95,0.11886280896893762
2,1981-1990,rpa,96,0.12250311425912701
2,1981-1990,rpa,97,0.11933502200816024
2,1981-1990,rpa,98,0.11719691654493161
2,1981-1990,rpa,99,0.12016083621777622
2,1981-1990,rpa,100,0.127775818148174
2,1981-1990,rpa,101,0.12406305058797092
2,1981-1990,rpa,102,0.11082976535200528
2,1981-1990,rpa,103,0.12551311055730063
2,1981-1990,rpa,104,0.1210844726927022
2,1981-1990,rpa,105,0.1203214699592561
2,1981-1990,rpa,106,0.1127572037978442
2,1981-1990,rpa,107,0.11353389418624132
2,1981-1990,rpa,108,0.116899386754139
2,1981-1990,rpa,109,0.12422165920675124
2,1981-1990,rpa,110,0.11500168711484272
2,1981-1990,rpa,111,0.11538809117409524
2,1981-1990,rpa,112,0.11732303905405905
2,1981-1990,rpa,113,0.11915606991128579
2,1981-1990,rpa,114,0.13023566351225
2,1981-1990,rpa,115,0.11379080347676407
2,1981-1990,rpa,116,0.11970648740968938
2,1981-1990,rpa,117,0.11584221346494676
2,1981-1990,rpa,118,0.12979866595189765
2,1981-1990,rpa,119,0.1227277060291709
2,1981-1990,rpa,120,0.11333038017875746
2,1981-1990,rpa,121,0.11808277808350251
2,1981-1990,rpa,122,0.12313382832435282
2,1981-1990,rpa,123,0.11753041020282401
2,1981-1990,rpa,124,0.1226932745206434
2,1981-1990,rpa,125,0.11878572785918484
2,1981-1990,rpa,126,0.1249816825439452
2,1981-1990,rpa,127,0.1247416407833297
2,1981-1990,rpa,128,0.12220306798870982
2,1981-1990,rpa,129,0.11172173394717586
2,1981-1990,rpa,130,0.11755995465675344
2,1981-1990,rpa,131,0.12230118902526976
2,1981-1990,rpa,132,0.11506890253087007
2,1981-1990,rpa,133,0.11335802908897663
2,1981-1990,rpa,134,0.12221526284545775
2,1981-1990,rpa,135,0.11614659588616412
2,1981-1990,rpa,136,0.10994003601762223
2,1981-1990,rpa,137,0.12150341488576784
2,1981-1990,rpa,138,0.11357723118987968
2,1981-1990,rpa,139,0.12352397916002669
2,1981-1990,rpa,140,0.13040732187899676
2,1981-1990,rpa,141,0.11710204538370288
2,1981-1990,rpa,142,0.12100720341990989
2,1981-1990,rpa,143,0.11348650102272241
2,1981-1990,rpa,144,0.11621741172958212
2,1981-1990,rpa,145,0.12204096818586897
2,1981-1990,rpa,146,0.11447081927377493
2,1981-1990,rpa,147,0.12400886188623153
2,1981-1990,rpa,148,0.11916802911985468
2,1981-1990,rpa,149,0.1204890942793
2,1981-1990,rpa,150,0.11754406056162603
2,1981-1990,rpa,151,0.11513825850250076
2,1981-1990,rpa,152,0.11979377274581562
2,1981-1990,rpa,153,0.12118768735691367
2,1981-1990,rpa,154,0.11770222396490146
2,1981-1990,rpa,155,0.11848322561883848
2,1981-1990,rpa,156,0.11441177367177077
2,1981-1990,rpa,157,0.12317328426427236
2,1981-1990,rpa,158,0.11985115990181265
2,1981-1990,rpa,159,0.12074855925008056
2,1981-1990,rpa,160,0.11250863419075531
2,1981-1990,rpa,161,0.11933835124758047
2,1981-1990,rpa,162,0.12159710001887708
2,1981-1990,rpa,163,0.11416879447703847
2,1981-1990,rpa,164,0.11168941332661993
2,1981-1990,rpa,165,0.1186447031208847
2,1981-1990,rpa,166,0.1297540795537181
2,1981-1990,rpa,167,0.11066130595795912
2,1981-1990,rpa,168,0.12212861573373017
2,1981-1990,rpa,169,0.11526424511609965
2,1981-1990,rpa,170,0.11029368181642885
2,1981-1990,rpa,171,0.11858832070727172
2,1981-1990,rpa,172,0.11967951279268366
2,1981-1990,rpa,173,0.11503772596571786
2,1981-1990,rpa,174,0.11168762561903756
2,1981-1990,rpa,175,0.12865127744691637
2,1981-1990,rpa,176,0.11677193061936614
2,1981-1990,rpa,177,0.11487944611381372
2,1981-1990,rpa,178,0.11177272592985431
2,1981-1990,rpa,179,0.12362584512142612
2,1981-1990,rpa,180,0.11727171175519481
2,1981-1990,rpa,181,0.12424325031244841
2,1981-1990,rpa,182,0.12022881071888607
2,1981-1990,rpa,183,0.12848546902082109
2,1981-1990,rpa,184,0.10574091685544888
2,1981-1990,rpa,185,0.11223389785944118
2,1981-1990,rpa,186,0.11543882181921879
2,1981-1990,rpa,187,0.11815522648252291
2,1981-1990,rpa,188,0.11270423972177086
2,1981-1990,rpa,189,0.11641728470183989
2,1981-1990,rpa,190,0.11134966626309716
2,1981-1990,rpa,191,0.11547291993720564
2,1981-1990,rpa,192,0.12154325639909529
2,1981-1990,rpa,193,0.11758378622941144
2,1981-1990,rpa,194,0.11616521437768901
2,1981-1990,rpa,195,0.11695589054687866
2,1981-1990,rpa,196,0.11930801015848827
2,1981-1990,rpa,197,0.11572473756804386
2,1981-1990,rpa,198,0.1123597942110692
2,1981-1990,rpa,199,0.1206142619012077
2,1981-1990,rpa,200,0.12211950148598946
2,1981-1990,rpa,201,0.11214045143226616
2,1981-1990,rpa,202,0.12553387282089107
2,1981-1990,rpa,203,0.12402682859977845
2,1981-1990,rpa,204,0.11832484018444608
2,1981-1990,rpa,205,0.11247367064340405
2,1981-1990,rpa,206,0.1166810406342426
2,1981-1990,rpa,207,0.12097261609283297
2,1981-1990,rpa,208,0.11685838590721233
2,1981-1990,rpa,209,0.11408611853229356
2,1981-1990,rpa,210,0.119563336388837
2,1981-1990,rpa,211,0.11124571221463428
2,1981-1990,rpa,212,0.11508602456334999
2,1981-1990,rpa,213,0.12371576156596517
2,1981-1990,rpa,214,0.11842937842285857
2,1981-1990,rpa,215,0.11720141697865545
2,1981-1990,rpa,216,0.11183066547091466
2,1981-1990,rpa,217,0.1137154289012446
2,1981-1990,rpa,218,0.1150722938882168
2,1981-1990,rpa,219,0.12186861602610662
2,1981-1990,rpa,220,0.12830791069955158
2,1981-1990,rpa,221,0.12120084851720611
2,1981-1990,rpa,222,0.11720501680295944
2,1981-1990,rpa,223,0.1215505159966338
2,1981-1990,rpa,224,0.11158419319821812
2,1981-1990,rpa,225,0.12124359755366786
2,1981-1990,rpa,226,0.11886163294994068
2,1981-1990,rpa,227,0.1212365315892707
2,1981-1990,rpa,228,0.11471598505972601
2,1981-1990,rpa,229,0.12175428546951293
2,1981-1990,rpa,230,0.12217673441050723
2,1981-1990,rpa,231,0.11382515087057249
2,1981-1990,rpa,232,0.11305110722851956
2,1981-1990,rpa,233,0.11120716974998342
2,1981-1990,rpa,234,0.12347370002578639
2,1981-1990,rpa,235,0.12071980543218855
2,1981-1990,rpa,236,0.11489438191481079
2,1981-1990,rpa,237,0.12382580276916778
2,1981-1990,rpa,238,0.11235186181216318
2,1981-1990,rpa,239,0.12896300017348075
2,1981-1990,rpa,240,0.12229647565963127
2,1981-1990,rpa,241,0.11441146649962936
2,1981-1990,rpa,242,0.11477956969300057
2,1981-1990,rpa,243,0.11112807875340473
2,1981-1990,rpa,244,0.11069036408068574
2,1981-1990,rpa,245,0.11652374035378961
2,1981-1990,rpa,246,0.12002076355229141
2,1981-1990,rpa,247,0.11838332330762061
2,1981-1990,rpa,248,0.1100273050704085
2,1981-1990,rpa,249,0.11684620858229956
2,1981-1990,rpa,250,0.11375630068762493
2,1981-1990,rpa,251,0.1213716879345835
2,1981-1990,rpa,252,0.11630318552949676
2,1981-1990,rpa,253,0.11146269354940753
2,1981-1990,rpa,254,0.11771415884897485
2,1981-1990,rpa,255,0.11942290460111381
2,1981-1990,rpa,256,0.1115772902682494
2,1981-1990,rpa,257,0.1181200221977876
2,1981-1990,rpa,258,0.12360594708102676
2,1981-1990,rpa,259,0.12622877922972098
2,1981-1990,rpa,260,0.12316045681193465
2,1981-1990,rpa,261,0.11729578918618329
2,1981-1990,rpa,262,0.11873337933356769
2,1981-1990,rpa,263,0.11664781397648682
2,1981-1990,rpa,264,0.12066269619333948
2,1981-1990,rpa,265,0.12590273353343553
2,1981-1990,rpa,266,0.11441654107185836
2,1981-1990,rpa,267,0.11546818921959993
2,1981-1990,rpa,268,0.10900791053712022
2,1981-1990,rpa,269,0.11923502867317781
2,1981-1990,rpa,270,0.11323113804640897
2,1981-1990,rpa,271,0.11435427880661148
2,1981-1990,rpa,272,0.12270818346841314
2,1981-1990,rpa,273,0.11383866141907288
2,1981-1990,rpa,274,0.12586182813290897
2,1981-1990,rpa,275,0.11401640231689493
2,1981-1990,rpa,276,0.11729730976869486
2,1981-1990,rpa,277,0.11679141273099546
2,1981-1990,rpa,278,0.11700549804360294
2,1981-1990,rpa,279,0.12006774014163177
2,1981-1990,rpa,280,0.11875958887694618
2,1981-1990,rpa,281,0.12716230250640567
2,1981-1990,rpa,282,0.11887720404454684
2,1981-1990,rpa,283,0.12475983022630448
2,1981-1990,rpa,284,0.11573707334604252
2,1981-1990,rpa,285,0.1119810604090523
2,1981-1990,rpa,286,0.11744136389595754
2,1981-1990,rpa,287,0.11721255659244648
2,1981-1990,rpa,288,0.1208026681856731
2,1981-1990,rpa,289,0.11458907331118286
2,1981-1990,rpa,290,0.11809618735576506
2,1981-1990,rpa,291,0.11964019893786626
2,1981-1990,rpa,292,0.11391530448687795
2,1981-1990,rpa,293,0.11798488646322607
2,1981-1990,rpa,294,0.12803437386529243
2,1981-1990,rpa,295,0.12041811499939581
2,1981-1990,rpa,296,0.12129323988129219
2,1981-1990,rpa,297,0.12623619940701947
2,1981-1990,rpa,298,0.11210787727196014
2,1981-1990,rpa,299,0.11059131513709894
2,1981-1990,rpa,300,0.11705608977776465
2,1981-1990,rpa,301,0.11321174192224154
2,1981-1990,rpa,302,0.11572834503144558
2,1981-1990,rpa,303,0.11878531977054144
2,1981-1990,rpa,304,0.11140679123510186
2,1981-1990,rpa,305,0.11890310862710167
2,1981-1990,rpa,306,0.11989096699687833
2,1981-1990,rpa,307,0.11958223406716596
2,1981-1990,rpa,308,0.11611208807130279
2,1981-1990,rpa,309,0.11357935847757639
2,1981-1990,rpa,310,0.10988469015127955
2,1981-1990,rpa,311,0.12369356009424105
2,1981-1990,rpa,312,0.12583543951511283
2,1981-1990,rpa,313,0.11964883152039048
2,1981-1990,rpa,314,0.12058885164868936
2,1981-1990,rpa,315,0.11826812334340664
2,1981-1990,rpa,316,0.12092094252699875
2,1981-1990,rpa,317,0.12815496123442713
2,1981-1990,rpa,318,0.12098403906213237
2,1981-1990,rpa,319,0.11780246219539177
2,1981-1990,rpa,320,0.11229102403761922
2,1981-1990,rpa,321,0.11692681272332099
2,1981-1990,rpa,322,0.11689215112136003
2,1981-1990,rpa,323,0.11822032184789356
2,1981-1990,rpa,324,0.1188159581813595
2,1981-1990,rpa,325,0.11552028937931576
2,1981-1990,rpa,326,0.12459313481843183
2,1981-1990,rpa,327,0.12356585287438662
2,1981-1990,rpa,328,0.11660641549441898
2,1981-1990,rpa,329,0.11797702080591099
2,1981-1990,rpa,330,0.12154247801523953
2,1981-1990,rpa,331,0.11538180479972712
2,1981-1990,rpa,332,0.11792628654226742
2,1981-1990,rpa,333,0.1148252371187371
2,1981-1990,rpa,334,0.11938615229871388
2,1981-1990,rpa,335,0.12364357787966884
2,1981-1990,rpa,336,0.12392121827430433
2,1981-1990,rpa,337,0.1211174396211342
2,1981-1990,rpa,338,0.1219455451580198
2,1981-1990,rpa,339,0.11579985181115289
2,1981-1990,rpa,340,0.12070162005211342
2,1981-1990,rpa,341,0.1184679574747671
2,1981-1990,rpa,342,0.12925923524300806
2,1981-1990,rpa,343,0.111027747647568
2,1981-1990,rpa,344,0.12057375699254864
2,1981-1990,rpa,345,0.1138175423292056
2,1981-1990,rpa,346,0.11369662486005574
2,1981-1990,rpa,347,0.12382655883881691
2,1981-1990,rpa,348,0.11976070188544832
2,1981-1990,rpa,349,0.12515465916291765
2,1981-1990,rpa,350,0.1175150487813484
2,1981-1990,rpa,351,0.11880618359604238
2,1981-1990,rpa,352,0.11226358258921283
2,1981-1990,rpa,353,0.11158733186225217
2,1981-1990,rpa,354,0.11994832455930689
2,1981-1990,rpa,355,0.12474480206840394
2,1981-1990,rpa,356,0.11846611323574523
2,1981-1990,rpa,357,0.11354356532632472
2,1981-1990,rpa,358,0.12177161842361861
2,1981-1990,rpa,359,0.11405004289313185
2,1981-1990,rpa,360,0.11683492844931559
2,1981-1990,rpa,361,0.13451234544939267
2,1981-1990,rpa,362,0.11515878335097401
2,1981-1990,rpa,363,0.11565361756791777
2,1981-1990,rpa,364,0.10776243581589856
2,1981-1990,rpa,365,0.11888411032852383
2,1981-1990,rpa,366,0.1190345308608131
2,1981-1990,rpa,367,0.12159160947555617
2,1981-1990,rpa,368,0.11867783987640551
2,1981-1990,rpa,369,0.12128550841605028
2,1981-1990,rpa,370,0.11812664077768396
2,1981-1990,rpa,371,0.11873571513054347
2,1981-1990,rpa,372,0.11976618394323409
2,1981-1990,rpa,373,0.11993035442826885
2,1981-1990,rpa,374,0.1168086152702549
2,1981-1990,rpa,375,0.11591552423557638
2,1981-1990,rpa,376,0.1169872777268231
2,1981-1990,rpa,377,0.12217565331946746
2,1981-1990,rpa,378,0.11628712834703851
2,1981-1990,rpa,379,0.11752578312090049
2,1981-1990,rpa,380,0.11346631189249272
2,1981-1990,rpa,381,0.1182966179398373
2,1981-1990,rpa,382,0.11606164208308516
2,1981-1990,rpa,383,0.11863874980906276
2,1981-1990,rpa,384,0.11676665682750875
2,1981-1990,rpa,385,0.10918067693277778
2,1981-1990,rpa,386,0.11876136376100155
2,1981-1990,rpa,387,0.11720254575586363
2,1981-1990,rpa,388,0.11894439413093426
2,1981-1990,rpa,389,0.12099796775072057
2,1981-1990,rpa,390,0.11135874935136018
2,1981-1990,rpa,391,0.12745909150574464
2,1981-1990,rpa,392,0.1082960159387282
2,1981-1990,rpa,393,0.11186301725094827
2,1981-1990,rpa,394,0.12037626862496466
2,1981-1990,rpa,395,0.11634067641203254
2,1981-1990,rpa,396,0.11279008569105643
2,1981-1990,rpa,397,0.10882608931362915
2,1981-1990,rpa,398,0.11937637164020821
2,1981-1990,rpa,399,0.1137443408759694
3,1991-2000,rpa,0,0.12197567114185569
3,1991-2000,rpa,1,0.12169628669610054
3,1991-2000,rpa,2,0.12481394554504266
3,1991-2000,rpa,3,0.12046272095220208
3,1991-2000,rpa,4,0.1200522522562923
3,1991-2000,rpa,5,0.12576241515361639
3,1991-2000,rpa,6,0.12055142982138083
3,1991-2000,rpa,7,0.12092269922266229
3,1991-2000,rpa,8,0.12297155014235481
3,1991-2000,rpa,9,0.1204704348509864
3,1991-2000,rpa,10,0.12286491114083971
3,1991-2000,rpa,11,0.12143857064587371
3,1991-2000,rpa,12,0.12048832828431032
3,1991-2000,rpa,13,0.12290769073390315
3,1991-2000,rpa,14,0.12172287646065529
3,1991-2000,rpa,15,0.12054136091705782
3,1991-2000,rpa,16,0.12445697700930589
3,1991-2000,rpa,17,0.12146230967583745
3,1991-2000,rpa,18,0.11935394299978849
3,1991-2000,rpa,19,0.12113995401482501
3,1991-2000,rpa,20,0.12374883972040848
3,1991-2000,rpa,21,0.12456114640400284
3,1991-2000,rpa,22,0.11959430541890596
3,1991-2000,rpa,23,0.12497009167826235
3,1991-2000,rpa,24,0.12165059575490719
3,1991-2000,rpa,25,0.11983120264636876
3,1991-2000,rpa,26,0.11994418541334652
3,1991-2000,rpa,27,0.12017577889012294
3,1991-2000,rpa,28,0.12014826932869914
3,1991-2000,rpa,29,0.12167750695250588
3,1991-2000,rpa,30,0.12157045457288373
3,1991-2000,rpa,31,0.12058251022658482
3,1991-2000,rpa,32,0.11993432540906072
3,1991-2000,rpa,33,0.12215982392724936
3,1991-2000,rpa,34,0.12138962065438692
3,1991-2000,rpa,35,0.12059802878143266
3,1991-2000,rpa,36,0.12173437808691756
3,1991-2000,rpa,37,0.12032136209956205
3,1991-2000,rpa,38,0.1228244479550024
3,1991-2000,rpa,39,0.12202951500002593
3,1991-2000,rpa,40,0.12057229338936187
3,1991-2000,rpa,41,0.12641738957696846
3,1991-2000,rpa,42,0.12279302713018017
3,1991-2000,rpa,43,0.11921833150178412
3,1991-2000,rpa,44,0.12490866351287372
3,1991-2000,rpa,45,0.12428976961240235
3,1991-2000,rpa,46,0.11920245117042824
3,1991-2000,rpa,47,0.12292296261314904
3,1991-2000,rpa,48,0.12261081572843463
3,1991-2000,rpa,49,0.12187338996505397
3,1991-2000,rpa,50,0.12193918986495088
3,1991-2000,rpa,51,0.12388484699800868
3,1991-2000,rpa,52,0.12242036372534973
3,1991-2000,rpa,53,0.12304760250141654
3,1991-2000,rpa,54,0.12030604636329366
3,1991-2000,rpa,55,0.12834622884970148
3,1991-2000,rpa,56,0.1177970163653006
3,1991-2000,rpa,57,0.11997419434771481
3,1991-2000,rpa,58,0.12425625935651775
3,1991-2000,rpa,59,0.11900786888113724
3,1991-2000,rpa,60,0.11962909827845121
3,1991-2000,rpa,61,0.12409848730191485
3,1991-2000,rpa,62,0.12171292960688351
3,1991-2000,rpa,63,0.12029796340110202
3,1991-2000,rpa,64,0.12370093613832522
3,1991-2000,rpa,65,0.1213460830825117
3,1991-2000,rpa,66,0.12150299011462429
3,1991-2000,rpa,67,0.12006131382817635
3,1991-2000,rpa,68,0.1253817868516043
3,1991-2000,rpa,69,0.1193068635064332
3,1991-2000,rpa,70,0.12111933172534434
3,1991-2000,rpa,71,0.12286251263229159
3,1991-2000,rpa,72,0.12380829947949465
3,1991-2000,rpa,73,0.12263265475212613
3,1991-2000,rpa,74,0.12328617817132805
3,1991-2000,rpa,75,0.1199120067715668
3,1991-2000,rpa,76,0.12207968575425085
3,1991-2000,rpa,77,0.12097050614469103
3,1991-2000,rpa,78,0.12035223149758201
3,1991-2000,rpa,79,0.12080493714066
3,1991-2000,rpa,80,0.12234149214522091
3,1991-2000,rpa,81,0.12221441595107116
3,1991-2000,rpa,82,0.12475924700232482
3,1991-2000,rpa,83,0.12092143092278942
3,1991-2000,rpa,84,0.11878800758313117
3,1991-2000,rpa,85,0.12155308777386932
3,1991-2000,rpa,86,0.12126410429520137
3,1991-2000,rpa,87,0.12155821938897747
3,1991-2000,rpa,88,0.12243339022148508
3,1991-2000,rpa,89,0.12255253665127296
3,1991-2000,rpa,90,0.12319612812015358
3,1991-2000,rpa,91,0.11896100345979678
3,1991-2000,rpa,92,0.11984329316538772
3,1991-2000,rpa,93,0.12228740657088032
3,1991-2000,rpa,94,0.12188284449700694
3,1991-2000,rpa,95,0.11767041696770698
3,1991-2000,rpa,96,0.12246033626492658
3,1991-2000,rpa,97,0.12156966855844602
3,1991-2000,rpa,98,0.1219193002849686
3,1991-2000,rpa,99,0.12214288938151183
3,1991-2000,rpa,100,0.12009849263562929
3,1991-2000,rpa,101,0.12164762306043649
3,1991-2000,rpa,102,0.11709741699003753
3,1991-2000,rpa,103,0.12354221702770636
3,1991-2000,rpa,104,0.1229799323713945
3,1991-2000,rpa,105,0.12079148909332806
3,1991-2000,rpa,106,0.12117128601034864
3,1991-2000,rpa,107,0.11933610342946259
3,1991-2000,rpa,108,0.12013526609376418
3,1991-2000,rpa,109,0.12025519670748808
3,1991-2000,rpa,110,0.12201456145855044
3,1991-2000,rpa,111,0.12081692967037344
3,1991-2000,rpa,112,0.12204611038842908
3,1991-2000,rpa,113,0.120740292563601
3,1991-2000,rpa,114,0.1205562331704912
3,1991-2000,rpa,115,0.12036253321743628
3,1991-2000,rpa,116,0.12328715207293997
3,1991-2000,rpa,117,0.12270226170059954
3,1991-2000,rpa,118,0.11828794929996948
3,1991-2000,rpa,119,0.1192130473358834
3,1991-2000,rpa,120,0.12097861842293368
3,1991-2000,rpa,121,0.122399306816976
3,1991-2000,rpa,122,0.12394756319553528
3,1991-2000,rpa,123,0.12052201225302325
3,1991-2000,rpa,124,0.11891848540380172
3,1991-2000,rpa,125,0.12229931962778022
3,1991-2000,rpa,126,0.12000554083773377
3,1991-2000,rpa,127,0.11704353905814971
3,1991-2000,rpa,128,0.12171026314773833
3,1991-2000,rpa,129,0.11938986567543286
3,1991-2000,rpa,130,0.12152574350180079
3,1991-2000,rpa,131,0.12045815282141994
3,1991-2000,rpa,132,0.12149364847915911
3,1991-2000,rpa,133,0.12361459503833458
3,1991-2000,rpa,134,0.122526171297125
3,1991-2000,rpa,135,0.12388106454098928
3,1991-2000,rpa,136,0.12382144153801443
3,1991-2000,rpa,137,0.12288023001574783
3,1991-2000,rpa,138,0.1234460790175139
3,1991-2000,rpa,139,0.11830279128343417
3,1991-2000,rpa,140,0.12243244247810664
3,1991-2000,rpa,141,0.12224635134922363
3,1991-2000,rpa,142,0.12028792848839459
3,1991-2000,rpa,143,0.11831074958964866
3,1991-2000,rpa,144,0.11811828775088055
3,1991-2000,rpa,145,0.12111746878937493
3,1991-2000,rpa,146,0.11838669012341885
3,1991-2000,rpa,147,0.12074043668943472
3,1991-2000,rpa,148,0.12089318300006276
3,1991-2000,rpa,149,0.11966857990414138
3,1991-2000,rpa,150,0.12332688968240958
3,1991-2000,rpa,151,0.12182720301802501
3,1991-2000,rpa,152,0.127912443327314
3,1991-2000,rpa,153,0.11957238410004055
3,1991-2000,rpa,154,0.12006738832685267
3,1991-2000,rpa,155,0.12113243871566164
3,1991-2000,rpa,156,0.1225784678436869
3,1991-2000,rpa,157,0.12031322701727792
3,1991-2000,rpa,158,0.124149553385676
3,1991-2000,rpa,159,0.12012176959919538
3,1991-2000,rpa,160,0.11952509847240776
3,1991-2000,rpa,161,0.12166776575442877
3,1991-2000,rpa,162,0.12247963329989117
3,1991-2000,rpa,163,0.12249850407993254
3,1991-2000,rpa,164,0.12078911233058312
3,1991-2000,rpa,165,0.13390657276864218
3,1991-2000,rpa,166,0.12225844268217899
3,1991-2000,rpa,167,0.1214626593799287
3,1991-2000,rpa,168,0.12464753447892286
3,1991-2000,rpa,169,0.12336999714188006
3,1991-2000,rpa,170,0.12367358402820972
3,1991-2000,rpa,171,0.1227574653070161
3,1991-2000,rpa,172,0.11931949735487427
3,1991-2000,rpa,173,0.1197272173408677
3,1991-2000,rpa,174,0.12244443358444214
3,1991-2000,rpa,175,0.12284877728081718
3,1991-2000,rpa,176,0.12115554435876083
3,1991-2000,rpa,177,0.12628250913864747
3,1991-2000,rpa,178,0.12378452748743864
3,1991-2000,rpa,179,0.12328791959579978
3,1991-2000,rpa,180,0.11964906204620646
3,1991-2000,rpa,181,0.11979321540966105
3,1991-2000,rpa,182,0.11841837195472173
3,1991-2000,rpa,183,0.12143797617408483
3,1991-2000,rpa,184,0.12484738067675596
3,1991-2000,rpa,185,0.12173984160649723
3,1991-2000,rpa,186,0.12158043968080305
3,1991-2000,rpa,187,0.122327788356891
3,1991-2000,rpa,188,0.11894409075402404
3,1991-2000,rpa,189,0.12101267455357559
3,1991-2000,rpa,190,0.12033152294068959
3,1991-2000,rpa,191,0.12441202857615451
3,1991-2000,rpa,192,0.12151570448575497
3,1991-2000,rpa,193,0.12064131255169352
3,1991-2000,rpa,194,0.11825520049201768
3,1991-2000,rpa,195,0.11874826160589076
3,1991-2000,rpa,196,0.12264590161839221
3,1991-2000,rpa,197,0.12380557789883402
3,1991-2000,rpa,198,0.11944226887188776
3,1991-2000,rpa,199,0.11933722020381589
3,1991-2000,rpa,200,0.12062002151294694
3,1991-2000,rpa,201,0.12149039980132852
3,1991-2000,rpa,202,0.12105024525629379
3,1991-2000,rpa,203,0.11949120610781093
3,1991-2000,rpa,204,0.12133043188073514
3,1991-2000,rpa,205,0.12269332329261981
3,1991-2000,rpa,206,0.12553328950243142
3,1991-2000,rpa,207,0.12508994054433184
3,1991-2000,rpa,208,0.12439974861762512
3,1991-2000,rpa,209,0.12083824497479158
3,1991-2000,rpa,210,0.11845928585279421
3,1991-2000,rpa,211,0.12323132608385112
3,1991-2000,rpa,212,0.12332960563998074
3,1991-2000,rpa,213,0.12310325587361451
3,1991-2000,rpa,214,0.12188584465401361
3,1991-2000,rpa,215,0.12068475751056293
3,1991-2000,rpa,216,0.12280667156179548
3,1991-2000,rpa,217,0.12330472628389268
3,1991-2000,rpa,218,0.12465083635564432
3,1991-2000,rpa,219,0.12056103624309468
3,1991-2000,rpa,220,0.12225583766063365
3,1991-2000,rpa,221,0.1245021915372931
3,1991-2000,rpa,222,0.12203665948523995
3,1991-2000,rpa,223,0.12100592551084156
3,1991-2000,rpa,224,0.12045499607469232
3,1991-2000,rpa,225,0.12176348195751242
3,1991-2000,rpa,226,0.12086573013495117
3,1991-2000,rpa,227,0.12120716572500895
3,1991-2000,rpa,228,0.12100877372034644
3,1991-2000,rpa,229,0.12498518612939102
3,1991-2000,rpa,230,0.11975743890459128
3,1991-2000,rpa,231,0.1198656432656446
3,1991-2000,rpa,232,0.12010720640959861
3,1991-2000,rpa,233,0.12237015928079176
3,1991-2000,rpa,234,0.12167112222691565
3,1991-2000,rpa,235,0.12256380271663155
3,1991-2000,rpa,236,0.11981105913481181
3,1991-2000,rpa,237,0.12214551822663561
3,1991-2000,rpa,238,0.12429942164223365
3,1991-2000,rpa,239,0.12244819595186604
3,1991-2000,rpa,240,0.12401555652362178
3,1991-2000,rpa,241,0.1186688403681613
3,1991-2000,rpa,242,0.12077750007738697
3,1991-2000,rpa,243,0.1176378233038795
3,1991-2000,rpa,244,0.12005175842667837
3,1991-2000,rpa,245,0.12654547724787749
3,1991-2000,rpa,246,0.12429587331586353
3,1991-2000,rpa,247,0.1193254391461511
3,1991-2000,rpa,248,0.11848258677608438
3,1991-2000,rpa,249,0.12349419862768557
3,1991-2000,rpa,250,0.12452308323229734
3,1991-2000,rpa,251,0.12220064029549046
3,1991-2000,rpa,252,0.12049262360005479
3,1991-2000,rpa,253,0.12195091670988939
3,1991-2000,rpa,254,0.1207067980591051
3,1991-2000,rpa,255,0.1247855796823941
3,1991-2000,rpa,256,0.12583023672885277
3,1991-2000,rpa,257,0.11789387935053955
3,1991-2000,rpa,258,0.12028618863426208
3,1991-2000,rpa,259,0.12188553707053569
3,1991-2000,rpa,260,0.12113155781012912
3,1991-2000,rpa,261,0.12005844745650367
3,1991-2000,rpa,262,0.1251275519621847
3,1991-2000,rpa,263,0.11980193758267323
3,1991-2000,rpa,264,0.1180947967467444
3,1991-2000,rpa,265,0.12342899459075048
3,1991-2000,rpa,266,0.12316829294936785
3,1991-2000,rpa,267,0.11809736996516274
3,1991-2000,rpa,268,0.1228853082214923
3,1991-2000,rpa,269,0.12149476703460084
3,1991-2000,rpa,270,0.12232523296006913
3,1991-2000,rpa,271,0.12350409095981175
3,1991-2000,rpa,272,0.11966071635767916
3,1991-2000,rpa,273,0.12251743814227745
3,1991-2000,rpa,274,0.12868822020663429
3,1991-2000,rpa,275,0.12367508472221898
3,1991-2000,rpa,276,0.12114605297513267
3,1991-2000,rpa,277,0.12104879293474498
3,1991-2000,rpa,278,0.12002141598916445
3,1991-2000,rpa,279,0.1229242102154361
3,1991-2000,rpa,280,0.12018364263859205
3,1991-2000,rpa,281,0.12225919851655943
3,1991-2000,rpa,282,0.12351291960006072
3,1991-2000,rpa,283,0.1211240571008321
3,1991-2000,rpa,284,0.12096873927460775
3,1991-2000,rpa,285,0.1244707476635747
3,1991-2000,rpa,286,0.12443255410032698
3,1991-2000,rpa,287,0.1228563827627875
3,1991-2000,rpa,288,0.11772798485864103
3,1991-2000,rpa,289,0.12010053234697722
3,1991-2000,rpa,290,0.12021984738130018
3,1991-2000,rpa,291,0.1221370938793669
3,1991-2000,rpa,292,0.12420754636783397
3,1991-2000,rpa,293,0.12069063012761101
3,1991-2000,rpa,294,0.12441757210632287
3,1991-2000,rpa,295,0.11766751152052105
3,1991-2000,rpa,296,0.12202355477536131
3,1991-2000,rpa,297,0.12448404921451549
3,1991-2000,rpa,298,0.11908620406196567
3,1991-2000,rpa,299,0.12208286236348033
3,1991-2000,rpa,300,0.12217716385668685
3,1991-2000,rpa,301,0.12160827659518535
3,1991-2000,rpa,302,0.11963492500164888
3,1991-2000,rpa,303,0.1196766775519159
3,1991-2000,rpa,304,0.12330484665525737
3,1991-2000,rpa,305,0.12039783310045121
3,1991-2000,rpa,306,0.12147350221739206
3,1991-2000,rpa,307,0.12182775457648076
3,1991-2000,rpa,308,0.12046648497825246
3,1991-2000,rpa,309,0.12280278495477881
3,1991-2000,rpa,310,0.12353361495722315
3,1991-2000,rpa,311,0.12339466782046328
3,1991-2000,rpa,312,0.12016127743913223
3,1991-2000,rpa,313,0.11823610941752039
3,1991-2000,rpa,314,0.12146852050324783
3,1991-2000,rpa,315,0.12406435761222313
3,1991-2000,rpa,316,0.12038575965681954
3,1991-2000,rpa,317,0.1204261674082484
3,1991-2000,rpa,318,0.12647461706158786
3,1991-2000,rpa,319,0.12146464789569561
3,1991-2000,rpa,320,0.12122152249404233
3,1991-2000,rpa,321,0.12009636502865122
3,1991-2000,rpa,322,0.11978454668260594
3,1991-2000,rpa,323,0.12160375355692972
3,1991-2000,rpa,324,0.11984097842646342
3,1991-2000,rpa,325,0.12640092876157408
3,1991-2000,rpa,326,0.12095841543009235
3,1991-2000,rpa,327,0.12098979687912084
3,1991-2000,rpa,328,0.12745273585413777
3,1991-2000,rpa,329,0.12248103342204433
3,1991-2000,rpa,330,0.12105659224623003
3,1991-2000,rpa,331,0.11974830258514789
3,1991-2000,rpa,332,0.12204418770182125
3,1991-2000,rpa,333,0.12128769295339312
3,1991-2000,rpa,334,0.11983023890263488
3,1991-2000,rpa,335,0.12286438314386486
3,1991-2000,rpa,336,0.12004311240051892
3,1991-2000,rpa,337,0.12426992231668452
3,1991-2000,rpa,338,0.1223101400936199
3,1991-2000,rpa,339,0.12176574839654117
3,1991-2000,rpa,340,0.12162002517262344
3,1991-2000,rpa,341,0.12037755586195775
3,1991-2000,rpa,342,0.11982067459517631
3,1991-2000,rpa,343,0.1189188227404479
3,1991-2000,rpa,344,0.1207524445012147
3,1991-2000,rpa,345,0.11982255283646752
3,1991-2000,rpa,346,0.11992291004364475
3,1991-2000,rpa,347,0.12131994494412995
3,1991-2000,rpa,348,0.1250484134701737
3,1991-2000,rpa,349,0.12295910544800218
3,1991-2000,rpa,350,0.12201729812908423
3,1991-2000,rpa,351,0.12113290344743756
3,1991-2000,rpa,352,0.11904356757519892
3,1991-2000,rpa,353,0.12242099017614913
3,1991-2000,rpa,354,0.12471181099842792
3,1991-2000,rpa,355,0.12182022571372617
3,1991-2000,rpa,356,0.11989055585801668
3,1991-2000,rpa,357,0.12403952763120069
3,1991-2000,rpa,358,0.12321666936603226
3,1991-2000,rpa,359,0.12454390491892191
3,1991-2000,rpa,360,0.12326175372480239
3,1991-2000,rpa,361,0.12003810728039004
3,1991-2000,rpa,362,0.11886193282831067
3,1991-2000,rpa,363,0.12153756821486132
3,1991-2000,rpa,364,0.12041150007539256
3,1991-2000,rpa,365,0.11908183204321024
3,1991-2000,rpa,366,0.12067506798163925
3,1991-2000,rpa,367,0.12395679078643208
3,1991-2000,rpa,368,0.12241226090559758
3,1991-2000,rpa,369,0.12017864293508819
3,1991-2000,rpa,370,0.11740192809589481
3,1991-2000,rpa,371,0.12196245659219972
3,1991-2000,rpa,372,0.12107816356621791
3,1991-2000,rpa,373,0.12369375760513687
3,1991-2000,rpa,374,0.12353001058330566
3,1991-2000,rpa,375,0.12348506646258324
3,1991-2000,rpa,376,0.1242941770845071
3,1991-2000,rpa,377,0.12344314129404318
3,1991-2000,rpa,378,0.12464920636634134
3,1991-2000,rpa,379,0.12337656716732534
3,1991-2000,rpa,380,0.12396649865389082
3,1991-2000,rpa,381,0.12071317325450376
3,1991-2000,rpa,382,0.12486119402911659
3,1991-2000,rpa,383,0.12092371913958451
3,1991-2000,rpa,384,0.11947997263100811
3,1991-2000,rpa,385,0.12057130482030824
3,1991-2000,rpa,386,0.12094454420089208
3,1991-2000,rpa,387,0.12066571473492452
3,1991-2000,rpa,388,0.12345216130973069
3,1991-2000,rpa,389,0.12197944170341295
3,1991-2000,rpa,390,0.11993386214033161
3,1991-2000,rpa,391,0.12545447931259704
3,1991-2000,rpa,392,0.119978549442087
3,1991-2000,rpa,393,0.12025304530958582
3,1991-2000,rpa,394,0.12302965341063345
3,1991-2000,rpa,395,0.12151891500999226
3,1991-2000,rpa,396,0.1192588750439301
3,1991-2000,rpa,397,0.12026550878874771
3,1991-2000,rpa,398,0.12247119179724096
3,1991-2000,rpa,399,0.12511818421050455
4,2001-2010,rpa,0,0.12930261968682957
4,2001-2010,rpa,1,0.12806856075794226
4,2001-2010,rpa,2,0.1295011294675498
4,2001-2010,rpa,3,0.12651573408965552
4,2001-2010,rpa,4,0.12859454195182812
4,2001-2010,rpa,5,0.1296505193336058
4,2001-2010,rpa,6,0.12803453552673116
4,2001-2010,rpa,7,0.12970194600562318
4,2001-2010,rpa,8,0.1300729362776682
4,2001-2010,rpa,9,0.12830075860618453
4,2001-2010,rpa,10,0.12826364825783554
4,2001-2010,rpa,11,0.1283489941909938
4,2001-2010,rpa,12,0.12885942551113258
4,2001-2010,rpa,13,0.12760607073596247
4,2001-2010,rpa,14,0.12897456443625394
4,2001-2010,rpa,15,0.12895170310525056
4,2001-2010,rpa,16,0.12906980672286977
4,2001-2010,rpa,17,0.12782690126569546
4,2001-2010,rpa,18,0.12752614569787651
4,2001-2010,rpa,19,0.12781817074346877
4,2001-2010,rpa,20,0.128057673502424
4,2001-2010,rpa,21,0.1318899234563328
4,2001-2010,rpa,22,0.12868075564195763
4,2001-2010,rpa,23,0.12891290558031415
4,2001-2010,rpa,24,0.1283509218471447
4,2001-2010,rpa,25,0.12844118296755389
4,2001-2010,rpa,26,0.12729909410556622
4,2001-2010,rpa,27,0.12907770195128374
4,2001-2010,rpa,28,0.12759998719298532
4,2001-2010,rpa,29,0.12983783814702887
4,2001-2010,rpa,30,0.1284675040860801
4,2001-2010,rpa,31,0.1276746434392228
4,2001-2010,rpa,32,0.12826582890115243
4,2001-2010,rpa,33,0.12812594329966648
4,2001-2010,rpa,34,0.12979137167175642
4,2001-2010,rpa,35,0.1276789269527788
4,2001-2010,rpa,36,0.12734574813929583
4,2001-2010,rpa,37,0.1290544260529187
4,2001-2010,rpa,38,0.12841366987971153
4,2001-2010,rpa,39,0.12871795792522644
4,2001-2010,rpa,40,0.12792182537336633
4,2001-2010,rpa,41,0.1295202454756123
4,2001-2010,rpa,42,0.1285776361557936
4,2001-2010,rpa,43,0.12846311967131344
4,2001-2010,rpa,44,0.12843559388046047
4,2001-2010,rpa,45,0.12760459909798053
4,2001-2010,rpa,46,0.1276118513199425
4,2001-2010,rpa,47,0.12878063891150993
4,2001-2010,rpa,48,0.12782074093404183
4,2001-2010,rpa,49,0.13053055821159712
4,2001-2010,rpa,50,0.1288272794209879
4,2001-2010,rpa,51,0.12835336235170353
4,2001-2010,rpa,52,0.1285547943089129
4,2001-2010,rpa,53,0.1292258818695051
4,2001-2010,rpa,54,0.1297940627541547
4,2001-2010,rpa,55,0.12893223431267625
4,2001-2010,rpa,56,0.1290318539886802
4,2001-2010,rpa,57,0.12795091366516045
4,2001-2010,rpa,58,0.1294362243564141
4,2001-2010,rpa,59,0.12751349104393472
4,2001-2010,rpa,60,0.12732037180782677
4,2001-2010,rpa,61,0.12737904501068212
4,2001-2010,rpa,62,0.1271005250291047
4,2001-2010,rpa,63,0.13046296739838897
4,2001-2010,rpa,64,0.12890012364206097
4,2001-2010,rpa,65,0.1290562138486311
4,2001-2010,rpa,66,0.12757081169935802
4,2001-2010,rpa,67,0.1266914146605312
4,2001-2010,rpa,68,0.12827993003800492
4,2001-2010,rpa,69,0.1272977558479811
4,2001-2010,rpa,70,0.12863721830589295
4,2001-2010,rpa,71,0.130531563967277
4,2001-2010,rpa,72,0.1290648700455907
4,2001-2010,rpa,73,0.12953366808190642
4,2001-2010,rpa,74,0.1293950396133489
4,2001-2010,rpa,75,0.12678599291469508
4,2001-2010,rpa,76,0.12813112837869958
4,2001-2010,rpa,77,0.12841368067965378
4,2001-2010,rpa,78,0.12860308077895474
4,2001-2010,rpa,79,0.1271275812821416
4,2001-2010,rpa,80,0.1286764329015468
4,2001-2010,rpa,81,0.12929570997040438
4,2001-2010,rpa,82,0.12696020531323962
4,2001-2010,rpa,83,0.12697027096948482
4,2001-2010,rpa,84,0.1291824159469661
4,2001-2010,rpa,85,0.12855878956954037
4,2001-2010,rpa,86,0.1276230162493058
4,2001-2010,rpa,87,0.12743486851840527
4,2001-2010,rpa,88,0.1283715102669875
4,2001-2010,rpa,89,0.12724640266289303
4,2001-2010,rpa,90,0.13020525206352068
4,2001-2010,rpa,91,0.12751011561955788
4,2001-2010,rpa,92,0.12905979357712816
4,2001-2010,rpa,93,0.1276887661940154
4,2001-2010,rpa,94,0.1286652802537098
4,2001-2010,rpa,95,0.12760403314702154
4,2001-2010,rpa,96,0.12778984385757342
4,2001-2010,rpa,97,0.12842828142712617
4,2001-2010,rpa,98,0.1293942584541722
4,2001-2010,rpa,99,0.12754108751427817
4,2001-2010,rpa,100,0.12880416055680005
4,2001-2010,rpa,101,0.12841471887641406
4,2001-2010,rpa,102,0.12854202110874557
4,2001-2010,rpa,103,0.1298451806745757
4,2001-2010,rpa,104,0.13082076256302252
4,2001-2010,rpa,105,0.12904162893884058
4,2001-2010,rpa,106,0.12713086658180625
4,2001-2010,rpa,107,0.12817642297574317
4,2001-2010,rpa,108,0.1305222821168081
4,2001-2010,rpa,109,0.1294556046245724
4,2001-2010,rpa,110,0.1275792119696835
4,2001-2010,rpa,111,0.12849776390695944
4,2001-2010,rpa,112,0.129594887875013
4,2001-2010,rpa,113,0.13339990306445237
4,2001-2010,rpa,114,0.12809784889958434
4,2001-2010,rpa,115,0.12886123590302523
4,2001-2010,rpa,116,0.12782083612690873
4,2001-2010,rpa,117,0.12860135531898073
4,2001-2010,rpa,118,0.12791202803727517
4,2001-2010,rpa,119,0.13033179780160806
4,2001-2010,rpa,120,0.12830507548298978
4,2001-2010,rpa,121,0.13048726813827183
4,2001-2010,rpa,122,0.12794335401366091
4,2001-2010,rpa,123,0.12660009514312429
4,2001-2010,rpa,124,0.12813809200718274
4,2001-2010,rpa,125,0.1285934767021257
4,2001-2010,rpa,126,0.1285671852406533
4,2001-2010,rpa,127,0.12732694390387095
4,2001-2010,rpa,128,0.1276638937183138
4,2001-2010,rpa,129,0.12926431120516063
4,2001-2010,rpa,130,0.12761352678331073
4,2001-2010,rpa,131,0.12871734302454785
4,2001-2010,rpa,132,0.12665521009172678
4,2001-2010,rpa,133,0.12860441812355
4,2001-2010,rpa,134,0.1286266534336696
4,2001-2010,rpa,135,0.13069838243175774
4,2001-2010,rpa,136,0.13030214822277555
4,2001-2010,rpa,137,0.12922965837562647
4,2001-2010,rpa,138,0.12830571465178456
4,2001-2010,rpa,139,0.12863924223036258
4,2001-2010,rpa,140,0.12867036026248022
4,2001-2010,rpa,141,0.12891136640676343
4,2001-2010,rpa,142,0.12942611576015692
4,2001-2010,rpa,143,0.1285765031731943
4,2001-2010,rpa,144,0.12908165550566508
4,2001-2010,rpa,145,0.1282178928358572
4,2001-2010,rpa,146,0.1283452011568324
4,2001-2010,rpa,147,0.12805806628442476
4,2001-2010,rpa,148,0.13196358136631464
4,2001-2010,rpa,149,0.12826764469389032
4,2001-2010,rpa,150,0.1294264265050408
4,2001-2010,rpa,151,0.1273703244149676
4,2001-2010,rpa,152,0.1314461760072704
4,2001-2010,rpa,153,0.12683956580079803
4,2001-2010,rpa,154,0.1274988072300529
4,2001-2010,rpa,155,0.13017743386072045
4,2001-2010,rpa,156,0.12798563649538247
4,2001-2010,rpa,157,0.1290649407572909
4,2001-2010,rpa,158,0.12868509275073356
4,2001-2010,rpa,159,0.12820979426866846
4,2001-2010,rpa,160,0.12758522773761685
4,2001-2010,rpa,161,0.12923915757230145
4,2001-2010,rpa,162,0.12811598746992342
4,2001-2010,rpa,163,0.1306200994998786
4,2001-2010,rpa,164,0.12683979260133071
4,2001-2010,rpa,165,0.12804915207495418
4,2001-2010,rpa,166,0.12775177539526972
4,2001-2010,rpa,167,0.12779667556438543
4,2001-2010,rpa,168,0.12812956050241894
4,2001-2010,rpa,169,0.1272165831136537
4,2001-2010,rpa,170,0.13014164344773665
4,2001-2010,rpa,171,0.13013614128932227
4,2001-2010,rpa,172,0.12816459047230294
4,2001-2010,rpa,173,0.12865847609243153
4,2001-2010,rpa,174,0.12772709660338163
4,2001-2010,rpa,175,0.1277042190922217
4,2001-2010,rpa,176,0.12794992067576433
4,2001-2010,rpa,177,0.12892408090054705
4,2001-2010,rpa,178,0.12864128864803334
4,2001-2010,rpa,179,0.12848830152581103
4,2001-2010,rpa,180,0.12922727514847815
4,2001-2010,rpa,181,0.1279779433412935
4,2001-2010,rpa,182,0.13004240198263176
4,2001-2010,rpa,183,0.12854178745041914
4,2001-2010,rpa,184,0.1287571761599495
4,2001-2010,rpa,185,0.1288774585605298
4,2001-2010,rpa,186,0.12809908278576865
4,2001-2010,rpa,187,0.12885533983942443
4,2001-2010,rpa,188,0.1293238175730238
4,2001-2010,rpa,189,0.1280158782390608
4,2001-2010,rpa,190,0.12959933014308256
4,2001-2010,rpa,191,0.12783179079782045
4,2001-2010,rpa,192,0.1298280782380481
4,2001-2010,rpa,193,0.12668420900478589
4,2001-2010,rpa,194,0.12899972285839703
4,2001-2010,rpa,195,0.1284230238890998
4,2001-2010,rpa,196,0.12719357065783285
4,2001-2010,rpa,197,0.12678444617663104
4,2001-2010,rpa,198,0.12861804221667697
4,2001-2010,rpa,199,0.12649027709819696
4,2001-2010,rpa,200,0.12846740178085425
4,2001-2010,rpa,201,0.1280607469130887
4,2001-2010,rpa,202,0.12741189426243307
4,2001-2010,rpa,203,0.12660061704029707
4,2001-2010,rpa,204,0.12757384560927992
4,2001-2010,rpa,205,0.12993288287015833
4,2001-2010,rpa,206,0.1270168607673739
4,2001-2010,rpa,207,0.1282251244611217
4,2001-2010,rpa,208,0.12859954729230325
4,2001-2010,rpa,209,0.12953648097439763
4,2001-2010,rpa,210,0.1301421520573634
4,2001-2010,rpa,211,0.13213766874436464
4,2001-2010,rpa,212,0.12745496868793987
4,2001-2010,rpa,213,0.12797617337463285
4,2001-2010,rpa,214,0.129272469541393
4,2001-2010,rpa,215,0.12814785399347356
4,2001-2010,rpa,216,0.12952338044688486
4,2001-2010,rpa,217,0.12781805410241992
4,2001-2010,rpa,218,0.1313605869130196
4,2001-2010,rpa,219,0.12763201777974487
4,2001-2010,rpa,220,0.12724542980111175
4,2001-2010,rpa,221,0.1293258233956424
4,2001-2010,rpa,222,0.12957714849113855
4,2001-2010,rpa,223,0.12924681968382545
4,2001-2010,rpa,224,0.12889925841950847
4,2001-2010,rpa,225,0.12815890921517475
4,2001-2010,rpa,226,0.1272683345978143
4,2001-2010,rpa,227,0.1289441932599489
4,2001-2010,rpa,228,0.12857336290810173
4,2001-2010,rpa,229,0.12931569714891544
4,2001-2010,rpa,230,0.13003660264880906
4,2001-2010,rpa,231,0.12730620307695728
4,2001-2010,rpa,232,0.12937559645625346
4,2001-2010,rpa,233,0.12862175087059785
4,2001-2010,rpa,234,0.1290357584718653
4,2001-2010,rpa,235,0.12846017187236838
4,2001-2010,rpa,236,0.12831025290919051
4,2001-2010,rpa,237,0.12916887705634827
4,2001-2010,rpa,238,0.12918201146288386
4,2001-2010,rpa,239,0.13035674582578896
4,2001-2010,rpa,240,0.1276832225670098
4,2001-2010,rpa,241,0.1272798874461395
4,2001-2010,rpa,242,0.12883415965168613
4,2001-2010,rpa,243,0.12916021390137708
4,2001-2010,rpa,244,0.12921019799165664
4,2001-2010,rpa,245,0.12795102191105187
4,2001-2010,rpa,246,0.128905469611568
4,2001-2010,rpa,247,0.12812909633918912
4,2001-2010,rpa,248,0.12834980255063816
4,2001-2010,rpa,249,0.1285041830520199
4,2001-2010,rpa,250,0.12768732919905063
4,2001-2010,rpa,251,0.1300330158662704
4,2001-2010,rpa,252,0.12762148666129222
4,2001-2010,rpa,253,0.1294143965484145
4,2001-2010,rpa,254,0.13225255886692397
4,2001-2010,rpa,255,0.12816916343192186
4,2001-2010,rpa,256,0.12912878433747627
4,2001-2010,rpa,257,0.12805916914582405
4,2001-2010,rpa,258,0.1279572706310842
4,2001-2010,rpa,259,0.12715723649583427
4,2001-2010,rpa,260,0.12642097989480455
4,2001-2010,rpa,261,0.12925411639542106
4,2001-2010,rpa,262,0.1296464026156596
4,2001-2010,rpa,263,0.1273157200012172
4,2001-2010,rpa,264,0.1291466852171935
4,2001-2010,rpa,265,0.12751754714765726
4,2001-2010,rpa,266,0.12898260743040407
4,2001-2010,rpa,267,0.1294726833721641
4,2001-2010,rpa,268,0.1282299390039131
4,2001-2010,rpa,269,0.12794280160890034
4,2001-2010,rpa,270,0.1287831096436145
4,2001-2010,rpa,271,0.12804298422773416
4,2001-2010,rpa,272,0.1293319545613463
4,2001-2010,rpa,273,0.12683603434832
4,2001-2010,rpa,274,0.12866464032659394
4,2001-2010,rpa,275,0.12889611353150257
4,2001-2010,rpa,276,0.12766455173332145
4,2001-2010,rpa,277,0.1275274242998489
4,2001-2010,rpa,278,0.12940469008487326
4,2001-2010,rpa,279,0.12725857569377377
4,2001-2010,rpa,280,0.12889300038713805
4,2001-2010,rpa,281,0.12665483444594403
4,2001-2010,rpa,282,0.12784695968685073
4,2001-2010,rpa,283,0.12903417616136229
4,2001-2010,rpa,284,0.1277963437977296
4,2001-2010,rpa,285,0.1283366771920864
4,2001-2010,rpa,286,0.127363877267208
4,2001-2010,rpa,287,0.12706945042227383
4,2001-2010,rpa,288,0.12846614895585934
4,2001-2010,rpa,289,0.12732499095302816
4,2001-2010,rpa,290,0.12803452356223735
4,2001-2010,rpa,291,0.13027074919757117
4,2001-2010,rpa,292,0.12676852179751344
4,2001-2010,rpa,293,0.1303074843644766
4,2001-2010,rpa,294,0.1284251696771922
4,2001-2010,rpa,295,0.12797957857642525
4,2001-2010,rpa,296,0.1306021778294103
4,2001-2010,rpa,297,0.12727873165210185
4,2001-2010,rpa,298,0.12837214935188163
4,2001-2010,rpa,299,0.13091265946615202
4,2001-2010,rpa,300,0.12827771305614596
4,2001-2010,rpa,301,0.12813346676239717
4,2001-2010,rpa,302,0.12792979589750278
4,2001-2010,rpa,303,0.13035855122779694
4,2001-2010,rpa,304,0.12811579320670613
4,2001-2010,rpa,305,0.1303417285380533
4,2001-2010,rpa,306,0.12929788549664215
4,2001-2010,rpa,307,0.129494873983726
4,2001-2010,rpa,308,0.12804429921921398
4,2001-2010,rpa,309,0.1303717333637046
4,2001-2010,rpa,310,0.13054741340973583
4,2001-2010,rpa,311,0.1293385587362627
4,2001-2010,rpa,312,0.13165617362743864
4,2001-2010,rpa,313,0.12899189415534634
4,2001-2010,rpa,314,0.12706961366014854
4,2001-2010,rpa,315,0.13030262204276324
4,2001-2010,rpa,316,0.1283311714321369
4,2001-2010,rpa,317,0.1284297737014994
4,2001-2010,rpa,318,0.1282222201590997
4,2001-2010,rpa,319,0.13018738725285228
4,2001-2010,rpa,320,0.13084602893756347
4,2001-2010,rpa,321,0.12752780621675963
4,2001-2010,rpa,322,0.13004983532486533
4,2001-2010,rpa,323,0.1303764669558541
4,2001-2010,rpa,324,0.12874713940312063
4,2001-2010,rpa,325,0.1266737839608906
4,2001-2010,rpa,326,0.12669490988489981
4,2001-2010,rpa,327,0.1295010384538598
4,2001-2010,rpa,328,0.12883014165588672
4,2001-2010,rpa,329,0.12881460967922168
4,2001-2010,rpa,330,0.1284365769664225
4,2001-2010,rpa,331,0.12883523407659997
4,2001-2010,rpa,332,0.12726616687582684
4,2001-2010,rpa,333,0.12853606937003606
4,2001-2010,rpa,334,0.129196935116383
4,2001-2010,rpa,335,0.13111703265273641
4,2001-2010,rpa,336,0.13004734915062435
4,2001-2010,rpa,337,0.1286935825083669
4,2001-2010,rpa,338,0.129834124216368
4,2001-2010,rpa,339,0.12759970801915757
4,2001-2010,rpa,340,0.12822490505938106
4,2001-2010,rpa,341,0.1281277314575901
4,2001-2010,rpa,342,0.1275964692528375
4,2001-2010,rpa,343,0.12910268655545037
4,2001-2010,rpa,344,0.12886339614680942
4,2001-2010,rpa,345,0.13041413433559795
4,2001-2010,rpa,346,0.12868751980610701
4,2001-2010,rpa,347,0.12858913366975055
4,2001-2010,rpa,348,0.13011260224473767
4,2001-2010,rpa,349,0.12763096839531055
4,2001-2010,rpa,350,0.12826700008962003
4,2001-2010,rpa,351,0.12675798522306547
4,2001-2010,rpa,352,0.12888334726090236
4,2001-2010,rpa,353,0.1283896600295153
4,2001-2010,rpa,354,0.12955961219766585
4,2001-2010,rpa,355,0.129233313133997
4,2001-2010,rpa,356,0.12809763681858774
4,2001-2010,rpa,357,0.13217245133710812
4,2001-2010,rpa,358,0.12747407901408742
4,2001-2010,rpa,359,0.12821901492385457
4,2001-2010,rpa,360,0.12840020068645142
4,2001-2010,rpa,361,0.12968149049502048
4,2001-2010,rpa,362,0.12792431150955827
4,2001-2010,rpa,363,0.1284526020094144
4,2001-2010,rpa,364,0.12834387594535224
4,2001-2010,rpa,365,0.1285767472663925
4,2001-2010,rpa,366,0.12930471289500448
4,2001-2010,rpa,367,0.12735963760087937
4,2001-2010,rpa,368,0.12906436792782078
4,2001-2010,rpa,369,0.12939687402393485
4,2001-2010,rpa,370,0.13056721011507175
4,2001-2010,rpa,371,0.12871968145852913
4,2001-2010,rpa,372,0.1296122113520939
4,2001-2010,rpa,373,0.12984606468849172
4,2001-2010,rpa,374,0.1300360037551305
4,2001-2010,rpa,375,0.12958342014179677
4,2001-2010,rpa,376,0.12937003567069788
4,2001-2010,rpa,377,0.12872280114216014
4,2001-2010,rpa,378,0.1293626812467309
4,2001-2010,rpa,379,0.1283041326164652
4,2001-2010,rpa,380,0.1275291600413135
4,2001-2010,rpa,381,0.12816643203795658
4,2001-2010,rpa,382,0.12810554581492334
4,2001-2010,rpa,383,0.1263695122980232
4,2001-2010,rpa,384,0.1281895835109771
4,2001-2010,rpa,385,0.1300097094480708
4,2001-2010,rpa,386,0.12852695323245403
4,2001-2010,rpa,387,0.1284872186131161
4,2001-2010,rpa,388,0.12900071912963665
4,2001-2010,rpa,389,0.12733345910660754
4,2001-2010,rpa,390,0.12930863873501847
4,2001-2010,rpa,391,0.12699532110546718
4,2001-2010,rpa,392,0.1282882081348679
4,2001-2010,rpa,393,0.12821360756771566
4,2001-2010,rpa,394,0.12698684231898033
4,2001-2010,rpa,395,0.1290882958417862
4,2001-2010,rpa,396,0.12794411982160164
4,2001-2010,rpa,397,0.12922693391263856
4,2001-2010,rpa,398,0.12872648302918155
4,2001-2010,rpa,399,0.12837427678049393
5,2011-2020,rpa,0,0.10885015612181664
5,2011-2020,rpa,1,0.10938840455082335
5,2011-2020,rpa,2,0.1081860307008178
5,2011-2020,rpa,3,0.10690222467226074
5,2011-2020,rpa,4,0.10872091628486122
5,2011-2020,rpa,5,0.10758813394559213
5,2011-2020,rpa,6,0.10504805356823356
5,2011-2020,rpa,7,0.10845735024510024
5,2011-2020,rpa,8,0.10972422239076063
5,2011-2020,rpa,9,0.10881962172444355
5,2011-2020,rpa,10,0.10834757273616953
5,2011-2020,rpa,11,0.1089308023100142
5,2011-2020,rpa,12,0.10738970814709038
5,2011-2020,rpa,13,0.11232315967192574
5,2011-2020,rpa,14,0.10626805211963565
5,2011-2020,rpa,15,0.10837469448004229
5,2011-2020,rpa,16,0.10642856480765739
5,2011-2020,rpa,17,0.10611132361965049
5,2011-2020,rpa,18,0.11033624864228238
5,2011-2020,rpa,19,0.10812829162000309
5,2011-2020,rpa,20,0.10999701070848546
5,2011-2020,rpa,21,0.1104861102053039
5,2011-2020,rpa,22,0.10883389597572082
5,2011-2020,rpa,23,0.1078458587037565
5,2011-2020,rpa,24,0.10969423145741904
5,2011-2020,rpa,25,0.10579497251592075
5,2011-2020,rpa,26,0.10731691543941949
5,2011-2020,rpa,27,0.11163572275087684
5,2011-2020,rpa,28,0.10806611571340173
5,2011-2020,rpa,29,0.10663288509778006
5,2011-2020,rpa,30,0.11022010140185776
5,2011-2020,rpa,31,0.11250138019063236
5,2011-2020,rpa,32,0.10940153850674983
5,2011-2020,rpa,33,0.10541804884085024
5,2011-2020,rpa,34,0.10890648220322405
5,2011-2020,rpa,35,0.10685603149269313
5,2011-2020,rpa,36,0.10671832073995197
5,2011-2020,rpa,37,0.10592694629818808
5,2011-2020,rpa,38,0.10789071695217327
5,2011-2020,rpa,39,0.11050832518324616
5,2011-2020,rpa,40,0.10742752387434854
5,2011-2020,rpa,41,0.10786165297059047
5,2011-2020,rpa,42,0.10683162688501918
5,2011-2020,rpa,43,0.1079889398988565
5,2011-2020,rpa,44,0.10906630698199798
5,2011-2020,rpa,45,0.10681876693699588
5,2011-2020,rpa,46,0.1062797603950292
5,2011-2020,rpa,47,0.10739784412862877
5,2011-2020,rpa,48,0.10798369257875817
5,2011-2020,rpa,49,0.10815019845043167
5,2011-2020,rpa,50,0.10662275406785016
5,2011-2020,rpa,51,0.10786657123908044
5,2011-2020,rpa,52,0.10743363437888241
5,2011-2020,rpa,53,0.10959593039297422
5,2011-2020,rpa,54,0.10663937914684384
5,2011-2020,rpa,55,0.10944140972331347
5,2011-2020,rpa,56,0.10959226414372558
5,2011-2020,rpa,57,0.10609019227443944
5,2011-2020,rpa,58,0.10846175727390388
5,2011-2020,rpa,59,0.10849881929239269
5,2011-2020,rpa,60,0.10647399368576908
5,2011-2020,rpa,61,0.10752740572513307
5,2011-2020,rpa,62,0.10927093359370593
5,2011-2020,rpa,63,0.10971903280368732
5,2011-2020,rpa,64,0.10924575223452487
5,2011-2020,rpa,65,0.10601933099451716
5,2011-2020,rpa,66,0.10965804204930628
5,2011-2020,rpa,67,0.10871680859644953
5,2011-2020,rpa,68,0.1065301365965807
5,2011-2020,rpa,69,0.10760832486862763
5,2011-2020,rpa,70,0.1086156218786431
5,2011-2020,rpa,71,0.10891678699609507
5,2011-2020,rpa,72,0.1099523893004332
5,2011-2020,rpa,73,0.10957037375915542
5,2011-2020,rpa,74,0.10973987747892082
5,2011-2020,rpa,75,0.1079676549340078
5,2011-2020,rpa,76,0.10736805163268566
5,2011-2020,rpa,77,0.10859430200099568
5,2011-2020,rpa,78,0.108302780888693
5,2011-2020,rpa,79,0.10654177108387676
5,2011-2020,rpa,80,0.10920518812544264
5,2011-2020,rpa,81,0.10764051337474886
5,2011-2020,rpa,82,0.10710710920003924
5,2011-2020,rpa,83,0.10760989394979127
5,2011-2020,rpa,84,0.10716027300703067
5,2011-2020,rpa,85,0.10730898991102053
5,2011-2020,rpa,86,0.1089335785271482
5,2011-2020,rpa,87,0.10887018829310595
5,2011-2020,rpa,88,0.10750629910449909
5,2011-2020,rpa,89,0.10616741002974756
5,2011-2020,rpa,90,0.10915734744879255
5,2011-2020,rpa,91,0.10850861111683324
5,2011-2020,rpa,92,0.10621066587569648
5,2011-2020,rpa,93,0.10928870764011446
5,2011-2020,rpa,94,0.11005659302002388
5,2011-2020,rpa,95,0.1089504569955073
5,2011-2020,rpa,96,0.10727192019983378
5,2011-2020,rpa,97,0.10818961287178741
5,2011-2020,rpa,98,0.10804733585793824
5,2011-2020,rpa,99,0.10889081376532371
5,2011-2020,rpa,100,0.10730138165543875
5,2011-2020,rpa,101,0.10806599718674763
5,2011-2020,rpa,102,0.10825010410926166
5,2011-2020,rpa,103,0.10792518488051751
5,2011-2020,rpa,104,0.10776840702505232
5,2011-2020,rpa,105,0.10767249813715908
5,2011-2020,rpa,106,0.10924045589147616
5,2011-2020,rpa,107,0.10983249990377862
5,2011-2020,rpa,108,0.10720211884564726
5,2011-2020,rpa,109,0.11176081702964831
5,2011-2020,rpa,110,0.10765585770913644
5,2011-2020,rpa,111,0.10937918448308236
5,2011-2020,rpa,112,0.10702403522856015
5,2011-2020,rpa,113,0.10966132015909656
5,2011-2020,rpa,114,0.10774303070733537
5,2011-2020,rpa,115,0.10726470217739044
5,2011-2020,rpa,116,0.10808229510805122
5,2011-2020,rpa,117,0.10848831761242403
5,2011-2020,rpa,118,0.10835815742180631
5,2011-2020,rpa,119,0.10644413537312127
5,2011-2020,rpa,120,0.10678997455855158
5,2011-2020,rpa,121,0.10688587364123558
5,2011-2020,rpa,122,0.10771782112392211
5,2011-2020,rpa,123,0.10733421856826893
5,2011-2020,rpa,124,0.10674676624681376
5,2011-2020,rpa,125,0.1116923546680505
5,2011-2020,rpa,126,0.10754685887366554
5,2011-2020,rpa,127,0.10833416322644557
5,2011-2020,rpa,128,0.10651099590381863
5,2011-2020,rpa,129,0.10812512162287372
5,2011-2020,rpa,130,0.10674437325987855
5,2011-2020,rpa,131,0.10758910999761488
5,2011-2020,rpa,132,0.10792847849246487
5,2011-2020,rpa,133,0.1090647558199146
5,2011-2020,rpa,134,0.10779564021789455
5,2011-2020,rpa,135,0.10723242932939046
5,2011-2020,rpa,136,0.10660011967956783
5,2011-2020,rpa,137,0.10756487982175426
5,2011-2020,rpa,138,0.10917928741348815
5,2011-2020,rpa,139,0.10792663796712101
5,2011-2020,rpa,140,0.1083342401926315
5,2011-2020,rpa,141,0.10608586974760272
5,2011-2020,rpa,142,0.10638299351050479
5,2011-2020,rpa,143,0.11030680316119741
5,2011-2020,rpa,144,0.10640693497167654
5,2011-2020,rpa,145,0.107528964550373
5,2011-2020,rpa,146,0.10746121296821831
5,2011-2020,rpa,147,0.11033847084820213
5,2011-2020,rpa,148,0.10869917628394549
5,2011-2020,rpa,149,0.10852745089333125
5,2011-2020,rpa,150,0.10680026481322324
5,2011-2020,rpa,151,0.10793448636746068
5,2011-2020,rpa,152,0.10723319222218664
5,2011-2020,rpa,153,0.10830639571768377
5,2011-2020,rpa,154,0.10764890297183097
5,2011-2020,rpa,155,0.10914298478715269
5,2011-2020,rpa,156,0.10792935759309627
5,2011-2020,rpa,157,0.10763433907374098
5,2011-2020,rpa,158,0.10888442562354893
5,2011-2020,rpa,159,0.1079639988936801
5,2011-2020,rpa,160,0.10581022845596134
5,2011-2020,rpa,161,0.10978448716810288
5,2011-2020,rpa,162,0.11211901515926524
5,2011-2020,rpa,163,0.10737732788694719
5,2011-2020,rpa,164,0.1063682243879967
5,2011-2020,rpa,165,0.10740192177087649
5,2011-2020,rpa,166,0.10819128992804598
5,2011-2020,rpa,167,0.10807042871675965
5,2011-2020,rpa,168,0.10888174759083237
5,2011-2020,rpa,169,0.10872067728590909
5,2011-2020,rpa,170,0.10978425763626389
5,2011-2020,rpa,171,0.10675382130508262
5,2011-2020,rpa,172,0.10929832328542843
5,2011-2020,rpa,173,0.11203462248845028
5,2011-2020,rpa,174,0.10911189176369075
5,2011-2020,rpa,175,0.10705766805851295
5,2011-2020,rpa,176,0.1094088823364423
5,2011-2020,rpa,177,0.10871299646659949
5,2011-2020,rpa,178,0.10699145519338711
5,2011-2020,rpa,179,0.10656775936235462
5,2011-2020,rpa,180,0.10797144286289319
5,2011-2020,rpa,181,0.10900985210816934
5,2011-2020,rpa,182,0.10682777156394715
5,2011-2020,rpa,183,0.11030452763100045
5,2011-2020,rpa,184,0.1078326924722805
5,2011-2020,rpa,185,0.10676872267767913
5,2011-2020,rpa,186,0.10729832934802883
5,2011-2020,rpa,187,0.10591801726972469
5,2011-2020,rpa,188,0.10756051106644814
5,2011-2020,rpa,189,0.10515334582385606
5,2011-2020,rpa,190,0.10817594019708664
5,2011-2020,rpa,191,0.10946867567503538
5,2011-2020,rpa,192,0.10752614023162593
5,2011-2020,rpa,193,0.10686334792536153
5,2011-2020,rpa,194,0.11027885720717995
5,2011-2020,rpa,195,0.1072232050712537
5,2011-2020,rpa,196,0.10939761682854057
5,2011-2020,rpa,197,0.1088498396029271
5,2011-2020,rpa,198,0.10760043276892214
5,2011-2020,rpa,199,0.10736588429510707
5,2011-2020,rpa,200,0.10742412444867332
5,2011-2020,rpa,201,0.10790965711540092
5,2011-2020,rpa,202,0.10683237385891538
5,2011-2020,rpa,203,0.10795417431521673
5,2011-2020,rpa,204,0.10808831338530457
5,2011-2020,rpa,205,0.10643964905170501
5,2011-2020,rpa,206,0.11150387170827944
5,2011-2020,rpa,207,0.10671113276077414
5,2011-2020,rpa,208,0.10661924518222152
5,2011-2020,rpa,209,0.10956322112229432
5,2011-2020,rpa,210,0.10827294033348453
5,2011-2020,rpa,211,0.1083716418164798
5,2011-2020,rpa,212,0.1100364415061747
5,2011-2020,rpa,213,0.10766164901764855
5,2011-2020,rpa,214,0.10815978501734023
5,2011-2020,rpa,215,0.10791712498924864
5,2011-2020,rpa,216,0.10855013513591061
5,2011-2020,rpa,217,0.1073354776410909
5,2011-2020,rpa,218,0.10968105712179597
5,2011-2020,rpa,219,0.10544349399379944
5,2011-2020,rpa,220,0.10723307803794914
5,2011-2020,rpa,221,0.10625316141445564
5,2011-2020,rpa,222,0.1112956226556478
5,2011-2020,rpa,223,0.10689670317643522
5,2011-2020,rpa,224,0.10877829063432508
5,2011-2020,rpa,225,0.10847498773442414
5,2011-2020,rpa,226,0.10548167442580367
5,2011-2020,rpa,227,0.10750829851699331
5,2011-2020,rpa,228,0.10830781762414957
5,2011-2020,rpa,229,0.10918194592642097
5,2011-2020,rpa,230,0.1096891040548654
5,2011-2020,rpa,231,0.1116234058387771
5,2011-2020,rpa,232,0.10692376510415592
5,2011-2020,rpa,233,0.10695969268297567
5,2011-2020,rpa,234,0.10874675432104698
5,2011-2020,rpa,235,0.10724689096254536
5,2011-2020,rpa,236,0.1113803042872006
5,2011-2020,rpa,237,0.10858746762155454
5,2011-2020,rpa,238,0.11191312737165625
5,2011-2020,rpa,239,0.10680335549157963
5,2011-2020,rpa,240,0.1071115650794045
5,2011-2020,rpa,241,0.10704757685427202
5,2011-2020,rpa,242,0.10741846478377715
5,2011-2020,rpa,243,0.10952755730731173
5,2011-2020,rpa,244,0.10621928428457114
5,2011-2020,rpa,245,0.10650545022293113
5,2011-2020,rpa,246,0.1066266949299142
5,2011-2020,rpa,247,0.10824784153823581
5,2011-2020,rpa,248,0.10904075303645948
5,2011-2020,rpa,249,0.11128255821326245
5,2011-2020,rpa,250,0.10732918442990427
5,2011-2020,rpa,251,0.10763562143497156
5,2011-2020,rpa,252,0.10766150409192231
5,2011-2020,rpa,253,0.10767932383319818
5,2011-2020,rpa,254,0.11009109824064411
5,2011-2020,rpa,255,0.10566181195327638
5,2011-2020,rpa,256,0.10799126383668173
5,2011-2020,rpa,257,0.11115157027219795
5,2011-2020,rpa,258,0.10791671275003382
5,2011-2020,rpa,259,0.10940487717368647
5,2011-2020,rpa,260,0.10999419842609581
5,2011-2020,rpa,261,0.10914989837254506
5,2011-2020,rpa,262,0.11028488725209902
5,2011-2020,rpa,263,0.10988297335876641
5,2011-2020,rpa,264,0.11127155265009081
5,2011-2020,rpa,265,0.10854760961943989
5,2011-2020,rpa,266,0.1073989004065722
5,2011-2020,rpa,267,0.10647858573970533
5,2011-2020,rpa,268,0.10636025752946476
5,2011-2020,rpa,269,0.10762560929351922
5,2011-2020,rpa,270,0.1095721754078597
5,2011-2020,rpa,271,0.1107039976061647
5,2011-2020,rpa,272,0.10727165896406234
5,2011-2020,rpa,273,0.10694444993416576
5,2011-2020,rpa,274,0.10856973197064577
5,2011-2020,rpa,275,0.10593994175133925
5,2011-2020,rpa,276,0.10921378005342561
5,2011-2020,rpa,277,0.10892257753564472
5,2011-2020,rpa,278,0.1061059597881799
5,2011-2020,rpa,279,0.10717654368632143
5,2011-2020,rpa,280,0.10838219941676464
5,2011-2020,rpa,281,0.10721165239888707
5,2011-2020,rpa,282,0.1113205661772958
5,2011-2020,rpa,283,0.10880677435411557
5,2011-2020,rpa,284,0.10826106973499221
5,2011-2020,rpa,285,0.10830895411114529
5,2011-2020,rpa,286,0.108192668650542
5,2011-2020,rpa,287,0.11117284130379723
5,2011-2020,rpa,288,0.10594250585531464
5,2011-2020,rpa,289,0.1068962509720296
5,2011-2020,rpa,290,0.10706664750047083
5,2011-2020,rpa,291,0.10765191766402442
5,2011-2020,rpa,292,0.10699350631333068
5,2011-2020,rpa,293,0.1082358217034239
5,2011-2020,rpa,294,0.10855839956934268
5,2011-2020,rpa,295,0.1100863994077433
5,2011-2020,rpa,296,0.10859952284216078
5,2011-2020,rpa,297,0.11308210256123091
5,2011-2020,rpa,298,0.10779815627997452
5,2011-2020,rpa,299,0.10724721829419846
5,2011-2020,rpa,300,0.10662663018645467
5,2011-2020,rpa,301,0.10958505160939913
5,2011-2020,rpa,302,0.10806125734742392
5,2011-2020,rpa,303,0.1076124956317887
5,2011-2020,rpa,304,0.10809295994113355
5,2011-2020,rpa,305,0.10723665053965603
5,2011-2020,rpa,306,0.10874652175796555
5,2011-2020,rpa,307,0.10933528311548218
5,2011-2020,rpa,308,0.10827536149259044
5,2011-2020,rpa,309,0.10762002410722453
5,2011-2020,rpa,310,0.10852617912274595
5,2011-2020,rpa,311,0.10779699410647176
5,2011-2020,rpa,312,0.10664147443565378
5,2011-2020,rpa,313,0.10866159989954312
5,2011-2020,rpa,314,0.10721152331790186
5,2011-2020,rpa,315,0.10709390571281749
5,2011-2020,rpa,316,0.10669819976400555
5,2011-2020,rpa,317,0.10930058785061501
5,2011-2020,rpa,318,0.10699495657118892
5,2011-2020,rpa,319,0.11078786777909555
5,2011-2020,rpa,320,0.10650570463640728
5,2011-2020,rpa,321,0.10842335828588771
5,2011-2020,rpa,322,0.10716913602610806
5,2011-2020,rpa,323,0.10696346559379337
5,2011-2020,rpa,324,0.10929609317532842
5,2011-2020,rpa,325,0.1091565809678975
5,2011-2020,rpa,326,0.11201981875040647
5,2011-2020,rpa,327,0.10730867476280434
5,2011-2020,rpa,328,0.11057867268117406
5,2011-2020,rpa,329,0.11177429690310633
5,2011-2020,rpa,330,0.10801064416962981
5,2011-2020,rpa,331,0.10767048248036855
5,2011-2020,rpa,332,0.10709098304227495
5,2011-2020,rpa,333,0.10642148524301286
5,2011-2020,rpa,334,0.10655190432329292
5,2011-2020,rpa,335,0.10768712434444665
5,2011-2020,rpa,336,0.10657368907688712
5,2011-2020,rpa,337,0.1088525797995108
5,2011-2020,rpa,338,0.10797155663762051
5,2011-2020,rpa,339,0.11081266946529571
5,2011-2020,rpa,340,0.10806617662353595
5,2011-2020,rpa,341,0.1072742806509777
5,2011-2020,rpa,342,0.11045024139116147
5,2011-2020,rpa,343,0.10823833224711388
5,2011-2020,rpa,344,0.1088618904256474
5,2011-2020,rpa,345,0.10862609537476725
5,2011-2020,rpa,346,0.10706822580894304
5,2011-2020,rpa,347,0.1065962959252916
5,2011-2020,rpa,348,0.10937497610852273
5,2011-2020,rpa,349,0.1083770616880618
5,2011-2020,rpa,350,0.10507071484400421
5,2011-2020,rpa,351,0.10980226194905944
5,2011-2020,rpa,352,0.10938585347265153
5,2011-2020,rpa,353,0.10725879706986778
5,2011-2020,rpa,354,0.10821112696912474
5,2011-2020,rpa,355,0.11024061017995736
5,2011-2020,rpa,356,0.11005069586457988
5,2011-2020,rpa,357,0.10827769040359606
5,2011-2020,rpa,358,0.1069316161273411
5,2011-2020,rpa,359,0.10723137341831886
5,2011-2020,rpa,360,0.10864881248478618
5,2011-2020,rpa,361,0.10883415956720534
5,2011-2020,rpa,362,0.10784343173049864
5,2011-2020,rpa,363,0.10924255285439102
5,2011-2020,rpa,364,0.10683283210727591
5,2011-2020,rpa,365,0.10750827249372338
5,2011-2020,rpa,366,0.10719858775389421
5,2011-2020,rpa,367,0.10665940192023614
5,2011-2020,rpa,368,0.11124250758008407
5,2011-2020,rpa,369,0.10953587694098182
5,2011-2020,rpa,370,0.1098102060251772
5,2011-2020,rpa,371,0.1068036189971108
5,2011-2020,rpa,372,0.10783696850206004
5,2011-2020,rpa,373,0.11171761495248433
5,2011-2020,rpa,374,0.10910223539256197
5,2011-2020,rpa,375,0.10629811631039528
5,2011-2020,rpa,376,0.10895538692605061
5,2011-2020,rpa,377,0.10856833175239251
5,2011-2020,rpa,378,0.11080828875533937
5,2011-2020,rpa,379,0.10881896938143257
5,2011-2020,rpa,380,0.10665503896739305
5,2011-2020,rpa,381,0.10816020525380846
5,2011-2020,rpa,382,0.10738050821017302
5,2011-2020,rpa,383,0.10933569036992415
5,2011-2020,rpa,384,0.11043819152771371
5,2011-2020,rpa,385,0.10818018329682522
5,2011-2020,rpa,386,0.1094431613415341
5,2011-2020,rpa,387,0.10741447286284184
5,2011-2020,rpa,388,0.10725914350702861
5,2011-2020,rpa,389,0.11101541163873326
5,2011-2020,rpa,390,0.10705184060154121
5,2011-2020,rpa,391,0.11006735346618303
5,2011-2020,rpa,392,0.10774140890678413
5,2011-2020,rpa,393,0.1072454729193917
5,2011-2020,rpa,394,0.10998488550562094
5,2011-2020,rpa,395,0.11164835199326467
5,2011-2020,rpa,396,0.10651769840310835
5,2011-2020,rpa,397,0.11168837158185262
5,2011-2020,rpa,398,0.10840130570090213
5,2011-2020,rpa,399,0.10913916066184827
6,2021-2025,rpa,0,0.14582330877061955
6,2021-2025,rpa,1,0.14778136918305423
6,2021-2025,rpa,2,0.14449626724604225
6,2021-2025,rpa,3,0.14582824188293197
6,2021-2025,rpa,4,0.14425664347718573
6,2021-2025,rpa,5,0.14576357447240815
6,2021-2025,rpa,6,0.14563362446701944
6,2021-2025,rpa,7,0.14779740921811746
6,2021-2025,rpa,8,0.14531198829355244
6,2021-2025,rpa,9,0.14556629228540613
6,2021-2025,rpa,10,0.14559909210562613
6,2021-2025,rpa,11,0.14545485802877586
6,2021-2025,rpa,12,0.1450662783682435
6,2021-2025,rpa,13,0.14589593675111667
6,2021-2025,rpa,14,0.14597626124753138
6,2021-2025,rpa,15,0.14668380940857909
6,2021-2025,rpa,16,0.14716928702209217
6,2021-2025,rpa,17,0.14572909055585304
6,2021-2025,rpa,18,0.14792344040804284
6,2021-2025,rpa,19,0.14484163438476147
6,2021-2025,rpa,20,0.14710905767573787
6,2021-2025,rpa,21,0.14607050116284878
6,2021-2025,rpa,22,0.1479434027103382
6,2021-2025,rpa,23,0.14606449825801623
6,2021-2025,rpa,24,0.14377199294653678
6,2021-2025,rpa,25,0.14590611523802915
6,2021-2025,rpa,26,0.1459117553152207
6,2021-2025,rpa,27,0.14657871029184802
6,2021-2025,rpa,28,0.14515977310122702
6,2021-2025,rpa,29,0.14833227582883993
6,2021-2025,rpa,30,0.14699154360482844
6,2021-2025,rpa,31,0.14682248642523824
6,2021-2025,rpa,32,0.14575241961088167
6,2021-2025,rpa,33,0.14712451109928795
6,2021-2025,rpa,34,0.14659989295953102
6,2021-2025,rpa,35,0.14294719749151133
6,2021-2025,rpa,36,0.14592595378290832
6,2021-2025,rpa,37,0.14735714256773816
6,2021-2025,rpa,38,0.145626321343004
6,2021-2025,rpa,39,0.14409268008144108
6,2021-2025,rpa,40,0.1502433873163169
6,2021-2025,rpa,41,0.14477709479757236
6,2021-2025,rpa,42,0.1461979487808891
6,2021-2025,rpa,43,0.14829765072624423
6,2021-2025,rpa,44,0.14859211572447853
6,2021-2025,rpa,45,0.1472529807251565
6,2021-2025,rpa,46,0.1461506664464103
6,2021-2025,rpa,47,0.14405838590338826
6,2021-2025,rpa,48,0.14544002297058803
6,2021-2025,rpa,49,0.14465407190136131
6,2021-2025,rpa,50,0.14462039929055423
6,2021-2025,rpa,51,0.1442834066775911
6,2021-2025,rpa,52,0.1473269083137003
6,2021-2025,rpa,53,0.14858665208990934
6,2021-2025,rpa,54,0.1438869703033172
6,2021-2025,rpa,55,0.14877005865471496
6,2021-2025,rpa,56,0.1484041287247759
6,2021-2025,rpa,57,0.1465410421063073
6,2021-2025,rpa,58,0.1488780047480515
6,2021-2025,rpa,59,0.14781111061874364
6,2021-2025,rpa,60,0.1450890674644829
6,2021-2025,rpa,61,0.1458761357450016
6,2021-2025,rpa,62,0.14668492698893704
6,2021-2025,rpa,63,0.14660270557408855
6,2021-2025,rpa,64,0.14648083471416432
6,2021-2025,rpa,65,0.14607271372642688
6,2021-2025,rpa,66,0.14725763774083434
6,2021-2025,rpa,67,0.14508058416409872
6,2021-2025,rpa,68,0.14386524011190266
6,2021-2025,rpa,69,0.14481961131290205
6,2021-2025,rpa,70,0.1462604991207893
6,2021-2025,rpa,71,0.14485796418829308
6,2021-2025,rpa,72,0.1504618664667213
6,2021-2025,rpa,73,0.14853269618237466
6,2021-2025,rpa,74,0.1467338085153314
6,2021-2025,rpa,75,0.1464719821606818
6,2021-2025,rpa,76,0.14675852258547784
6,2021-2025,rpa,77,0.14498513580467245
6,2021-2025,rpa,78,0.14836831247840843
6,2021-2025,rpa,79,0.146068852655139
6,2021-2025,rpa,80,0.14658235978572842
6,2021-2025,rpa,81,0.1477335351699456
6,2021-2025,rpa,82,0.1486043636713417
6,2021-2025,rpa,83,0.14656368271019146
6,2021-2025,rpa,84,0.14477767326009497
6,2021-2025,rpa,85,0.14955534939251355
6,2021-2025,rpa,86,0.14801859794306463
6,2021-2025,rpa,87,0.14786470700317708
6,2021-2025,rpa,88,0.1468123652962154
6,2021-2025,rpa,89,0.14686802930394569
6,2021-2025,rpa,90,0.1455195975715851
6,2021-2025,rpa,91,0.14671911650176012
6,2021-2025,rpa,92,0.14420802466981827
6,2021-2025,rpa,93,0.14551261161278903
6,2021-2025,rpa,94,0.14394000342846225
6,2021-2025,rpa,95,0.14651389809386844
6,2021-2025,rpa,96,0.14661105259639737
6,2021-2025,rpa,97,0.14408489959464718
6,2021-2025,rpa,98,0.14543842570178944
6,2021-2025,rpa,99,0.1462251930387067
6,2021-2025,rpa,100,0.1468747273412591
6,2021-2025,rpa,101,0.14705102517859828
6,2021-2025,rpa,102,0.1473764052025942
6,2021-2025,rpa,103,0.1449152510450529
6,2021-2025,rpa,104,0.14589548356025706
6,2021-2025,rpa,105,0.14514257142849843
6,2021-2025,rpa,106,0.14442506827650906
6,2021-2025,rpa,107,0.14714591226712265
6,2021-2025,rpa,108,0.14673171240143093
6,2021-2025,rpa,109,0.14604588298899673
6,2021-2025,rpa,110,0.1465097752741525
6,2021-2025,rpa,111,0.14593773820844164
6,2021-2025,rpa,112,0.14629558607323825
6,2021-2025,rpa,113,0.14652864698969956
6,2021-2025,rpa,114,0.14567623856800221
6,2021-2025,rpa,115,0.1457762366895467
6,2021-2025,rpa,116,0.14574745142819276
6,2021-2025,rpa,117,0.14613277143175876
6,2021-2025,rpa,118,0.14650621957161544
6,2021-2025,rpa,119,0.1440231871737134
6,2021-2025,rpa,120,0.14525145577313994
6,2021-2025,rpa,121,0.14502215604632224
6,2021-2025,rpa,122,0.1465731672679207
6,2021-2025,rpa,123,0.1478882659346637
6,2021-2025,rpa,124,0.148834730029097
6,2021-2025,rpa,125,0.14598362082440527
6,2021-2025,rpa,126,0.14424900120353873
6,2021-2025,rpa,127,0.1471232675131087
6,2021-2025,rpa,128,0.14414228523350284
6,2021-2025,rpa,129,0.14495170091823287
6,2021-2025,rpa,130,0.14719160654054422
6,2021-2025,rpa,131,0.14734370427351748
6,2021-2025,rpa,132,0.14610003957895826
6,2021-2025,rpa,133,0.14692632125531033
6,2021-2025,rpa,134,0.14522228732508027
6,2021-2025,rpa,135,0.14648259963495971
6,2021-2025,rpa,136,0.1473960076502084
6,2021-2025,rpa,137,0.1461240216904602
6,2021-2025,rpa,138,0.14578745383596914
6,2021-2025,rpa,139,0.14743937787844305
6,2021-2025,rpa,140,0.1473125752304728
6,2021-2025,rpa,141,0.1469056187004359
6,2021-2025,rpa,142,0.14585161569694044
6,2021-2025,rpa,143,0.14407979322331643
6,2021-2025,rpa,144,0.1480810498539405
6,2021-2025,rpa,145,0.1467810971528746
6,2021-2025,rpa,146,0.14503007871220747
6,2021-2025,rpa,147,0.14708331792829668
6,2021-2025,rpa,148,0.1461880703100286
6,2021-2025,rpa,149,0.14909867770722246
6,2021-2025,rpa,150,0.14599901953810177
6,2021-2025,rpa,151,0.14554048135392575
6,2021-2025,rpa,152,0.1443292644143008
6,2021-2025,rpa,153,0.14488877148072585
6,2021-2025,rpa,154,0.1467201885506329
6,2021-2025,rpa,155,0.1469929403858498
6,2021-2025,rpa,156,0.14556306323475687
6,2021-2025,rpa,157,0.14647228032113815
6,2021-2025,rpa,158,0.146994435417406
6,2021-2025,rpa,159,0.1471643565778504
6,2021-2025,rpa,160,0.14594674358488555
6,2021-2025,rpa,161,0.14707982288106936
6,2021-2025,rpa,162,0.14777547455115847
6,2021-2025,rpa,163,0.1459784303967617
6,2021-2025,rpa,164,0.14532441475749025
6,2021-2025,rpa,165,0.14453059639761034
6,2021-2025,rpa,166,0.14550239508913
6,2021-2025,rpa,167,0.14550826319993318
6,2021-2025,rpa,168,0.14485334132497937
6,2021-2025,rpa,169,0.1449256383973255
6,2021-2025,rpa,170,0.14819741020261532
6,2021-2025,rpa,171,0.14403119835639444
6,2021-2025,rpa,172,0.1446069963832889
6,2021-2025,rpa,173,0.1475381683856397
6,2021-2025,rpa,174,0.1444269579331678
6,2021-2025,rpa,175,0.14567729211989647
6,2021-2025,rpa,176,0.14597788865794514
6,2021-2025,rpa,177,0.1480589184585778
6,2021-2025,rpa,178,0.14900280341135955
6,2021-2025,rpa,179,0.14508071308800838
6,2021-2025,rpa,180,0.1458256036607516
6,2021-2025,rpa,181,0.1450881922347819
6,2021-2025,rpa,182,0.14778967353014072
6,2021-2025,rpa,183,0.14606882534640758
6,2021-2025,rpa,184,0.14673849725227323
6,2021-2025,rpa,185,0.1475221248270476
6,2021-2025,rpa,186,0.14651164036846728
6,2021-2025,rpa,187,0.14681935970687124
6,2021-2025,rpa,188,0.14754899371229172
6,2021-2025,rpa,189,0.1442077856428747
6,2021-2025,rpa,190,0.14802228055695096
6,2021-2025,rpa,191,0.1466554783166312
6,2021-2025,rpa,192,0.1451492251146424
6,2021-2025,rpa,193,0.1451748375068617
6,2021-2025,rpa,194,0.14645355615258104
6,2021-2025,rpa,195,0.14485455241464074
6,2021-2025,rpa,196,0.1447808522235706
6,2021-2025,rpa,197,0.14672131500721852
6,2021-2025,rpa,198,0.14832135124611792
6,2021-2025,rpa,199,0.14527463277810987
6,2021-2025,rpa,200,0.14543386160696256
6,2021-2025,rpa,201,0.1468407392526375
6,2021-2025,rpa,202,0.14806905655519878
6,2021-2025,rpa,203,0.1462754371057719
6,2021-2025,rpa,204,0.14730485991685988
6,2021-2025,rpa,205,0.14738567993661691
6,2021-2025,rpa,206,0.14732880568289458
6,2021-2025,rpa,207,0.14463254041084186
6,2021-2025,rpa,208,0.14659203838766374
6,2021-2025,rpa,209,0.14680881270234325
6,2021-2025,rpa,210,0.14508184821497927
6,2021-2025,rpa,211,0.144963248676262
6,2021-2025,rpa,212,0.14559705636393583
6,2021-2025,rpa,213,0.14575947318518478
6,2021-2025,rpa,214,0.15013920548208082
6,2021-2025,rpa,215,0.1452141848931905
6,2021-2025,rpa,216,0.1473981028560972
6,2021-2025,rpa,217,0.14681647186957653
6,2021-2025,rpa,218,0.14839894729932926
6,2021-2025,rpa,219,0.1484169046890156
6,2021-2025,rpa,220,0.1458180106445834
6,2021-2025,rpa,221,0.14458199719632953
6,2021-2025,rpa,222,0.14495029566922477
6,2021-2025,rpa,223,0.14587705127124573
6,2021-2025,rpa,224,0.1462702263829755
6,2021-2025,rpa,225,0.1450054748279485
6,2021-2025,rpa,226,0.1439464883411058
6,2021-2025,rpa,227,0.14384948678058648
6,2021-2025,rpa,228,0.14645594043019997
6,2021-2025,rpa,229,0.1458649474516258
6,2021-2025,rpa,230,0.1486941992397897
6,2021-2025,rpa,231,0.14609455876028543
6,2021-2025,rpa,232,0.1454890816315083
6,2021-2025,rpa,233,0.1465217804369173
6,2021-2025,rpa,234,0.14561663904769329
6,2021-2025,rpa,235,0.14565429195201413
6,2021-2025,rpa,236,0.14799626459217127
6,2021-2025,rpa,237,0.14555480647168573
6,2021-2025,rpa,238,0.14800586469885177
6,2021-2025,rpa,239,0.14439067331992697
6,2021-2025,rpa,240,0.14590124828986228
6,2021-2025,rpa,241,0.14810098719336667
6,2021-2025,rpa,242,0.14670817263852698
6,2021-2025,rpa,243,0.1453037476253352
6,2021-2025,rpa,244,0.1469466401926537
6,2021-2025,rpa,245,0.14468326562529255
6,2021-2025,rpa,246,0.1470382182467575
6,2021-2025,rpa,247,0.14854082511356748
6,2021-2025,rpa,248,0.1463801798900261
6,2021-2025,rpa,249,0.14676835749701342
6,2021-2025,rpa,250,0.1477246187286385
6,2021-2025,rpa,251,0.1469294788541861
6,2021-2025,rpa,252,0.1447692152116733
6,2021-2025,rpa,253,0.14627878957099838
6,2021-2025,rpa,254,0.1480018588656066
6,2021-2025,rpa,255,0.14791676170505239
6,2021-2025,rpa,256,0.14973941285439693
6,2021-2025,rpa,257,0.1452561421021621
6,2021-2025,rpa,258,0.14767222083700976
6,2021-2025,rpa,259,0.14449362361420537
6,2021-2025,rpa,260,0.1485916948757549
6,2021-2025,rpa,261,0.14600716086852128
6,2021-2025,rpa,262,0.14542833814270525
6,2021-2025,rpa,263,0.14455259827392164
6,2021-2025,rpa,264,0.14580433172595447
6,2021-2025,rpa,265,0.14551856266416335
6,2021-2025,rpa,266,0.14873388366185786
6,2021-2025,rpa,267,0.14439535386145116
6,2021-2025,rpa,268,0.1446706412998571
6,2021-2025,rpa,269,0.14787303696566256
6,2021-2025,rpa,270,0.14419654499080603
6,2021-2025,rpa,271,0.14706987892856224
6,2021-2025,rpa,272,0.14638382722663382
6,2021-2025,rpa,273,0.14406167269572936
6,2021-2025,rpa,274,0.14675351522665672
6,2021-2025,rpa,275,0.14693153462481826
6,2021-2025,rpa,276,0.14657446059406337
6,2021-2025,rpa,277,0.14599279765093082
6,2021-2025,rpa,278,0.14522117104001317
6,2021-2025,rpa,279,0.14709196103988795
6,2021-2025,rpa,280,0.1469544794115079
6,2021-2025,rpa,281,0.14600454857179512
6,2021-2025,rpa,282,0.14690895379339958
6,2021-2025,rpa,283,0.14664371856338343
6,2021-2025,rpa,284,0.1453424627234567
6,2021-2025,rpa,285,0.146019138650629
6,2021-2025,rpa,286,0.1460299739695484
6,2021-2025,rpa,287,0.14606860470040775
6,2021-2025,rpa,288,0.14801666281479253
6,2021-2025,rpa,289,0.14687131516873733
6,2021-2025,rpa,290,0.14639071172923648
6,2021-2025,rpa,291,0.14442854787429257
6,2021-2025,rpa,292,0.14525689080213042
6,2021-2025,rpa,293,0.14657358778178603
6,2021-2025,rpa,294,0.14752014716419234
6,2021-2025,rpa,295,0.14695139962505688
6,2021-2025,rpa,296,0.14575484816830728
6,2021-2025,rpa,297,0.14519115669831364
6,2021-2025,rpa,298,0.14659861584844955
6,2021-2025,rpa,299,0.1458113466557857
6,2021-2025,rpa,300,0.14653783701812487
6,2021-2025,rpa,301,0.14929214437723806
6,2021-2025,rpa,302,0.14814262203916623
6,2021-2025,rpa,303,0.14695747578808285
6,2021-2025,rpa,304,0.14666879626046617
6,2021-2025,rpa,305,0.1447756937680698
6,2021-2025,rpa,306,0.14821801260450168
6,2021-2025,rpa,307,0.14545670340595904
6,2021-2025,rpa,308,0.14575836412828108
6,2021-2025,rpa,309,0.1467266595669233
6,2021-2025,rpa,310,0.14674276930714558
6,2021-2025,rpa,311,0.14763768681450484
6,2021-2025,rpa,312,0.14544452569382904
6,2021-2025,rpa,313,0.1480924972928439
6,2021-2025,rpa,314,0.14404212438508027
6,2021-2025,rpa,315,0.14604935729875498
6,2021-2025,rpa,316,0.14886815155846023
6,2021-2025,rpa,317,0.14787469315521043
6,2021-2025,rpa,318,0.14989633744649222
6,2021-2025,rpa,319,0.14425061578747678
6,2021-2025,rpa,320,0.14396407562428878
6,2021-2025,rpa,321,0.14649330166111546
6,2021-2025,rpa,322,0.1449032808642477
6,2021-2025,rpa,323,0.14815628497371067
6,2021-2025,rpa,324,0.1460881492165815
6,2021-2025,rpa,325,0.14729856759871662
6,2021-2025,rpa,326,0.14647552493994825
6,2021-2025,rpa,327,0.14704997047191987
6,2021-2025,rpa,328,0.14469093739153496
6,2021-2025,rpa,329,0.1458543285707909
6,2021-2025,rpa,330,0.14457461457659074
6,2021-2025,rpa,331,0.1457670594016969
6,2021-2025,rpa,332,0.1478405510871544
6,2021-2025,rpa,333,0.14696860197309844
6,2021-2025,rpa,334,0.14435875057536718
6,2021-2025,rpa,335,0.14708541385741575
6,2021-2025,rpa,336,0.1467191986370753
6,2021-2025,rpa,337,0.14673005814314635
6,2021-2025,rpa,338,0.14581806443500067
6,2021-2025,rpa,339,0.14410326110726424
6,2021-2025,rpa,340,0.14587383072914903
6,2021-2025,rpa,341,0.14639069345111455
6,2021-2025,rpa,342,0.14320878795543387
6,2021-2025,rpa,343,0.1468543167680238
6,2021-2025,rpa,344,0.14828173932490452
6,2021-2025,rpa,345,0.14607267966754617
6,2021-2025,rpa,346,0.14655671440503582
6,2021-2025,rpa,347,0.1476908617162954
6,2021-2025,rpa,348,0.14972204092478414
6,2021-2025,rpa,349,0.1451042226909846
6,2021-2025,rpa,350,0.14754974271996407
6,2021-2025,rpa,351,0.14751638115755036
6,2021-2025,rpa,352,0.14443983095130086
6,2021-2025,rpa,353,0.14569782165159717
6,2021-2025,rpa,354,0.14410464481566662
6,2021-2025,rpa,355,0.14640820613888977
6,2021-2025,rpa,356,0.1442812407847184
6,2021-2025,rpa,357,0.14974892892413685
6,2021-2025,rpa,358,0.14710266452094856
6,2021-2025,rpa,359,0.14724996711715665
6,2021-2025,rpa,360,0.14521743764966574
6,2021-2025,rpa,361,0.14636516903654673
6,2021-2025,rpa,362,0.1466298862942721
6,2021-2025,rpa,363,0.1460024218235954
6,2021-2025,rpa,364,0.14466744453312777
6,2021-2025,rpa,365,0.14505146981906133
6,2021-2025,rpa,366,0.14686514540822287
6,2021-2025,rpa,367,0.1454648492296453
6,2021-2025,rpa,368,0.14645918646649503
6,2021-2025,rpa,369,0.1443535113765377
6,2021-2025,rpa,370,0.1473147986294246
6,2021-2025,rpa,371,0.14531345330873416
6,2021-2025,rpa,372,0.14700825398736367
6,2021-2025,rpa,373,0.14621859384365898
6,2021-2025,rpa,374,0.14756768392346545
6,2021-2025,rpa,375,0.14556363328972755
6,2021-2025,rpa,376,0.1437623717342153
6,2021-2025,rpa,377,0.14511983523926908
6,2021-2025,rpa,378,0.14666191726093727
6,2021-2025,rpa,379,0.14560079760712683
6,2021-2025,rpa,380,0.14453180970994642
6,2021-2025,rpa,381,0.14683453809495497
6,2021-2025,rpa,382,0.14592908862023057
6,2021-2025,rpa,383,0.1459521109630353
6,2021-2025,rpa,384,0.14751734932975943
6,2021-2025,rpa,385,0.14641824910691995
6,2021-2025,rpa,386,0.14610457560788065
6,2021-2025,rpa,387,0.1456507811040597
6,2021-2025,rpa,388,0.14574051198850185
6,2021-2025,rpa,389,0.1466947302291128
6,2021-2025,rpa,390,0.14464884181046475
6,2021-2025,rpa,391,0.14676669130999917
6,2021-2025,rpa,392,0.14850639306702806
6,2021-2025,rpa,393,0.1472098301567588
6,2021-2025,rpa,394,0.1494698310808632
6,2021-2025,rpa,395,0.14517700779905413
6,2021-2025,rpa,396,0.14540080742344264
6,2021-2025,rpa,397,0.14532648374065205
6,2021-2025,rpa,398,0.14701162862492956
6,2021-2025,rpa,399,0.1462542471105807
