time_unit,window_size,period_index,period_end,period_start,member,k_active,dominant_region,dominant_region_share,region_1_share,region_2_share,region_3_share
meeting,5,11,16,12,ASOC,6,3,0.8370763417496329,0.011666177832451175,0.15125748041791606,0.8370763417496329
meeting,5,12,17,13,ASOC,8,3,0.6948991207364481,0.003924679419441733,0.30117619984411015,0.6948991207364481
meeting,5,13,18,14,ASOC,9,3,0.6474787497805449,0.03905728970356703,0.31346396051588804,0.6474787497805449
meeting,5,14,19,15,ASOC,8,3,0.561424023205807,0.014410429620396225,0.4241655471737968,0.561424023205807
meeting,5,15,20,16,ASOC,9,3,0.6138295330932825,0.03081039545658927,0.3553600714501281,0.6138295330932825
meeting,5,16,21,17,ASOC,7,2,0.8732539139699809,0.12674608603001908,0.8732539139699809,0.0
meeting,5,17,22,18,ASOC,7,2,0.8291902380106225,0.17080976198937745,0.8291902380106225,0.0
meeting,5,18,23,19,ASOC,8,2,0.8215790991916725,0.171836601325483,0.8215790991916725,0.006584299482844696
meeting,5,19,24,20,ASOC,10,2,0.7450680167259788,0.23099017485638795,0.7450680167259788,0.023941808417633405
meeting,5,20,25,21,ASOC,9,2,0.8916181174506719,0.04153130458922247,0.8916181174506719,0.0668505779601057
meeting,5,21,26,22,ASOC,11,2,0.7454705521354669,0.03344198665668612,0.7454705521354669,0.22108746120784703
meeting,5,22,27,23,ASOC,13,2,0.8009842156834541,0.01702346173467947,0.8009842156834541,0.1819923225818664
meeting,5,23,28,24,ASOC,13,2,0.7274223836666006,0.01894332464908883,0.7274223836666006,0.2536342916843106
meeting,5,24,29,25,ASOC,13,2,0.672436477410836,0.029728193802732325,0.672436477410836,0.2978353287864317
meeting,5,25,30,26,ASOC,13,3,0.680520631548162,0.019450416486140765,0.3000289519656973,0.680520631548162
meeting,5,26,31,27,ASOC,15,3,0.6907638963442283,0.021554430010745754,0.287681673645026,0.6907638963442283
meeting,5,27,32,28,ASOC,14,3,0.6398443657651871,0.026879455500139007,0.33327617873467397,0.6398443657651871
meeting,5,28,33,29,ASOC,12,2,0.5506382688800862,0.06075138905111215,0.5506382688800862,0.38861034206880174
meeting,5,29,34,30,ASOC,14,2,0.6005936905839443,0.06957857281724376,0.6005936905839443,0.329827736598812
meeting,5,30,35,31,ASOC,13,2,0.7604201789163392,0.09341808439675918,0.7604201789163392,0.14616173668690163
meeting,5,31,36,32,ASOC,13,2,0.7063367107764525,0.11955194742165612,0.7063367107764525,0.17411134180189128
meeting,5,32,37,33,ASOC,13,2,0.6589463150921872,0.13697654915597007,0.6589463150921872,0.20407713575184278
meeting,5,33,38,34,ASOC,11,2,0.55754934725744,0.13877802862529148,0.55754934725744,0.3036726241172686
meeting,5,34,39,35,ASOC,10,2,0.5364970903266459,0.12957532021244195,0.5364970903266459,0.3339275894609121
meeting,5,35,40,36,ASOC,11,2,0.5100782531082266,0.10308360686549277,0.5100782531082266,0.38683814002628064
meeting,5,36,41,37,ASOC,9,3,0.5494021560937369,0.08070997382354117,0.36988787008272195,0.5494021560937369
meeting,5,37,42,38,ASOC,9,2,0.6003185226261417,0.14479495767565698,0.6003185226261417,0.2548865196982013
meeting,5,38,43,39,ASOC,9,2,0.5428492591659483,0.18292859654931015,0.5428492591659483,0.2742221442847416
meeting,5,39,44,40,ASOC,9,2,0.4321003632787016,0.22282175061447712,0.4321003632787016,0.34507788610682116
meeting,5,40,45,41,ASOC,8,2,0.5521333568598388,0.18357336431848112,0.5521333568598388,0.26429327882168
meeting,5,41,46,42,ASOC,8,2,0.648073759349991,0.2180938856164192,0.648073759349991,0.13383235503358973
meeting,5,42,47,43,ASOC,8,2,0.7192013723292121,0.20467814364956846,0.7192013723292121,0.07612048402121946
meeting,5,23,28,24,ATS,8,2,0.60523154729888,0.3947684527011201,0.60523154729888,0.0
meeting,5,24,29,25,ATS,9,2,0.6155648737075836,0.3844351262924164,0.6155648737075836,0.0
meeting,5,25,30,26,ATS,9,2,0.5293780763013641,0.47062192369863587,0.5293780763013641,0.0
meeting,5,26,31,27,ATS,9,1,0.5313919521300989,0.5313919521300989,0.4686080478699011,0.0
meeting,5,27,32,28,ATS,10,1,0.614401876610059,0.614401876610059,0.38559812338994104,0.0
meeting,5,0,5,1,Argentina,4,1,1.0,1.0,0.0,0.0
meeting,5,1,6,2,Argentina,4,1,0.8478260869565217,0.8478260869565217,0.0,0.15217391304347827
meeting,5,2,7,3,Argentina,5,1,0.5481439084822994,0.5481439084822994,0.0,0.4518560915177006
meeting,5,3,8,4,Argentina,7,1,0.5045963334437106,0.5045963334437106,0.007719375658517047,0.48768429089777254
meeting,5,4,9,5,Argentina,6,2,0.7051814161614935,0.1580673627137861,0.7051814161614935,0.13675122112472027
meeting,5,5,10,6,Argentina,6,2,0.5167404004530272,0.25187810950186773,0.5167404004530272,0.23138149004510514
meeting,5,6,11,7,Argentina,6,1,0.5700959461442009,0.5700959461442009,0.42048909322625083,0.009414960629548347
meeting,5,7,12,8,Argentina,7,2,0.6127627177388264,0.35917657435929395,0.6127627177388264,0.028060707901879763
meeting,5,8,13,9,Argentina,5,2,0.6912143024192502,0.3087856975807499,0.6912143024192502,0.0
meeting,5,9,14,10,Argentina,6,2,0.5521759365973107,0.39343330101940505,0.5521759365973107,0.054390762383284386
meeting,5,10,15,11,Argentina,8,2,0.4737287690476552,0.27495835933556545,0.4737287690476552,0.2513128716167795
meeting,5,11,16,12,Argentina,6,1,0.6652515147295113,0.6652515147295113,0.2978001658374817,0.036948319433007
meeting,5,12,17,13,Argentina,10,1,0.7263224273424397,0.7263224273424397,0.24091931871173417,0.03275825394582611
meeting,5,13,18,14,Argentina,8,2,0.6643058993493808,0.3356941006506192,0.6643058993493808,0.0
meeting,5,14,19,15,Argentina,6,2,0.7599902494845961,0.2400097505154038,0.7599902494845961,0.0
meeting,5,15,20,16,Argentina,6,2,0.899422342715137,0.100577657284863,0.899422342715137,0.0
meeting,5,16,21,17,Argentina,8,2,0.9334639188410914,0.05787217890755453,0.9334639188410914,0.008663902251354135
meeting,5,17,22,18,Argentina,11,2,0.9037570310515632,0.05372855213920805,0.9037570310515632,0.0425144168092287
meeting,5,18,23,19,Argentina,9,2,0.7948444328651504,0.08087662939087463,0.7948444328651504,0.12427893774397505
meeting,5,19,24,20,Argentina,9,3,0.6125871572875753,0.0687130393966349,0.3186998033157896,0.6125871572875753
meeting,5,20,25,21,Argentina,9,3,0.6823536367824726,0.09745893099147375,0.22018743222605364,0.6823536367824726
meeting,5,21,26,22,Argentina,9,3,0.6256178849817831,0.17047702657970978,0.20390508843850708,0.6256178849817831
meeting,5,22,27,23,Argentina,9,3,0.7521041269580298,0.12131662565499278,0.12657924738697743,0.7521041269580298
meeting,5,23,28,24,Argentina,9,3,0.7975351589256962,0.11268480902937725,0.08978003204492668,0.7975351589256962
meeting,5,24,29,25,Argentina,12,1,0.5418080426686016,0.5418080426686016,0.2473679785414425,0.21082397878995582
meeting,5,25,30,26,Argentina,11,1,0.6189061709059187,0.6189061709059187,0.2568863541070421,0.12420747498703928
meeting,5,26,31,27,Argentina,11,1,0.655378482020172,0.655378482020172,0.21314032090436646,0.13148119707546146
meeting,5,27,32,28,Argentina,11,1,0.6475227241935553,0.6475227241935553,0.20096617660414606,0.15151109920229866
meeting,5,28,33,29,Argentina,11,1,0.5689546667025522,0.5689546667025522,0.2596946835962452,0.17135064970120262
meeting,5,29,34,30,Argentina,9,1,0.516851761524493,0.516851761524493,0.29463087551106143,0.18851736296444563
meeting,5,30,35,31,Argentina,8,2,0.5374928269951125,0.11952044965632579,0.5374928269951125,0.3429867233485618
meeting,5,31,36,32,Argentina,9,3,0.4199765506913121,0.2182102920025547,0.3618131573061332,0.4199765506913121
meeting,5,32,37,33,Argentina,9,3,0.41859776686764044,0.17407190490541155,0.4073303282269481,0.41859776686764044
meeting,5,33,38,34,Argentina,11,2,0.5502422816941804,0.11551566927368027,0.5502422816941804,0.3342420490321393
meeting,5,34,39,35,Argentina,12,2,0.4913300371470779,0.17424818832497088,0.4913300371470779,0.3344217745279512
meeting,5,35,40,36,Argentina,13,2,0.4758157266581117,0.17396837705288404,0.4758157266581117,0.3502158962890042
meeting,5,36,41,37,Argentina,15,2,0.5554057700204554,0.15265978243193778,0.5554057700204554,0.2919344475476068
meeting,5,37,42,38,Argentina,13,2,0.5822393091705433,0.21926217783252333,0.5822393091705433,0.19849851299693322
meeting,5,38,43,39,Argentina,13,2,0.4444809648573123,0.3371191106090109,0.4444809648573123,0.21839992453367682
meeting,5,39,44,40,Argentina,13,2,0.4273436322843331,0.3969183469501473,0.4273436322843331,0.17573802076551956
meeting,5,40,45,41,Argentina,14,1,0.46989936062974125,0.46989936062974125,0.3909649811237371,0.1391356582465215
meeting,5,41,46,42,Argentina,14,1,0.4840816706314619,0.4840816706314619,0.39859642237123627,0.1173219069973019
meeting,5,42,47,43,Argentina,12,2,0.45088534435660277,0.43468021407827623,0.45088534435660277,0.1144344415651209
meeting,5,0,5,1,Australia,9,2,0.5705487501479278,0.3349336109549473,0.5705487501479278,0.09451763889712501
meeting,5,1,6,2,Australia,6,1,0.483756699085192,0.483756699085192,0.3143728388627928,0.2018704620520152
meeting,5,2,7,3,Australia,7,1,0.4537915824747399,0.4537915824747399,0.41769919373356434,0.1285092237916958
meeting,5,3,8,4,Australia,7,1,0.4611157237071228,0.4611157237071228,0.27238171448677156,0.2665025618061057
meeting,5,4,9,5,Australia,7,1,0.4839782294034538,0.4839782294034538,0.2580664276940303,0.2579553429025159
meeting,5,5,10,6,Australia,6,2,0.3903326433338899,0.37346535796911706,0.3903326433338899,0.23620199869699318
meeting,5,6,11,7,Australia,5,2,0.4835003524317219,0.2355041398257537,0.4835003524317219,0.28099550774252446
meeting,5,7,12,8,Australia,8,1,0.5261272698997841,0.5261272698997841,0.15269014301144077,0.3211825870887753
meeting,5,8,13,9,Australia,7,1,0.5233196558796233,0.5233196558796233,0.09291648130803264,0.3837638628123441
meeting,5,9,14,10,Australia,10,1,0.6753025821976429,0.6753025821976429,0.18867026592324695,0.13602715187911002
meeting,5,10,15,11,Australia,10,2,0.5763812760576182,0.17209033966290582,0.5763812760576182,0.251528384279476
meeting,5,11,16,12,Australia,8,2,0.4661654441213654,0.2725403813194295,0.4661654441213654,0.2612941745592051
meeting,5,12,17,13,Australia,12,3,0.5774556324657091,0.11871340391206224,0.3038309636222286,0.5774556324657091
meeting,5,13,18,14,Australia,9,3,0.5936076572580974,0.12068038212310175,0.2857119606188009,0.5936076572580974
meeting,5,14,19,15,Australia,7,3,0.47213326381191484,0.1410974257298744,0.3867693104582108,0.47213326381191484
meeting,5,15,20,16,Australia,14,3,0.5796514342809104,0.14178373216842466,0.27856483355066497,0.5796514342809104
meeting,5,16,21,17,Australia,15,3,0.5549952030890838,0.08836805391009614,0.35663674300082004,0.5549952030890838
meeting,5,17,22,18,Australia,15,3,0.5293372205197487,0.09790353195924931,0.3727592475210019,0.5293372205197487
meeting,5,18,23,19,Australia,11,2,0.6033107080382696,0.14849647112649159,0.6033107080382696,0.24819282083523894
meeting,5,19,24,20,Australia,10,2,0.6267154695769845,0.11483579996834199,0.6267154695769845,0.2584487304546733
meeting,5,20,25,21,Australia,12,2,0.800195798745531,0.17673551372234586,0.800195798745531,0.023068687532123128
meeting,5,21,26,22,Australia,13,2,0.7095559391112213,0.23708029692641208,0.7095559391112213,0.05336376396236651
meeting,5,22,27,23,Australia,10,2,0.7058254985926956,0.18517026907819908,0.7058254985926956,0.10900423232910528
meeting,5,23,28,24,Australia,13,2,0.6220069479397522,0.1611643642170432,0.6220069479397522,0.21682868784320455
meeting,5,24,29,25,Australia,14,3,0.5768269842768927,0.13715398203762277,0.28601903368548454,0.5768269842768927
meeting,5,25,30,26,Australia,14,3,0.6248474431823966,0.13193031390900722,0.24322224290859623,0.6248474431823966
meeting,5,26,31,27,Australia,14,3,0.6172801393041665,0.16415619622267263,0.21856366447316086,0.6172801393041665
meeting,5,27,32,28,Australia,14,3,0.6721710384896472,0.13958538880534072,0.18824357270501207,0.6721710384896472
meeting,5,28,33,29,Australia,13,3,0.5814212563495582,0.24515241200912,0.1734263316413218,0.5814212563495582
meeting,5,29,34,30,Australia,13,2,0.36962992666662503,0.28937010153476495,0.36962992666662503,0.3409999717986101
meeting,5,30,35,31,Australia,15,1,0.42837300898783987,0.42837300898783987,0.32108932377817934,0.2505376672339808
meeting,5,31,36,32,Australia,13,2,0.370108757757984,0.32405245755821643,0.370108757757984,0.30583878468379955
meeting,5,32,37,33,Australia,13,1,0.44511403371298436,0.44511403371298436,0.3346144284420127,0.22027153784500283
meeting,5,33,38,34,Australia,14,2,0.4551340393669461,0.2475801690308806,0.4551340393669461,0.29728579160217333
meeting,5,34,39,35,Australia,13,3,0.399904871587111,0.3755504446029089,0.22454468380998005,0.399904871587111
meeting,5,35,40,36,Australia,15,3,0.45033339746600676,0.362639531731403,0.18702707080259018,0.45033339746600676
meeting,5,36,41,37,Australia,12,3,0.5558109730170538,0.27940839948415547,0.16478062749879066,0.5558109730170538
meeting,5,37,42,38,Australia,13,3,0.5515025337074732,0.281130890818824,0.16736657547370293,0.5515025337074732
meeting,5,38,43,39,Australia,16,3,0.5229204697526864,0.22122527684857166,0.255854253398742,0.5229204697526864
meeting,5,39,44,40,Australia,14,3,0.4636509004922821,0.1776324880584608,0.35871661144925693,0.4636509004922821
meeting,5,40,45,41,Australia,14,3,0.4046127652536678,0.2389794030504054,0.3564078316959268,0.4046127652536678
meeting,5,41,46,42,Australia,14,2,0.4316845174324381,0.2947972066148449,0.4316845174324381,0.273518275952717
meeting,5,42,47,43,Australia,16,2,0.47654926888204946,0.3172625378847451,0.47654926888204946,0.20618819323320545
meeting,5,33,38,34,Belarus,3,2,0.8603614232479174,0.13963857675208266,0.8603614232479174,0.0
meeting,5,34,39,35,Belarus,5,2,0.9098319680399352,0.09016803196006493,0.9098319680399352,0.0
meeting,5,35,40,36,Belarus,7,2,0.9484347141712222,0.051565285828777896,0.9484347141712222,0.0
meeting,5,36,41,37,Belarus,8,2,0.6855913942304329,0.3144086057695672,0.6855913942304329,0.0
meeting,5,37,42,38,Belarus,9,2,0.6282507146174606,0.3717492853825393,0.6282507146174606,0.0
meeting,5,38,43,39,Belarus,9,2,0.7738879910090537,0.22611200899094627,0.7738879910090537,0.0
meeting,5,39,44,40,Belarus,9,2,0.6975611318538167,0.23644325970881902,0.6975611318538167,0.06599560843736432
meeting,5,40,45,41,Belarus,8,2,0.6332703804928044,0.29243142165366814,0.6332703804928044,0.07429819785352741
meeting,5,41,46,42,Belarus,6,2,0.8032488302961398,0.09550229090366547,0.8032488302961398,0.10124887880019479
meeting,5,42,47,43,Belarus,6,2,0.7772413193833025,0.07473405408365788,0.7772413193833025,0.14802462653303958
meeting,5,0,5,1,Belgium,4,1,0.7610198789974072,0.7610198789974072,0.23898012100259292,0.0
meeting,5,1,6,2,Belgium,4,1,0.6735074626865671,0.6735074626865671,0.3264925373134328,0.0
meeting,5,2,7,3,Belgium,5,1,0.9410945306764936,0.9410945306764936,0.0,0.05890546932350636
meeting,5,3,8,4,Belgium,4,1,0.619158691893129,0.619158691893129,0.18170417309524065,0.19913713501163033
meeting,5,4,9,5,Belgium,4,1,0.5837905481127342,0.5837905481127342,0.24881693442936917,0.16739251745789657
meeting,5,5,10,6,Belgium,4,1,0.5962412852379508,0.5962412852379508,0.253208042841265,0.15055067192078403
meeting,5,6,11,7,Belgium,4,1,0.5050670660387765,0.5050670660387765,0.33761310697279795,0.1573198269884256
meeting,5,8,13,9,Belgium,5,2,0.6325862776505473,0.3674137223494526,0.6325862776505473,0.0
meeting,5,9,14,10,Belgium,5,1,0.5004833258575736,0.5004833258575736,0.4995166741424264,0.0
meeting,5,10,15,11,Belgium,5,1,0.64195120191246,0.64195120191246,0.35804879808754,0.0
meeting,5,11,16,12,Belgium,4,1,0.6035468071771779,0.6035468071771779,0.39645319282282215,0.0
meeting,5,12,17,13,Belgium,4,1,0.7141476288077642,0.7141476288077642,0.2858523711922358,0.0
meeting,5,13,18,14,Belgium,6,1,0.6622513015200198,0.6622513015200198,0.3377486984799801,0.0
meeting,5,14,19,15,Belgium,5,1,0.8794512552896293,0.8794512552896293,0.12054874471037064,0.0
meeting,5,15,20,16,Belgium,6,2,0.6493520846019162,0.3506479153980838,0.6493520846019162,0.0
meeting,5,16,21,17,Belgium,7,1,0.5422330226835239,0.5422330226835239,0.45776697731647603,0.0
meeting,5,17,22,18,Belgium,6,1,0.7397627443351642,0.7397627443351642,0.26023725566483585,0.0
meeting,5,18,23,19,Belgium,5,2,0.5194470538553686,0.48055294614463123,0.5194470538553686,0.0
meeting,5,19,24,20,Belgium,6,2,0.6557252461450495,0.34427475385495043,0.6557252461450495,0.0
meeting,5,20,25,21,Belgium,4,2,0.5807051990823991,0.4192948009176009,0.5807051990823991,0.0
meeting,5,21,26,22,Belgium,3,2,0.8688744839782051,0.13112551602179492,0.8688744839782051,0.0
meeting,5,22,27,23,Belgium,5,2,0.5864352022377303,0.4135647977622698,0.5864352022377303,0.0
meeting,5,23,28,24,Belgium,5,1,0.5902867185610878,0.5902867185610878,0.4097132814389122,0.0
meeting,5,24,29,25,Belgium,7,2,0.6775441271064689,0.32245587289353106,0.6775441271064689,0.0
meeting,5,25,30,26,Belgium,9,2,0.7892975013941221,0.21070249860587792,0.7892975013941221,0.0
meeting,5,26,31,27,Belgium,10,2,0.7915099527981501,0.20849004720184994,0.7915099527981501,0.0
meeting,5,27,32,28,Belgium,10,2,0.7225459668493602,0.1300840459903122,0.7225459668493602,0.14736998716032756
meeting,5,28,33,29,Belgium,9,2,0.8390753591758993,0.09286062374729932,0.8390753591758993,0.06806401707680151
meeting,5,29,34,30,Belgium,8,2,0.8212769061045574,0.1123708901932186,0.8212769061045574,0.06635220370222397
meeting,5,30,35,31,Belgium,8,2,0.7489374772576881,0.1785155658474433,0.7489374772576881,0.07254695689486858
meeting,5,31,36,32,Belgium,10,2,0.7173579036873161,0.14689750982761104,0.7173579036873161,0.13574458648507276
meeting,5,32,37,33,Belgium,10,2,0.7050816714843362,0.20079053707873526,0.7050816714843362,0.09412779143692851
meeting,5,33,38,34,Belgium,9,2,0.7431302635092452,0.1594842589056186,0.7431302635092452,0.0973854775851363
meeting,5,34,39,35,Belgium,9,2,0.747221505644058,0.16328437992801065,0.747221505644058,0.08949411442793148
meeting,5,35,40,36,Belgium,10,2,0.6924747261791118,0.16511941233182675,0.6924747261791118,0.14240586148906156
meeting,5,36,41,37,Belgium,10,2,0.6264561415299605,0.13655668949272923,0.6264561415299605,0.23698716897731012
meeting,5,37,42,38,Belgium,8,2,0.6664130827096324,0.12203660943064337,0.6664130827096324,0.2115503078597243
meeting,5,38,43,39,Belgium,7,2,0.7698676330810502,0.23013236691894978,0.7698676330810502,0.0
meeting,5,39,44,40,Belgium,9,2,0.5715900905830456,0.28530364221367077,0.5715900905830456,0.1431062672032837
meeting,5,40,45,41,Belgium,8,2,0.49591900299267366,0.3331334570195119,0.49591900299267366,0.1709475399878144
meeting,5,41,46,42,Belgium,6,1,0.4312968627371852,0.4312968627371852,0.24688245541916773,0.32182068184364704
meeting,5,42,47,43,Belgium,7,1,0.7049368822252905,0.7049368822252905,0.12383126002080301,0.1712318577539065
meeting,5,9,14,10,Brazil,6,2,0.5034034516183834,0.4783103658475652,0.5034034516183834,0.01828618253405151
meeting,5,10,15,11,Brazil,6,1,0.42986799597044156,0.42986799597044156,0.42478856429535167,0.14534343973420671
meeting,5,11,16,12,Brazil,7,1,0.67167093078756,0.67167093078756,0.028140296165208935,0.3001887730472311
meeting,5,12,17,13,Brazil,6,1,0.5189367474377322,0.5189367474377322,0.03797867783386324,0.44308457472840446
meeting,5,13,18,14,Brazil,7,3,0.7023051974097646,0.27509008480457153,0.022604717785663902,0.7023051974097646
meeting,5,14,19,15,Brazil,3,1,1.0,1.0,0.0,0.0
meeting,5,15,20,16,Brazil,7,2,0.7016020094091269,0.2983979905908731,0.7016020094091269,0.0
meeting,5,16,21,17,Brazil,8,2,0.7381478233393349,0.2618521766606651,0.7381478233393349,0.0
meeting,5,17,22,18,Brazil,11,2,0.7016770167692418,0.2939018845505214,0.7016770167692418,0.004421098680236883
meeting,5,18,23,19,Brazil,12,2,0.6901023007149444,0.2969676501648515,0.6901023007149444,0.012930049120204125
meeting,5,19,24,20,Brazil,10,2,0.6077429395565644,0.36809303417545247,0.6077429395565644,0.02416402626798303
meeting,5,20,25,21,Brazil,8,1,0.527315222116518,0.527315222116518,0.4726847778834819,0.0
meeting,5,21,26,22,Brazil,5,1,0.6522064840889368,0.6522064840889368,0.3477935159110632,0.0
meeting,5,22,27,23,Brazil,5,1,0.80333857740502,0.80333857740502,0.19666142259497993,0.0
meeting,5,23,28,24,Brazil,5,1,0.5575948837327145,0.5575948837327145,0.44240511626728546,0.0
meeting,5,24,29,25,Brazil,5,2,0.7142423782324938,0.28575762176750624,0.7142423782324938,0.0
meeting,5,25,30,26,Brazil,6,2,0.7100470085225445,0.28995299147745546,0.7100470085225445,0.0
meeting,5,26,31,27,Brazil,7,2,0.5695963427511197,0.24305743657870418,0.5695963427511197,0.18734622067017614
meeting,5,27,32,28,Brazil,10,2,0.6728555072401624,0.17927422000826126,0.6728555072401624,0.14787027275157635
meeting,5,28,33,29,Brazil,10,2,0.5759138206768166,0.2238187588556369,0.5759138206768166,0.20026742046754656
meeting,5,29,34,30,Brazil,9,2,0.42460331806791857,0.17984046920575728,0.42460331806791857,0.3955562127263242
meeting,5,30,35,31,Brazil,10,2,0.6874059016552577,0.12386143274872712,0.6874059016552577,0.18873266559601523
meeting,5,31,36,32,Brazil,10,2,0.6937580187886078,0.30624198121139223,0.6937580187886078,0.0
meeting,5,32,37,33,Brazil,8,1,0.5399577408496694,0.5399577408496694,0.4600422591503306,0.0
meeting,5,33,38,34,Brazil,8,2,0.7555025056986528,0.24449749430134723,0.7555025056986528,0.0
meeting,5,34,39,35,Brazil,9,2,0.6820777629968151,0.3179222370031849,0.6820777629968151,0.0
meeting,5,35,40,36,Brazil,8,2,0.5509604270354721,0.4490395729645279,0.5509604270354721,0.0
meeting,5,36,41,37,Brazil,10,2,0.5752428052221071,0.42475719477789287,0.5752428052221071,0.0
meeting,5,37,42,38,Brazil,8,1,0.6302261682114219,0.6302261682114219,0.36977383178857814,0.0
meeting,5,38,43,39,Brazil,8,1,0.7235846281097512,0.7235846281097512,0.27641537189024884,0.0
meeting,5,39,44,40,Brazil,9,1,0.6036908909400222,0.6036908909400222,0.39630910905997785,0.0
meeting,5,40,45,41,Brazil,10,1,0.5324391154810179,0.5324391154810179,0.46756088451898214,0.0
meeting,5,41,46,42,Brazil,7,2,0.7124921022993208,0.2875078977006792,0.7124921022993208,0.0
meeting,5,42,47,43,Brazil,9,2,0.5110838077501783,0.48891619224982175,0.5110838077501783,0.0
meeting,5,16,21,17,Bulgaria,4,1,1.0,1.0,0.0,0.0
meeting,5,17,22,18,Bulgaria,4,1,1.0,1.0,0.0,0.0
meeting,5,18,23,19,Bulgaria,5,1,1.0,1.0,0.0,0.0
meeting,5,19,24,20,Bulgaria,5,1,0.9902632438244883,0.9902632438244883,0.009736756175511627,0.0
meeting,5,20,25,21,Bulgaria,7,1,0.985166604844384,0.985166604844384,0.014833395155615929,0.0
meeting,5,21,26,22,Bulgaria,6,1,0.9612472363627224,0.9612472363627224,0.0387527636372775,0.0
meeting,5,22,27,23,Bulgaria,5,1,0.9399983563186094,0.9399983563186094,0.06000164368139055,0.0
meeting,5,23,28,24,Bulgaria,3,1,1.0,1.0,0.0,0.0
meeting,5,24,29,25,Bulgaria,3,1,1.0,1.0,0.0,0.0
meeting,5,27,32,28,Bulgaria,4,2,0.9202932037209454,0.07970679627905457,0.9202932037209454,0.0
meeting,5,28,33,29,Bulgaria,4,2,0.811751054349738,0.1882489456502619,0.811751054349738,0.0
meeting,5,29,34,30,Bulgaria,6,2,0.6547972058079907,0.2973887781249625,0.6547972058079907,0.047814016067046765
meeting,5,30,35,31,Bulgaria,6,2,0.5742952562250524,0.3896673604677951,0.5742952562250524,0.036037383307152275
meeting,5,31,36,32,Bulgaria,5,1,0.5678255955250113,0.5678255955250113,0.3780683249698466,0.05410607950514204
meeting,5,32,37,33,Bulgaria,4,1,0.8728354228835116,0.8728354228835116,0.0829607640342224,0.04420381308226605
meeting,5,33,38,34,Bulgaria,5,1,0.6552915095713457,0.6552915095713457,0.33257531737422663,0.01213317305442756
meeting,5,34,39,35,Bulgaria,3,1,0.7726168385966058,0.7726168385966058,0.22738316140339412,0.0
meeting,5,37,42,38,Bulgaria,3,1,0.7937614676844417,0.7937614676844417,0.2062385323155583,0.0
meeting,5,38,43,39,Bulgaria,3,1,1.0,1.0,0.0,0.0
meeting,5,39,44,40,Bulgaria,3,1,1.0,1.0,0.0,0.0
meeting,5,40,45,41,Bulgaria,3,1,1.0,1.0,0.0,0.0
meeting,5,41,46,42,Bulgaria,5,1,0.7071872587214298,0.7071872587214298,0.2928127412785702,0.0
meeting,5,42,47,43,Bulgaria,5,1,0.6493684798230458,0.6493684798230458,0.3506315201769542,0.0
meeting,5,14,19,15,CCAMLR,3,3,0.8711870303873765,0.058964797389202336,0.06984817222342105,0.8711870303873765
meeting,5,15,20,16,CCAMLR,4,3,0.7312788733734888,0.04952994813794244,0.21919117848856864,0.7312788733734888
meeting,5,16,21,17,CCAMLR,4,3,0.7068064861619233,0.08861833560237338,0.20457517823570326,0.7068064861619233
meeting,5,17,22,18,CCAMLR,3,2,0.645225641955132,0.354774358044868,0.645225641955132,0.0
meeting,5,18,23,19,CCAMLR,3,2,0.6069516309496761,0.39304836905032386,0.6069516309496761,0.0
meeting,5,19,24,20,CCAMLR,3,2,0.7971694091567908,0.20283059084320915,0.7971694091567908,0.0
meeting,5,20,25,21,CCAMLR,3,2,0.7777873518340002,0.22221264816599973,0.7777873518340002,0.0
meeting,5,21,26,22,CCAMLR,3,2,0.6935209509718071,0.306479049028193,0.6935209509718071,0.0
meeting,5,22,27,23,CCAMLR,3,2,0.5847995110371982,0.4152004889628019,0.5847995110371982,0.0
meeting,5,23,28,24,CCAMLR,3,2,0.5442353621800798,0.45576463781992027,0.5442353621800798,0.0
meeting,5,24,29,25,CCAMLR,3,1,0.8034271417767161,0.8034271417767161,0.1965728582232838,0.0
meeting,5,31,36,32,CCAMLR,3,2,0.6726025433557916,0.24347775426083765,0.6726025433557916,0.08391970238337075
meeting,5,32,37,33,CCAMLR,3,2,0.7282615767484533,0.1851108943689684,0.7282615767484533,0.08662752888257834
meeting,5,33,38,34,CCAMLR,4,2,0.6694868858244211,0.18884105059466913,0.6694868858244211,0.14167206358090975
meeting,5,34,39,35,CCAMLR,4,2,0.41985965068903286,0.2030844165758076,0.41985965068903286,0.3770559327351595
meeting,5,35,40,36,CCAMLR,4,2,0.4070138553700876,0.2065438699336118,0.4070138553700876,0.3864422746963006
meeting,5,36,41,37,CCAMLR,3,2,0.6544374424385945,0.3455625575614055,0.6544374424385945,0.0
meeting,5,37,42,38,CCAMLR,4,3,0.8306087768990147,0.06271550966308552,0.10667571343789986,0.8306087768990147
meeting,5,38,43,39,CCAMLR,3,3,0.8436629176434634,0.06713258031179756,0.08920450204473897,0.8436629176434634
meeting,5,39,44,40,CCAMLR,3,3,0.8448588364713207,0.0735135387784468,0.08162762475023246,0.8448588364713207
meeting,5,40,45,41,CCAMLR,3,3,0.8441953052341076,0.06000921232652319,0.0957954824393693,0.8441953052341076
meeting,5,41,46,42,CCAMLR,4,3,0.8423009075589355,0.07196503676080421,0.08573405568026023,0.8423009075589355
meeting,5,42,47,43,CCAMLR,4,2,0.5166243436770123,0.48337565632298785,0.5166243436770123,0.0
meeting,5,12,17,13,COMNAP,3,2,0.5716950102441131,0.4283049897558869,0.5716950102441131,0.0
meeting,5,13,18,14,COMNAP,5,2,0.7634196388410163,0.2365803611589837,0.7634196388410163,0.0
meeting,5,14,19,15,COMNAP,6,2,0.7236627214461873,0.27633727855381274,0.7236627214461873,0.0
meeting,5,15,20,16,COMNAP,5,2,0.6218887409516279,0.3781112590483722,0.6218887409516279,0.0
meeting,5,16,21,17,COMNAP,5,2,0.6069462516961478,0.39305374830385215,0.6069462516961478,0.0
meeting,5,17,22,18,COMNAP,7,2,0.5015415038478409,0.4984584961521592,0.5015415038478409,0.0
meeting,5,18,23,19,COMNAP,9,2,0.5506787376488644,0.4493212623511356,0.5506787376488644,0.0
meeting,5,19,24,20,COMNAP,9,2,0.5232227166545783,0.4767772833454217,0.5232227166545783,0.0
meeting,5,20,25,21,COMNAP,8,2,0.5241599849624969,0.4758400150375031,0.5241599849624969,0.0
meeting,5,21,26,22,COMNAP,8,2,0.5480203174979831,0.4519796825020168,0.5480203174979831,0.0
meeting,5,22,27,23,COMNAP,9,2,0.7014576915740222,0.28344815044529564,0.7014576915740222,0.015094157980682154
meeting,5,23,28,24,COMNAP,10,2,0.7531013049959397,0.23357923626672517,0.7531013049959397,0.013319458737335076
meeting,5,24,29,25,COMNAP,12,2,0.7691226687998557,0.15161560523695067,0.7691226687998557,0.07926172596319356
meeting,5,25,30,26,COMNAP,13,2,0.8570922990156056,0.07180036265402884,0.8570922990156056,0.07110733833036552
meeting,5,26,31,27,COMNAP,13,2,0.8894761059885604,0.03785555236181296,0.8894761059885604,0.0726683416496268
meeting,5,27,32,28,COMNAP,11,2,0.8515913788245446,0.04118548397023971,0.8515913788245446,0.10722313720521566
meeting,5,28,33,29,COMNAP,11,2,0.8532546053125796,0.013569841943770476,0.8532546053125796,0.13317555274364992
meeting,5,29,34,30,COMNAP,10,2,0.9692594609999091,0.030740539000090935,0.9692594609999091,0.0
meeting,5,30,35,31,COMNAP,8,2,0.8453809853944975,0.08394550560618638,0.8453809853944975,0.07067350899931622
meeting,5,31,36,32,COMNAP,11,2,0.6939313776441111,0.08153634206302392,0.6939313776441111,0.2245322802928651
meeting,5,32,37,33,COMNAP,12,2,0.84806755967937,0.06843687168315474,0.84806755967937,0.08349556863747526
meeting,5,33,38,34,COMNAP,12,2,0.674993299877458,0.27522347150498383,0.674993299877458,0.04978322861755815
meeting,5,34,39,35,COMNAP,13,2,0.759676558069452,0.1374682904152933,0.759676558069452,0.10285515151525462
meeting,5,35,40,36,COMNAP,13,2,0.6886318131653673,0.16566609592672837,0.6886318131653673,0.14570209090790442
meeting,5,36,41,37,COMNAP,11,2,0.47742055138168304,0.16307600699345778,0.47742055138168304,0.3595034416248591
meeting,5,37,42,38,COMNAP,10,3,0.5844995345398288,0.2800501242071965,0.13545034125297462,0.5844995345398288
meeting,5,38,43,39,COMNAP,8,3,0.6449220109822541,0.2069143052910094,0.1481636837267365,0.6449220109822541
meeting,5,39,44,40,COMNAP,8,3,0.5861466420315771,0.28260048466748383,0.13125287330093896,0.5861466420315771
meeting,5,40,45,41,COMNAP,8,3,0.7484273365144077,0.07037315905299542,0.18119950443259683,0.7484273365144077
meeting,5,41,46,42,COMNAP,5,2,1.0,0.0,1.0,0.0
meeting,5,42,47,43,COMNAP,9,1,0.8198307845521988,0.8198307845521988,0.18016921544780107,0.0
meeting,5,18,23,19,Canada,4,2,0.9376846027185204,0.062315397281479674,0.9376846027185204,0.0
meeting,5,19,24,20,Canada,4,2,0.9154313163367414,0.08456868366325868,0.9154313163367414,0.0
meeting,5,20,25,21,Canada,3,2,0.8577429050059124,0.14225709499408748,0.8577429050059124,0.0
meeting,5,21,26,22,Canada,3,2,0.6275196513347343,0.37248034866526586,0.6275196513347343,0.0
meeting,5,22,27,23,Canada,3,2,0.5697992270713546,0.43020077292864545,0.5697992270713546,0.0
meeting,5,38,43,39,Canada,4,1,0.8637210937468064,0.8637210937468064,0.13627890625319367,0.0
meeting,5,39,44,40,Canada,4,1,0.8720856696443944,0.8720856696443944,0.12791433035560568,0.0
meeting,5,40,45,41,Canada,4,1,0.9366827490892089,0.9366827490892089,0.06331725091079107,0.0
meeting,5,41,46,42,Canada,5,1,0.9953619482968761,0.9953619482968761,0.004638051703123906,0.0
meeting,5,42,47,43,Canada,4,1,1.0,1.0,0.0,0.0
meeting,5,0,5,1,Chile,7,2,0.7847125261564735,0.16163082023524644,0.7847125261564735,0.05365665360828016
meeting,5,1,6,2,Chile,7,2,0.7576283800545769,0.09650210865790128,0.7576283800545769,0.1458695112875217
meeting,5,2,7,3,Chile,7,2,0.7795489169489848,0.08876216887685494,0.7795489169489848,0.13168891417416023
meeting,5,3,8,4,Chile,5,1,0.6372905130294481,0.6372905130294481,0.0,0.36270948697055194
meeting,5,4,9,5,Chile,8,2,0.8358342866441317,0.05492234454697279,0.8358342866441317,0.10924336880889558
meeting,5,5,10,6,Chile,10,2,0.5307955083837049,0.07397201629504947,0.5307955083837049,0.3952324753212456
meeting,5,6,11,7,Chile,10,2,0.5345119375355043,0.17173865581174408,0.5345119375355043,0.2937494066527515
meeting,5,7,12,8,Chile,10,2,0.6529567251190562,0.08863188847512213,0.6529567251190562,0.25841138640582156
meeting,5,8,13,9,Chile,7,2,0.6813061711464945,0.08952327533858657,0.6813061711464945,0.22917055351491897
meeting,5,9,14,10,Chile,8,2,0.8228840688402541,0.04390310909829936,0.8228840688402541,0.13321282206144666
meeting,5,10,15,11,Chile,9,2,0.7971453297985645,0.1376920091063619,0.7971453297985645,0.06516266109507364
meeting,5,11,16,12,Chile,10,2,0.7903330548736508,0.1454991689035369,0.7903330548736508,0.06416777622281238
meeting,5,12,17,13,Chile,13,2,0.7752944983111304,0.1767821629166506,0.7752944983111304,0.047923338772219035
meeting,5,13,18,14,Chile,11,2,0.691894737332025,0.1520176350030286,0.691894737332025,0.15608762766494638
meeting,5,14,19,15,Chile,12,3,0.5446285613159915,0.24297995389593957,0.2123914847880688,0.5446285613159915
meeting,5,15,20,16,Chile,12,2,0.6265770524428084,0.3734229475571916,0.6265770524428084,0.0
meeting,5,16,21,17,Chile,11,2,0.7256901484023953,0.2743098515976048,0.7256901484023953,0.0
meeting,5,17,22,18,Chile,11,2,0.6936388075301207,0.30636119246987936,0.6936388075301207,0.0
meeting,5,18,23,19,Chile,11,2,0.8074129561396277,0.19258704386037231,0.8074129561396277,0.0
meeting,5,19,24,20,Chile,11,2,0.8156045870634288,0.1843954129365713,0.8156045870634288,0.0
meeting,5,20,25,21,Chile,11,2,0.8810507219463447,0.11894927805365536,0.8810507219463447,0.0
meeting,5,21,26,22,Chile,13,2,0.8922810935565548,0.10771890644344526,0.8922810935565548,0.0
meeting,5,22,27,23,Chile,14,2,0.8013263109485799,0.19867368905142022,0.8013263109485799,0.0
meeting,5,23,28,24,Chile,13,2,0.6846895720338259,0.31531042796617426,0.6846895720338259,0.0
meeting,5,24,29,25,Chile,13,2,0.8076539786364852,0.1923460213635148,0.8076539786364852,0.0
meeting,5,25,30,26,Chile,11,2,0.7213164708518338,0.18300272991815258,0.7213164708518338,0.09568079923001362
meeting,5,26,31,27,Chile,11,2,0.8880464708543848,0.08349474100986738,0.8880464708543848,0.028458788135747853
meeting,5,27,32,28,Chile,9,2,0.7727871135207469,0.21161971381192493,0.7727871135207469,0.015593172667328112
meeting,5,28,33,29,Chile,10,2,0.6414894282725223,0.23556547743916223,0.6414894282725223,0.12294509428831547
meeting,5,29,34,30,Chile,10,2,0.677605976779004,0.22995753746939404,0.677605976779004,0.0924364857516019
meeting,5,30,35,31,Chile,11,2,0.6036076052881683,0.29667323148659763,0.6036076052881683,0.09971916322523408
meeting,5,31,36,32,Chile,11,1,0.457514379327186,0.457514379327186,0.4388162245684074,0.10366939610440656
meeting,5,32,37,33,Chile,12,2,0.5532244192251384,0.30818980855271394,0.5532244192251384,0.13858577222214766
meeting,5,33,38,34,Chile,13,2,0.7064298413081421,0.27824683244366344,0.7064298413081421,0.015323326248194498
meeting,5,34,39,35,Chile,10,1,0.5197206712486239,0.5197206712486239,0.4747226229034705,0.005556705847905448
meeting,5,35,40,36,Chile,12,2,0.606066712247715,0.3893302396368793,0.606066712247715,0.0046030481154058535
meeting,5,36,41,37,Chile,12,2,0.6360031194651067,0.3465563377247793,0.6360031194651067,0.01744054281011412
meeting,5,37,42,38,Chile,11,2,0.7815393781004827,0.2162532536684247,0.7815393781004827,0.002207368231092693
meeting,5,38,43,39,Chile,10,2,0.7640062920876471,0.2156158809903201,0.7640062920876471,0.020377826922032764
meeting,5,39,44,40,Chile,10,2,0.8293256582766839,0.14993885310869468,0.8293256582766839,0.020735488614621284
meeting,5,40,45,41,Chile,11,2,0.8474958049379139,0.13566254007009285,0.8474958049379139,0.016841654991993096
meeting,5,41,46,42,Chile,9,2,0.869872595615209,0.130127404384791,0.869872595615209,0.0
meeting,5,42,47,43,Chile,8,2,0.7598226140878799,0.23003015887694897,0.7598226140878799,0.010147227035171248
meeting,5,9,14,10,China,3,1,0.7361051926706033,0.7361051926706033,0.26389480732939674,0.0
meeting,5,10,15,11,China,3,1,0.7982155149496397,0.7982155149496397,0.20178448505036028,0.0
meeting,5,11,16,12,China,5,1,0.6647238740748919,0.6647238740748919,0.3352761259251082,0.0
meeting,5,12,17,13,China,6,1,0.6531334287541604,0.6531334287541604,0.3468665712458396,0.0
meeting,5,13,18,14,China,5,1,0.7760270533120601,0.7760270533120601,0.22397294668793985,0.0
meeting,5,14,19,15,China,4,1,0.5988860975530238,0.5988860975530238,0.40111390244697626,0.0
meeting,5,15,20,16,China,4,1,0.558790494762231,0.558790494762231,0.44120950523776903,0.0
meeting,5,16,21,17,China,4,2,0.8841096353347744,0.11589036466522562,0.8841096353347744,0.0
meeting,5,17,22,18,China,4,2,0.8556570417902742,0.1443429582097257,0.8556570417902742,0.0
meeting,5,18,23,19,China,4,2,0.7742167935250182,0.2257832064749818,0.7742167935250182,0.0
meeting,5,19,24,20,China,4,2,0.6697960184413646,0.3302039815586354,0.6697960184413646,0.0
meeting,5,20,25,21,China,6,2,0.5879526118374278,0.41204738816257225,0.5879526118374278,0.0
meeting,5,21,26,22,China,7,1,0.5035451298536909,0.5035451298536909,0.4964548701463091,0.0
meeting,5,22,27,23,China,7,2,0.6133589949066411,0.3866410050933588,0.6133589949066411,0.0
meeting,5,23,28,24,China,7,2,0.771657494923973,0.22834250507602702,0.771657494923973,0.0
meeting,5,24,29,25,China,8,2,0.684842342105004,0.31515765789499595,0.684842342105004,0.0
meeting,5,25,30,26,China,8,2,0.6664524754508607,0.3335475245491393,0.6664524754508607,0.0
meeting,5,26,31,27,China,10,2,0.5762293539566969,0.30625198479758553,0.5762293539566969,0.11751866124571754
meeting,5,27,32,28,China,9,2,0.5794681061192302,0.324214937562429,0.5794681061192302,0.09631695631834096
meeting,5,28,33,29,China,8,2,0.6126653202167498,0.2723607154284142,0.6126653202167498,0.11497396435483595
meeting,5,29,34,30,China,8,2,0.5299948368388074,0.19932325392732056,0.5299948368388074,0.2706819092338719
meeting,5,30,35,31,China,9,2,0.7426615884383719,0.15592308753877207,0.7426615884383719,0.10141532402285597
meeting,5,31,36,32,China,8,2,0.8339960810554015,0.16600391894459843,0.8339960810554015,0.0
meeting,5,32,37,33,China,9,2,0.9428312687159723,0.05716873128402769,0.9428312687159723,0.0
meeting,5,33,38,34,China,9,2,0.9328140372538692,0.06718596274613083,0.9328140372538692,0.0
meeting,5,34,39,35,China,7,2,1.0,0.0,1.0,0.0
meeting,5,35,40,36,China,7,2,0.9736080373819344,0.026391962618065534,0.9736080373819344,0.0
meeting,5,36,41,37,China,8,2,0.8354962614989221,0.16450373850107794,0.8354962614989221,0.0
meeting,5,37,42,38,China,8,2,0.8145939913934542,0.18540600860654577,0.8145939913934542,0.0
meeting,5,38,43,39,China,7,2,0.7761374820976833,0.2238625179023168,0.7761374820976833,0.0
meeting,5,39,44,40,China,7,2,0.5382329011643259,0.18737411940447643,0.5382329011643259,0.27439297943119767
meeting,5,40,45,41,China,8,2,0.565969031263307,0.22383108743256097,0.565969031263307,0.2101998813041321
meeting,5,41,46,42,China,8,2,0.549924079164749,0.0,0.549924079164749,0.45007592083525094
meeting,5,42,47,43,China,9,2,0.6485284420501114,0.0022355663746063178,0.6485284420501114,0.34923599157528223
meeting,5,33,38,34,Colombia,3,1,0.8307376242347237,0.8307376242347237,0.16926237576527625,0.0
meeting,5,34,39,35,Colombia,5,1,0.8473869896315304,0.8473869896315304,0.1526130103684697,0.0
meeting,5,35,40,36,Colombia,5,1,0.7691270755912725,0.7691270755912725,0.2308729244087274,0.0
meeting,5,36,41,37,Colombia,4,1,0.7441391225414216,0.7441391225414216,0.2558608774585784,0.0
meeting,5,37,42,38,Colombia,5,1,0.8570475452932215,0.8570475452932215,0.14295245470677853,0.0
meeting,5,38,43,39,Colombia,7,1,0.8265669261635233,0.8265669261635233,0.17343307383647666,0.0
meeting,5,39,44,40,Colombia,8,1,0.8535251239095052,0.8535251239095052,0.14647487609049484,0.0
meeting,5,40,45,41,Colombia,8,1,0.8662644833175308,0.8662644833175308,0.13373551668246922,0.0
meeting,5,41,46,42,Colombia,7,1,0.7776901860899238,0.7776901860899238,0.22230981391007615,0.0
meeting,5,42,47,43,Colombia,6,1,0.5265928485524888,0.5265928485524888,0.47340715144751117,0.0
meeting,5,21,26,22,Czechia,3,2,1.0,0.0,1.0,0.0
meeting,5,22,27,23,Czechia,4,2,0.9647516472389188,0.03524835276108119,0.9647516472389188,0.0
meeting,5,23,28,24,Czechia,4,2,0.9844498403107157,0.015550159689284374,0.9844498403107157,0.0
meeting,5,24,29,25,Czechia,4,2,0.9703420747767139,0.029657925223286103,0.9703420747767139,0.0
meeting,5,25,30,26,Czechia,4,2,0.9479065967130286,0.052093403286971506,0.9479065967130286,0.0
meeting,5,26,31,27,Czechia,5,2,0.7665989270436991,0.23340107295630078,0.7665989270436991,0.0
meeting,5,27,32,28,Czechia,3,2,0.6463988725311425,0.3536011274688575,0.6463988725311425,0.0
meeting,5,33,38,34,Czechia,5,2,0.41181964806930615,0.2755769781995498,0.41181964806930615,0.31260337373114405
meeting,5,34,39,35,Czechia,5,2,0.6674828748170147,0.3325171251829852,0.6674828748170147,0.0
meeting,5,35,40,36,Czechia,5,2,0.6763856425595345,0.3236143574404655,0.6763856425595345,0.0
meeting,5,36,41,37,Czechia,5,2,0.6427329246539687,0.3572670753460313,0.6427329246539687,0.0
meeting,5,37,42,38,Czechia,6,2,0.7954940854317621,0.2045059145682379,0.7954940854317621,0.0
meeting,5,38,43,39,Czechia,3,1,0.616801216300135,0.616801216300135,0.38319878369986515,0.0
meeting,5,39,44,40,Czechia,3,1,0.5531075364821942,0.5531075364821942,0.44689246351780565,0.0
meeting,5,40,45,41,Czechia,5,2,0.5047435555048311,0.4952564444951689,0.5047435555048311,0.0
meeting,5,41,46,42,Czechia,4,2,0.6539814555470663,0.3460185444529337,0.6539814555470663,0.0
meeting,5,42,47,43,Czechia,3,1,0.7906884266915475,0.7906884266915475,0.20931157330845254,0.0
meeting,5,13,18,14,Ecuador,3,1,1.0,1.0,0.0,0.0
meeting,5,14,19,15,Ecuador,3,1,0.9404307642809674,0.9404307642809674,0.0595692357190326,0.0
meeting,5,15,20,16,Ecuador,3,1,0.9490168457927106,0.9490168457927106,0.05098315420728938,0.0
meeting,5,16,21,17,Ecuador,3,1,0.9127458453671945,0.9127458453671945,0.08725415463280554,0.0
meeting,5,17,22,18,Ecuador,3,1,0.9231729897678357,0.9231729897678357,0.07682701023216437,0.0
meeting,5,18,23,19,Ecuador,5,1,0.8339693257194638,0.8339693257194638,0.1660306742805362,0.0
meeting,5,19,24,20,Ecuador,4,1,0.8843366331936896,0.8843366331936896,0.11566336680631036,0.0
meeting,5,20,25,21,Ecuador,4,1,0.793034673212642,0.793034673212642,0.2069653267873581,0.0
meeting,5,21,26,22,Ecuador,3,1,0.6642048252092565,0.6642048252092565,0.33579517479074344,0.0
meeting,5,22,27,23,Ecuador,3,1,0.7738301559792028,0.7738301559792028,0.22616984402079726,0.0
meeting,5,23,28,24,Ecuador,3,1,1.0,1.0,0.0,0.0
meeting,5,24,29,25,Ecuador,4,1,0.9891228926597119,0.9891228926597119,0.010877107340288126,0.0
meeting,5,25,30,26,Ecuador,7,1,0.7666799964064256,0.7666799964064256,0.052726845296148024,0.18059315829742642
meeting,5,26,31,27,Ecuador,8,1,0.7055017217059856,0.7055017217059856,0.23725767310306417,0.057240605190950256
meeting,5,27,32,28,Ecuador,9,1,0.7399511745088055,0.7399511745088055,0.2598240771636552,0.00022474832753922058
meeting,5,28,33,29,Ecuador,8,1,0.5465925473278301,0.5465925473278301,0.4534074526721699,0.0
meeting,5,29,34,30,Ecuador,8,1,0.5797262177056688,0.5797262177056688,0.39709337763916425,0.02318040465516697
meeting,5,30,35,31,Ecuador,7,1,0.6616585817614696,0.6616585817614696,0.3383414182385305,0.0
meeting,5,31,36,32,Ecuador,8,1,0.7526553456782293,0.7526553456782293,0.24734465432177064,0.0
meeting,5,32,37,33,Ecuador,9,1,0.5581823387886922,0.5581823387886922,0.423841071921164,0.017976589290143816
meeting,5,33,38,34,Ecuador,7,1,0.4994264213955511,0.4994264213955511,0.27946972979177215,0.22110384881267672
meeting,5,34,39,35,Ecuador,5,1,0.42232180947540354,0.42232180947540354,0.3114507526043487,0.2662274379202478
meeting,5,35,40,36,Ecuador,7,2,0.8771571680566657,0.030558212118685976,0.8771571680566657,0.09228461982464836
meeting,5,36,41,37,Ecuador,6,2,0.9099853911033989,0.04135959719984973,0.9099853911033989,0.04865501169675121
meeting,5,37,42,38,Ecuador,6,2,0.872038951544578,0.009519257393371883,0.872038951544578,0.11844179106205006
meeting,5,38,43,39,Ecuador,6,2,0.8682765762772044,0.03188056775538592,0.8682765762772044,0.09984285596740973
meeting,5,39,44,40,Ecuador,8,2,0.8308435613795754,0.15354658074205382,0.8308435613795754,0.015609857878370902
meeting,5,40,45,41,Ecuador,7,1,0.6717747833706241,0.6717747833706241,0.30829689665637044,0.019928319973005437
meeting,5,41,46,42,Ecuador,6,1,0.6016836263905115,0.6016836263905115,0.26535240587348186,0.13296396773600663
meeting,5,42,47,43,Ecuador,7,2,0.7564923051558263,0.2435076948441736,0.7564923051558263,0.0
meeting,5,22,27,23,Estonia,3,1,0.7723928664120722,0.7723928664120722,0.2276071335879278,0.0
meeting,5,23,28,24,Estonia,3,1,0.7726465364120781,0.7726465364120781,0.22735346358792186,0.0
meeting,5,24,29,25,Estonia,3,1,0.7392058169306551,0.7392058169306551,0.2607941830693448,0.0
meeting,5,10,15,11,Finland,3,1,1.0,1.0,0.0,0.0
meeting,5,11,16,12,Finland,4,1,0.8061682071931912,0.8061682071931912,0.1938317928068088,0.0
meeting,5,12,17,13,Finland,6,1,0.8426087745085233,0.8426087745085233,0.15739122549147658,0.0
meeting,5,13,18,14,Finland,6,1,0.8360224692243338,0.8360224692243338,0.1639775307756663,0.0
meeting,5,14,19,15,Finland,5,1,0.8927146396266724,0.8927146396266724,0.10728536037332748,0.0
meeting,5,15,20,16,Finland,5,1,0.9512400558411288,0.9512400558411288,0.048759944158871145,0.0
meeting,5,16,21,17,Finland,5,1,0.9283120391367388,0.9283120391367388,0.07168796086326125,0.0
meeting,5,17,22,18,Finland,3,1,0.8237002981994905,0.8237002981994905,0.17629970180050952,0.0
meeting,5,18,23,19,Finland,3,1,0.7946207356584715,0.7946207356584715,0.2053792643415285,0.0
meeting,5,19,24,20,Finland,3,1,0.7315372803090731,0.7315372803090731,0.26846271969092694,0.0
meeting,5,20,25,21,Finland,4,2,0.9100919534058691,0.08990804659413093,0.9100919534058691,0.0
meeting,5,21,26,22,Finland,5,2,0.7922236514878656,0.20777634851213447,0.7922236514878656,0.0
meeting,5,22,27,23,Finland,6,2,0.7747828940370904,0.22521710596290956,0.7747828940370904,0.0
meeting,5,23,28,24,Finland,5,2,0.9072677523491341,0.0927322476508659,0.9072677523491341,0.0
meeting,5,24,29,25,Finland,5,2,0.9217511364526398,0.07824886354736019,0.9217511364526398,0.0
meeting,5,25,30,26,Finland,6,2,0.6669497658672606,0.3330502341327394,0.6669497658672606,0.0
meeting,5,26,31,27,Finland,5,2,0.5779040234876431,0.4220959765123569,0.5779040234876431,0.0
meeting,5,27,32,28,Finland,5,2,0.6114330496857194,0.3885669503142805,0.6114330496857194,0.0
meeting,5,28,33,29,Finland,4,1,0.515165134924372,0.515165134924372,0.48483486507562806,0.0
meeting,5,29,34,30,Finland,5,2,0.5313338695258615,0.4686661304741385,0.5313338695258615,0.0
meeting,5,30,35,31,Finland,4,2,0.6894858464121263,0.3105141535878737,0.6894858464121263,0.0
meeting,5,31,36,32,Finland,3,2,0.6783162248515653,0.3216837751484347,0.6783162248515653,0.0
meeting,5,32,37,33,Finland,3,2,0.8750184053064528,0.0,0.8750184053064528,0.12498159469354718
meeting,5,33,38,34,Finland,5,2,0.9051407552088753,0.06821567533254941,0.9051407552088753,0.026643569458575312
meeting,5,34,39,35,Finland,5,2,0.8536148914647964,0.11742618125079626,0.8536148914647964,0.028958927284407292
meeting,5,35,40,36,Finland,6,2,0.6974277116638955,0.2799509775265505,0.6974277116638955,0.022621310809554023
meeting,5,36,41,37,Finland,6,2,0.7131992911495425,0.2679569021315724,0.7131992911495425,0.01884380671888506
meeting,5,37,42,38,Finland,6,3,0.42705558047204,0.21863044189426487,0.35431397763369515,0.42705558047204
meeting,5,38,43,39,Finland,6,2,0.5892522941202661,0.12111972413750753,0.5892522941202661,0.2896279817422264
meeting,5,39,44,40,Finland,6,2,0.7683538745371269,0.06068916147799166,0.7683538745371269,0.17095696398488144
meeting,5,40,45,41,Finland,6,2,0.853486780332372,0.04250632522314237,0.853486780332372,0.10400689444448559
meeting,5,41,46,42,Finland,9,2,0.8856716489632123,0.025339510596192986,0.8856716489632123,0.08898884044059469
meeting,5,42,47,43,Finland,8,2,0.969877231870221,0.007291867255190205,0.969877231870221,0.02283090087458876
meeting,5,0,5,1,France,4,1,1.0,1.0,0.0,0.0
meeting,5,1,6,2,France,5,1,0.9884838021732508,0.9884838021732508,0.011516197826749256,0.0
meeting,5,2,7,3,France,7,1,0.5568454603634783,0.5568454603634783,0.005502932702024751,0.43765160693449706
meeting,5,3,8,4,France,6,1,0.8997791737297229,0.8997791737297229,0.06500922050439006,0.035211605765887055
meeting,5,4,9,5,France,6,3,0.6838807163717061,0.2833319759761584,0.032787307652135576,0.6838807163717061
meeting,5,5,10,6,France,9,3,0.8961081001652652,0.05032911224163078,0.053562787593104,0.8961081001652652
meeting,5,6,11,7,France,9,3,0.9379540060034208,0.04713714988882789,0.014908844107751281,0.9379540060034208
meeting,5,7,12,8,France,6,3,0.9298448166265132,0.07015518337348688,0.0,0.9298448166265132
meeting,5,8,13,9,France,6,3,0.7119976844034926,0.03682441667872708,0.25117789891778025,0.7119976844034926
meeting,5,9,14,10,France,4,2,0.6724340909881611,0.1898166073538869,0.6724340909881611,0.13774930165795213
meeting,5,10,15,11,France,9,2,0.426895347849869,0.3231693229412474,0.426895347849869,0.2499353292088837
meeting,5,11,16,12,France,10,2,0.4170158707788834,0.18898201024611463,0.4170158707788834,0.394002118975002
meeting,5,12,17,13,France,9,2,0.43721340522125307,0.14233351837628613,0.43721340522125307,0.4204530764024609
meeting,5,13,18,14,France,10,2,0.5202188348325655,0.09210750145344977,0.5202188348325655,0.3876736637139848
meeting,5,14,19,15,France,10,2,0.49869518891211667,0.11763774233838617,0.49869518891211667,0.38366706874949713
meeting,5,15,20,16,France,7,3,0.7964661669299649,0.18031972219954737,0.023214110870487765,0.7964661669299649
meeting,5,16,21,17,France,5,3,0.7148445602158973,0.21969100918536782,0.06546443059873487,0.7148445602158973
meeting,5,17,22,18,France,7,3,0.7578065314431705,0.19961880068478993,0.042574667872039604,0.7578065314431705
meeting,5,18,23,19,France,6,1,0.5595931127422477,0.5595931127422477,0.2528710899725313,0.18753579728522093
meeting,5,19,24,20,France,5,1,0.597831984057461,0.597831984057461,0.20108400797126957,0.20108400797126957
meeting,5,20,25,21,France,5,1,0.39729417828535124,0.39729417828535124,0.25251067319755055,0.35019514851709815
meeting,5,21,26,22,France,7,2,0.5322465294221324,0.17743460421438326,0.5322465294221324,0.2903188663634843
meeting,5,22,27,23,France,10,3,0.6312450354028923,0.09894369480500938,0.2698112697920983,0.6312450354028923
meeting,5,23,28,24,France,9,3,0.6784841068773972,0.08229781236953125,0.2392180807530714,0.6784841068773972
meeting,5,24,29,25,France,11,3,0.6395209793281804,0.08632941330569908,0.2741496073661205,0.6395209793281804
meeting,5,25,30,26,France,13,3,0.5467265737134033,0.08247499470393517,0.3707984315826616,0.5467265737134033
meeting,5,26,31,27,France,12,2,0.4606851774873643,0.09650273837029069,0.4606851774873643,0.44281208414234496
meeting,5,27,32,28,France,12,2,0.5730409389167692,0.08633875409918117,0.5730409389167692,0.34062030698404966
meeting,5,28,33,29,France,15,2,0.4893420977202684,0.07690886970411089,0.4893420977202684,0.43374903257562075
meeting,5,29,34,30,France,11,2,0.4669022389449654,0.12434740465078334,0.4669022389449654,0.40875035640425134
meeting,5,30,35,31,France,9,3,0.45308755182765614,0.19803327458532363,0.3488791735870202,0.45308755182765614
meeting,5,31,36,32,France,8,1,0.7957773096953066,0.7957773096953066,0.18147817131559515,0.022744518989098357
meeting,5,32,37,33,France,12,1,0.5184455954646153,0.5184455954646153,0.35138905648466345,0.13016534805072108
meeting,5,33,38,34,France,12,1,0.5001930589095483,0.5001930589095483,0.35398666220450786,0.14582027888594387
meeting,5,34,39,35,France,13,1,0.4771189270625863,0.4771189270625863,0.4457512157860168,0.07712985715139696
meeting,5,35,40,36,France,12,1,0.4867164345522288,0.4867164345522288,0.46424235264986186,0.04904121279790926
meeting,5,36,41,37,France,13,2,0.5847594642800122,0.32964576703021675,0.5847594642800122,0.08559476868977099
meeting,5,37,42,38,France,10,2,0.5053386546076043,0.07566388129685031,0.5053386546076043,0.41899746409554545
meeting,5,38,43,39,France,12,2,0.5197538814294066,0.05518258092570836,0.5197538814294066,0.42506353764488497
meeting,5,39,44,40,France,9,2,0.5158099429685212,0.08189553364467377,0.5158099429685212,0.40229452338680516
meeting,5,40,45,41,France,11,2,0.4973901799995887,0.08810698232096575,0.4973901799995887,0.4145028376794455
meeting,5,41,46,42,France,9,2,0.4558685254640859,0.1279428906811481,0.4558685254640859,0.416188583854766
meeting,5,42,47,43,France,10,2,0.5992929352760457,0.12808680152100002,0.5992929352760457,0.2726202632029543
meeting,5,8,13,9,Germany,3,1,0.5520921089581579,0.5520921089581579,0.0,0.44790789104184214
meeting,5,9,14,10,Germany,6,2,0.9634723854835395,0.021725255080221113,0.9634723854835395,0.01480235943623935
meeting,5,10,15,11,Germany,7,2,0.9187690504383478,0.04508874950485133,0.9187690504383478,0.03614220005680096
meeting,5,11,16,12,Germany,8,2,0.8583026763774778,0.11266767919264734,0.8583026763774778,0.029029644429874803
meeting,5,12,17,13,Germany,8,2,0.9389233894572868,0.06107661054271309,0.9389233894572868,0.0
meeting,5,13,18,14,Germany,11,2,0.9230389366816438,0.07154545282813694,0.9230389366816438,0.005415610490219293
meeting,5,14,19,15,Germany,8,2,0.8613308860331766,0.1258187258122216,0.8613308860331766,0.012850388154601902
meeting,5,15,20,16,Germany,6,2,0.8534988656854332,0.1306521953344024,0.8534988656854332,0.015848938980164404
meeting,5,16,21,17,Germany,6,2,0.9494555793924809,0.01071858730459035,0.9494555793924809,0.039825833302928666
meeting,5,17,22,18,Germany,6,2,0.9301649146223728,0.016064580888514726,0.9301649146223728,0.05377050448911238
meeting,5,18,23,19,Germany,9,3,0.7331553124813349,0.014657871883425542,0.2521868156352395,0.7331553124813349
meeting,5,19,24,20,Germany,10,3,0.7324487893325815,0.028077379656580154,0.23947383101083833,0.7324487893325815
meeting,5,20,25,21,Germany,11,3,0.7168358006155529,0.056298060888519325,0.22686613849592774,0.7168358006155529
meeting,5,21,26,22,Germany,10,3,0.7444069824952734,0.08608519837588355,0.16950781912884305,0.7444069824952734
meeting,5,22,27,23,Germany,12,3,0.705365392332458,0.0980614115364339,0.19657319613110807,0.705365392332458
meeting,5,23,28,24,Germany,12,2,0.613228108276147,0.04316482460089759,0.613228108276147,0.3436070671229554
meeting,5,24,29,25,Germany,11,2,0.6852041075760485,0.04165886361043173,0.6852041075760485,0.2731370288135197
meeting,5,25,30,26,Germany,12,2,0.6203460658494061,0.117787929868862,0.6203460658494061,0.26186600428173185
meeting,5,26,31,27,Germany,12,2,0.6366638847483097,0.13378973823201,0.6366638847483097,0.22954637701968036
meeting,5,27,32,28,Germany,12,2,0.6952183100933197,0.14527084975242846,0.6952183100933197,0.15951084015425188
meeting,5,28,33,29,Germany,11,2,0.6270877746604198,0.18767323559442803,0.6270877746604198,0.18523898974515235
meeting,5,29,34,30,Germany,12,3,0.48904918054858404,0.10779432110089034,0.40315649835052564,0.48904918054858404
meeting,5,30,35,31,Germany,12,2,0.5569069602910384,0.13887253026874563,0.5569069602910384,0.30422050944021595
meeting,5,31,36,32,Germany,14,2,0.6268005251439636,0.11548900173128054,0.6268005251439636,0.2577104731247559
meeting,5,32,37,33,Germany,13,2,0.6007924078157496,0.1115320650159257,0.6007924078157496,0.28767552716832484
meeting,5,33,38,34,Germany,11,2,0.49509784030513737,0.08512341732485758,0.49509784030513737,0.41977874237000506
meeting,5,34,39,35,Germany,9,2,0.7623563331606912,0.16154032569132443,0.7623563331606912,0.07610334114798444
meeting,5,35,40,36,Germany,11,2,0.8645661800398492,0.0715026269684566,0.8645661800398492,0.06393119299169425
meeting,5,36,41,37,Germany,9,2,0.8857409849625697,0.03698359268488251,0.8857409849625697,0.07727542235254772
meeting,5,37,42,38,Germany,9,2,0.66623034248856,0.034291776453236285,0.66623034248856,0.29947788105820394
meeting,5,38,43,39,Germany,11,3,0.683560788110592,0.009098456846910921,0.30734075504249714,0.683560788110592
meeting,5,39,44,40,Germany,10,3,0.66735139426581,0.008858251408603449,0.3237903543255865,0.66735139426581
meeting,5,40,45,41,Germany,10,3,0.695168188510262,0.024046404421794423,0.2807854070679436,0.695168188510262
meeting,5,41,46,42,Germany,7,3,0.6917940301961074,0.033894814746930096,0.2743111550569624,0.6917940301961074
meeting,5,42,47,43,Germany,11,3,0.6609890816922039,0.11473496603147255,0.22427595227632338,0.6609890816922039
meeting,5,13,18,14,IAATO,4,1,0.621687938514137,0.621687938514137,0.33089518481953056,0.047416876666332486
meeting,5,14,19,15,IAATO,4,1,0.5766043723554302,0.5766043723554302,0.32274036201222384,0.10065526563234603
meeting,5,15,20,16,IAATO,5,2,0.6704384803339517,0.2563196532606443,0.6704384803339517,0.07324186640540402
meeting,5,16,21,17,IAATO,7,2,0.5703904198218828,0.26618344616150735,0.5703904198218828,0.16342613401660983
meeting,5,17,22,18,IAATO,7,2,0.5522831523788737,0.1769652261039297,0.5522831523788737,0.2707516215171966
meeting,5,18,23,19,IAATO,8,3,0.47498677574870407,0.23540247336150524,0.28961075088979066,0.47498677574870407
meeting,5,19,24,20,IAATO,9,3,0.4676824347690999,0.24537016379459053,0.2869474014363096,0.4676824347690999
meeting,5,20,25,21,IAATO,7,3,0.6303117732395483,0.12940170835828635,0.2402865184021652,0.6303117732395483
meeting,5,21,26,22,IAATO,7,3,0.5211856730181545,0.107247305876802,0.3715670211050434,0.5211856730181545
meeting,5,22,27,23,IAATO,5,2,0.5113615001454896,0.03636107068116581,0.5113615001454896,0.4522774291733445
meeting,5,23,28,24,IAATO,7,2,0.5657357435331548,0.0,0.5657357435331548,0.43426425646684513
meeting,5,24,29,25,IAATO,6,2,0.5826940582205592,0.0,0.5826940582205592,0.41730594177944075
meeting,5,25,30,26,IAATO,8,2,0.546656333170699,0.0,0.546656333170699,0.45334366682930105
meeting,5,26,31,27,IAATO,8,3,0.6956706034486688,0.0,0.3043293965513312,0.6956706034486688
meeting,5,27,32,28,IAATO,7,3,0.6788391448110535,0.0,0.32116085518894655,0.6788391448110535
meeting,5,28,33,29,IAATO,6,3,0.8102068022945869,0.0,0.1897931977054131,0.8102068022945869
meeting,5,29,34,30,IAATO,6,3,0.9086991684355402,0.03645872994415413,0.05484210162030562,0.9086991684355402
meeting,5,30,35,31,IAATO,5,3,0.9015123259843191,0.09238639496567712,0.006101279050003743,0.9015123259843191
meeting,5,31,36,32,IAATO,6,3,0.8136104005815957,0.1558775185752983,0.030512080843105943,0.8136104005815957
meeting,5,32,37,33,IAATO,6,3,0.7727871972585743,0.20152500645833651,0.02568779628308931,0.7727871972585743
meeting,5,33,38,34,IAATO,6,3,0.6646755692711213,0.2569807235574672,0.07834370717141163,0.6646755692711213
meeting,5,34,39,35,IAATO,9,3,0.6973793368207434,0.20321900363940865,0.09940165953984799,0.6973793368207434
meeting,5,35,40,36,IAATO,8,3,0.6700521765646148,0.2314018295797257,0.09854599385565953,0.6700521765646148
meeting,5,36,41,37,IAATO,7,3,0.7216419521839988,0.1565597160430827,0.12179833177291846,0.7216419521839988
meeting,5,37,42,38,IAATO,7,3,0.6891381509313317,0.14877421104762803,0.16208763802104031,0.6891381509313317
meeting,5,38,43,39,IAATO,7,3,0.7504924087277872,0.14511382159436126,0.10439376967785144,0.7504924087277872
meeting,5,39,44,40,IAATO,7,3,0.7866777854533035,0.14706109108359702,0.06626112346309947,0.7866777854533035
meeting,5,40,45,41,IAATO,6,3,0.7301399675508881,0.0904885184288022,0.17937151402030965,0.7301399675508881
meeting,5,41,46,42,IAATO,7,3,0.7906411776153559,0.05772434115423348,0.15163448123041062,0.7906411776153559
meeting,5,42,47,43,IAATO,8,3,0.7674448618666867,0.051721447271097405,0.18083369086221582,0.7674448618666867
meeting,5,22,27,23,IHO,3,1,0.7409983821090665,0.7409983821090665,0.0,0.2590016178909334
meeting,5,23,28,24,IHO,3,1,0.8192435403228885,0.8192435403228885,0.0,0.18075645967711157
meeting,5,24,29,25,IHO,4,1,0.522038110558697,0.522038110558697,0.35928252373928504,0.1186793657020179
meeting,5,25,30,26,IHO,5,1,0.5942938239920749,0.5942938239920749,0.28199468997868093,0.12371148602924406
meeting,5,26,31,27,IHO,4,1,0.5788527638163231,0.5788527638163231,0.28801288806254244,0.13313434812113453
meeting,5,27,32,28,IHO,3,1,0.7358193440282992,0.7358193440282992,0.26418065597170076,0.0
meeting,5,31,36,32,IHO,3,1,0.8425273137366799,0.8425273137366799,0.15747268626332014,0.0
meeting,5,32,37,33,IHO,3,1,0.8164330623609455,0.8164330623609455,0.1835669376390545,0.0
meeting,5,33,38,34,IHO,3,1,0.821614026380549,0.821614026380549,0.17838597361945094,0.0
meeting,5,34,39,35,IHO,3,1,0.8415498382375597,0.8415498382375597,0.1584501617624403,0.0
meeting,5,35,40,36,IHO,3,1,0.8584547620030448,0.8584547620030448,0.14154523799695506,0.0
meeting,5,15,20,16,IOC,3,2,0.5721043598372866,0.4278956401627133,0.5721043598372866,0.0
meeting,5,13,18,14,IUCN,4,2,0.9373962532606118,0.0,0.9373962532606118,0.06260374673938819
meeting,5,14,19,15,IUCN,7,1,0.6062530472764248,0.6062530472764248,0.37545990193915263,0.01828705078442254
meeting,5,15,20,16,IUCN,8,2,0.8208741044519805,0.179090235245368,0.8208741044519805,3.56603026514604e-05
meeting,5,16,21,17,IUCN,8,2,0.7092389135634667,0.29076108643653326,0.7092389135634667,0.0
meeting,5,17,22,18,IUCN,10,2,0.8815611528074,0.11843884719259999,0.8815611528074,0.0
meeting,5,18,23,19,IUCN,9,2,0.785686994028925,0.21431300597107503,0.785686994028925,0.0
meeting,5,19,24,20,IUCN,9,2,0.8101288094573273,0.18987119054267268,0.8101288094573273,0.0
meeting,5,20,25,21,IUCN,7,2,0.7538905671168963,0.2461094328831037,0.7538905671168963,0.0
meeting,5,21,26,22,IUCN,6,2,0.9586652321052346,0.04133476789476545,0.9586652321052346,0.0
meeting,5,22,27,23,IUCN,3,2,0.9359465519399962,0.06405344806000388,0.9359465519399962,0.0
meeting,5,23,28,24,IUCN,4,2,0.9302456079161581,0.06975439208384197,0.9302456079161581,0.0
meeting,5,24,29,25,IUCN,4,2,0.8718403064445036,0.12815969355549642,0.8718403064445036,0.0
meeting,5,25,30,26,IUCN,4,2,0.8512249897917517,0.14877501020824827,0.8512249897917517,0.0
meeting,5,26,31,27,IUCN,3,2,0.6666666666666666,0.3333333333333333,0.6666666666666666,0.0
meeting,5,27,32,28,IUCN,3,2,0.5571730545927875,0.4428269454072124,0.5571730545927875,0.0
meeting,5,28,33,29,IUCN,3,1,0.5459422820170484,0.5459422820170484,0.45405771798295164,0.0
meeting,5,29,34,30,IUCN,3,1,0.6308553418106727,0.6308553418106727,0.3691446581893273,0.0
meeting,5,30,35,31,IUCN,4,2,0.5163928135112588,0.4836071864887412,0.5163928135112588,0.0
meeting,5,31,36,32,IUCN,4,2,0.6849687113628378,0.3150312886371623,0.6849687113628378,0.0
meeting,5,32,37,33,IUCN,3,2,1.0,0.0,1.0,0.0
meeting,5,33,38,34,IUCN,3,2,1.0,0.0,1.0,0.0
meeting,5,41,46,42,IUCN,3,3,0.40110716832827265,0.3296555309119597,0.2692373007597677,0.40110716832827265
meeting,5,42,47,43,IUCN,3,1,0.5241412087784095,0.5241412087784095,0.1867267109823298,0.2891320802392605
meeting,5,9,14,10,India,3,2,0.6120617532017133,0.3879382467982867,0.6120617532017133,0.0
meeting,5,10,15,11,India,3,2,0.5303734251403558,0.4696265748596442,0.5303734251403558,0.0
meeting,5,11,16,12,India,3,2,0.6747175246858435,0.3252824753141566,0.6747175246858435,0.0
meeting,5,18,23,19,India,4,1,1.0,1.0,0.0,0.0
meeting,5,19,24,20,India,5,1,0.5655980158640168,0.5655980158640168,0.43440198413598313,0.0
meeting,5,20,25,21,India,6,1,0.5123077854445631,0.5123077854445631,0.4876922145554368,0.0
meeting,5,21,26,22,India,7,2,0.6866493993039094,0.3133506006960906,0.6866493993039094,0.0
meeting,5,22,27,23,India,8,2,0.7714526017633448,0.22854739823665518,0.7714526017633448,0.0
meeting,5,23,28,24,India,7,2,0.6369648695688618,0.36303513043113816,0.6369648695688618,0.0
meeting,5,24,29,25,India,8,2,0.636119385403772,0.3638806145962279,0.636119385403772,0.0
meeting,5,25,30,26,India,9,2,0.6565864379953252,0.34341356200467477,0.6565864379953252,0.0
meeting,5,26,31,27,India,10,2,0.657109223837843,0.342890776162157,0.657109223837843,0.0
meeting,5,27,32,28,India,9,2,0.7306608007849167,0.2693391992150833,0.7306608007849167,0.0
meeting,5,28,33,29,India,8,2,0.8714810369318862,0.12851896306811378,0.8714810369318862,0.0
meeting,5,29,34,30,India,8,2,0.9102188939396764,0.08978110606032354,0.9102188939396764,0.0
meeting,5,30,35,31,India,7,2,0.9198651337107764,0.08013486628922357,0.9198651337107764,0.0
meeting,5,31,36,32,India,8,2,0.9461160600338004,0.05388393996619965,0.9461160600338004,0.0
meeting,5,32,37,33,India,8,2,0.9076341235587664,0.09236587644123362,0.9076341235587664,0.0
meeting,5,33,38,34,India,8,2,0.8957895238097683,0.1042104761902317,0.8957895238097683,0.0
meeting,5,34,39,35,India,8,2,0.8270023602103036,0.10359349601632653,0.8270023602103036,0.0694041437733698
meeting,5,35,40,36,India,8,2,0.8210581108457338,0.10272580727517822,0.8210581108457338,0.076216081879088
meeting,5,36,41,37,India,7,2,0.743823425749102,0.15257381951382262,0.743823425749102,0.10360275473707546
meeting,5,37,42,38,India,7,2,0.6319181428843798,0.22402379142584383,0.6319181428843798,0.14405806568977644
meeting,5,38,43,39,India,7,2,0.7409609878457664,0.18967939755876073,0.7409609878457664,0.06935961459547288
meeting,5,39,44,40,India,8,2,0.4874899217492117,0.08345348746712025,0.4874899217492117,0.429056590783668
meeting,5,40,45,41,India,8,2,0.5323032610174104,0.10692194923323116,0.5323032610174104,0.3607747897493583
meeting,5,41,46,42,India,10,2,0.7139431451228124,0.09286292247935332,0.7139431451228124,0.19319393239783428
meeting,5,42,47,43,India,11,2,0.8139506924065951,0.06080422967027262,0.8139506924065951,0.12524507792313228
meeting,5,11,16,12,Italy,5,2,0.8344899896024145,0.07452764349737923,0.8344899896024145,0.09098236690020635
meeting,5,12,17,13,Italy,4,2,0.5950464495158699,0.3139464464405264,0.5950464495158699,0.09100710404360361
meeting,5,13,18,14,Italy,6,2,0.598617928951037,0.384962119682397,0.598617928951037,0.016419951366565884
meeting,5,14,19,15,Italy,6,1,0.6063007481387144,0.6063007481387144,0.38489870888969285,0.008800542971592799
meeting,5,15,20,16,Italy,8,2,0.513926851642423,0.4860731483575769,0.513926851642423,0.0
meeting,5,16,21,17,Italy,7,1,0.571396959634387,0.571396959634387,0.42860304036561303,0.0
meeting,5,17,22,18,Italy,8,2,0.6927191590958411,0.30728084090415886,0.6927191590958411,0.0
meeting,5,18,23,19,Italy,11,2,0.6969890294625419,0.3030109705374581,0.6969890294625419,0.0
meeting,5,19,24,20,Italy,11,2,0.8047810770280697,0.19521892297193044,0.8047810770280697,0.0
meeting,5,20,25,21,Italy,9,1,0.6689070669430338,0.6689070669430338,0.3310929330569662,0.0
meeting,5,21,26,22,Italy,7,1,0.6978446454818076,0.6978446454818076,0.3021553545181924,0.0
meeting,5,22,27,23,Italy,9,1,0.4327153223730452,0.4327153223730452,0.25407337388272766,0.3132113037442271
meeting,5,23,28,24,Italy,9,1,0.49461672128822737,0.49461672128822737,0.1771180960197417,0.32826518269203103
meeting,5,24,29,25,Italy,10,1,0.489534980063012,0.489534980063012,0.17960883113825568,0.3308561887987323
meeting,5,25,30,26,Italy,11,1,0.4393505832867074,0.4393505832867074,0.2115797818121205,0.3490696349011721
meeting,5,26,31,27,Italy,6,3,0.5649022859706976,0.09341268066454993,0.3416850333647524,0.5649022859706976
meeting,5,27,32,28,Italy,7,2,0.4482649433732049,0.21534897446973433,0.4482649433732049,0.3363860821570608
meeting,5,28,33,29,Italy,5,2,0.5600552979377011,0.4399447020622987,0.5600552979377011,0.0
meeting,5,29,34,30,Italy,5,1,0.5772008406602054,0.5772008406602054,0.4227991593397945,0.0
meeting,5,30,35,31,Italy,5,1,0.6485764597312379,0.6485764597312379,0.3514235402687622,0.0
meeting,5,31,36,32,Italy,9,2,0.5425766466636991,0.457423353336301,0.5425766466636991,0.0
meeting,5,32,37,33,Italy,9,2,0.6909909289500925,0.30900907104990755,0.6909909289500925,0.0
meeting,5,33,38,34,Italy,9,2,0.7881234553910382,0.21187654460896171,0.7881234553910382,0.0
meeting,5,34,39,35,Italy,6,2,0.9626241526824839,0.037375847317516045,0.9626241526824839,0.0
meeting,5,35,40,36,Italy,8,2,0.9834554221719535,0.016544577828046508,0.9834554221719535,0.0
meeting,5,36,41,37,Italy,7,2,0.9439916765873738,0.05600832341262612,0.9439916765873738,0.0
meeting,5,37,42,38,Italy,9,2,0.9394205302222366,0.06057946977776345,0.9394205302222366,0.0
meeting,5,38,43,39,Italy,10,2,0.7238561530026467,0.2761438469973533,0.7238561530026467,0.0
meeting,5,39,44,40,Italy,10,2,0.502992114120123,0.49700788587987693,0.502992114120123,0.0
meeting,5,40,45,41,Italy,11,1,0.6894720528938194,0.6894720528938194,0.3105279471061806,0.0
meeting,5,41,46,42,Italy,10,2,0.5419286237263984,0.4580713762736015,0.5419286237263984,0.0
meeting,5,42,47,43,Italy,8,2,0.665142218329193,0.3348577816708071,0.665142218329193,0.0
meeting,5,1,6,2,Japan,5,1,0.8937416777629827,0.8937416777629827,0.10625832223701731,0.0
meeting,5,2,7,3,Japan,6,1,0.9146110827776059,0.9146110827776059,0.03917907578400233,0.046209841438391776
meeting,5,3,8,4,Japan,5,1,0.9535227054925732,0.9535227054925732,0.04647729450742661,0.0
meeting,5,4,9,5,Japan,5,1,0.949293492128449,0.949293492128449,0.050706507871550996,0.0
meeting,5,5,10,6,Japan,5,1,0.8783542960540827,0.8783542960540827,0.12164570394591734,0.0
meeting,5,6,11,7,Japan,4,3,0.5159378055870962,0.4174148669081367,0.06664732750476707,0.5159378055870962
meeting,5,11,16,12,Japan,4,3,0.46448996973651524,0.11168628206941363,0.4238237481940712,0.46448996973651524
meeting,5,12,17,13,Japan,4,2,0.6175380205832771,0.1715212926095856,0.6175380205832771,0.21094068680713735
meeting,5,13,18,14,Japan,7,2,0.4831844908057435,0.36957836555285906,0.4831844908057435,0.14723714364139756
meeting,5,14,19,15,Japan,7,1,0.5884293654338717,0.5884293654338717,0.2861356950695154,0.12543493949661294
meeting,5,15,20,16,Japan,9,2,0.7165809040145811,0.055563852695458694,0.7165809040145811,0.22785524328996018
meeting,5,16,21,17,Japan,8,2,0.5958430755650139,0.13122799653593575,0.5958430755650139,0.2729289278990504
meeting,5,17,22,18,Japan,8,2,0.5105955589770684,0.21054722334155543,0.5105955589770684,0.27885721768137606
meeting,5,18,23,19,Japan,9,2,0.6406639276792703,0.13691280991807794,0.6406639276792703,0.22242326240265167
meeting,5,19,24,20,Japan,8,2,0.5196273446464874,0.1224682580568994,0.5196273446464874,0.3579043972966132
meeting,5,20,25,21,Japan,8,1,0.5245040619035892,0.5245040619035892,0.20587721899108488,0.26961871910532575
meeting,5,21,26,22,Japan,10,1,0.48863621749950065,0.48863621749950065,0.3234366537346189,0.18792712876588036
meeting,5,22,27,23,Japan,11,1,0.6923669618478504,0.6923669618478504,0.20316328295735875,0.10446975519479075
meeting,5,23,28,24,Japan,8,1,0.707763748554077,0.707763748554077,0.18056509023361564,0.11167116121230736
meeting,5,24,29,25,Japan,8,1,0.7254215450856415,0.7254215450856415,0.27457845491435845,0.0
meeting,5,25,30,26,Japan,8,1,0.7026408769705391,0.7026408769705391,0.2973591230294608,0.0
meeting,5,26,31,27,Japan,8,1,0.6231736995560213,0.6231736995560213,0.3768263004439788,0.0
meeting,5,27,32,28,Japan,8,1,0.5618325235583322,0.5618325235583322,0.4381674764416678,0.0
meeting,5,28,33,29,Japan,9,1,0.538570383987444,0.538570383987444,0.46142961601255594,0.0
meeting,5,29,34,30,Japan,9,2,0.6684723079682432,0.3315276920317568,0.6684723079682432,0.0
meeting,5,30,35,31,Japan,9,2,0.7484556873241354,0.25154431267586463,0.7484556873241354,0.0
meeting,5,31,36,32,Japan,9,2,0.6844373501597825,0.31556264984021754,0.6844373501597825,0.0
meeting,5,32,37,33,Japan,8,2,0.8647084627732902,0.13529153722670995,0.8647084627732902,0.0
meeting,5,33,38,34,Japan,7,2,0.8579213938577777,0.1420786061422224,0.8579213938577777,0.0
meeting,5,34,39,35,Japan,6,3,0.4683401747490079,0.301347490726879,0.23031233452411307,0.4683401747490079
meeting,5,35,40,36,Japan,6,3,0.6071356220274078,0.19577615909618595,0.19708821887640637,0.6071356220274078
meeting,5,36,41,37,Japan,4,3,0.7017304592672636,0.2982695407327365,0.0,0.7017304592672636
meeting,5,37,42,38,Japan,5,3,0.7466979849024561,0.23444685059763876,0.018855164499905135,0.7466979849024561
meeting,5,38,43,39,Japan,5,3,0.6498696920843154,0.19147303900111165,0.15865726891457282,0.6498696920843154
meeting,5,39,44,40,Japan,3,3,0.473257921576491,0.17378517478778152,0.3529569036357274,0.473257921576491
meeting,5,40,45,41,Japan,3,2,0.8304294069089173,0.16957059309108266,0.8304294069089173,0.0
meeting,5,41,46,42,Japan,4,2,0.7851502719514303,0.2148497280485697,0.7851502719514303,0.0
meeting,5,42,47,43,Japan,4,2,0.7435565317430253,0.25644346825697467,0.7435565317430253,0.0
meeting,5,13,18,14,Korea (ROK),3,2,0.8081801170285442,0.19181988297145575,0.8081801170285442,0.0
meeting,5,14,19,15,Korea (ROK),6,2,0.7065098307229566,0.29349016927704336,0.7065098307229566,0.0
meeting,5,15,20,16,Korea (ROK),6,2,0.7763844345102677,0.22361556548973233,0.7763844345102677,0.0
meeting,5,16,21,17,Korea (ROK),7,2,0.6463640605273921,0.3536359394726079,0.6463640605273921,0.0
meeting,5,17,22,18,Korea (ROK),6,2,0.5443724589145881,0.4556275410854118,0.5443724589145881,0.0
meeting,5,18,23,19,Korea (ROK),6,1,0.6467317086958818,0.6467317086958818,0.35326829130411813,0.0
meeting,5,19,24,20,Korea (ROK),4,1,0.9631836553593588,0.9631836553593588,0.036816344640641145,0.0
meeting,5,20,25,21,Korea (ROK),5,1,0.9418632391186392,0.9418632391186392,0.05813676088136083,0.0
meeting,5,21,26,22,Korea (ROK),5,1,0.938181361700344,0.938181361700344,0.061818638299656004,0.0
meeting,5,22,27,23,Korea (ROK),7,1,0.5239571971160288,0.5239571971160288,0.47604280288397116,0.0
meeting,5,23,28,24,Korea (ROK),5,1,0.5039161362168711,0.5039161362168711,0.4960838637831289,0.0
meeting,5,24,29,25,Korea (ROK),7,1,0.5724934822251428,0.5724934822251428,0.4275065177748572,0.0
meeting,5,25,30,26,Korea (ROK),7,1,0.6852841667155819,0.6852841667155819,0.31471583328441805,0.0
meeting,5,26,31,27,Korea (ROK),7,1,0.7885467612307572,0.7885467612307572,0.2114532387692428,0.0
meeting,5,27,32,28,Korea (ROK),6,1,0.9227916537211072,0.9227916537211072,0.07720834627889288,0.0
meeting,5,28,33,29,Korea (ROK),6,1,0.8994233469146122,0.8994233469146122,0.10057665308538785,0.0
meeting,5,29,34,30,Korea (ROK),7,1,0.6147514297801171,0.6147514297801171,0.3852485702198828,0.0
meeting,5,30,35,31,Korea (ROK),8,2,0.5215143069262058,0.47848569307379424,0.5215143069262058,0.0
meeting,5,31,36,32,Korea (ROK),8,2,0.6753985416929164,0.32460145830708353,0.6753985416929164,0.0
meeting,5,32,37,33,Korea (ROK),8,2,0.7160789176163787,0.2839210823836213,0.7160789176163787,0.0
meeting,5,33,38,34,Korea (ROK),7,2,0.7788085544040737,0.22119144559592624,0.7788085544040737,0.0
meeting,5,34,39,35,Korea (ROK),8,2,0.7354071726402248,0.2645928273597752,0.7354071726402248,0.0
meeting,5,35,40,36,Korea (ROK),9,2,0.79312060404619,0.20687939595381008,0.79312060404619,0.0
meeting,5,36,41,37,Korea (ROK),10,3,0.848809329926016,0.034080925763549014,0.11710974431043493,0.848809329926016
meeting,5,37,42,38,Korea (ROK),12,3,0.8436682554144597,0.029408082337482887,0.1269236622480575,0.8436682554144597
meeting,5,38,43,39,Korea (ROK),12,3,0.8566949443950072,0.006826751958666932,0.13647830364632593,0.8566949443950072
meeting,5,39,44,40,Korea (ROK),11,3,0.8830936512210564,0.0091062788596604,0.1078000699192831,0.8830936512210564
meeting,5,40,45,41,Korea (ROK),9,3,0.8516490864085668,0.012548844115352552,0.13580206947608064,0.8516490864085668
meeting,5,41,46,42,Korea (ROK),6,2,0.9237254800824335,0.07627451991756652,0.9237254800824335,0.0
meeting,5,42,47,43,Korea (ROK),7,2,0.8278605730051745,0.17213942699482554,0.8278605730051745,0.0
meeting,5,33,38,34,Malaysia,3,1,1.0,1.0,0.0,0.0
meeting,5,34,39,35,Malaysia,3,1,1.0,1.0,0.0,0.0
meeting,5,35,40,36,Malaysia,3,1,1.0,1.0,0.0,0.0
meeting,5,37,42,38,Monaco,3,3,0.7366762929902861,0.0,0.26332370700971386,0.7366762929902861
meeting,5,38,43,39,Monaco,3,3,0.6474836129318965,0.0,0.35251638706810356,0.6474836129318965
meeting,5,39,44,40,Monaco,4,3,0.7259515511762394,0.0,0.27404844882376056,0.7259515511762394
meeting,5,40,45,41,Monaco,3,3,0.6880590632720655,0.0,0.3119409367279345,0.6880590632720655
meeting,5,41,46,42,Monaco,3,3,0.5867141560029299,0.0,0.4132858439970702,0.5867141560029299
meeting,5,42,47,43,Monaco,3,2,0.9182888679979253,0.0817111320020747,0.9182888679979253,0.0
meeting,5,11,16,12,Netherlands,5,1,0.7864137767502073,0.7864137767502073,0.21358622324979276,0.0
meeting,5,12,17,13,Netherlands,7,2,0.5999664294486788,0.4000335705513211,0.5999664294486788,0.0
meeting,5,13,18,14,Netherlands,6,2,0.5881705346520589,0.41182946534794107,0.5881705346520589,0.0
meeting,5,14,19,15,Netherlands,7,2,0.6309342589414244,0.36906574105857565,0.6309342589414244,0.0
meeting,5,15,20,16,Netherlands,6,2,0.5962243144478985,0.4037756855521015,0.5962243144478985,0.0
meeting,5,16,21,17,Netherlands,7,2,0.5599270715078406,0.4400729284921594,0.5599270715078406,0.0
meeting,5,17,22,18,Netherlands,6,3,0.4977249654863094,0.24524078341009428,0.25703425110359635,0.4977249654863094
meeting,5,18,23,19,Netherlands,7,3,0.5033744996928015,0.20348159301511273,0.29314390729208595,0.5033744996928015
meeting,5,19,24,20,Netherlands,8,3,0.40694340852311645,0.28974286016194434,0.3033137313149392,0.40694340852311645
meeting,5,20,25,21,Netherlands,6,3,0.6126476414750566,0.30761484067167116,0.07973751785327238,0.6126476414750566
meeting,5,21,26,22,Netherlands,6,3,0.5584082195853074,0.19574336971089926,0.24584841070379337,0.5584082195853074
meeting,5,22,27,23,Netherlands,5,1,0.6796798709228516,0.6796798709228516,0.3203201290771483,0.0
meeting,5,23,28,24,Netherlands,6,1,0.617492859375088,0.617492859375088,0.382507140624912,0.0
meeting,5,24,29,25,Netherlands,6,1,0.5558037378474193,0.5558037378474193,0.4441962621525806,0.0
meeting,5,25,30,26,Netherlands,8,2,0.5400428344046908,0.4599571655953092,0.5400428344046908,0.0
meeting,5,26,31,27,Netherlands,7,2,0.6278880711513589,0.3721119288486412,0.6278880711513589,0.0
meeting,5,27,32,28,Netherlands,6,2,0.91505318006421,0.08494681993579004,0.91505318006421,0.0
meeting,5,28,33,29,Netherlands,4,2,0.845201150038626,0.15479884996137414,0.845201150038626,0.0
meeting,5,29,34,30,Netherlands,6,2,0.7360810412007457,0.2096563164901694,0.7360810412007457,0.054262642309084785
meeting,5,30,35,31,Netherlands,7,3,0.43630152816638584,0.13240855639089114,0.43128991544272294,0.43630152816638584
meeting,5,31,36,32,Netherlands,9,2,0.5492067084471248,0.0838781467189419,0.5492067084471248,0.3669151448339332
meeting,5,32,37,33,Netherlands,9,2,0.6489970572164679,0.12229752022569508,0.6489970572164679,0.228705422557837
meeting,5,33,38,34,Netherlands,10,2,0.7090306582858253,0.08577178819745888,0.7090306582858253,0.20519755351671576
meeting,5,34,39,35,Netherlands,8,2,0.6461729830505792,0.056006010881587805,0.6461729830505792,0.29782100606783285
meeting,5,35,40,36,Netherlands,7,2,0.9437703171238874,0.005279822473994812,0.9437703171238874,0.05094986040211782
meeting,5,36,41,37,Netherlands,9,2,0.9334016458812454,0.01678361395352792,0.9334016458812454,0.04981474016522679
meeting,5,37,42,38,Netherlands,9,2,0.7324253149061654,0.0289512671605505,0.7324253149061654,0.23862341793328418
meeting,5,38,43,39,Netherlands,9,2,0.48915543372277054,0.024714069029769928,0.48915543372277054,0.4861304972474596
meeting,5,39,44,40,Netherlands,9,2,0.656201817294218,0.019003187419303295,0.656201817294218,0.3247949952864787
meeting,5,40,45,41,Netherlands,9,2,0.5617058067124937,0.02617565507352248,0.5617058067124937,0.4121185382139838
meeting,5,41,46,42,Netherlands,9,2,0.5005832970562137,0.00851261023726718,0.5005832970562137,0.490904092706519
meeting,5,42,47,43,Netherlands,7,3,0.5717108438953181,0.0,0.42828915610468193,0.5717108438953181
meeting,5,0,5,1,New Zealand,7,2,0.5595000399329126,0.20066288635093044,0.5595000399329126,0.2398370737161568
meeting,5,1,6,2,New Zealand,7,2,0.657773538629241,0.017111323068537947,0.657773538629241,0.32511513830222105
meeting,5,2,7,3,New Zealand,6,2,0.7497299359660937,0.0,0.7497299359660937,0.2502700640339062
meeting,5,3,8,4,New Zealand,9,2,0.6648764532453187,0.01762521628676393,0.6648764532453187,0.31749833046791737
meeting,5,4,9,5,New Zealand,8,2,0.930639155362607,0.05465701743793515,0.930639155362607,0.01470382719945779
meeting,5,5,10,6,New Zealand,10,2,0.9210714629886273,0.07809402865146091,0.9210714629886273,0.0008345083599118918
meeting,5,6,11,7,New Zealand,9,2,0.9208274017136948,0.05869166683511437,0.9208274017136948,0.020480931451190825
meeting,5,7,12,8,New Zealand,8,2,0.8647296634192421,0.11152005762293558,0.8647296634192421,0.02375027895782233
meeting,5,8,13,9,New Zealand,6,2,0.7618003205565712,0.23819967944342868,0.7618003205565712,0.0
meeting,5,9,14,10,New Zealand,9,3,0.44324322978459063,0.14329215535174744,0.413464614863662,0.44324322978459063
meeting,5,10,15,11,New Zealand,6,3,0.49275096890594583,0.015053053951041374,0.4921959771430128,0.49275096890594583
meeting,5,11,16,12,New Zealand,7,2,0.5307388488176766,0.0031776537116445357,0.5307388488176766,0.4660834974706788
meeting,5,12,17,13,New Zealand,6,2,0.5163157858889396,0.010131384474972922,0.5163157858889396,0.4735528296360875
meeting,5,13,18,14,New Zealand,7,2,0.6064910708171073,0.010576236280170412,0.6064910708171073,0.3829326929027222
meeting,5,14,19,15,New Zealand,7,2,0.9749617075965372,0.025038292403462798,0.9749617075965372,0.0
meeting,5,15,20,16,New Zealand,9,2,0.523693121353825,0.1386354955377479,0.523693121353825,0.33767138310842715
meeting,5,16,21,17,New Zealand,10,2,0.606948237807148,0.025114561955343565,0.606948237807148,0.3679372002375084
meeting,5,17,22,18,New Zealand,10,3,0.6068308316266543,0.019506218605246182,0.37366294976809966,0.6068308316266543
meeting,5,18,23,19,New Zealand,12,3,0.5494686882823818,0.027204671892685207,0.42332663982493296,0.5494686882823818
meeting,5,19,24,20,New Zealand,12,3,0.6647488400881546,0.029665871509197722,0.3055852884026477,0.6647488400881546
meeting,5,20,25,21,New Zealand,13,3,0.5922123825687998,0.03247689116388514,0.375310726267315,0.5922123825687998
meeting,5,21,26,22,New Zealand,11,3,0.6914204361786812,0.0,0.3085795638213188,0.6914204361786812
meeting,5,22,27,23,New Zealand,11,3,0.6394274710463463,0.0,0.36057252895365366,0.6394274710463463
meeting,5,23,28,24,New Zealand,10,3,0.6200757976529873,0.0,0.37992420234701263,0.6200757976529873
meeting,5,24,29,25,New Zealand,12,3,0.6394133005069585,0.0,0.36058669949304145,0.6394133005069585
meeting,5,25,30,26,New Zealand,17,3,0.6705525985776034,0.0,0.3294474014223967,0.6705525985776034
meeting,5,26,31,27,New Zealand,16,3,0.6797729327080959,0.004797486906424837,0.31542958038547925,0.6797729327080959
meeting,5,27,32,28,New Zealand,14,3,0.6951632646021235,0.0,0.30483673539787653,0.6951632646021235
meeting,5,28,33,29,New Zealand,17,3,0.7820470411468424,0.0,0.21795295885315766,0.7820470411468424
meeting,5,29,34,30,New Zealand,15,3,0.8091014372239855,0.0006273024436149583,0.19027126033239952,0.8091014372239855
meeting,5,30,35,31,New Zealand,16,3,0.8107816925419844,0.011673776952790996,0.1775445305052246,0.8107816925419844
meeting,5,31,36,32,New Zealand,15,2,0.5049926680057311,0.045515494406214586,0.5049926680057311,0.44949183758805433
meeting,5,32,37,33,New Zealand,12,2,0.5647402074758155,0.08504642213433754,0.5647402074758155,0.35021337038984696
meeting,5,33,38,34,New Zealand,13,3,0.4767416920431372,0.14113262267497237,0.3821256852818904,0.4767416920431372
meeting,5,34,39,35,New Zealand,17,3,0.6222877728373907,0.10348298830304473,0.2742292388595645,0.6222877728373907
meeting,5,35,40,36,New Zealand,14,3,0.5638152512600996,0.10234854180001572,0.33383620693988475,0.5638152512600996
meeting,5,36,41,37,New Zealand,13,3,0.48160414113099376,0.09293128024160148,0.4254645786274048,0.48160414113099376
meeting,5,37,42,38,New Zealand,13,2,0.5065370272459316,0.1356759549069288,0.5065370272459316,0.3577870178471396
meeting,5,38,43,39,New Zealand,12,2,0.585212139264424,0.1448899000382693,0.585212139264424,0.26989796069730687
meeting,5,39,44,40,New Zealand,10,2,0.7275035877652494,0.13962783456835953,0.7275035877652494,0.1328685776663911
meeting,5,40,45,41,New Zealand,13,2,0.9404056346341855,0.04405847540012452,0.9404056346341855,0.015535889965689952
meeting,5,41,46,42,New Zealand,12,2,0.7124566553522135,0.026990273785343754,0.7124566553522135,0.26055307086244284
meeting,5,42,47,43,New Zealand,16,2,0.7487463201080602,0.0116490200216791,0.7487463201080602,0.23960465987026064
meeting,5,2,7,3,Norway,6,3,0.49242955884756257,0.1398008132816781,0.3677696278707594,0.49242955884756257
meeting,5,3,8,4,Norway,10,2,0.4985469663643045,0.28092707291183705,0.4985469663643045,0.2205259607238584
meeting,5,4,9,5,Norway,7,2,0.8839148607201971,0.11608513927980282,0.8839148607201971,0.0
meeting,5,5,10,6,Norway,8,2,0.8758415174802052,0.1241584825197948,0.8758415174802052,0.0
meeting,5,6,11,7,Norway,8,2,0.8874264394573315,0.11257356054266864,0.8874264394573315,0.0
meeting,5,7,12,8,Norway,8,2,0.9166569436047254,0.08334305639527453,0.9166569436047254,0.0
meeting,5,8,13,9,Norway,4,1,0.6302945724738808,0.6302945724738808,0.0,0.36970542752611923
meeting,5,9,14,10,Norway,4,2,0.550917161909913,0.3558166071935043,0.550917161909913,0.09326623089658266
meeting,5,10,15,11,Norway,5,2,0.5323348605853795,0.34719247865784025,0.5323348605853795,0.12047266075678043
meeting,5,11,16,12,Norway,6,2,0.5890774719511879,0.2572176250152606,0.5890774719511879,0.15370490303355147
meeting,5,12,17,13,Norway,6,2,0.5088401046989395,0.16602366125763918,0.5088401046989395,0.3251362340434213
meeting,5,13,18,14,Norway,6,2,0.4543471214632471,0.4153056504535421,0.4543471214632471,0.1303472280832108
meeting,5,14,19,15,Norway,3,1,0.43572211032191943,0.43572211032191943,0.1449211986289268,0.41935669104915363
meeting,5,15,20,16,Norway,4,3,0.9383635569238881,0.046306659625557405,0.015329783450554609,0.9383635569238881
meeting,5,16,21,17,Norway,6,3,0.8188413021762456,0.14192738472727917,0.039231313096475214,0.8188413021762456
meeting,5,17,22,18,Norway,12,3,0.6220347904160243,0.019867616513146176,0.3580975930708296,0.6220347904160243
meeting,5,18,23,19,Norway,14,3,0.6123412387981397,0.025254077468169128,0.36240468373369106,0.6123412387981397
meeting,5,19,24,20,Norway,13,3,0.5805962596335945,0.03444720455318668,0.3849565358132188,0.5805962596335945
meeting,5,20,25,21,Norway,12,2,0.6204009563780141,0.06686812259173426,0.6204009563780141,0.31273092103025163
meeting,5,21,26,22,Norway,12,2,0.6551071148787362,0.07384594370210945,0.6551071148787362,0.2710469414191543
meeting,5,22,27,23,Norway,12,2,0.4938228534539988,0.09342828686427757,0.4938228534539988,0.41274885968172365
meeting,5,23,28,24,Norway,10,2,0.48879259820346027,0.08548953700569026,0.48879259820346027,0.4257178647908495
meeting,5,24,29,25,Norway,11,3,0.5399511843431727,0.08124566103287768,0.37880315462394964,0.5399511843431727
meeting,5,25,30,26,Norway,13,2,0.5391530689847961,0.07267792147029867,0.5391530689847961,0.38816900954490535
meeting,5,26,31,27,Norway,13,2,0.6238360103655275,0.021897700087800138,0.6238360103655275,0.3542662895466723
meeting,5,27,32,28,Norway,13,2,0.6636793294336641,0.01259049417086397,0.6636793294336641,0.3237301763954719
meeting,5,28,33,29,Norway,10,2,0.6805401281748982,0.05792338041349708,0.6805401281748982,0.2615364914116046
meeting,5,29,34,30,Norway,11,2,0.7049356923321791,0.04258477186391813,0.7049356923321791,0.25247953580390275
meeting,5,30,35,31,Norway,10,2,0.623775781795653,0.04502305934091538,0.623775781795653,0.3312011588634316
meeting,5,31,36,32,Norway,12,2,0.7757033035866108,0.007375940280351119,0.7757033035866108,0.21692075613303796
meeting,5,32,37,33,Norway,13,2,0.8549405115527599,0.030247994746292518,0.8549405115527599,0.1148114937009476
meeting,5,33,38,34,Norway,13,2,0.7376470813564562,0.04337040885846094,0.7376470813564562,0.21898250978508288
meeting,5,34,39,35,Norway,13,2,0.7391571727692015,0.07484266547086667,0.7391571727692015,0.18600016175993203
meeting,5,35,40,36,Norway,12,2,0.6738968300612161,0.07055215878029315,0.6738968300612161,0.25555101115849066
meeting,5,36,41,37,Norway,13,2,0.6489829933898122,0.09658635961570752,0.6489829933898122,0.2544306469944803
meeting,5,37,42,38,Norway,13,2,0.47727727295550143,0.07554340770802732,0.47727727295550143,0.4471793193364712
meeting,5,38,43,39,Norway,11,2,0.580047519943358,0.06423668904555338,0.580047519943358,0.35571579101108863
meeting,5,39,44,40,Norway,14,2,0.4986654781693929,0.021791926513939724,0.4986654781693929,0.47954259531666743
meeting,5,40,45,41,Norway,12,3,0.6504610208288235,0.0001067339991989477,0.3494322451719776,0.6504610208288235
meeting,5,41,46,42,Norway,13,3,0.7490577598127373,0.07631631209864645,0.17462592808861627,0.7490577598127373
meeting,5,42,47,43,Norway,13,3,0.6724826611659265,0.035911041610687484,0.2916062972233861,0.6724826611659265
meeting,5,11,16,12,Peru,3,1,1.0,1.0,0.0,0.0
meeting,5,12,17,13,Peru,3,1,1.0,1.0,0.0,0.0
meeting,5,13,18,14,Peru,4,1,0.980048734078127,0.980048734078127,0.019951265921872924,0.0
meeting,5,14,19,15,Peru,5,1,0.9242164981228613,0.9242164981228613,0.07578350187713871,0.0
meeting,5,15,20,16,Peru,7,1,0.7064273197445047,0.7064273197445047,0.2935726802554953,0.0
meeting,5,16,21,17,Peru,7,1,0.5151159464814441,0.5151159464814441,0.48488405351855585,0.0
meeting,5,17,22,18,Peru,11,2,0.6207750064332681,0.37922499356673184,0.6207750064332681,0.0
meeting,5,18,23,19,Peru,11,2,0.6809715244871781,0.319028475512822,0.6809715244871781,0.0
meeting,5,19,24,20,Peru,10,2,0.6344988211543044,0.3655011788456954,0.6344988211543044,0.0
meeting,5,20,25,21,Peru,11,2,0.7249982014609461,0.2750017985390539,0.7249982014609461,0.0
meeting,5,21,26,22,Peru,11,2,0.6028768110535111,0.3971231889464889,0.6028768110535111,0.0
meeting,5,22,27,23,Peru,12,1,0.5731491088793877,0.5731491088793877,0.42685089112061225,0.0
meeting,5,23,28,24,Peru,7,2,0.5552486045907925,0.4447513954092075,0.5552486045907925,0.0
meeting,5,24,29,25,Peru,6,2,0.5290658113631039,0.470934188636896,0.5290658113631039,0.0
meeting,5,25,30,26,Peru,8,1,0.6130121326382831,0.6130121326382831,0.38698786736171686,0.0
meeting,5,26,31,27,Peru,8,1,0.6417311790035788,0.6417311790035788,0.3582688209964212,0.0
meeting,5,27,32,28,Peru,8,2,0.5772582976625994,0.42274170233740066,0.5772582976625994,0.0
meeting,5,28,33,29,Peru,6,1,0.5900337798141755,0.5900337798141755,0.40996622018582457,0.0
meeting,5,29,34,30,Peru,7,1,0.7407408789390233,0.7407408789390233,0.2592591210609766,0.0
meeting,5,30,35,31,Peru,4,1,0.6886537940479303,0.6886537940479303,0.3113462059520698,0.0
meeting,5,31,36,32,Peru,3,2,0.6281938523692521,0.3718061476307481,0.6281938523692521,0.0
meeting,5,35,40,36,Peru,4,2,0.5807607295828099,0.4192392704171901,0.5807607295828099,0.0
meeting,5,36,41,37,Peru,3,1,0.5953015200554648,0.5953015200554648,0.40469847994453517,0.0
meeting,5,37,42,38,Peru,5,1,0.6989601477050649,0.6989601477050649,0.30103985229493524,0.0
meeting,5,38,43,39,Peru,5,1,0.6724078268052635,0.6724078268052635,0.32759217319473655,0.0
meeting,5,39,44,40,Peru,6,2,0.5182765366336654,0.48172346336633465,0.5182765366336654,0.0
meeting,5,40,45,41,Peru,6,2,0.5190723070417737,0.4809276929582264,0.5190723070417737,0.0
meeting,5,41,46,42,Peru,7,2,0.6472966821167891,0.3527033178832108,0.6472966821167891,0.0
meeting,5,42,47,43,Peru,8,2,0.6929454014943474,0.30705459850565264,0.6929454014943474,0.0
meeting,5,5,10,6,Poland,5,2,0.9129837912708068,0.03479397342973928,0.9129837912708068,0.05222223529945399
meeting,5,6,11,7,Poland,5,2,0.8925628786655767,0.0642154176590299,0.8925628786655767,0.043221703675393346
meeting,5,7,12,8,Poland,5,2,0.8612616413746119,0.05961592544205669,0.8612616413746119,0.07912243318333147
meeting,5,8,13,9,Poland,6,2,0.9244405648791519,0.044991607602606634,0.9244405648791519,0.03056782751824157
meeting,5,9,14,10,Poland,6,2,0.8723872465080736,0.04532074777464869,0.8723872465080736,0.08229200571727778
meeting,5,10,15,11,Poland,3,2,0.7302199614694626,0.2697800385305375,0.7302199614694626,0.0
meeting,5,11,16,12,Poland,3,2,0.8348710091320553,0.16512899086794472,0.8348710091320553,0.0
meeting,5,12,17,13,Poland,3,2,0.8771552212429481,0.12284477875705191,0.8771552212429481,0.0
meeting,5,20,25,21,Poland,6,1,0.6011190757239041,0.6011190757239041,0.39888092427609584,0.0
meeting,5,21,26,22,Poland,8,2,0.5979582507537072,0.40204174924629266,0.5979582507537072,0.0
meeting,5,22,27,23,Poland,8,2,0.5336333617679446,0.4663666382320553,0.5336333617679446,0.0
meeting,5,23,28,24,Poland,7,2,0.6241272818643885,0.3758727181356115,0.6241272818643885,0.0
meeting,5,24,29,25,Poland,7,2,0.5147077105972384,0.48529228940276165,0.5147077105972384,0.0
meeting,5,25,30,26,Poland,4,2,0.6562695692945771,0.34373043070542286,0.6562695692945771,0.0
meeting,5,33,38,34,Poland,3,2,1.0,0.0,1.0,0.0
meeting,5,34,39,35,Poland,4,2,0.9354929974941506,0.06450700250584941,0.9354929974941506,0.0
meeting,5,35,40,36,Poland,6,2,0.9580337363315943,0.041966263668405675,0.9580337363315943,0.0
meeting,5,36,41,37,Poland,6,2,0.908920539761637,0.09107946023836297,0.908920539761637,0.0
meeting,5,37,42,38,Poland,8,2,0.9687151585659624,0.031284841434037695,0.9687151585659624,0.0
meeting,5,38,43,39,Poland,6,2,0.9404525644135265,0.059547435586473386,0.9404525644135265,0.0
meeting,5,39,44,40,Poland,5,2,0.9856368887969578,0.014363111203042183,0.9856368887969578,0.0
meeting,5,40,45,41,Poland,7,2,0.9397109052617482,0.028397457721380064,0.9397109052617482,0.03189163701687191
meeting,5,41,46,42,Poland,8,2,0.9697509786896046,0.02857885559779741,0.9697509786896046,0.0016701657125980218
meeting,5,42,47,43,Poland,6,2,0.8897544586934387,0.11024554130656126,0.8897544586934387,0.0
meeting,5,33,38,34,Portugal,3,1,0.9093329171631197,0.9093329171631197,0.09066708283688027,0.0
meeting,5,34,39,35,Portugal,3,1,1.0,1.0,0.0,0.0
meeting,5,35,40,36,Portugal,3,1,1.0,1.0,0.0,0.0
meeting,5,36,41,37,Portugal,3,1,1.0,1.0,0.0,0.0
meeting,5,37,42,38,Portugal,7,1,0.7810756564321805,0.7810756564321805,0.2094145263297843,0.00950981723803522
meeting,5,38,43,39,Portugal,5,1,0.8819917355358771,0.8819917355358771,0.11358891627275003,0.0044193481913729245
meeting,5,39,44,40,Portugal,7,1,0.7231856974102286,0.7231856974102286,0.10495382825306705,0.17186047433670432
meeting,5,40,45,41,Portugal,7,1,0.5965904843911491,0.5965904843911491,0.2845410679388757,0.11886844766997504
meeting,5,41,46,42,Portugal,6,1,0.5355951643671049,0.5355951643671049,0.28980700089878453,0.17459783473411067
meeting,5,42,47,43,Portugal,5,1,0.471474718036811,0.471474718036811,0.16018205381918443,0.36834322814400455
meeting,5,20,25,21,Romania,3,1,0.6836560566918684,0.6836560566918684,0.3163439433081317,0.0
meeting,5,21,26,22,Romania,3,1,0.569211333694279,0.569211333694279,0.430788666305721,0.0
meeting,5,22,27,23,Romania,3,1,0.6077637532745891,0.6077637532745891,0.39223624672541085,0.0
meeting,5,23,28,24,Romania,4,1,0.9014040000373553,0.9014040000373553,0.09859599996264469,0.0
meeting,5,24,29,25,Romania,5,1,0.9162165282616308,0.9162165282616308,0.08378347173836916,0.0
meeting,5,25,30,26,Romania,6,1,0.7595717384567363,0.7595717384567363,0.24042826154326366,0.0
meeting,5,26,31,27,Romania,7,1,0.607931429877448,0.607931429877448,0.3920685701225521,0.0
meeting,5,27,32,28,Romania,8,1,0.6768298042611731,0.6768298042611731,0.3231701957388269,0.0
meeting,5,28,33,29,Romania,8,1,0.5800763781851213,0.5800763781851213,0.4199236218148787,0.0
meeting,5,29,34,30,Romania,8,1,0.5909068982895824,0.5909068982895824,0.4090931017104176,0.0
meeting,5,30,35,31,Romania,9,1,0.5464130871818619,0.5464130871818619,0.45358691281813807,0.0
meeting,5,31,36,32,Romania,9,1,0.5960463419133211,0.5960463419133211,0.4039536580866789,0.0
meeting,5,32,37,33,Romania,8,2,0.6509899301637001,0.3490100698362998,0.6509899301637001,0.0
meeting,5,33,38,34,Romania,5,1,0.652995413594549,0.652995413594549,0.3470045864054509,0.0
meeting,5,34,39,35,Romania,3,1,0.5346995514280629,0.5346995514280629,0.46530044857193714,0.0
meeting,5,35,40,36,Romania,3,1,0.8751462551759192,0.8751462551759192,0.12485374482408086,0.0
meeting,5,36,41,37,Romania,4,1,0.5999487074174754,0.5999487074174754,0.4000512925825247,0.0
meeting,5,37,42,38,Romania,4,2,0.5274179248123078,0.4725820751876922,0.5274179248123078,0.0
meeting,5,38,43,39,Romania,4,2,0.5195768932914531,0.4804231067085469,0.5195768932914531,0.0
meeting,5,39,44,40,Romania,4,2,0.5090030699865243,0.4909969300134758,0.5090030699865243,0.0
meeting,5,40,45,41,Romania,4,2,0.558277864586254,0.44172213541374616,0.558277864586254,0.0
meeting,5,41,46,42,Romania,3,2,0.8422869333302646,0.1577130666697355,0.8422869333302646,0.0
meeting,5,0,5,1,Russian Federation,3,2,0.7427697167110847,0.25723028328891523,0.7427697167110847,0.0
meeting,5,1,6,2,Russian Federation,3,1,1.0,1.0,0.0,0.0
meeting,5,2,7,3,Russian Federation,4,1,0.8224788503245573,0.8224788503245573,0.17752114967544275,0.0
meeting,5,3,8,4,Russian Federation,6,1,0.7531495539285061,0.7531495539285061,0.18547073073699447,0.06137971533449935
meeting,5,4,9,5,Russian Federation,5,1,0.7315669683738059,0.7315669683738059,0.19051396480389818,0.07791906682229602
meeting,5,5,10,6,Russian Federation,4,1,0.4821774796213198,0.4821774796213198,0.3605980329020549,0.15722448747662524
meeting,5,6,11,7,Russian Federation,4,2,0.642385895645417,0.15005319584597773,0.642385895645417,0.20756090850860523
meeting,5,7,12,8,Russian Federation,4,3,0.5628467627155398,0.4150913827088302,0.02206185457562994,0.5628467627155398
meeting,5,8,13,9,Russian Federation,4,3,0.560757496054708,0.43924250394529196,0.0,0.560757496054708
meeting,5,9,14,10,Russian Federation,3,3,0.6164469173190105,0.3835530826809897,0.0,0.6164469173190105
meeting,5,10,15,11,Russian Federation,3,1,1.0,1.0,0.0,0.0
meeting,5,11,16,12,Russian Federation,5,2,0.8085382686288614,0.19146173137113864,0.8085382686288614,0.0
meeting,5,12,17,13,Russian Federation,6,2,0.5912131421240241,0.40878685787597596,0.5912131421240241,0.0
meeting,5,13,18,14,Russian Federation,9,2,0.36276140444970795,0.3565098640410093,0.36276140444970795,0.28072873150928274
meeting,5,14,19,15,Russian Federation,8,3,0.552463974250058,0.2055044863694728,0.2420315393804692,0.552463974250058
meeting,5,15,20,16,Russian Federation,8,2,0.4180225800224732,0.33352825382620505,0.4180225800224732,0.24844916615132184
meeting,5,16,21,17,Russian Federation,7,3,0.37073463788658473,0.3549556518998287,0.2743097102135866,0.37073463788658473
meeting,5,17,22,18,Russian Federation,9,3,0.47000896230767997,0.24744190217686468,0.28254913551545535,0.47000896230767997
meeting,5,18,23,19,Russian Federation,8,2,0.557965037457109,0.2650856636681592,0.557965037457109,0.17694929887473176
meeting,5,19,24,20,Russian Federation,8,2,0.5737100577070877,0.2010629567392239,0.5737100577070877,0.22522698555368845
meeting,5,20,25,21,Russian Federation,8,2,0.5097887705713173,0.1370042976275134,0.5097887705713173,0.3532069318011693
meeting,5,21,26,22,Russian Federation,11,2,0.5574435459407786,0.07649692598832608,0.5574435459407786,0.3660595280708953
meeting,5,22,27,23,Russian Federation,13,2,0.6612889926855273,0.09451931652787872,0.6612889926855273,0.24419169078659397
meeting,5,23,28,24,Russian Federation,11,3,0.4956743441452452,0.1113709727622269,0.39295468309252796,0.4956743441452452
meeting,5,24,29,25,Russian Federation,12,3,0.5700591746412025,0.10894865688985646,0.320992168468941,0.5700591746412025
meeting,5,25,30,26,Russian Federation,12,3,0.6617411185837767,0.06563049509104804,0.2726283863251753,0.6617411185837767
meeting,5,26,31,27,Russian Federation,13,3,0.6716808251494758,0.08535144891021293,0.2429677259403113,0.6716808251494758
meeting,5,27,32,28,Russian Federation,14,3,0.8129879547515352,0.06677003142592879,0.12024201382253603,0.8129879547515352
meeting,5,28,33,29,Russian Federation,15,3,0.7824771231199248,0.1213277955002713,0.09619508137980391,0.7824771231199248
meeting,5,29,34,30,Russian Federation,15,3,0.785562957208652,0.1038147507095914,0.11062229208175661,0.785562957208652
meeting,5,30,35,31,Russian Federation,16,2,0.5360819271137173,0.037923718740917364,0.5360819271137173,0.42599435414536535
meeting,5,31,36,32,Russian Federation,13,2,0.881447412077552,0.11855258792244812,0.881447412077552,0.0
meeting,5,32,37,33,Russian Federation,12,2,0.9428784714497176,0.05712152855028241,0.9428784714497176,0.0
meeting,5,33,38,34,Russian Federation,13,2,0.9626178469531226,0.03738215304687739,0.9626178469531226,0.0
meeting,5,34,39,35,Russian Federation,11,2,0.9413239365522247,0.05867606344777518,0.9413239365522247,0.0
meeting,5,35,40,36,Russian Federation,13,2,0.9485952973663409,0.051404702633659045,0.9485952973663409,0.0
meeting,5,36,41,37,Russian Federation,14,2,0.8007752915826549,0.19262680432306792,0.8007752915826549,0.006597904094277033
meeting,5,37,42,38,Russian Federation,9,2,0.5199263625607491,0.46002137306764745,0.5199263625607491,0.020052264371603484
meeting,5,38,43,39,Russian Federation,11,2,0.633211029930807,0.334284382700928,0.633211029930807,0.032504587368265066
meeting,5,39,44,40,Russian Federation,9,2,0.6218033041202925,0.3389864867225254,0.6218033041202925,0.03921020915718208
meeting,5,40,45,41,Russian Federation,9,1,0.5948556202086257,0.5948556202086257,0.39588114393364787,0.009263235857726383
meeting,5,41,46,42,Russian Federation,9,2,0.7357683767343457,0.25484158353193104,0.7357683767343457,0.009390039733723298
meeting,5,42,47,43,Russian Federation,9,3,0.4819993053701202,0.13370870606882287,0.384291988561057,0.4819993053701202
meeting,5,4,9,5,SCAR,3,2,0.9814285158378084,0.018571484162191607,0.9814285158378084,0.0
meeting,5,5,10,6,SCAR,3,2,0.9316613120530625,0.0683386879469375,0.9316613120530625,0.0
meeting,5,6,11,7,SCAR,3,2,0.9204438473825063,0.07955615261749367,0.9204438473825063,0.0
meeting,5,7,12,8,SCAR,3,2,0.9456142066730007,0.05438579332699939,0.9456142066730007,0.0
meeting,5,8,13,9,SCAR,3,2,0.919831223628692,0.08016877637130802,0.919831223628692,0.0
meeting,5,9,14,10,SCAR,3,2,0.5032752613240418,0.4967247386759582,0.5032752613240418,0.0
meeting,5,12,17,13,SCAR,5,1,0.8691022491223367,0.8691022491223367,0.13089775087766337,0.0
meeting,5,13,18,14,SCAR,7,1,0.8994548650696387,0.8994548650696387,0.10054513493036137,0.0
meeting,5,14,19,15,SCAR,8,1,0.6920320292878273,0.6920320292878273,0.3079679707121727,0.0
meeting,5,15,20,16,SCAR,7,2,0.5006441478224636,0.49935585217753625,0.5006441478224636,0.0
meeting,5,16,21,17,SCAR,8,2,0.5728717813235261,0.42712821867647377,0.5728717813235261,0.0
meeting,5,17,22,18,SCAR,8,2,0.5557598242108285,0.4442401757891715,0.5557598242108285,0.0
meeting,5,18,23,19,SCAR,10,2,0.5945470622157779,0.2858803643688312,0.5945470622157779,0.1195725734153909
meeting,5,19,24,20,SCAR,10,2,0.7025637353929834,0.20548083833311853,0.7025637353929834,0.09195542627389805
meeting,5,20,25,21,SCAR,12,3,0.6231050942239066,0.06750818669369604,0.30938671908239723,0.6231050942239066
meeting,5,21,26,22,SCAR,14,3,0.5330582703299546,0.04167067085559971,0.42527105881444566,0.5330582703299546
meeting,5,22,27,23,SCAR,12,3,0.6403996125169802,0.02757604356935873,0.33202434391366115,0.6403996125169802
meeting,5,23,28,24,SCAR,10,3,0.6951648968645006,0.024598041076161623,0.2802370620593378,0.6951648968645006
meeting,5,24,29,25,SCAR,10,3,0.7130806168994338,0.03035832702568247,0.2565610560748837,0.7130806168994338
meeting,5,25,30,26,SCAR,9,3,0.6166153360426874,0.03536027752991634,0.3480243864273964,0.6166153360426874
meeting,5,26,31,27,SCAR,9,3,0.6647771194028349,0.04243533897367282,0.29278754162349224,0.6647771194028349
meeting,5,27,32,28,SCAR,10,3,0.6139978956949775,0.041811966574214425,0.344190137730808,0.6139978956949775
meeting,5,28,33,29,SCAR,10,3,0.6620760604377974,0.06001568902411751,0.27790825053808516,0.6620760604377974
meeting,5,29,34,30,SCAR,11,3,0.5563561833552136,0.08273642338351192,0.3609073932612744,0.5563561833552136
meeting,5,30,35,31,SCAR,11,3,0.5965109799361926,0.09942981486228575,0.30405920520152163,0.5965109799361926
meeting,5,31,36,32,SCAR,11,3,0.4930738322051597,0.0931958586663474,0.41373030912849285,0.4930738322051597
meeting,5,32,37,33,SCAR,11,3,0.545358401449152,0.046476260123034616,0.4081653384278133,0.545358401449152
meeting,5,33,38,34,SCAR,8,2,0.7768979240684529,0.06538085437936073,0.7768979240684529,0.15772122155218626
meeting,5,34,39,35,SCAR,9,2,0.6218816358690832,0.08738604595925575,0.6218816358690832,0.29073231817166106
meeting,5,35,40,36,SCAR,10,2,0.5704703079085576,0.11712017398507911,0.5704703079085576,0.3124095181063633
meeting,5,36,41,37,SCAR,9,2,0.5336882906596124,0.10436922396548234,0.5336882906596124,0.3619424853749053
meeting,5,37,42,38,SCAR,12,2,0.6279418161889618,0.07263271056824454,0.6279418161889618,0.2994254732427936
meeting,5,38,43,39,SCAR,11,2,0.6415270644841001,0.06924122648497044,0.6415270644841001,0.2892317090309295
meeting,5,39,44,40,SCAR,11,2,0.6817272698377068,0.06868570943344438,0.6817272698377068,0.24958702072884872
meeting,5,40,45,41,SCAR,11,2,0.7472041721304467,0.11640880491597384,0.7472041721304467,0.13638702295357946
meeting,5,41,46,42,SCAR,8,2,0.8422440112159986,0.04382303519470377,0.8422440112159986,0.1139329535892977
meeting,5,42,47,43,SCAR,10,2,0.7574583670059245,0.05385907103418773,0.7574583670059245,0.18868256195988775
meeting,5,0,5,1,South Africa,3,1,0.7500448591422932,0.7500448591422932,0.0,0.2499551408577068
meeting,5,1,6,2,South Africa,3,1,0.7874971891162582,0.7874971891162582,0.0,0.21250281088374184
meeting,5,2,7,3,South Africa,7,3,0.5934030379789389,0.0644274003993873,0.34216956162167383,0.5934030379789389
meeting,5,3,8,4,South Africa,6,2,0.4766095927066567,0.05837413188600423,0.4766095927066567,0.4650162754073391
meeting,5,4,9,5,South Africa,5,2,0.6684204470335016,0.045285436779301164,0.6684204470335016,0.2862941161871972
meeting,5,5,10,6,South Africa,5,2,0.7624796100754294,0.07381149565580242,0.7624796100754294,0.1637088942687681
meeting,5,6,11,7,South Africa,6,2,0.7097375115106439,0.0930555853475635,0.7097375115106439,0.19720690314179268
meeting,5,7,12,8,South Africa,3,1,0.8017649018895757,0.8017649018895757,0.0,0.19823509811042433
meeting,5,8,13,9,South Africa,3,1,0.7894084307474317,0.7894084307474317,0.0,0.21059156925256817
meeting,5,9,14,10,South Africa,3,1,1.0,1.0,0.0,0.0
meeting,5,10,15,11,South Africa,4,2,0.9532078463575034,0.04679215364249662,0.9532078463575034,0.0
meeting,5,11,16,12,South Africa,5,2,0.9653178925794341,0.03468210742056597,0.9653178925794341,0.0
meeting,5,12,17,13,South Africa,5,2,0.9609699435451252,0.03903005645487486,0.9609699435451252,0.0
meeting,5,13,18,14,South Africa,5,2,0.9806860548265176,0.019313945173482405,0.9806860548265176,0.0
meeting,5,14,19,15,South Africa,4,2,0.9251152355519188,0.07488476444808119,0.9251152355519188,0.0
meeting,5,15,20,16,South Africa,4,2,0.5750323712849129,0.424967628715087,0.5750323712849129,0.0
meeting,5,16,21,17,South Africa,5,2,0.6750201281925134,0.3249798718074865,0.6750201281925134,0.0
meeting,5,17,22,18,South Africa,5,2,0.677254554156917,0.3227454458430829,0.677254554156917,0.0
meeting,5,18,23,19,South Africa,5,2,0.5600546140933225,0.43994538590667753,0.5600546140933225,0.0
meeting,5,19,24,20,South Africa,4,2,0.7235690893160296,0.27643091068397035,0.7235690893160296,0.0
meeting,5,20,25,21,South Africa,4,2,0.6290515856978314,0.3709484143021686,0.6290515856978314,0.0
meeting,5,21,26,22,South Africa,4,1,0.5887700402074293,0.5887700402074293,0.4112299597925708,0.0
meeting,5,22,27,23,South Africa,7,2,0.4880181985461753,0.14460658290018272,0.4880181985461753,0.36737521855364197
meeting,5,23,28,24,South Africa,7,2,0.7152959778719682,0.06296099750611174,0.7152959778719682,0.22174302462192014
meeting,5,24,29,25,South Africa,8,2,0.5620543965521424,0.09988084464208478,0.5620543965521424,0.33806475880577286
meeting,5,25,30,26,South Africa,9,2,0.56389799641723,0.11816422924178036,0.56389799641723,0.31793777434098963
meeting,5,26,31,27,South Africa,9,2,0.57342980489256,0.20627815252106255,0.57342980489256,0.22029204258637752
meeting,5,27,32,28,South Africa,7,2,0.6962859380225123,0.30371406197748785,0.6962859380225123,0.0
meeting,5,28,33,29,South Africa,6,2,0.6395308967274352,0.36046910327256476,0.6395308967274352,0.0
meeting,5,29,34,30,South Africa,5,2,0.7201714580859684,0.27982854191403156,0.7201714580859684,0.0
meeting,5,30,35,31,South Africa,6,2,0.7026361893396514,0.2973638106603485,0.7026361893396514,0.0
meeting,5,31,36,32,South Africa,7,2,0.9093304735441743,0.0906695264558258,0.9093304735441743,0.0
meeting,5,32,37,33,South Africa,9,2,0.9275505424808588,0.06918243584604705,0.9275505424808588,0.0032670216730942155
meeting,5,33,38,34,South Africa,8,2,0.859608039186734,0.09960470664849619,0.859608039186734,0.040787254164769755
meeting,5,34,39,35,South Africa,9,2,0.7807258088179331,0.19209814400853806,0.7807258088179331,0.02717604717352875
meeting,5,35,40,36,South Africa,8,2,0.6590621180077536,0.27949484338326813,0.6590621180077536,0.06144303860897831
meeting,5,36,41,37,South Africa,9,2,0.49749093028924923,0.4359293072455656,0.49749093028924923,0.06657976246518517
meeting,5,37,42,38,South Africa,7,1,0.6679433023660758,0.6679433023660758,0.2666800619500073,0.0653766356839169
meeting,5,38,43,39,South Africa,8,1,0.6507003380010666,0.6507003380010666,0.32196861043578123,0.02733105156315215
meeting,5,39,44,40,South Africa,8,2,0.6948927586125738,0.2375582463963966,0.6948927586125738,0.06754899499102959
meeting,5,40,45,41,South Africa,7,2,0.8539538687405496,0.14604613125945043,0.8539538687405496,0.0
meeting,5,41,46,42,South Africa,6,2,0.9397741742794821,0.06022582572051789,0.9397741742794821,0.0
meeting,5,42,47,43,South Africa,6,2,0.9475945772610437,0.052405422738956285,0.9475945772610437,0.0
meeting,5,10,15,11,Spain,4,2,0.7137202337537073,0.2862797662462928,0.7137202337537073,0.0
meeting,5,11,16,12,Spain,6,2,0.6440222546494105,0.3559777453505895,0.6440222546494105,0.0
meeting,5,12,17,13,Spain,6,2,0.6907332081803021,0.29834052852829923,0.6907332081803021,0.010926263291398659
meeting,5,13,18,14,Spain,6,2,0.7273307519481855,0.27202483939648564,0.7273307519481855,0.00064440865532884
meeting,5,14,19,15,Spain,6,2,0.8148189788084477,0.17894935430409414,0.8148189788084477,0.006231666887458156
meeting,5,15,20,16,Spain,4,2,0.4677025614293412,0.46748054809224154,0.4677025614293412,0.06481689047841714
meeting,5,19,24,20,Spain,4,1,0.571497699172041,0.571497699172041,0.4285023008279591,0.0
meeting,5,20,25,21,Spain,4,1,0.7034542189514505,0.7034542189514505,0.2965457810485494,0.0
meeting,5,21,26,22,Spain,8,2,0.5102252964242838,0.07745672463713818,0.5102252964242838,0.4123179789385781
meeting,5,22,27,23,Spain,9,2,0.546090806394413,0.10213980339748957,0.546090806394413,0.3517693902080976
meeting,5,23,28,24,Spain,9,2,0.638599661403,0.06527751157734984,0.638599661403,0.29612282701965015
meeting,5,24,29,25,Spain,9,2,0.6567105169171532,0.10716273991483749,0.6567105169171532,0.23612674316800936
meeting,5,25,30,26,Spain,9,2,0.6887054139189387,0.11141169843180536,0.6887054139189387,0.199882887649256
meeting,5,26,31,27,Spain,9,2,0.7748805138626466,0.18548527197043818,0.7748805138626466,0.03963421416691533
meeting,5,27,32,28,Spain,7,2,0.7044722942879293,0.19526392758549918,0.7044722942879293,0.10026377812657153
meeting,5,28,33,29,Spain,9,2,0.6974947182204703,0.2120913876934621,0.6974947182204703,0.09041389408606755
meeting,5,29,34,30,Spain,9,2,0.6533127389941878,0.1803905143228533,0.6533127389941878,0.1662967466829588
meeting,5,30,35,31,Spain,9,2,0.7137394715813025,0.10184199935236121,0.7137394715813025,0.18441852906633627
meeting,5,31,36,32,Spain,9,2,0.8381006837803752,0.061875054573645054,0.8381006837803752,0.1000242616459798
meeting,5,32,37,33,Spain,7,2,0.8230105761681207,0.12570626922334896,0.8230105761681207,0.05128315460853042
meeting,5,33,38,34,Spain,8,2,0.8100342977791427,0.13455421011064278,0.8100342977791427,0.05541149211021455
meeting,5,34,39,35,Spain,8,2,0.67350851076627,0.0987039055368735,0.67350851076627,0.22778758369685656
meeting,5,35,40,36,Spain,8,2,0.8270231824542198,0.08051438428696818,0.8270231824542198,0.09246243325881208
meeting,5,36,41,37,Spain,8,2,0.8350938464858068,0.057399028774612684,0.8350938464858068,0.10750712473958067
meeting,5,37,42,38,Spain,10,2,0.8140716575920791,0.058311812293648534,0.8140716575920791,0.12761653011427246
meeting,5,38,43,39,Spain,12,2,0.7691035994003418,0.13230359083296672,0.7691035994003418,0.09859280976669155
meeting,5,39,44,40,Spain,11,1,0.604339280476437,0.604339280476437,0.3849823732958943,0.010678346227668792
meeting,5,40,45,41,Spain,13,1,0.7796314515709527,0.7796314515709527,0.21863311504397923,0.0017354333850680725
meeting,5,41,46,42,Spain,10,1,0.7452368286710781,0.7452368286710781,0.2547631713289218,0.0
meeting,5,42,47,43,Spain,8,1,0.6154808828821043,0.6154808828821043,0.38451911711789577,0.0
meeting,5,11,16,12,Sweden,5,2,0.8960059222754587,0.10399407772454122,0.8960059222754587,0.0
meeting,5,12,17,13,Sweden,5,2,0.852055931242189,0.14794406875781094,0.852055931242189,0.0
meeting,5,13,18,14,Sweden,4,2,0.8410089646686588,0.1589910353313412,0.8410089646686588,0.0
meeting,5,14,19,15,Sweden,4,2,0.837239724485286,0.16276027551471386,0.837239724485286,0.0
meeting,5,15,20,16,Sweden,4,2,0.759521940435522,0.24047805956447807,0.759521940435522,0.0
meeting,5,16,21,17,Sweden,3,2,0.5294438267502313,0.47055617324976867,0.5294438267502313,0.0
meeting,5,17,22,18,Sweden,3,2,0.6339576283971636,0.3660423716028363,0.6339576283971636,0.0
meeting,5,18,23,19,Sweden,3,3,0.7849376823123839,0.1349860138065542,0.08007630388106174,0.7849376823123839
meeting,5,19,24,20,Sweden,5,3,0.674752632140408,0.12902140155277028,0.19622596630682176,0.674752632140408
meeting,5,20,25,21,Sweden,5,3,0.5154272816586327,0.1684388969175572,0.31613382142380997,0.5154272816586327
meeting,5,21,26,22,Sweden,6,2,0.41727829643982545,0.21216043378698182,0.41727829643982545,0.37056126977319276
meeting,5,22,27,23,Sweden,7,3,0.6797583984317085,0.14072669754223863,0.17951490402605294,0.6797583984317085
meeting,5,23,28,24,Sweden,9,3,0.662967833166139,0.07052829471629983,0.2665038721175611,0.662967833166139
meeting,5,24,29,25,Sweden,8,3,0.43458596732638766,0.16469124180218653,0.4007227908714258,0.43458596732638766
meeting,5,25,30,26,Sweden,10,2,0.4450065852061169,0.146298071425495,0.4450065852061169,0.40869534336838803
meeting,5,26,31,27,Sweden,10,2,0.49679359715658383,0.13292352516397962,0.49679359715658383,0.37028287767943663
meeting,5,27,32,28,Sweden,9,2,0.7098688818729713,0.14634135684886138,0.7098688818729713,0.14378976127816728
meeting,5,28,33,29,Sweden,4,2,0.6672316448264853,0.24904667506627048,0.6672316448264853,0.08372168010724416
meeting,5,29,34,30,Sweden,3,2,0.8973533619456366,0.0,0.8973533619456366,0.10264663805436339
meeting,5,32,37,33,Sweden,3,2,0.8642133805793634,0.13578661942063658,0.8642133805793634,0.0
meeting,5,33,38,34,Sweden,4,2,0.9320774773506648,0.06792252264933514,0.9320774773506648,0.0
meeting,5,34,39,35,Sweden,5,2,0.9268487252079132,0.07315127479208684,0.9268487252079132,0.0
meeting,5,35,40,36,Sweden,6,2,0.9612483302537091,0.038751669746290796,0.9612483302537091,0.0
meeting,5,36,41,37,Sweden,6,2,0.8917664711088453,0.05763735659151317,0.8917664711088453,0.050596172299641314
meeting,5,37,42,38,Sweden,6,2,0.8455332952898296,0.05026984002982433,0.8455332952898296,0.10419686468034614
meeting,5,38,43,39,Sweden,5,2,0.798453683936685,0.050758484352227816,0.798453683936685,0.1507878317110871
meeting,5,39,44,40,Sweden,6,2,0.47046198985873283,0.10621479136630617,0.47046198985873283,0.4233232187749611
meeting,5,40,45,41,Sweden,7,2,0.6813995126212682,0.080631144895475,0.6813995126212682,0.23796934248325685
meeting,5,41,46,42,Sweden,7,2,0.695201585525382,0.06906323500065742,0.695201585525382,0.23573517947396042
meeting,5,42,47,43,Sweden,7,2,0.6508162980203643,0.11540607144599097,0.6508162980203643,0.23377763053364473
meeting,5,35,40,36,Türkiye,4,1,1.0,1.0,0.0,0.0
meeting,5,36,41,37,Türkiye,5,1,0.5720287573679815,0.5720287573679815,0.42797124263201836,0.0
meeting,5,37,42,38,Türkiye,5,2,0.5518478342318597,0.4481521657681403,0.5518478342318597,0.0
meeting,5,38,43,39,Türkiye,6,1,0.5724929930183115,0.5724929930183115,0.4275070069816885,0.0
meeting,5,39,44,40,Türkiye,7,1,0.6858903136527156,0.6858903136527156,0.3141096863472844,0.0
meeting,5,40,45,41,Türkiye,5,2,0.5114411830818599,0.4885588169181401,0.5114411830818599,0.0
meeting,5,41,46,42,Türkiye,4,1,0.5650619022859119,0.5650619022859119,0.4349380977140881,0.0
meeting,5,42,47,43,Türkiye,3,2,0.59900447806397,0.4009955219360301,0.59900447806397,0.0
meeting,5,14,19,15,UNEP,3,2,0.5042032108281995,0.49579678917180053,0.5042032108281995,0.0
meeting,5,15,20,16,UNEP,3,1,0.5666174921589079,0.5666174921589079,0.43338250784109217,0.0
meeting,5,16,21,17,UNEP,3,1,0.676380435051768,0.676380435051768,0.323619564948232,0.0
meeting,5,17,22,18,UNEP,3,1,0.6254390743210537,0.6254390743210537,0.3745609256789461,0.0
meeting,5,18,23,19,UNEP,4,1,0.5314551736883331,0.5314551736883331,0.4685448263116669,0.0
meeting,5,22,27,23,UNEP,4,2,0.8493312942305385,0.15066870576946148,0.8493312942305385,0.0
meeting,5,23,28,24,UNEP,4,2,0.9644414182668887,0.0,0.9644414182668887,0.0355585817331113
meeting,5,24,29,25,UNEP,4,2,0.9588370058566096,0.0,0.9588370058566096,0.04116299414339042
meeting,5,25,30,26,UNEP,6,2,0.8379907483184649,0.13317743513875266,0.8379907483184649,0.02883181654278243
meeting,5,26,31,27,UNEP,5,2,0.8454527867936289,0.11660898910216451,0.8454527867936289,0.03793822410420651
meeting,5,27,32,28,UNEP,4,2,0.6552362972258324,0.23023685743736835,0.6552362972258324,0.11452684533679916
meeting,5,28,33,29,UNEP,3,2,0.7612826942359658,0.23871730576403413,0.7612826942359658,0.0
meeting,5,29,34,30,UNEP,4,2,0.7694864048338369,0.23051359516616315,0.7694864048338369,0.0
meeting,5,30,35,31,UNEP,3,2,1.0,0.0,1.0,0.0
meeting,5,31,36,32,UNEP,3,2,1.0,0.0,1.0,0.0
meeting,5,32,37,33,UNEP,3,2,1.0,0.0,1.0,0.0
meeting,5,33,38,34,UNEP,3,2,1.0,0.0,1.0,0.0
meeting,5,20,25,21,Ukraine,3,1,1.0,1.0,0.0,0.0
meeting,5,21,26,22,Ukraine,3,1,1.0,1.0,0.0,0.0
meeting,5,22,27,23,Ukraine,3,1,1.0,1.0,0.0,0.0
meeting,5,23,28,24,Ukraine,4,1,0.9511652551015322,0.9511652551015322,0.0,0.04883474489846793
meeting,5,24,29,25,Ukraine,5,1,0.9622822982856125,0.9622822982856125,0.02447412667422327,0.013243575040164107
meeting,5,25,30,26,Ukraine,5,1,0.757411557766633,0.757411557766633,0.22121558828400367,0.021372853949363276
meeting,5,26,31,27,Ukraine,7,2,0.4852977242709836,0.46935515334395067,0.4852977242709836,0.04534712238506581
meeting,5,27,32,28,Ukraine,7,2,0.4731744132366152,0.42969201279427216,0.4731744132366152,0.09713357396911262
meeting,5,28,33,29,Ukraine,7,2,0.505959727902044,0.4099282809283641,0.505959727902044,0.08411199116959184
meeting,5,29,34,30,Ukraine,8,1,0.450159539522238,0.450159539522238,0.44949464327194444,0.10034581720581752
meeting,5,30,35,31,Ukraine,8,1,0.5191636531122885,0.5191636531122885,0.36149907037212337,0.11933727651558801
meeting,5,31,36,32,Ukraine,8,1,0.6509488574270174,0.6509488574270174,0.26738541752885686,0.08166572504412592
meeting,5,32,37,33,Ukraine,7,1,0.6839492016009354,0.6839492016009354,0.2372560518445158,0.07879474655454868
meeting,5,33,38,34,Ukraine,7,1,0.8952479495605979,0.8952479495605979,0.096582149583192,0.008169900856210034
meeting,5,34,39,35,Ukraine,4,1,0.8554945120001896,0.8554945120001896,0.06361225238878959,0.080893235611021
meeting,5,35,40,36,Ukraine,3,1,0.9014413119580149,0.9014413119580149,0.0,0.09855868804198514
meeting,5,36,41,37,Ukraine,5,3,0.5101582935551607,0.24780442812230266,0.24203727832253655,0.5101582935551607
meeting,5,37,42,38,Ukraine,7,3,0.44713112273853467,0.1825439938958009,0.37032488336566444,0.44713112273853467
meeting,5,38,43,39,Ukraine,7,3,0.6292166355796139,0.030511555532164003,0.34027180888822195,0.6292166355796139
meeting,5,39,44,40,Ukraine,8,3,0.6447224209983496,0.04765801268972347,0.30761956631192683,0.6447224209983496
meeting,5,40,45,41,Ukraine,8,3,0.6319561771607959,0.044317754947829045,0.3237260678913752,0.6319561771607959
meeting,5,41,46,42,Ukraine,7,3,0.4231873752813921,0.1932307306755716,0.38358189404303616,0.4231873752813921
meeting,5,42,47,43,Ukraine,5,3,0.6937146355906673,0.1715897599959877,0.1346956044133451,0.6937146355906673
meeting,5,0,5,1,United Kingdom,7,3,0.5390454875393177,0.0,0.46095451246068225,0.5390454875393177
meeting,5,1,6,2,United Kingdom,9,2,0.9488806216039731,0.0,0.9488806216039731,0.051119378396026906
meeting,5,2,7,3,United Kingdom,11,2,0.8517853353552814,0.012136864496695364,0.8517853353552814,0.13607780014802315
meeting,5,3,8,4,United Kingdom,11,2,0.7671874096195251,0.05157916036139662,0.7671874096195251,0.18123343001907816
meeting,5,4,9,5,United Kingdom,14,1,0.5724827644840758,0.5724827644840758,0.14567371508185198,0.28184352043407235
meeting,5,5,10,6,United Kingdom,12,1,0.6532751501531905,0.6532751501531905,0.11147735626991961,0.23524749357688984
meeting,5,6,11,7,United Kingdom,11,1,0.6656154633564011,0.6656154633564011,0.08333740223977032,0.2510471344038286
meeting,5,7,12,8,United Kingdom,9,1,0.5630669686976079,0.5630669686976079,0.0,0.4369330313023921
meeting,5,8,13,9,United Kingdom,11,2,0.4112474224403833,0.34635112714138644,0.4112474224403833,0.24240145041823022
meeting,5,9,14,10,United Kingdom,9,2,0.8398435284843686,0.03721109135537444,0.8398435284843686,0.12294538016025712
meeting,5,10,15,11,United Kingdom,10,2,0.7402810367244663,0.22051871974612378,0.7402810367244663,0.0392002435294099
meeting,5,11,16,12,United Kingdom,12,2,0.8220150243000468,0.14019618224368216,0.8220150243000468,0.03778879345627104
meeting,5,12,17,13,United Kingdom,11,2,0.7386687403265371,0.07587021101754966,0.7386687403265371,0.1854610486559132
meeting,5,13,18,14,United Kingdom,11,2,0.688025446021875,0.07503349206165473,0.688025446021875,0.2369410619164702
meeting,5,14,19,15,United Kingdom,10,2,0.751054206162888,0.07717072259554504,0.751054206162888,0.17177507124156713
meeting,5,15,20,16,United Kingdom,10,2,0.7810201187237723,0.0366464780071435,0.7810201187237723,0.18233340326908423
meeting,5,16,21,17,United Kingdom,10,2,0.6606466425885889,0.07593339591557097,0.6606466425885889,0.2634199614958403
meeting,5,17,22,18,United Kingdom,11,2,0.7475373471563885,0.01178765662851069,0.7475373471563885,0.24067499621510083
meeting,5,18,23,19,United Kingdom,14,3,0.640460885038164,0.0004950813668481343,0.359044033594988,0.640460885038164
meeting,5,19,24,20,United Kingdom,13,3,0.553768280649705,0.006949697896829309,0.43928202145346573,0.553768280649705
meeting,5,20,25,21,United Kingdom,16,2,0.6308136048604439,0.035137081927396924,0.6308136048604439,0.3340493132121591
meeting,5,21,26,22,United Kingdom,14,2,0.5005645244894831,0.08330882410449209,0.5005645244894831,0.41612665140602484
meeting,5,22,27,23,United Kingdom,16,2,0.6503094659437618,0.1440752461412514,0.6503094659437618,0.2056152879149869
meeting,5,23,28,24,United Kingdom,17,2,0.7022383447144102,0.13988206968550343,0.7022383447144102,0.15787958560008652
meeting,5,24,29,25,United Kingdom,16,2,0.7172515501334132,0.07030873338488709,0.7172515501334132,0.21243971648169974
meeting,5,25,30,26,United Kingdom,18,2,0.6243588710936647,0.09807136159808924,0.6243588710936647,0.277569767308246
meeting,5,26,31,27,United Kingdom,17,2,0.6108528887964814,0.05984157009416868,0.6108528887964814,0.3293055411093499
meeting,5,27,32,28,United Kingdom,15,2,0.608499445717478,0.0380707386985829,0.608499445717478,0.353429815583939
meeting,5,28,33,29,United Kingdom,15,2,0.7677033224864318,0.008413156188607962,0.7677033224864318,0.22388352132496023
meeting,5,29,34,30,United Kingdom,15,2,0.7535406415451262,0.01555385166759991,0.7535406415451262,0.2309055067872738
meeting,5,30,35,31,United Kingdom,13,2,0.5480788101552335,0.034804873241339275,0.5480788101552335,0.41711631660342713
meeting,5,31,36,32,United Kingdom,13,2,0.8338133420278708,0.06335446343952157,0.8338133420278708,0.10283219453260749
meeting,5,32,37,33,United Kingdom,12,2,0.8404981896041203,0.05360226890274396,0.8404981896041203,0.10589954149313593
meeting,5,33,38,34,United Kingdom,13,2,0.8356569169257302,0.0758553514365235,0.8356569169257302,0.0884877316377463
meeting,5,34,39,35,United Kingdom,15,2,0.8951261406996801,0.02563917636108052,0.8951261406996801,0.07923468293923945
meeting,5,35,40,36,United Kingdom,16,2,0.8415587515196377,0.02654192364499658,0.8415587515196377,0.13189932483536576
meeting,5,36,41,37,United Kingdom,13,2,0.7908454271265353,0.008728963093973327,0.7908454271265353,0.20042560977949136
meeting,5,37,42,38,United Kingdom,12,2,0.8388374898934878,0.03664643438864286,0.8388374898934878,0.12451607571786932
meeting,5,38,43,39,United Kingdom,13,2,0.7439480143204152,0.04263528027658973,0.7439480143204152,0.21341670540299498
meeting,5,39,44,40,United Kingdom,12,2,0.762091356678086,0.05726659136147594,0.762091356678086,0.18064205196043806
meeting,5,40,45,41,United Kingdom,14,2,0.6600461781748568,0.10235014063740368,0.6600461781748568,0.23760368118773967
meeting,5,41,46,42,United Kingdom,15,2,0.4818850362531893,0.11315291411766107,0.4818850362531893,0.40496204962914956
meeting,5,42,47,43,United Kingdom,14,2,0.5433730615002842,0.07164434831698102,0.5433730615002842,0.3849825901827348
meeting,5,0,5,1,United States,10,2,0.708942492258817,0.10111762113828915,0.708942492258817,0.1899398866028938
meeting,5,1,6,2,United States,11,2,0.5663371574040401,0.1267894336628426,0.5663371574040401,0.3068734089331173
meeting,5,2,7,3,United States,9,2,0.7257464249534114,0.1622730657820355,0.7257464249534114,0.11198050926455302
meeting,5,3,8,4,United States,10,2,0.639642492856845,0.14410593372963712,0.639642492856845,0.21625157341351783
meeting,5,4,9,5,United States,9,2,0.6546696605610854,0.23075471436199904,0.6546696605610854,0.11457562507691542
meeting,5,5,10,6,United States,8,2,0.6182562679167883,0.18021570490290514,0.6182562679167883,0.2015280271803065
meeting,5,6,11,7,United States,9,2,0.5458195436266317,0.2603585569102622,0.5458195436266317,0.19382189946310618
meeting,5,7,12,8,United States,9,2,0.5105060521619743,0.2859862157152323,0.5105060521619743,0.20350773212279333
meeting,5,8,13,9,United States,7,1,0.3887425411519811,0.3887425411519811,0.2504654720040948,0.360791986843924
meeting,5,9,14,10,United States,9,3,0.5596883508995045,0.1692100631027265,0.271101585997769,0.5596883508995045
meeting,5,10,15,11,United States,12,3,0.5716291564783619,0.06467237819221931,0.36369846532941863,0.5716291564783619
meeting,5,11,16,12,United States,13,3,0.5154798110878722,0.11414899369295464,0.37037119521917317,0.5154798110878722
meeting,5,12,17,13,United States,13,3,0.57715514793797,0.1047243878150898,0.31812046424694024,0.57715514793797
meeting,5,13,18,14,United States,12,3,0.6216699667505691,0.08225969442226791,0.29607033882716305,0.6216699667505691
meeting,5,14,19,15,United States,11,3,0.5496196473372121,0.0746932752769549,0.375687077385833,0.5496196473372121
meeting,5,15,20,16,United States,10,3,0.6979755144864204,0.12313405335572986,0.1788904321578497,0.6979755144864204
meeting,5,16,21,17,United States,10,2,0.5900467013548992,0.2540226109055714,0.5900467013548992,0.1559306877395293
meeting,5,17,22,18,United States,10,2,0.687752858493623,0.25571611642822384,0.687752858493623,0.0565310250781531
meeting,5,18,23,19,United States,10,2,0.48843548387367314,0.4472976359261259,0.48843548387367314,0.06426688020020091
meeting,5,19,24,20,United States,10,2,0.531359612414478,0.398525533179464,0.531359612414478,0.07011485440605786
meeting,5,20,25,21,United States,8,1,0.5181936424258851,0.5181936424258851,0.48180635757411494,0.0
meeting,5,21,26,22,United States,8,1,0.5378800888094495,0.5378800888094495,0.4621199111905505,0.0
meeting,5,22,27,23,United States,6,1,0.6015370043305646,0.6015370043305646,0.39846299566943544,0.0
meeting,5,23,28,24,United States,9,1,0.4425235010765621,0.4425235010765621,0.31442361791686263,0.24305288100657527
meeting,5,24,29,25,United States,8,2,0.4248587397779209,0.4207097741496136,0.4248587397779209,0.15443148607246554
meeting,5,25,30,26,United States,8,2,0.44389030324162365,0.34115222855515626,0.44389030324162365,0.21495746820322006
meeting,5,26,31,27,United States,10,2,0.5802621549167502,0.27318051081775685,0.5802621549167502,0.14655733426549308
meeting,5,27,32,28,United States,10,2,0.5142566796729056,0.2752618995160999,0.5142566796729056,0.21048142081099466
meeting,5,28,33,29,United States,13,2,0.5294225578558813,0.25576656849962337,0.5294225578558813,0.21481087364449544
meeting,5,29,34,30,United States,13,3,0.5265020709825339,0.16913022080882154,0.30436770820864456,0.5265020709825339
meeting,5,30,35,31,United States,11,3,0.5376509823486583,0.13991908153523447,0.32242993611610726,0.5376509823486583
meeting,5,31,36,32,United States,11,3,0.7175094720203964,0.06745726670868187,0.21503326127092182,0.7175094720203964
meeting,5,32,37,33,United States,10,3,0.741342653202994,0.031871249118925374,0.22678609767808072,0.741342653202994
meeting,5,33,38,34,United States,11,3,0.6030310216669647,0.035133992539179676,0.36183498579385553,0.6030310216669647
meeting,5,34,39,35,United States,11,3,0.5783039747992724,0.11254556529868166,0.309150459902046,0.5783039747992724
meeting,5,35,40,36,United States,13,3,0.6201655924667139,0.1280219849369479,0.2518124225963383,0.6201655924667139
meeting,5,36,41,37,United States,14,2,0.40842306456755567,0.23937327979681056,0.40842306456755567,0.35220365563563377
meeting,5,37,42,38,United States,11,2,0.5604284174108137,0.2743596066763276,0.5604284174108137,0.1652119759128586
meeting,5,38,43,39,United States,12,2,0.475197864853539,0.3250440830332453,0.475197864853539,0.19975805211321568
meeting,5,39,44,40,United States,11,2,0.5633524519984907,0.32439365918994245,0.5633524519984907,0.11225388881156688
meeting,5,40,45,41,United States,12,2,0.552495911732363,0.3512736738163601,0.552495911732363,0.09623041445127685
meeting,5,41,46,42,United States,13,2,0.5703632523027218,0.3095283293395655,0.5703632523027218,0.12010841835771267
meeting,5,42,47,43,United States,12,2,0.571655646518536,0.23848672411545005,0.571655646518536,0.189857629366014
meeting,5,9,14,10,Uruguay,3,1,1.0,1.0,0.0,0.0
meeting,5,10,15,11,Uruguay,3,1,1.0,1.0,0.0,0.0
meeting,5,11,16,12,Uruguay,4,2,0.541546456057173,0.4584535439428271,0.541546456057173,0.0
meeting,5,12,17,13,Uruguay,5,1,0.5210130994027842,0.5210130994027842,0.4789869005972159,0.0
meeting,5,13,18,14,Uruguay,5,2,0.5535166153960284,0.44648338460397163,0.5535166153960284,0.0
meeting,5,14,19,15,Uruguay,5,2,0.5235490470973052,0.4764509529026948,0.5235490470973052,0.0
meeting,5,15,20,16,Uruguay,7,2,0.756252570771249,0.24374742922875098,0.756252570771249,0.0
meeting,5,16,21,17,Uruguay,7,2,0.6990761729255248,0.3009238270744752,0.6990761729255248,0.0
meeting,5,17,22,18,Uruguay,8,2,0.6331394317082655,0.36686056829173447,0.6331394317082655,0.0
meeting,5,18,23,19,Uruguay,9,2,0.5386216128389124,0.4613783871610875,0.5386216128389124,0.0
meeting,5,19,24,20,Uruguay,9,2,0.5898643780099746,0.4101356219900255,0.5898643780099746,0.0
meeting,5,20,25,21,Uruguay,10,1,0.5440365533078176,0.5440365533078176,0.4559634466921823,0.0
meeting,5,21,26,22,Uruguay,8,1,0.5287974594977246,0.5287974594977246,0.4712025405022753,0.0
meeting,5,22,27,23,Uruguay,10,2,0.5362916148684846,0.4637083851315153,0.5362916148684846,0.0
meeting,5,23,28,24,Uruguay,8,1,0.8029521943262645,0.8029521943262645,0.1713915156870923,0.02565628998664323
meeting,5,24,29,25,Uruguay,9,1,0.7705578542012747,0.7705578542012747,0.2154226506624809,0.014019495136244394
meeting,5,25,30,26,Uruguay,10,1,0.7746728550633734,0.7746728550633734,0.20677304208327624,0.018554102853350428
meeting,5,26,31,27,Uruguay,10,1,0.6515910436644056,0.6515910436644056,0.3191018659428074,0.02930709039278709
meeting,5,27,32,28,Uruguay,10,1,0.6345706571534193,0.6345706571534193,0.32356546694261434,0.041863875903966334
meeting,5,28,33,29,Uruguay,11,1,0.5691707793194956,0.5691707793194956,0.4308292206805044,0.0
meeting,5,29,34,30,Uruguay,12,1,0.5842625976960133,0.5842625976960133,0.26614591267630006,0.14959148962768665
meeting,5,30,35,31,Uruguay,11,1,0.5554290077683136,0.5554290077683136,0.3293062189766142,0.11526477325507221
meeting,5,31,36,32,Uruguay,13,1,0.5884823253637005,0.5884823253637005,0.28985543609965686,0.12166223853664261
meeting,5,32,37,33,Uruguay,11,1,0.5387485114067057,0.5387485114067057,0.34930292434274424,0.11194856425055007
meeting,5,33,38,34,Uruguay,9,1,0.47822983123072577,0.47822983123072577,0.28316719568869153,0.23860297308058268
meeting,5,34,39,35,Uruguay,5,2,0.5589368831450742,0.4410631168549258,0.5589368831450742,0.0
meeting,5,35,40,36,Uruguay,5,2,0.5832630743510285,0.4167369256489715,0.5832630743510285,0.0
meeting,5,36,41,37,Uruguay,4,1,0.5256538966771569,0.5256538966771569,0.474346103322843,0.0
meeting,5,37,42,38,Uruguay,5,2,0.6065968064904874,0.39340319350951264,0.6065968064904874,0.0
meeting,5,38,43,39,Uruguay,6,2,0.7293782711666761,0.27062172883332386,0.7293782711666761,0.0
meeting,5,39,44,40,Uruguay,7,2,0.808017193112409,0.19198280688759095,0.808017193112409,0.0
meeting,5,40,45,41,Uruguay,8,2,0.9018357349126408,0.0981642650873592,0.9018357349126408,0.0
meeting,5,41,46,42,Uruguay,9,2,0.8991333097148387,0.10086669028516128,0.8991333097148387,0.0
meeting,5,42,47,43,Uruguay,8,2,0.8183089378568819,0.18169106214311806,0.8183089378568819,0.0
meeting,5,31,36,32,Venezuela,3,1,0.5494144626203944,0.5494144626203944,0.4505855373796056,0.0
meeting,5,32,37,33,Venezuela,3,2,0.5259738966708188,0.47402610332918116,0.5259738966708188,0.0
meeting,5,33,38,34,Venezuela,3,1,0.5538729509270729,0.5538729509270729,0.44612704907292716,0.0
meeting,5,34,39,35,Venezuela,3,1,0.6539371117970598,0.6539371117970598,0.34606288820294023,0.0
meeting,5,35,40,36,Venezuela,3,1,0.6543305467727608,0.6543305467727608,0.34566945322723913,0.0
meeting,5,39,44,40,Venezuela,4,1,0.6130848634055541,0.6130848634055541,0.3869151365944458,0.0
meeting,5,41,46,42,Venezuela,3,2,0.5489996386694961,0.45100036133050403,0.5489996386694961,0.0
meeting,5,42,47,43,Venezuela,3,1,0.572286230833581,0.572286230833581,0.42771376916641884,0.0
meeting,5,11,16,12,WMO,3,2,0.8249200658850887,0.17507993411491132,0.8249200658850887,0.0
meeting,5,12,17,13,WMO,4,2,0.6087435447955655,0.39125645520443453,0.6087435447955655,0.0
meeting,5,13,18,14,WMO,4,2,0.5278028415594909,0.472197158440509,0.5278028415594909,0.0
meeting,5,14,19,15,WMO,5,2,0.6642770162516398,0.33572298374836024,0.6642770162516398,0.0
meeting,5,15,20,16,WMO,6,2,0.5324256902627821,0.46757430973721786,0.5324256902627821,0.0
meeting,5,16,21,17,WMO,6,1,0.837109611573679,0.837109611573679,0.16289038842632095,0.0
meeting,5,17,22,18,WMO,6,1,0.7982338976158059,0.7982338976158059,0.20176610238419423,0.0
meeting,5,18,23,19,WMO,5,1,0.7802145910236117,0.7802145910236117,0.21978540897638837,0.0
meeting,5,19,24,20,WMO,5,1,0.875282754409581,0.875282754409581,0.12471724559041895,0.0
meeting,5,20,25,21,WMO,3,1,1.0,1.0,0.0,0.0
meeting,5,21,26,22,WMO,3,1,1.0,1.0,0.0,0.0
meeting,5,22,27,23,WMO,3,1,1.0,1.0,0.0,0.0
meeting,5,32,37,33,WMO,3,1,0.8212993778035017,0.8212993778035017,0.17870062219649832,0.0
meeting,5,33,38,34,WMO,3,1,0.8437233085338502,0.8437233085338502,0.15627669146614975,0.0
meeting,5,34,39,35,WMO,6,1,0.5599356137476463,0.5599356137476463,0.4400643862523536,0.0
meeting,5,35,40,36,WMO,7,2,0.6256031746528503,0.3743968253471498,0.6256031746528503,0.0
meeting,5,36,41,37,WMO,6,2,0.8166034284158724,0.1833965715841276,0.8166034284158724,0.0
meeting,5,37,42,38,WMO,6,2,0.8947970752853545,0.10520292471464547,0.8947970752853545,0.0
meeting,5,38,43,39,WMO,6,2,0.9048125118571044,0.09518748814289563,0.9048125118571044,0.0
meeting,5,39,44,40,WMO,6,2,0.6412232670716348,0.027141185505751977,0.6412232670716348,0.3316355474226132
meeting,5,40,45,41,WMO,7,2,0.6379517842719346,0.026520192399088705,0.6379517842719346,0.33552802332897674
meeting,5,41,46,42,WMO,5,2,0.6423703030235698,0.007273489078751505,0.6423703030235698,0.3503562078976787
meeting,5,42,47,43,WMO,5,2,0.5776341956110447,0.011375707017475107,0.5776341956110447,0.4109900973714802
