region_id,anchor_topic,anchor_x,boundary_left,boundary_right
1,Exchange of Information,0.11158868832521063,0.0,0.22974211585140183
2,Inspections,0.34789554337759304,0.22974211585140183,0.5278070547788419
3,Operation of the CEP,0.7077185661800908,0.5278070547788419,1.0
