time_unit,window_size,period_index,period_end,period_start,member,k_active,dominant_region,dominant_region_share,region_1_share,region_2_share,region_3_share
year,5,26,1991,1987,ASOC,5,3,0.8312664113930355,0.022512798460265753,0.14622079014669884,0.8312664113930355
year,5,27,1992,1988,ASOC,7,3,0.6948441964858505,0.0,0.30515580351414945,0.6948441964858505
year,5,28,1993,1989,ASOC,7,3,0.6948441964858505,0.0,0.30515580351414945,0.6948441964858505
year,5,29,1994,1990,ASOC,7,3,0.6278523025860877,0.04794173235605957,0.32420596505785276,0.6278523025860877
year,5,30,1995,1991,ASOC,9,3,0.5560263939264911,0.019659809111757128,0.4243137969617517,0.5560263939264911
year,5,31,1996,1992,ASOC,7,2,0.8406450150737809,0.15552901640050082,0.8406450150737809,0.003825968525718275
year,5,32,1997,1993,ASOC,7,2,0.8443684228926218,0.15563157710737818,0.8443684228926218,0.0
year,5,33,1998,1994,ASOC,7,2,0.8291902380106225,0.17080976198937745,0.8291902380106225,0.0
year,5,34,1999,1995,ASOC,8,2,0.8215790991916725,0.171836601325483,0.8215790991916725,0.006584299482844696
year,5,35,2000,1996,ASOC,8,2,0.7363128372432806,0.2424708813328251,0.7363128372432806,0.021216281423894263
year,5,36,2001,1997,ASOC,8,2,0.6798258923445417,0.24476397410163983,0.6798258923445417,0.07541013355381856
year,5,37,2002,1998,ASOC,8,2,0.8675942908838099,0.028230421395007053,0.8675942908838099,0.10417528772118317
year,5,38,2003,1999,ASOC,11,2,0.8191439400234004,0.0180048808177299,0.8191439400234004,0.1628511791588695
year,5,39,2004,2000,ASOC,12,2,0.8074439115626693,0.02053538751680135,0.8074439115626693,0.17202070092052932
year,5,40,2005,2001,ASOC,13,2,0.7274223836666006,0.01894332464908883,0.7274223836666006,0.2536342916843106
year,5,41,2006,2002,ASOC,13,2,0.672436477410836,0.029728193802732325,0.672436477410836,0.2978353287864317
year,5,42,2007,2003,ASOC,13,3,0.680520631548162,0.019450416486140765,0.3000289519656973,0.680520631548162
year,5,43,2008,2004,ASOC,15,3,0.6907638963442283,0.021554430010745754,0.287681673645026,0.6907638963442283
year,5,44,2009,2005,ASOC,14,3,0.6398443657651871,0.026879455500139007,0.33327617873467397,0.6398443657651871
year,5,45,2010,2006,ASOC,12,2,0.5506382688800862,0.06075138905111215,0.5506382688800862,0.38861034206880174
year,5,46,2011,2007,ASOC,14,2,0.6005936905839443,0.06957857281724376,0.6005936905839443,0.329827736598812
year,5,47,2012,2008,ASOC,13,2,0.7604201789163392,0.09341808439675918,0.7604201789163392,0.14616173668690163
year,5,48,2013,2009,ASOC,13,2,0.7063367107764525,0.11955194742165612,0.7063367107764525,0.17411134180189128
year,5,49,2014,2010,ASOC,13,2,0.6589463150921872,0.13697654915597007,0.6589463150921872,0.20407713575184278
year,5,50,2015,2011,ASOC,11,2,0.55754934725744,0.13877802862529148,0.55754934725744,0.3036726241172686
year,5,51,2016,2012,ASOC,10,2,0.5364970903266459,0.12957532021244195,0.5364970903266459,0.3339275894609121
year,5,52,2017,2013,ASOC,11,2,0.5100782531082266,0.10308360686549277,0.5100782531082266,0.38683814002628064
year,5,53,2018,2014,ASOC,9,3,0.5494021560937369,0.08070997382354117,0.36988787008272195,0.5494021560937369
year,5,54,2019,2015,ASOC,9,2,0.6003185226261417,0.14479495767565698,0.6003185226261417,0.2548865196982013
year,5,55,2020,2016,ASOC,8,2,0.5789533651935952,0.15254277724222018,0.5789533651935952,0.26850385756418454
year,5,56,2021,2017,ASOC,11,2,0.43552415820738216,0.20416011270745318,0.43552415820738216,0.3603157290851646
year,5,57,2022,2018,ASOC,9,2,0.46535634854912,0.20665844536743544,0.46535634854912,0.32798520608344456
year,5,58,2023,2019,ASOC,8,2,0.6413643680020734,0.2006217784060011,0.6413643680020734,0.1580138535919256
year,5,59,2024,2020,ASOC,7,2,0.7350836185500464,0.20970526988911709,0.7350836185500464,0.05521111156083645
year,5,60,2025,2021,ASOC,8,2,0.7192013723292121,0.20467814364956846,0.7192013723292121,0.07612048402121946
year,5,40,2005,2001,ATS,8,2,0.60523154729888,0.3947684527011201,0.60523154729888,0.0
year,5,41,2006,2002,ATS,9,2,0.6155648737075836,0.3844351262924164,0.6155648737075836,0.0
year,5,42,2007,2003,ATS,9,2,0.5293780763013641,0.47062192369863587,0.5293780763013641,0.0
year,5,43,2008,2004,ATS,9,1,0.5313919521300989,0.5313919521300989,0.4686080478699011,0.0
year,5,44,2009,2005,ATS,10,1,0.614401876610059,0.614401876610059,0.38559812338994104,0.0
year,5,0,1965,1961,Argentina,3,1,1.0,1.0,0.0,0.0
year,5,2,1967,1963,Argentina,3,1,0.7534565189300944,0.7534565189300944,0.0,0.2465434810699057
year,5,3,1968,1964,Argentina,3,1,0.8780288592431255,0.8780288592431255,0.0,0.12197114075687447
year,5,4,1969,1965,Argentina,4,1,0.48841566034424994,0.48841566034424994,0.3164955453283775,0.1950887943273725
year,5,5,1970,1966,Argentina,4,1,0.6431534647633939,0.6431534647633939,0.06466915819795895,0.2921773770386473
year,5,7,1972,1968,Argentina,6,3,0.5002743556058478,0.4738269305641253,0.025898713830027013,0.5002743556058478
year,5,8,1973,1969,Argentina,4,3,0.52571169411108,0.45335612615126997,0.02093217973765,0.52571169411108
year,5,9,1974,1970,Argentina,4,3,0.52571169411108,0.45335612615126997,0.02093217973765,0.52571169411108
year,5,10,1975,1971,Argentina,6,3,0.6130379956081579,0.3631475895019391,0.023814414889903057,0.6130379956081579
year,5,11,1976,1972,Argentina,6,3,0.6130379956081579,0.3631475895019391,0.023814414889903057,0.6130379956081579
year,5,12,1977,1973,Argentina,5,2,0.6669365709669969,0.2148264239137385,0.6669365709669969,0.11823700511926463
year,5,13,1978,1974,Argentina,5,2,0.6669365709669969,0.2148264239137385,0.6669365709669969,0.11823700511926463
year,5,14,1979,1975,Argentina,5,1,0.4736242115129662,0.4736242115129662,0.4174160987871163,0.10895968969991751
year,5,15,1980,1976,Argentina,4,1,0.6119278423316428,0.6119278423316428,0.37305000962958207,0.01502214803877513
year,5,16,1981,1977,Argentina,4,1,0.6613935625457206,0.6613935625457206,0.3386064374542794,0.0
year,5,17,1982,1978,Argentina,5,1,0.9473117455870604,0.9473117455870604,0.052688254412939554,0.0
year,5,18,1983,1979,Argentina,5,2,0.5135000099926055,0.48649999000739463,0.5135000099926055,0.0
year,5,19,1984,1980,Argentina,7,3,0.40734162226169335,0.19715808170515098,0.3955002960331558,0.40734162226169335
year,5,20,1985,1981,Argentina,8,2,0.48162846234346174,0.2517829282274028,0.48162846234346174,0.2665886094291356
year,5,21,1986,1982,Argentina,4,2,0.7594548911895204,0.20394041833931967,0.7594548911895204,0.03660469047115992
year,5,22,1987,1983,Argentina,6,1,0.4525755190926928,0.4525755190926928,0.43694344423122533,0.11048103667608182
year,5,23,1988,1984,Argentina,6,1,0.4840466926070039,0.4840466926070039,0.37587548638132295,0.14007782101167315
year,5,24,1989,1985,Argentina,6,2,0.4580184718723762,0.4076406381192275,0.4580184718723762,0.1343408900083963
year,5,25,1990,1986,Argentina,5,2,0.5601946721311476,0.3127561475409836,0.5601946721311476,0.12704918032786885
year,5,26,1991,1987,Argentina,6,1,0.7114187586635328,0.7114187586635328,0.22314591300170242,0.06543532833476494
year,5,27,1992,1988,Argentina,5,1,0.5087110685080157,0.5087110685080157,0.4912889314919842,0.0
year,5,28,1993,1989,Argentina,5,1,0.5087110685080157,0.5087110685080157,0.4912889314919842,0.0
year,5,29,1994,1990,Argentina,9,2,0.8443160255304467,0.15568397446955323,0.8443160255304467,0.0
year,5,30,1995,1991,Argentina,7,2,0.865911690164556,0.134088309835444,0.865911690164556,0.0
year,5,31,1996,1992,Argentina,7,2,0.9238598534531886,0.07527003215785368,0.9238598534531886,0.0008701143889578044
year,5,32,1997,1993,Argentina,9,2,0.9177536125643757,0.06103316795897437,0.9177536125643757,0.02121321947664987
year,5,33,1998,1994,Argentina,11,2,0.9037570310515632,0.05372855213920805,0.9037570310515632,0.0425144168092287
year,5,34,1999,1995,Argentina,9,2,0.7948444328651504,0.08087662939087463,0.7948444328651504,0.12427893774397505
year,5,35,2000,1996,Argentina,7,2,0.7629627526580471,0.11315848491198754,0.7629627526580471,0.12387876242996529
year,5,36,2001,1997,Argentina,9,3,0.6229749867993639,0.06669513687975571,0.3103298763208803,0.6229749867993639
year,5,37,2002,1998,Argentina,7,3,0.6671843201615348,0.09968630616062302,0.2331293736778421,0.6671843201615348
year,5,38,2003,1999,Argentina,9,3,0.7734149212473403,0.10876760732945756,0.1178174714232021,0.7734149212473403
year,5,39,2004,2000,Argentina,8,3,0.7390482161935366,0.1251843737127724,0.135767410093691,0.7390482161935366
year,5,40,2005,2001,Argentina,9,3,0.7975351589256962,0.11268480902937725,0.08978003204492668,0.7975351589256962
year,5,41,2006,2002,Argentina,12,1,0.5418080426686016,0.5418080426686016,0.2473679785414425,0.21082397878995582
year,5,42,2007,2003,Argentina,11,1,0.6189061709059187,0.6189061709059187,0.2568863541070421,0.12420747498703928
year,5,43,2008,2004,Argentina,11,1,0.655378482020172,0.655378482020172,0.21314032090436646,0.13148119707546146
year,5,44,2009,2005,Argentina,11,1,0.6475227241935553,0.6475227241935553,0.20096617660414606,0.15151109920229866
year,5,45,2010,2006,Argentina,11,1,0.5689546667025522,0.5689546667025522,0.2596946835962452,0.17135064970120262
year,5,46,2011,2007,Argentina,9,1,0.516851761524493,0.516851761524493,0.29463087551106143,0.18851736296444563
year,5,47,2012,2008,Argentina,8,2,0.5374928269951125,0.11952044965632579,0.5374928269951125,0.3429867233485618
year,5,48,2013,2009,Argentina,9,3,0.4199765506913121,0.2182102920025547,0.3618131573061332,0.4199765506913121
year,5,49,2014,2010,Argentina,9,3,0.41859776686764044,0.17407190490541155,0.4073303282269481,0.41859776686764044
year,5,50,2015,2011,Argentina,11,2,0.5502422816941804,0.11551566927368027,0.5502422816941804,0.3342420490321393
year,5,51,2016,2012,Argentina,12,2,0.4913300371470779,0.17424818832497088,0.4913300371470779,0.3344217745279512
year,5,52,2017,2013,Argentina,13,2,0.4758157266581117,0.17396837705288404,0.4758157266581117,0.3502158962890042
year,5,53,2018,2014,Argentina,15,2,0.5554057700204554,0.15265978243193778,0.5554057700204554,0.2919344475476068
year,5,54,2019,2015,Argentina,13,2,0.5822393091705433,0.21926217783252333,0.5822393091705433,0.19849851299693322
year,5,55,2020,2016,Argentina,13,2,0.572770317467845,0.23562652150522967,0.572770317467845,0.19160316102692537
year,5,56,2021,2017,Argentina,12,1,0.41300445676558417,0.41300445676558417,0.3916293733437494,0.19536616989066635
year,5,57,2022,2018,Argentina,13,1,0.4619079231401074,0.4619079231401074,0.37770061270821226,0.16039146415168043
year,5,58,2023,2019,Argentina,12,1,0.47029729003113746,0.47029729003113746,0.3992006518819374,0.1305020580869252
year,5,59,2024,2020,Argentina,12,1,0.5164328101999728,0.5164328101999728,0.380077097157099,0.10349009264292833
year,5,60,2025,2021,Argentina,12,2,0.45088534435660277,0.43468021407827623,0.45088534435660277,0.1144344415651209
year,5,0,1965,1961,Australia,7,2,0.6694188631311527,0.3305811368688472,0.6694188631311527,0.0
year,5,1,1966,1962,Australia,6,1,0.7265579494153959,0.7265579494153959,0.15729190236838084,0.11615014821622321
year,5,2,1967,1963,Australia,5,2,0.5702424073558094,0.02652549456673161,0.5702424073558094,0.4032320980774589
year,5,3,1968,1964,Australia,4,2,0.5590638255731427,0.02896660999884464,0.5590638255731427,0.41196956442801264
year,5,4,1969,1965,Australia,5,2,0.44014332573272624,0.2432446764186748,0.44014332573272624,0.31661199784859895
year,5,5,1970,1966,Australia,6,1,0.4254869882923928,0.4254869882923928,0.3553659234899431,0.21914708821766418
year,5,6,1971,1967,Australia,3,1,0.8112206216830933,0.8112206216830933,0.0,0.18877937831690672
year,5,7,1972,1968,Australia,4,1,0.7000000000000001,0.7000000000000001,0.22105263157894733,0.07894736842105263
year,5,8,1973,1969,Australia,4,1,0.6616608596821375,0.6616608596821375,0.3383391403178625,0.0
year,5,9,1974,1970,Australia,4,1,0.6616608596821375,0.6616608596821375,0.3383391403178625,0.0
year,5,10,1975,1971,Australia,6,2,0.44568493252371694,0.21158899594696912,0.44568493252371694,0.34272607152931395
year,5,11,1976,1972,Australia,6,2,0.44568493252371694,0.21158899594696912,0.44568493252371694,0.34272607152931395
year,5,12,1977,1973,Australia,3,3,0.5198195564095067,0.13808946994695287,0.3420909736435403,0.5198195564095067
year,5,13,1978,1974,Australia,3,3,0.5198195564095067,0.13808946994695287,0.3420909736435403,0.5198195564095067
year,5,14,1979,1975,Australia,3,3,0.4862771739130436,0.17760869565217388,0.3361141304347826,0.4862771739130436
year,5,16,1981,1977,Australia,3,3,0.5385920956922331,0.4614079043077669,0.0,0.5385920956922331
year,5,18,1983,1979,Australia,7,1,0.6967021632568513,0.6967021632568513,0.08794296087498753,0.21535487586816116
year,5,19,1984,1980,Australia,7,1,0.6620795107033639,0.6620795107033639,0.025993883792048922,0.3119266055045872
year,5,20,1985,1981,Australia,7,1,0.7865869586757505,0.7865869586757505,0.009443054925851742,0.20396998639839783
year,5,21,1986,1982,Australia,6,1,0.8501797842588893,0.8501797842588893,0.0,0.14982021574111068
year,5,22,1987,1983,Australia,9,1,0.751521719929931,0.751521719929931,0.11767844788247243,0.1307998321875966
year,5,23,1988,1984,Australia,6,2,0.6559308719560094,0.204241948153967,0.6559308719560094,0.13982717989002355
year,5,24,1989,1985,Australia,8,2,0.7147529519744176,0.18559742426118692,0.7147529519744176,0.09964962376439568
year,5,25,1990,1986,Australia,8,2,0.7449099310283701,0.15954208622270116,0.7449099310283701,0.09554798274892883
year,5,26,1991,1987,Australia,10,2,0.6840258006346784,0.1845227794489694,0.6840258006346784,0.13145141991635223
year,5,27,1992,1988,Australia,7,3,0.5659754377046174,0.14428211146041822,0.28974245083496436,0.5659754377046174
year,5,28,1993,1989,Australia,7,3,0.5659754377046174,0.14428211146041822,0.28974245083496436,0.5659754377046174
year,5,29,1994,1990,Australia,10,2,0.4358583658333733,0.14763112749951537,0.4358583658333733,0.4165105066671113
year,5,30,1995,1991,Australia,11,3,0.4516611235725721,0.1733247580402128,0.37501411838721505,0.4516611235725721
year,5,31,1996,1992,Australia,14,3,0.5724307133635755,0.13662121234364552,0.29094807429277897,0.5724307133635755
year,5,32,1997,1993,Australia,14,3,0.6248543821724865,0.07643086815124846,0.298714749676265,0.6248543821724865
year,5,33,1998,1994,Australia,15,3,0.5293372205197487,0.09790353195924931,0.3727592475210019,0.5293372205197487
year,5,34,1999,1995,Australia,11,2,0.6033107080382696,0.14849647112649159,0.6033107080382696,0.24819282083523894
year,5,35,2000,1996,Australia,10,2,0.5995790366298702,0.13052711276669843,0.5995790366298702,0.2698938506034313
year,5,36,2001,1997,Australia,9,2,0.8629149398813183,0.13708506011868177,0.8629149398813183,0.0
year,5,37,2002,1998,Australia,10,2,0.734498280739228,0.24944743872072883,0.734498280739228,0.016054280540043264
year,5,38,2003,1999,Australia,11,2,0.7161753858812515,0.20338551249701733,0.7161753858812515,0.08043910162173114
year,5,39,2004,2000,Australia,11,2,0.6775952341474102,0.1735251155102876,0.6775952341474102,0.1488796503423022
year,5,40,2005,2001,Australia,13,2,0.6220069479397522,0.1611643642170432,0.6220069479397522,0.21682868784320455
year,5,41,2006,2002,Australia,14,3,0.5768269842768927,0.13715398203762277,0.28601903368548454,0.5768269842768927
year,5,42,2007,2003,Australia,14,3,0.6248474431823966,0.13193031390900722,0.24322224290859623,0.6248474431823966
year,5,43,2008,2004,Australia,14,3,0.6172801393041665,0.16415619622267263,0.21856366447316086,0.6172801393041665
year,5,44,2009,2005,Australia,14,3,0.6721710384896472,0.13958538880534072,0.18824357270501207,0.6721710384896472
year,5,45,2010,2006,Australia,13,3,0.5814212563495582,0.24515241200912,0.1734263316413218,0.5814212563495582
year,5,46,2011,2007,Australia,13,2,0.36962992666662503,0.28937010153476495,0.36962992666662503,0.3409999717986101
year,5,47,2012,2008,Australia,15,1,0.42837300898783987,0.42837300898783987,0.32108932377817934,0.2505376672339808
year,5,48,2013,2009,Australia,13,2,0.370108757757984,0.32405245755821643,0.370108757757984,0.30583878468379955
year,5,49,2014,2010,Australia,13,1,0.44511403371298436,0.44511403371298436,0.3346144284420127,0.22027153784500283
year,5,50,2015,2011,Australia,14,2,0.4551340393669461,0.2475801690308806,0.4551340393669461,0.29728579160217333
year,5,51,2016,2012,Australia,13,3,0.399904871587111,0.3755504446029089,0.22454468380998005,0.399904871587111
year,5,52,2017,2013,Australia,15,3,0.45033339746600676,0.362639531731403,0.18702707080259018,0.45033339746600676
year,5,53,2018,2014,Australia,12,3,0.5558109730170538,0.27940839948415547,0.16478062749879066,0.5558109730170538
year,5,54,2019,2015,Australia,13,3,0.5515025337074732,0.281130890818824,0.16736657547370293,0.5515025337074732
year,5,55,2020,2016,Australia,11,3,0.5073888681893095,0.26060509384964764,0.23200603796104274,0.5073888681893095
year,5,56,2021,2017,Australia,15,3,0.5326425874334348,0.14541290388564,0.32194450868092517,0.5326425874334348
year,5,57,2022,2018,Australia,14,2,0.46669783064977755,0.1707499442130908,0.46669783064977755,0.36255222513713153
year,5,58,2023,2019,Australia,13,2,0.49202124727925567,0.42977350723591434,0.49202124727925567,0.07820524548482999
year,5,59,2024,2020,Australia,11,2,0.5218837221915212,0.2521620900854354,0.5218837221915212,0.22595418772304326
year,5,60,2025,2021,Australia,16,2,0.47654926888204946,0.3172625378847451,0.47654926888204946,0.20618819323320545
year,5,50,2015,2011,Belarus,3,2,0.8603614232479174,0.13963857675208266,0.8603614232479174,0.0
year,5,51,2016,2012,Belarus,5,2,0.9098319680399352,0.09016803196006493,0.9098319680399352,0.0
year,5,52,2017,2013,Belarus,7,2,0.9484347141712222,0.051565285828777896,0.9484347141712222,0.0
year,5,53,2018,2014,Belarus,8,2,0.6855913942304329,0.3144086057695672,0.6855913942304329,0.0
year,5,54,2019,2015,Belarus,9,2,0.6282507146174606,0.3717492853825393,0.6282507146174606,0.0
year,5,55,2020,2016,Belarus,7,2,0.6496900316896989,0.3503099683103011,0.6496900316896989,0.0
year,5,56,2021,2017,Belarus,8,2,0.7497108788528105,0.25028912114718943,0.7497108788528105,0.0
year,5,57,2022,2018,Belarus,8,2,0.6438608497957619,0.28399804350738966,0.6438608497957619,0.07214110669684846
year,5,58,2023,2019,Belarus,7,2,0.8312365487751581,0.07482409119011682,0.8312365487751581,0.09393936003472517
year,5,59,2024,2020,Belarus,6,2,0.7718455652516517,0.06329031297018878,0.7718455652516517,0.16486412177815954
year,5,60,2025,2021,Belarus,6,2,0.7772413193833025,0.07473405408365788,0.7772413193833025,0.14802462653303958
year,5,0,1965,1961,Belgium,3,1,0.584070796460177,0.584070796460177,0.41592920353982304,0.0
year,5,1,1966,1962,Belgium,4,1,0.8330786658938827,0.8330786658938827,0.1669213341061173,0.0
year,5,2,1967,1963,Belgium,4,1,0.8364361702127661,0.8364361702127661,0.16356382978723405,0.0
year,5,3,1968,1964,Belgium,4,1,0.7617866004962779,0.7617866004962779,0.23821339950372208,0.0
year,5,7,1972,1968,Belgium,4,3,0.4586659122597853,0.38319154525430926,0.15814254248590537,0.4586659122597853
year,5,8,1973,1969,Belgium,3,3,0.5509968302870515,0.4490031697129485,0.0,0.5509968302870515
year,5,9,1974,1970,Belgium,3,3,0.5509968302870515,0.4490031697129485,0.0,0.5509968302870515
year,5,10,1975,1971,Belgium,4,1,0.5181216383947042,0.5181216383947042,0.2696317749275962,0.2122465866776996
year,5,11,1976,1972,Belgium,4,1,0.5181216383947042,0.5181216383947042,0.2696317749275962,0.2122465866776996
year,5,20,1985,1981,Belgium,4,2,0.8930617900361567,0.10693820996384334,0.8930617900361567,0.0
year,5,21,1986,1982,Belgium,4,2,0.8181991191343593,0.18180088086564078,0.8181991191343593,0.0
year,5,22,1987,1983,Belgium,6,1,0.7167168348777273,0.7167168348777273,0.28328316512227264,0.0
year,5,23,1988,1984,Belgium,6,1,0.873539515845892,0.873539515845892,0.12646048415410796,0.0
year,5,24,1989,1985,Belgium,5,1,0.8270424633722374,0.8270424633722374,0.17295753662776261,0.0
year,5,26,1991,1987,Belgium,3,1,1.0,1.0,0.0,0.0
year,5,27,1992,1988,Belgium,3,1,1.0,1.0,0.0,0.0
year,5,28,1993,1989,Belgium,3,1,1.0,1.0,0.0,0.0
year,5,29,1994,1990,Belgium,6,1,0.6572295247724975,0.6572295247724975,0.34277047522750254,0.0
year,5,30,1995,1991,Belgium,5,1,0.8908486262257149,0.8908486262257149,0.10915137377428506,0.0
year,5,31,1996,1992,Belgium,6,2,0.6314681652518118,0.3685318347481882,0.6314681652518118,0.0
year,5,32,1997,1993,Belgium,6,1,0.5664450779787065,0.5664450779787065,0.4335549220212935,0.0
year,5,33,1998,1994,Belgium,6,1,0.7397627443351642,0.7397627443351642,0.26023725566483585,0.0
year,5,34,1999,1995,Belgium,5,2,0.5194470538553686,0.48055294614463123,0.5194470538553686,0.0
year,5,35,2000,1996,Belgium,5,2,0.6817445785713255,0.31825542142867436,0.6817445785713255,0.0
year,5,36,2001,1997,Belgium,4,2,0.5766345890288753,0.4233654109711246,0.5766345890288753,0.0
year,5,37,2002,1998,Belgium,3,2,0.9321028304847951,0.06789716951520484,0.9321028304847951,0.0
year,5,38,2003,1999,Belgium,3,2,0.8682081432723918,0.1317918567276082,0.8682081432723918,0.0
year,5,39,2004,2000,Belgium,4,1,0.691318167599413,0.691318167599413,0.30868183240058705,0.0
year,5,40,2005,2001,Belgium,5,1,0.5902867185610878,0.5902867185610878,0.4097132814389122,0.0
year,5,41,2006,2002,Belgium,7,2,0.6775441271064689,0.32245587289353106,0.6775441271064689,0.0
year,5,42,2007,2003,Belgium,9,2,0.7892975013941221,0.21070249860587792,0.7892975013941221,0.0
year,5,43,2008,2004,Belgium,10,2,0.7915099527981501,0.20849004720184994,0.7915099527981501,0.0
year,5,44,2009,2005,Belgium,10,2,0.7225459668493602,0.1300840459903122,0.7225459668493602,0.14736998716032756
year,5,45,2010,2006,Belgium,9,2,0.8390753591758993,0.09286062374729932,0.8390753591758993,0.06806401707680151
year,5,46,2011,2007,Belgium,8,2,0.8212769061045574,0.1123708901932186,0.8212769061045574,0.06635220370222397
year,5,47,2012,2008,Belgium,8,2,0.7489374772576881,0.1785155658474433,0.7489374772576881,0.07254695689486858
year,5,48,2013,2009,Belgium,10,2,0.7173579036873161,0.14689750982761104,0.7173579036873161,0.13574458648507276
year,5,49,2014,2010,Belgium,10,2,0.7050816714843362,0.20079053707873526,0.7050816714843362,0.09412779143692851
year,5,50,2015,2011,Belgium,9,2,0.7431302635092452,0.1594842589056186,0.7431302635092452,0.0973854775851363
year,5,51,2016,2012,Belgium,9,2,0.747221505644058,0.16328437992801065,0.747221505644058,0.08949411442793148
year,5,52,2017,2013,Belgium,10,2,0.6924747261791118,0.16511941233182675,0.6924747261791118,0.14240586148906156
year,5,53,2018,2014,Belgium,10,2,0.6264561415299605,0.13655668949272923,0.6264561415299605,0.23698716897731012
year,5,54,2019,2015,Belgium,8,2,0.6664130827096324,0.12203660943064337,0.6664130827096324,0.2115503078597243
year,5,55,2020,2016,Belgium,7,2,0.8334060505554693,0.1665939494445306,0.8334060505554693,0.0
year,5,56,2021,2017,Belgium,8,2,0.7463759894684049,0.24539686454613185,0.7463759894684049,0.008227145985463247
year,5,57,2022,2018,Belgium,8,2,0.5107521422175881,0.3369852922696807,0.5107521422175881,0.15226256551273118
year,5,58,2023,2019,Belgium,6,1,0.444286407155014,0.444286407155014,0.2917075363136632,0.2640060565313228
year,5,59,2024,2020,Belgium,6,3,0.4374335212440532,0.344118926225735,0.21844755253021172,0.4374335212440532
year,5,60,2025,2021,Belgium,7,1,0.7049368822252905,0.7049368822252905,0.12383126002080301,0.1712318577539065
year,5,22,1987,1983,Brazil,6,2,0.41022387331262455,0.3904433254287699,0.41022387331262455,0.19933280125860556
year,5,23,1988,1984,Brazil,6,2,0.40552914245465754,0.3910899806303927,0.40552914245465754,0.20338087691494983
year,5,24,1989,1985,Brazil,7,1,0.4053458009880028,0.4053458009880028,0.390878616796048,0.20377558221594919
year,5,25,1990,1986,Brazil,6,1,0.3411157840033106,0.3411157840033106,0.32012626432744035,0.33875795166924905
year,5,26,1991,1987,Brazil,7,1,0.5126597522703039,0.5126597522703039,0.016986537806182814,0.47035370992351333
year,5,27,1992,1988,Brazil,3,1,1.0,1.0,0.0,0.0
year,5,28,1993,1989,Brazil,3,1,1.0,1.0,0.0,0.0
year,5,30,1995,1991,Brazil,3,1,1.0,1.0,0.0,0.0
year,5,31,1996,1992,Brazil,8,2,0.7562760764378778,0.24372392356212227,0.7562760764378778,0.0
year,5,32,1997,1993,Brazil,10,2,0.7135349327910466,0.28036838998535857,0.7135349327910466,0.006096677223594756
year,5,33,1998,1994,Brazil,11,2,0.7016770167692418,0.2939018845505214,0.7016770167692418,0.004421098680236883
year,5,34,1999,1995,Brazil,12,2,0.6901023007149444,0.2969676501648515,0.6901023007149444,0.012930049120204125
year,5,35,2000,1996,Brazil,11,2,0.672029406974287,0.3120391915382897,0.672029406974287,0.015931401487423252
year,5,36,2001,1997,Brazil,8,1,0.6162046110896359,0.6162046110896359,0.38379538891036413,0.0
year,5,37,2002,1998,Brazil,5,1,0.518245227541554,0.518245227541554,0.48175477245844595,0.0
year,5,38,2003,1999,Brazil,5,1,0.8035057716079356,0.8035057716079356,0.19649422839206437,0.0
year,5,39,2004,2000,Brazil,3,1,0.9298955213671147,0.9298955213671147,0.07010447863288535,0.0
year,5,40,2005,2001,Brazil,5,1,0.5575948837327145,0.5575948837327145,0.44240511626728546,0.0
year,5,41,2006,2002,Brazil,5,2,0.7142423782324938,0.28575762176750624,0.7142423782324938,0.0
year,5,42,2007,2003,Brazil,6,2,0.7100470085225445,0.28995299147745546,0.7100470085225445,0.0
year,5,43,2008,2004,Brazil,7,2,0.5695963427511197,0.24305743657870418,0.5695963427511197,0.18734622067017614
year,5,44,2009,2005,Brazil,10,2,0.6728555072401624,0.17927422000826126,0.6728555072401624,0.14787027275157635
year,5,45,2010,2006,Brazil,10,2,0.5759138206768166,0.2238187588556369,0.5759138206768166,0.20026742046754656
year,5,46,2011,2007,Brazil,9,2,0.42460331806791857,0.17984046920575728,0.42460331806791857,0.3955562127263242
year,5,47,2012,2008,Brazil,10,2,0.6874059016552577,0.12386143274872712,0.6874059016552577,0.18873266559601523
year,5,48,2013,2009,Brazil,10,2,0.6937580187886078,0.30624198121139223,0.6937580187886078,0.0
year,5,49,2014,2010,Brazil,8,1,0.5399577408496694,0.5399577408496694,0.4600422591503306,0.0
year,5,50,2015,2011,Brazil,8,2,0.7555025056986528,0.24449749430134723,0.7555025056986528,0.0
year,5,51,2016,2012,Brazil,9,2,0.6820777629968151,0.3179222370031849,0.6820777629968151,0.0
year,5,52,2017,2013,Brazil,8,2,0.5509604270354721,0.4490395729645279,0.5509604270354721,0.0
year,5,53,2018,2014,Brazil,10,2,0.5752428052221071,0.42475719477789287,0.5752428052221071,0.0
year,5,54,2019,2015,Brazil,8,1,0.6302261682114219,0.6302261682114219,0.36977383178857814,0.0
year,5,55,2020,2016,Brazil,10,1,0.7426288582618297,0.7426288582618297,0.25737114173817033,0.0
year,5,56,2021,2017,Brazil,9,1,0.6186641435301339,0.6186641435301339,0.3813358564698661,0.0
year,5,57,2022,2018,Brazil,8,2,0.5368212856734214,0.4631787143265786,0.5368212856734214,0.0
year,5,58,2023,2019,Brazil,7,2,0.7471520056899832,0.25284799431001687,0.7471520056899832,0.0
year,5,59,2024,2020,Brazil,6,1,0.5978349601898435,0.5978349601898435,0.40216503981015644,0.0
year,5,60,2025,2021,Brazil,9,2,0.5110838077501783,0.48891619224982175,0.5110838077501783,0.0
year,5,32,1997,1993,Bulgaria,4,1,1.0,1.0,0.0,0.0
year,5,33,1998,1994,Bulgaria,4,1,1.0,1.0,0.0,0.0
year,5,34,1999,1995,Bulgaria,5,1,1.0,1.0,0.0,0.0
year,5,35,2000,1996,Bulgaria,5,1,0.9849316038494963,0.9849316038494963,0.01506839615050371,0.0
year,5,36,2001,1997,Bulgaria,6,1,0.9623630363504452,0.9623630363504452,0.03763696364955488,0.0
year,5,37,2002,1998,Bulgaria,6,1,0.952838206834605,0.952838206834605,0.047161793165395115,0.0
year,5,38,2003,1999,Bulgaria,5,1,0.9391432823023395,0.9391432823023395,0.0608567176976606,0.0
year,5,39,2004,2000,Bulgaria,3,1,1.0,1.0,0.0,0.0
year,5,40,2005,2001,Bulgaria,3,1,1.0,1.0,0.0,0.0
year,5,41,2006,2002,Bulgaria,3,1,1.0,1.0,0.0,0.0
year,5,44,2009,2005,Bulgaria,4,2,0.9202932037209454,0.07970679627905457,0.9202932037209454,0.0
year,5,45,2010,2006,Bulgaria,4,2,0.811751054349738,0.1882489456502619,0.811751054349738,0.0
year,5,46,2011,2007,Bulgaria,6,2,0.6547972058079907,0.2973887781249625,0.6547972058079907,0.047814016067046765
year,5,47,2012,2008,Bulgaria,6,2,0.5742952562250524,0.3896673604677951,0.5742952562250524,0.036037383307152275
year,5,48,2013,2009,Bulgaria,5,1,0.5678255955250113,0.5678255955250113,0.3780683249698466,0.05410607950514204
year,5,49,2014,2010,Bulgaria,4,1,0.8728354228835116,0.8728354228835116,0.0829607640342224,0.04420381308226605
year,5,50,2015,2011,Bulgaria,5,1,0.6552915095713457,0.6552915095713457,0.33257531737422663,0.01213317305442756
year,5,51,2016,2012,Bulgaria,3,1,0.7726168385966058,0.7726168385966058,0.22738316140339412,0.0
year,5,54,2019,2015,Bulgaria,3,1,0.7937614676844417,0.7937614676844417,0.2062385323155583,0.0
year,5,56,2021,2017,Bulgaria,3,1,1.0,1.0,0.0,0.0
year,5,57,2022,2018,Bulgaria,3,1,1.0,1.0,0.0,0.0
year,5,58,2023,2019,Bulgaria,3,1,1.0,1.0,0.0,0.0
year,5,59,2024,2020,Bulgaria,5,1,0.5834002813942292,0.5834002813942292,0.4165997186057709,0.0
year,5,60,2025,2021,Bulgaria,5,1,0.6493684798230458,0.6493684798230458,0.3506315201769542,0.0
year,5,30,1995,1991,CCAMLR,3,3,0.869670316997769,0.06256126391051145,0.06776841909171956,0.869670316997769
year,5,31,1996,1992,CCAMLR,4,3,0.6906125115278204,0.06311481709191516,0.2462726713802644,0.6906125115278204
year,5,32,1997,1993,CCAMLR,3,2,0.6940134365149397,0.3059865634850602,0.6940134365149397,0.0
year,5,33,1998,1994,CCAMLR,3,2,0.645225641955132,0.354774358044868,0.645225641955132,0.0
year,5,34,1999,1995,CCAMLR,3,2,0.6069516309496761,0.39304836905032386,0.6069516309496761,0.0
year,5,35,2000,1996,CCAMLR,3,2,0.5420962199312716,0.45790378006872845,0.5420962199312716,0.0
year,5,37,2002,1998,CCAMLR,3,2,0.7427382781754807,0.25726172182451934,0.7427382781754807,0.0
year,5,38,2003,1999,CCAMLR,3,2,0.7029490616621984,0.2970509383378016,0.7029490616621984,0.0
year,5,39,2004,2000,CCAMLR,3,2,0.5990158201798921,0.4009841798201078,0.5990158201798921,0.0
year,5,40,2005,2001,CCAMLR,3,2,0.5442353621800798,0.45576463781992027,0.5442353621800798,0.0
year,5,41,2006,2002,CCAMLR,3,1,0.8034271417767161,0.8034271417767161,0.1965728582232838,0.0
year,5,48,2013,2009,CCAMLR,3,2,0.6726025433557916,0.24347775426083765,0.6726025433557916,0.08391970238337075
year,5,49,2014,2010,CCAMLR,3,2,0.7282615767484533,0.1851108943689684,0.7282615767484533,0.08662752888257834
year,5,50,2015,2011,CCAMLR,4,2,0.6694868858244211,0.18884105059466913,0.6694868858244211,0.14167206358090975
year,5,51,2016,2012,CCAMLR,4,2,0.41985965068903286,0.2030844165758076,0.41985965068903286,0.3770559327351595
year,5,52,2017,2013,CCAMLR,4,2,0.4070138553700876,0.2065438699336118,0.4070138553700876,0.3864422746963006
year,5,53,2018,2014,CCAMLR,3,2,0.6544374424385945,0.3455625575614055,0.6544374424385945,0.0
year,5,54,2019,2015,CCAMLR,4,3,0.8306087768990147,0.06271550966308552,0.10667571343789986,0.8306087768990147
year,5,55,2020,2016,CCAMLR,3,3,0.84192270748747,0.06112422213342324,0.09695307037910676,0.84192270748747
year,5,56,2021,2017,CCAMLR,3,3,0.8415280602820938,0.06567205365925306,0.09279988605865311,0.8415280602820938
year,5,57,2022,2018,CCAMLR,4,3,0.8582637082185253,0.06909328199495385,0.07264300978652095,0.8582637082185253
year,5,58,2023,2019,CCAMLR,3,3,0.8533063733887976,0.05874404621153262,0.08794958039966992,0.8533063733887976
year,5,59,2024,2020,CCAMLR,3,2,0.5038389161668544,0.49616108383314567,0.5038389161668544,0.0
year,5,60,2025,2021,CCAMLR,4,2,0.5166243436770123,0.48337565632298785,0.5166243436770123,0.0
year,5,27,1992,1988,COMNAP,3,1,0.5115005312542088,0.5115005312542088,0.4884994687457911,0.0
year,5,28,1993,1989,COMNAP,3,1,0.5115005312542088,0.5115005312542088,0.4884994687457911,0.0
year,5,29,1994,1990,COMNAP,5,2,0.6667304346477293,0.3332695653522707,0.6667304346477293,0.0
year,5,30,1995,1991,COMNAP,6,2,0.6648703824811604,0.3351296175188395,0.6648703824811604,0.0
year,5,31,1996,1992,COMNAP,5,2,0.7260514101468465,0.27394858985315346,0.7260514101468465,0.0
year,5,32,1997,1993,COMNAP,6,2,0.5466307358438511,0.43268258982219904,0.5466307358438511,0.020686674333949884
year,5,33,1998,1994,COMNAP,7,2,0.5015415038478409,0.4984584961521592,0.5015415038478409,0.0
year,5,34,1999,1995,COMNAP,9,2,0.5506787376488644,0.4493212623511356,0.5506787376488644,0.0
year,5,35,2000,1996,COMNAP,9,2,0.5018648558208483,0.49813514417915183,0.5018648558208483,0.0
year,5,36,2001,1997,COMNAP,8,1,0.5035523459184512,0.5035523459184512,0.4964476540815487,0.0
year,5,37,2002,1998,COMNAP,8,2,0.5401926778323002,0.4598073221676999,0.5401926778323002,0.0
year,5,38,2003,1999,COMNAP,8,2,0.6610680191273373,0.33802529905125056,0.6610680191273373,0.0009066818214122663
year,5,39,2004,2000,COMNAP,7,2,0.7013139116263224,0.2641873912362923,0.7013139116263224,0.03449869713738526
year,5,40,2005,2001,COMNAP,10,2,0.7531013049959397,0.23357923626672517,0.7531013049959397,0.013319458737335076
year,5,41,2006,2002,COMNAP,12,2,0.7691226687998557,0.15161560523695067,0.7691226687998557,0.07926172596319356
year,5,42,2007,2003,COMNAP,13,2,0.8570922990156056,0.07180036265402884,0.8570922990156056,0.07110733833036552
year,5,43,2008,2004,COMNAP,13,2,0.8894761059885604,0.03785555236181296,0.8894761059885604,0.0726683416496268
year,5,44,2009,2005,COMNAP,11,2,0.8515913788245446,0.04118548397023971,0.8515913788245446,0.10722313720521566
year,5,45,2010,2006,COMNAP,11,2,0.8532546053125796,0.013569841943770476,0.8532546053125796,0.13317555274364992
year,5,46,2011,2007,COMNAP,10,2,0.9692594609999091,0.030740539000090935,0.9692594609999091,0.0
year,5,47,2012,2008,COMNAP,8,2,0.8453809853944975,0.08394550560618638,0.8453809853944975,0.07067350899931622
year,5,48,2013,2009,COMNAP,11,2,0.6939313776441111,0.08153634206302392,0.6939313776441111,0.2245322802928651
year,5,49,2014,2010,COMNAP,12,2,0.84806755967937,0.06843687168315474,0.84806755967937,0.08349556863747526
year,5,50,2015,2011,COMNAP,12,2,0.674993299877458,0.27522347150498383,0.674993299877458,0.04978322861755815
year,5,51,2016,2012,COMNAP,13,2,0.759676558069452,0.1374682904152933,0.759676558069452,0.10285515151525462
year,5,52,2017,2013,COMNAP,13,2,0.6886318131653673,0.16566609592672837,0.6886318131653673,0.14570209090790442
year,5,53,2018,2014,COMNAP,11,2,0.47742055138168304,0.16307600699345778,0.47742055138168304,0.3595034416248591
year,5,54,2019,2015,COMNAP,10,3,0.5844995345398288,0.2800501242071965,0.13545034125297462,0.5844995345398288
year,5,55,2020,2016,COMNAP,10,3,0.6120129649509578,0.2500188701286044,0.13796816492043765,0.6120129649509578
year,5,56,2021,2017,COMNAP,8,3,0.5472435729914659,0.3230652615565025,0.12969116545203163,0.5472435729914659
year,5,57,2022,2018,COMNAP,7,3,0.7327064399999788,0.07107705270708246,0.1962165072929387,0.7327064399999788
year,5,58,2023,2019,COMNAP,6,2,1.0,0.0,1.0,0.0
year,5,59,2024,2020,COMNAP,5,2,1.0,0.0,1.0,0.0
year,5,60,2025,2021,COMNAP,9,1,0.8198307845521988,0.8198307845521988,0.18016921544780107,0.0
year,5,34,1999,1995,Canada,4,2,0.9376846027185204,0.062315397281479674,0.9376846027185204,0.0
year,5,35,2000,1996,Canada,4,2,0.9189479710066817,0.08105202899331823,0.9189479710066817,0.0
year,5,36,2001,1997,Canada,3,2,0.9013615907079975,0.09863840929200253,0.9013615907079975,0.0
year,5,37,2002,1998,Canada,3,2,0.8123413473348833,0.18765865266511664,0.8123413473348833,0.0
year,5,38,2003,1999,Canada,3,2,0.6883957831563153,0.3116042168436846,0.6883957831563153,0.0
year,5,56,2021,2017,Canada,4,1,0.9040212988782381,0.9040212988782381,0.09597870112176184,0.0
year,5,57,2022,2018,Canada,3,1,0.834859734273696,0.834859734273696,0.16514026572630394,0.0
year,5,58,2023,2019,Canada,4,1,0.905731474396203,0.905731474396203,0.09426852560379696,0.0
year,5,59,2024,2020,Canada,4,1,1.0,1.0,0.0,0.0
year,5,60,2025,2021,Canada,4,1,1.0,1.0,0.0,0.0
year,5,0,1965,1961,Chile,3,2,0.9468208092485549,0.05317919075144509,0.9468208092485549,0.0
year,5,1,1966,1962,Chile,5,2,0.5589324254796729,0.37216443216251843,0.5589324254796729,0.06890314235780856
year,5,2,1967,1963,Chile,5,2,0.5552252919575735,0.37635025452711546,0.5552252919575735,0.06842445351531103
year,5,3,1968,1964,Chile,6,2,0.7094154840922711,0.243922677445181,0.7094154840922711,0.046661838462547976
year,5,4,1969,1965,Chile,5,1,0.9352184594633653,0.9352184594633653,0.007505178476805215,0.05727636205982942
year,5,5,1970,1966,Chile,5,1,0.4142687629783447,0.4142687629783447,0.20027439928804514,0.38545683773361017
year,5,6,1971,1967,Chile,4,2,0.708030258946756,0.00244399185336048,0.708030258946756,0.28952574919988366
year,5,7,1972,1968,Chile,6,3,0.49982142262325546,0.15622282015315092,0.34395575722359367,0.49982142262325546
year,5,8,1973,1969,Chile,6,3,0.4263063836861354,0.4042620248254461,0.1694315914884185,0.4263063836861354
year,5,9,1974,1970,Chile,6,3,0.4263063836861354,0.4042620248254461,0.1694315914884185,0.4263063836861354
year,5,10,1975,1971,Chile,7,1,0.8282037663400545,0.8282037663400545,0.05533781498762133,0.11645841867232416
year,5,11,1976,1972,Chile,7,1,0.8282037663400545,0.8282037663400545,0.05533781498762133,0.11645841867232416
year,5,12,1977,1973,Chile,7,2,0.9587199826687643,0.025407463809440145,0.9587199826687643,0.015872553521795348
year,5,13,1978,1974,Chile,7,2,0.9587199826687643,0.025407463809440145,0.9587199826687643,0.015872553521795348
year,5,14,1979,1975,Chile,9,2,0.77372205943484,0.02904103133895126,0.77372205943484,0.19723690922620887
year,5,15,1980,1976,Chile,8,2,0.831689334721193,0.01953768125553245,0.831689334721193,0.1487729840232745
year,5,16,1981,1977,Chile,8,2,0.7909569828971914,0.07411347379042509,0.7909569828971914,0.13492954331238338
year,5,17,1982,1978,Chile,7,2,0.5176288876164782,0.09908569821724399,0.5176288876164782,0.38328541416627776
year,5,18,1983,1979,Chile,7,2,0.5430369787568843,0.05365354834174911,0.5430369787568843,0.40330947290136654
year,5,19,1984,1980,Chile,6,2,0.8543268710061735,0.14567312899382653,0.8543268710061735,0.0
year,5,20,1985,1981,Chile,4,2,0.8310184454347852,0.16898155456521477,0.8310184454347852,0.0
year,5,21,1986,1982,Chile,3,1,0.9321557607386592,0.9321557607386592,0.06784423926134081,0.0
year,5,22,1987,1983,Chile,7,2,0.9192997820294776,0.052025192089774214,0.9192997820294776,0.02867502588074819
year,5,23,1988,1984,Chile,7,2,0.9037453491283021,0.06579538266617492,0.9037453491283021,0.030459268205523138
year,5,24,1989,1985,Chile,8,2,0.7344045368620038,0.15217391304347824,0.7344045368620038,0.11342155009451796
year,5,25,1990,1986,Chile,7,2,0.6574341491948014,0.11007275120185715,0.6574341491948014,0.2324930996033414
year,5,26,1991,1987,Chile,9,2,0.6809665883440638,0.13173157392057877,0.6809665883440638,0.18730183773535747
year,5,27,1992,1988,Chile,10,3,0.4621718172260644,0.26408888380309387,0.27373929897084165,0.4621718172260644
year,5,28,1993,1989,Chile,10,3,0.4621718172260644,0.26408888380309387,0.27373929897084165,0.4621718172260644
year,5,29,1994,1990,Chile,9,2,0.6402940280979513,0.3597059719020486,0.6402940280979513,0.0
year,5,30,1995,1991,Chile,10,2,0.6261800771173723,0.3738199228826276,0.6261800771173723,0.0
year,5,31,1996,1992,Chile,11,2,0.7155775531288284,0.28442244687117163,0.7155775531288284,0.0
year,5,32,1997,1993,Chile,11,2,0.6660555437576438,0.33394445624235625,0.6660555437576438,0.0
year,5,33,1998,1994,Chile,11,2,0.6936388075301207,0.30636119246987936,0.6936388075301207,0.0
year,5,34,1999,1995,Chile,11,2,0.8074129561396277,0.19258704386037231,0.8074129561396277,0.0
year,5,35,2000,1996,Chile,11,2,0.8052248033555334,0.19477519664446657,0.8052248033555334,0.0
year,5,36,2001,1997,Chile,10,2,0.8403098502890886,0.1596901497109115,0.8403098502890886,0.0
year,5,37,2002,1998,Chile,11,2,0.9409480693232185,0.0590519306767815,0.9409480693232185,0.0
year,5,38,2003,1999,Chile,13,2,0.7926088028909153,0.20739119710908474,0.7926088028909153,0.0
year,5,39,2004,2000,Chile,11,2,0.8019026582202603,0.19809734177973962,0.8019026582202603,0.0
year,5,40,2005,2001,Chile,13,2,0.6846895720338259,0.31531042796617426,0.6846895720338259,0.0
year,5,41,2006,2002,Chile,13,2,0.8076539786364852,0.1923460213635148,0.8076539786364852,0.0
year,5,42,2007,2003,Chile,11,2,0.7213164708518338,0.18300272991815258,0.7213164708518338,0.09568079923001362
year,5,43,2008,2004,Chile,11,2,0.8880464708543848,0.08349474100986738,0.8880464708543848,0.028458788135747853
year,5,44,2009,2005,Chile,9,2,0.7727871135207469,0.21161971381192493,0.7727871135207469,0.015593172667328112
year,5,45,2010,2006,Chile,10,2,0.6414894282725223,0.23556547743916223,0.6414894282725223,0.12294509428831547
year,5,46,2011,2007,Chile,10,2,0.677605976779004,0.22995753746939404,0.677605976779004,0.0924364857516019
year,5,47,2012,2008,Chile,11,2,0.6036076052881683,0.29667323148659763,0.6036076052881683,0.09971916322523408
year,5,48,2013,2009,Chile,11,1,0.457514379327186,0.457514379327186,0.4388162245684074,0.10366939610440656
year,5,49,2014,2010,Chile,12,2,0.5532244192251384,0.30818980855271394,0.5532244192251384,0.13858577222214766
year,5,50,2015,2011,Chile,13,2,0.7064298413081421,0.27824683244366344,0.7064298413081421,0.015323326248194498
year,5,51,2016,2012,Chile,10,1,0.5197206712486239,0.5197206712486239,0.4747226229034705,0.005556705847905448
year,5,52,2017,2013,Chile,12,2,0.606066712247715,0.3893302396368793,0.606066712247715,0.0046030481154058535
year,5,53,2018,2014,Chile,12,2,0.6360031194651067,0.3465563377247793,0.6360031194651067,0.01744054281011412
year,5,54,2019,2015,Chile,11,2,0.7815393781004827,0.2162532536684247,0.7815393781004827,0.002207368231092693
year,5,55,2020,2016,Chile,9,2,0.7640018206008624,0.23218341979905577,0.7640018206008624,0.0038147596000818688
year,5,56,2021,2017,Chile,9,2,0.876158385763014,0.09256002016831785,0.876158385763014,0.031281594068668185
year,5,57,2022,2018,Chile,11,2,0.802560444344084,0.1628483006534948,0.802560444344084,0.03459125500242112
year,5,58,2023,2019,Chile,10,2,0.8457843764709487,0.1455065876246708,0.8457843764709487,0.008709035904380527
year,5,59,2024,2020,Chile,7,2,0.7630821064578173,0.23691789354218268,0.7630821064578173,0.0
year,5,60,2025,2021,Chile,8,2,0.7598226140878799,0.23003015887694897,0.7598226140878799,0.010147227035171248
year,5,22,1987,1983,China,3,1,0.7900372439478585,0.7900372439478585,0.20996275605214154,0.0
year,5,23,1988,1984,China,3,1,0.7807933194154488,0.7807933194154488,0.21920668058455114,0.0
year,5,24,1989,1985,China,3,1,0.8331040806969281,0.8331040806969281,0.16689591930307202,0.0
year,5,26,1991,1987,China,4,1,0.7909027305701797,0.7909027305701797,0.20909726942982043,0.0
year,5,27,1992,1988,China,4,1,0.6265780801985706,0.6265780801985706,0.3734219198014294,0.0
year,5,28,1993,1989,China,4,1,0.6265780801985706,0.6265780801985706,0.3734219198014294,0.0
year,5,29,1994,1990,China,4,1,0.6956521739130435,0.6956521739130435,0.30434782608695654,0.0
year,5,30,1995,1991,China,4,1,0.6295512118873693,0.6295512118873693,0.3704487881126307,0.0
year,5,31,1996,1992,China,3,1,1.0,1.0,0.0,0.0
year,5,32,1997,1993,China,3,2,0.9257700564248506,0.07422994357514943,0.9257700564248506,0.0
year,5,33,1998,1994,China,4,2,0.8556570417902742,0.1443429582097257,0.8556570417902742,0.0
year,5,34,1999,1995,China,4,2,0.7742167935250182,0.2257832064749818,0.7742167935250182,0.0
year,5,35,2000,1996,China,5,2,0.7542283548299296,0.24577164517007044,0.7542283548299296,0.0
year,5,36,2001,1997,China,5,2,0.685029520447522,0.314970479552478,0.685029520447522,0.0
year,5,37,2002,1998,China,6,1,0.702319366597409,0.702319366597409,0.29768063340259104,0.0
year,5,38,2003,1999,China,6,1,0.5454813714896195,0.5454813714896195,0.45451862851038044,0.0
year,5,39,2004,2000,China,5,2,0.793441116684183,0.20655888331581695,0.793441116684183,0.0
year,5,40,2005,2001,China,7,2,0.771657494923973,0.22834250507602702,0.771657494923973,0.0
year,5,41,2006,2002,China,8,2,0.684842342105004,0.31515765789499595,0.684842342105004,0.0
year,5,42,2007,2003,China,8,2,0.6664524754508607,0.3335475245491393,0.6664524754508607,0.0
year,5,43,2008,2004,China,10,2,0.5762293539566969,0.30625198479758553,0.5762293539566969,0.11751866124571754
year,5,44,2009,2005,China,9,2,0.5794681061192302,0.324214937562429,0.5794681061192302,0.09631695631834096
year,5,45,2010,2006,China,8,2,0.6126653202167498,0.2723607154284142,0.6126653202167498,0.11497396435483595
year,5,46,2011,2007,China,8,2,0.5299948368388074,0.19932325392732056,0.5299948368388074,0.2706819092338719
year,5,47,2012,2008,China,9,2,0.7426615884383719,0.15592308753877207,0.7426615884383719,0.10141532402285597
year,5,48,2013,2009,China,8,2,0.8339960810554015,0.16600391894459843,0.8339960810554015,0.0
year,5,49,2014,2010,China,9,2,0.9428312687159723,0.05716873128402769,0.9428312687159723,0.0
year,5,50,2015,2011,China,9,2,0.9328140372538692,0.06718596274613083,0.9328140372538692,0.0
year,5,51,2016,2012,China,7,2,1.0,0.0,1.0,0.0
year,5,52,2017,2013,China,7,2,0.9736080373819344,0.026391962618065534,0.9736080373819344,0.0
year,5,53,2018,2014,China,8,2,0.8354962614989221,0.16450373850107794,0.8354962614989221,0.0
year,5,54,2019,2015,China,8,2,0.8145939913934542,0.18540600860654577,0.8145939913934542,0.0
year,5,55,2020,2016,China,7,2,0.81392876344127,0.18607123655873006,0.81392876344127,0.0
year,5,56,2021,2017,China,7,2,0.7268364635575231,0.27316353644247693,0.7268364635575231,0.0
year,5,57,2022,2018,China,8,2,0.543093519067675,0.1851726680817341,0.543093519067675,0.27173381285059084
year,5,58,2023,2019,China,7,2,0.5587896553995332,0.0,0.5587896553995332,0.44121034460046676
year,5,59,2024,2020,China,6,3,0.646296271270965,0.0,0.353703728729035,0.646296271270965
year,5,60,2025,2021,China,9,2,0.6485284420501114,0.0022355663746063178,0.6485284420501114,0.34923599157528223
year,5,50,2015,2011,Colombia,3,1,0.8307376242347237,0.8307376242347237,0.16926237576527625,0.0
year,5,51,2016,2012,Colombia,5,1,0.8473869896315304,0.8473869896315304,0.1526130103684697,0.0
year,5,52,2017,2013,Colombia,5,1,0.7691270755912725,0.7691270755912725,0.2308729244087274,0.0
year,5,53,2018,2014,Colombia,4,1,0.7441391225414216,0.7441391225414216,0.2558608774585784,0.0
year,5,54,2019,2015,Colombia,5,1,0.8570475452932215,0.8570475452932215,0.14295245470677853,0.0
year,5,55,2020,2016,Colombia,5,1,0.9075748465812893,0.9075748465812893,0.09242515341871065,0.0
year,5,56,2021,2017,Colombia,7,1,0.8178136012199447,0.8178136012199447,0.18218639878005538,0.0
year,5,57,2022,2018,Colombia,8,1,0.8330069337389017,0.8330069337389017,0.1669930662610984,0.0
year,5,58,2023,2019,Colombia,7,1,0.8618649932601437,0.8618649932601437,0.13813500673985638,0.0
year,5,59,2024,2020,Colombia,6,1,0.5049878484827354,0.5049878484827354,0.49501215151726463,0.0
year,5,60,2025,2021,Colombia,6,1,0.5265928485524888,0.5265928485524888,0.47340715144751117,0.0
year,5,38,2003,1999,Czechia,3,2,1.0,0.0,1.0,0.0
year,5,39,2004,2000,Czechia,4,2,0.9749350685014663,0.025064931498533713,0.9749350685014663,0.0
year,5,40,2005,2001,Czechia,4,2,0.9844498403107157,0.015550159689284374,0.9844498403107157,0.0
year,5,41,2006,2002,Czechia,4,2,0.9703420747767139,0.029657925223286103,0.9703420747767139,0.0
year,5,42,2007,2003,Czechia,4,2,0.9479065967130286,0.052093403286971506,0.9479065967130286,0.0
year,5,43,2008,2004,Czechia,5,2,0.7665989270436991,0.23340107295630078,0.7665989270436991,0.0
year,5,44,2009,2005,Czechia,3,2,0.6463988725311425,0.3536011274688575,0.6463988725311425,0.0
year,5,50,2015,2011,Czechia,5,2,0.41181964806930615,0.2755769781995498,0.41181964806930615,0.31260337373114405
year,5,51,2016,2012,Czechia,5,2,0.6674828748170147,0.3325171251829852,0.6674828748170147,0.0
year,5,52,2017,2013,Czechia,5,2,0.6763856425595345,0.3236143574404655,0.6763856425595345,0.0
year,5,53,2018,2014,Czechia,5,2,0.6427329246539687,0.3572670753460313,0.6427329246539687,0.0
year,5,54,2019,2015,Czechia,6,2,0.7954940854317621,0.2045059145682379,0.7954940854317621,0.0
year,5,55,2020,2016,Czechia,3,1,0.599587108709956,0.599587108709956,0.40041289129004404,0.0
year,5,56,2021,2017,Czechia,3,1,0.5541327007892705,0.5541327007892705,0.44586729921072954,0.0
year,5,57,2022,2018,Czechia,3,2,0.51329883627574,0.48670116372426003,0.51329883627574,0.0
year,5,58,2023,2019,Czechia,4,2,0.6552809254152209,0.34471907458477913,0.6552809254152209,0.0
year,5,59,2024,2020,Czechia,3,1,0.7055787018313664,0.7055787018313664,0.2944212981686336,0.0
year,5,60,2025,2021,Czechia,3,1,0.7906884266915475,0.7906884266915475,0.20931157330845254,0.0
year,5,30,1995,1991,Ecuador,3,1,0.9129834693701718,0.9129834693701718,0.0870165306298281,0.0
year,5,32,1997,1993,Ecuador,3,1,0.9193624986343397,0.9193624986343397,0.08063750136566028,0.0
year,5,33,1998,1994,Ecuador,3,1,0.9231729897678357,0.9231729897678357,0.07682701023216437,0.0
year,5,34,1999,1995,Ecuador,5,1,0.8339693257194638,0.8339693257194638,0.1660306742805362,0.0
year,5,35,2000,1996,Ecuador,4,1,0.8759878647140342,0.8759878647140342,0.12401213528596577,0.0
year,5,36,2001,1997,Ecuador,4,1,0.8659770282022723,0.8659770282022723,0.13402297179772774,0.0
year,5,37,2002,1998,Ecuador,3,1,0.6105082028653264,0.6105082028653264,0.38949179713467363,0.0
year,5,38,2003,1999,Ecuador,3,1,0.7013171666107151,0.7013171666107151,0.298682833389285,0.0
year,5,40,2005,2001,Ecuador,3,1,1.0,1.0,0.0,0.0
year,5,41,2006,2002,Ecuador,4,1,0.9891228926597119,0.9891228926597119,0.010877107340288126,0.0
year,5,42,2007,2003,Ecuador,7,1,0.7666799964064256,0.7666799964064256,0.052726845296148024,0.18059315829742642
year,5,43,2008,2004,Ecuador,8,1,0.7055017217059856,0.7055017217059856,0.23725767310306417,0.057240605190950256
year,5,44,2009,2005,Ecuador,9,1,0.7399511745088055,0.7399511745088055,0.2598240771636552,0.00022474832753922058
year,5,45,2010,2006,Ecuador,8,1,0.5465925473278301,0.5465925473278301,0.4534074526721699,0.0
year,5,46,2011,2007,Ecuador,8,1,0.5797262177056688,0.5797262177056688,0.39709337763916425,0.02318040465516697
year,5,47,2012,2008,Ecuador,7,1,0.6616585817614696,0.6616585817614696,0.3383414182385305,0.0
year,5,48,2013,2009,Ecuador,8,1,0.7526553456782293,0.7526553456782293,0.24734465432177064,0.0
year,5,49,2014,2010,Ecuador,9,1,0.5581823387886922,0.5581823387886922,0.423841071921164,0.017976589290143816
year,5,50,2015,2011,Ecuador,7,1,0.4994264213955511,0.4994264213955511,0.27946972979177215,0.22110384881267672
year,5,51,2016,2012,Ecuador,5,1,0.42232180947540354,0.42232180947540354,0.3114507526043487,0.2662274379202478
year,5,52,2017,2013,Ecuador,7,2,0.8771571680566657,0.030558212118685976,0.8771571680566657,0.09228461982464836
year,5,53,2018,2014,Ecuador,6,2,0.9099853911033989,0.04135959719984973,0.9099853911033989,0.04865501169675121
year,5,54,2019,2015,Ecuador,6,2,0.872038951544578,0.009519257393371883,0.872038951544578,0.11844179106205006
year,5,55,2020,2016,Ecuador,7,2,0.8807206728001925,0.022455112295397296,0.8807206728001925,0.09682421490441022
year,5,56,2021,2017,Ecuador,7,2,0.8972776928674485,0.05713204240714633,0.8972776928674485,0.04559026472540504
year,5,57,2022,2018,Ecuador,8,2,0.4758384865557308,0.46091600936561195,0.4758384865557308,0.0632455040786573
year,5,58,2023,2019,Ecuador,6,1,0.6051100220254185,0.6051100220254185,0.254847255156593,0.1400427228179885
year,5,59,2024,2020,Ecuador,5,1,0.6815993495171103,0.6815993495171103,0.3184006504828896,0.0
year,5,60,2025,2021,Ecuador,7,2,0.7564923051558263,0.2435076948441736,0.7564923051558263,0.0
year,5,39,2004,2000,Estonia,3,1,0.7781212146526879,0.7781212146526879,0.22187878534731217,0.0
year,5,40,2005,2001,Estonia,3,1,0.7726465364120781,0.7726465364120781,0.22735346358792186,0.0
year,5,41,2006,2002,Estonia,3,1,0.7392058169306551,0.7392058169306551,0.2607941830693448,0.0
year,5,24,1989,1985,Finland,3,1,1.0,1.0,0.0,0.0
year,5,26,1991,1987,Finland,5,1,0.7416533478190661,0.7416533478190661,0.25834665218093394,0.0
year,5,27,1992,1988,Finland,6,1,0.8063736119591993,0.8063736119591993,0.1936263880408007,0.0
year,5,28,1993,1989,Finland,6,1,0.8063736119591993,0.8063736119591993,0.1936263880408007,0.0
year,5,29,1994,1990,Finland,6,1,0.8241104975454795,0.8241104975454795,0.1758895024545205,0.0
year,5,30,1995,1991,Finland,6,1,0.9030545636278733,0.9030545636278733,0.09694543637212674,0.0
year,5,31,1996,1992,Finland,4,1,1.0,1.0,0.0,0.0
year,5,32,1997,1993,Finland,3,1,0.9596027128162675,0.9596027128162675,0.040397287183732554,0.0
year,5,33,1998,1994,Finland,3,1,0.8237002981994905,0.8237002981994905,0.17629970180050952,0.0
year,5,34,1999,1995,Finland,3,1,0.7946207356584715,0.7946207356584715,0.2053792643415285,0.0
year,5,35,2000,1996,Finland,3,1,0.6842176636571793,0.6842176636571793,0.31578233634282077,0.0
year,5,36,2001,1997,Finland,3,1,0.5573113678428241,0.5573113678428241,0.4426886321571759,0.0
year,5,37,2002,1998,Finland,4,2,0.9081468165292509,0.09185318347074911,0.9081468165292509,0.0
year,5,38,2003,1999,Finland,4,2,0.7599754881847973,0.24002451181520265,0.7599754881847973,0.0
year,5,39,2004,2000,Finland,5,2,0.8989572967384872,0.10104270326151274,0.8989572967384872,0.0
year,5,40,2005,2001,Finland,5,2,0.9072677523491341,0.0927322476508659,0.9072677523491341,0.0
year,5,41,2006,2002,Finland,5,2,0.9217511364526398,0.07824886354736019,0.9217511364526398,0.0
year,5,42,2007,2003,Finland,6,2,0.6669497658672606,0.3330502341327394,0.6669497658672606,0.0
year,5,43,2008,2004,Finland,5,2,0.5779040234876431,0.4220959765123569,0.5779040234876431,0.0
year,5,44,2009,2005,Finland,5,2,0.6114330496857194,0.3885669503142805,0.6114330496857194,0.0
year,5,45,2010,2006,Finland,4,1,0.515165134924372,0.515165134924372,0.48483486507562806,0.0
year,5,46,2011,2007,Finland,5,2,0.5313338695258615,0.4686661304741385,0.5313338695258615,0.0
year,5,47,2012,2008,Finland,4,2,0.6894858464121263,0.3105141535878737,0.6894858464121263,0.0
year,5,48,2013,2009,Finland,3,2,0.6783162248515653,0.3216837751484347,0.6783162248515653,0.0
year,5,49,2014,2010,Finland,3,2,0.8750184053064528,0.0,0.8750184053064528,0.12498159469354718
year,5,50,2015,2011,Finland,5,2,0.9051407552088753,0.06821567533254941,0.9051407552088753,0.026643569458575312
year,5,51,2016,2012,Finland,5,2,0.8536148914647964,0.11742618125079626,0.8536148914647964,0.028958927284407292
year,5,52,2017,2013,Finland,6,2,0.6974277116638955,0.2799509775265505,0.6974277116638955,0.022621310809554023
year,5,53,2018,2014,Finland,6,2,0.7131992911495425,0.2679569021315724,0.7131992911495425,0.01884380671888506
year,5,54,2019,2015,Finland,6,3,0.42705558047204,0.21863044189426487,0.35431397763369515,0.42705558047204
year,5,55,2020,2016,Finland,5,3,0.577884717335674,0.298314647968111,0.12380063469621495,0.577884717335674
year,5,56,2021,2017,Finland,6,2,0.6015409819005063,0.11210925657593408,0.6015409819005063,0.2863497615235596
year,5,57,2022,2018,Finland,6,2,0.7669790952305204,0.05658947209651055,0.7669790952305204,0.17643143267296907
year,5,58,2023,2019,Finland,6,2,0.8982714292008878,0.02896908291610411,0.8982714292008878,0.0727594878830082
year,5,59,2024,2020,Finland,8,2,0.9599832622508404,0.012005164894628502,0.9599832622508404,0.028011572854531194
year,5,60,2025,2021,Finland,8,2,0.969877231870221,0.007291867255190205,0.969877231870221,0.02283090087458876
year,5,3,1968,1964,France,4,1,1.0,1.0,0.0,0.0
year,5,4,1969,1965,France,4,1,1.0,1.0,0.0,0.0
year,5,5,1970,1966,France,5,1,0.9223813446564578,0.9223813446564578,0.0776186553435422,0.0
year,5,6,1971,1967,France,4,1,0.870940735593954,0.870940735593954,0.129059264406046,0.0
year,5,7,1972,1968,France,5,1,0.7271285690789984,0.7271285690789984,0.1532985566971919,0.11957287422380966
year,5,8,1973,1969,France,4,3,0.5762782032705444,0.05237010970813498,0.37135168702132065,0.5762782032705444
year,5,9,1974,1970,France,4,3,0.5762782032705444,0.05237010970813498,0.37135168702132065,0.5762782032705444
year,5,10,1975,1971,France,5,3,0.6097089045103807,0.36138440052742044,0.02890669496219896,0.6097089045103807
year,5,11,1976,1972,France,5,3,0.6097089045103807,0.36138440052742044,0.02890669496219896,0.6097089045103807
year,5,12,1977,1973,France,5,3,0.9514142273188664,0.04858577268113356,0.0,0.9514142273188664
year,5,13,1978,1974,France,5,3,0.9514142273188664,0.04858577268113356,0.0,0.9514142273188664
year,5,14,1979,1975,France,6,3,0.8543131928446289,0.1456868071553711,0.0,0.8543131928446289
year,5,15,1980,1976,France,6,3,0.8634381039687499,0.13656189603125016,0.0,0.8634381039687499
year,5,16,1981,1977,France,6,3,0.9244050240638406,0.07559497593615934,0.0,0.9244050240638406
year,5,20,1985,1981,France,3,3,0.6767532754848701,0.04114943093827585,0.2820972935768541,0.6767532754848701
year,5,24,1989,1985,France,9,1,0.39512562603758317,0.39512562603758317,0.2972614779369708,0.30761289602544606
year,5,25,1990,1986,France,7,1,0.5846193742908631,0.5846193742908631,0.3954708580792842,0.01990976762985268
year,5,26,1991,1987,France,9,2,0.6095529255901524,0.3415122400971295,0.6095529255901524,0.0489348343127181
year,5,27,1992,1988,France,8,2,0.7230782554158538,0.2558810431147842,0.7230782554158538,0.021040701469361996
year,5,28,1993,1989,France,8,2,0.7230782554158538,0.2558810431147842,0.7230782554158538,0.021040701469361996
year,5,29,1994,1990,France,6,3,0.9077120199466705,0.07705094019461854,0.015237039858711082,0.9077120199466705
year,5,30,1995,1991,France,6,3,0.9061033384859252,0.030238240577065527,0.0636584209370093,0.9061033384859252
year,5,31,1996,1992,France,6,3,0.7053342512966077,0.15256901023183814,0.14209673847155416,0.7053342512966077
year,5,32,1997,1993,France,7,3,0.7738163963743403,0.1726658263549791,0.053517777270680536,0.7738163963743403
year,5,33,1998,1994,France,7,3,0.7578065314431705,0.19961880068478993,0.042574667872039604,0.7578065314431705
year,5,34,1999,1995,France,6,1,0.5595931127422477,0.5595931127422477,0.2528710899725313,0.18753579728522093
year,5,35,2000,1996,France,6,1,0.5905775785600043,0.5905775785600043,0.2252737207253548,0.1841487007146409
year,5,36,2001,1997,France,4,1,0.5299899658705363,0.5299899658705363,0.22763043529328855,0.24237959883617524
year,5,37,2002,1998,France,5,2,0.4530976032040377,0.3154581933159023,0.4530976032040377,0.23144420348005995
year,5,38,2003,1999,France,7,2,0.5034011527483417,0.17100501687703962,0.5034011527483417,0.32559383037461864
year,5,39,2004,2000,France,8,3,0.6903036238635476,0.021639714476647413,0.2880566616598049,0.6903036238635476
year,5,40,2005,2001,France,9,3,0.6784841068773972,0.08229781236953125,0.2392180807530714,0.6784841068773972
year,5,41,2006,2002,France,11,3,0.6395209793281804,0.08632941330569908,0.2741496073661205,0.6395209793281804
year,5,42,2007,2003,France,13,3,0.5467265737134033,0.08247499470393517,0.3707984315826616,0.5467265737134033
year,5,43,2008,2004,France,12,2,0.4606851774873643,0.09650273837029069,0.4606851774873643,0.44281208414234496
year,5,44,2009,2005,France,12,2,0.5730409389167692,0.08633875409918117,0.5730409389167692,0.34062030698404966
year,5,45,2010,2006,France,15,2,0.4893420977202684,0.07690886970411089,0.4893420977202684,0.43374903257562075
year,5,46,2011,2007,France,11,2,0.4669022389449654,0.12434740465078334,0.4669022389449654,0.40875035640425134
year,5,47,2012,2008,France,9,3,0.45308755182765614,0.19803327458532363,0.3488791735870202,0.45308755182765614
year,5,48,2013,2009,France,8,1,0.7957773096953066,0.7957773096953066,0.18147817131559515,0.022744518989098357
year,5,49,2014,2010,France,12,1,0.5184455954646153,0.5184455954646153,0.35138905648466345,0.13016534805072108
year,5,50,2015,2011,France,12,1,0.5001930589095483,0.5001930589095483,0.35398666220450786,0.14582027888594387
year,5,51,2016,2012,France,13,1,0.4771189270625863,0.4771189270625863,0.4457512157860168,0.07712985715139696
year,5,52,2017,2013,France,12,1,0.4867164345522288,0.4867164345522288,0.46424235264986186,0.04904121279790926
year,5,53,2018,2014,France,13,2,0.5847594642800122,0.32964576703021675,0.5847594642800122,0.08559476868977099
year,5,54,2019,2015,France,10,2,0.5053386546076043,0.07566388129685031,0.5053386546076043,0.41899746409554545
year,5,55,2020,2016,France,10,2,0.5220332575497154,0.07839833985902571,0.5220332575497154,0.39956840259125886
year,5,56,2021,2017,France,10,2,0.4868002410263729,0.06563914224007987,0.4868002410263729,0.4475606167335472
year,5,57,2022,2018,France,9,2,0.544160384091111,0.0664496140909607,0.544160384091111,0.3893900018179283
year,5,58,2023,2019,France,8,3,0.5295166235223313,0.1108019939731559,0.3596813825045128,0.5295166235223313
year,5,59,2024,2020,France,9,2,0.5769866036768411,0.11814087998064109,0.5769866036768411,0.30487251634251783
year,5,60,2025,2021,France,10,2,0.5992929352760457,0.12808680152100002,0.5992929352760457,0.2726202632029543
year,5,20,1985,1981,Germany,3,3,0.766269477543538,0.23373052245646192,0.0,0.766269477543538
year,5,22,1987,1983,Germany,5,2,0.9543233942194306,0.010468558226842823,0.9543233942194306,0.03520804755372656
year,5,23,1988,1984,Germany,4,2,0.9344504682109414,0.022671266633809757,0.9344504682109414,0.04287826515524889
year,5,24,1989,1985,Germany,6,2,0.909448102739477,0.04907774584348965,0.909448102739477,0.04147415141703352
year,5,25,1990,1986,Germany,5,2,0.9288817377312953,0.07111826226870474,0.9288817377312953,0.0
year,5,26,1991,1987,Germany,7,2,0.8454500508821864,0.15454994911781364,0.8454500508821864,0.0
year,5,27,1992,1988,Germany,8,2,0.8037962879268339,0.19620371207316603,0.8037962879268339,0.0
year,5,28,1993,1989,Germany,8,2,0.8037962879268339,0.19620371207316603,0.8037962879268339,0.0
year,5,29,1994,1990,Germany,7,2,0.7346346610393035,0.2532313373780005,0.7346346610393035,0.012134001582695859
year,5,30,1995,1991,Germany,6,2,0.8233231254960625,0.160273584776339,0.8233231254960625,0.016403289727598407
year,5,31,1996,1992,Germany,5,2,0.9416536243158162,0.006272516390874423,0.9416536243158162,0.05207385929330936
year,5,32,1997,1993,Germany,5,2,0.9053828948820385,0.017209265559873302,0.9053828948820385,0.07740783955808822
year,5,33,1998,1994,Germany,6,2,0.9301649146223728,0.016064580888514726,0.9301649146223728,0.05377050448911238
year,5,34,1999,1995,Germany,9,3,0.7331553124813349,0.014657871883425542,0.2521868156352395,0.7331553124813349
year,5,35,2000,1996,Germany,8,3,0.739587525270685,0.024061025876705246,0.23635144885260972,0.739587525270685
year,5,36,2001,1997,Germany,10,3,0.689932581743396,0.05464400654428625,0.2554234117123178,0.689932581743396
year,5,37,2002,1998,Germany,9,3,0.7048391739206192,0.11163312078724653,0.18352770529213427,0.7048391739206192
year,5,38,2003,1999,Germany,10,3,0.7493944644632653,0.11633576884499075,0.13426976669174392,0.7493944644632653
year,5,39,2004,2000,Germany,11,3,0.7078394243590544,0.029401219680044922,0.2627593559609007,0.7078394243590544
year,5,40,2005,2001,Germany,12,2,0.613228108276147,0.04316482460089759,0.613228108276147,0.3436070671229554
year,5,41,2006,2002,Germany,11,2,0.6852041075760485,0.04165886361043173,0.6852041075760485,0.2731370288135197
year,5,42,2007,2003,Germany,12,2,0.6203460658494061,0.117787929868862,0.6203460658494061,0.26186600428173185
year,5,43,2008,2004,Germany,12,2,0.6366638847483097,0.13378973823201,0.6366638847483097,0.22954637701968036
year,5,44,2009,2005,Germany,12,2,0.6952183100933197,0.14527084975242846,0.6952183100933197,0.15951084015425188
year,5,45,2010,2006,Germany,11,2,0.6270877746604198,0.18767323559442803,0.6270877746604198,0.18523898974515235
year,5,46,2011,2007,Germany,12,3,0.48904918054858404,0.10779432110089034,0.40315649835052564,0.48904918054858404
year,5,47,2012,2008,Germany,12,2,0.5569069602910384,0.13887253026874563,0.5569069602910384,0.30422050944021595
year,5,48,2013,2009,Germany,14,2,0.6268005251439636,0.11548900173128054,0.6268005251439636,0.2577104731247559
year,5,49,2014,2010,Germany,13,2,0.6007924078157496,0.1115320650159257,0.6007924078157496,0.28767552716832484
year,5,50,2015,2011,Germany,11,2,0.49509784030513737,0.08512341732485758,0.49509784030513737,0.41977874237000506
year,5,51,2016,2012,Germany,9,2,0.7623563331606912,0.16154032569132443,0.7623563331606912,0.07610334114798444
year,5,52,2017,2013,Germany,11,2,0.8645661800398492,0.0715026269684566,0.8645661800398492,0.06393119299169425
year,5,53,2018,2014,Germany,9,2,0.8857409849625697,0.03698359268488251,0.8857409849625697,0.07727542235254772
year,5,54,2019,2015,Germany,9,2,0.66623034248856,0.034291776453236285,0.66623034248856,0.29947788105820394
year,5,55,2020,2016,Germany,9,2,0.7826969240399988,0.032863736796419955,0.7826969240399988,0.18443933916358138
year,5,56,2021,2017,Germany,12,3,0.6907607229954645,0.0026711810109325673,0.30656809599360285,0.6907607229954645
year,5,57,2022,2018,Germany,10,3,0.6771920549603321,0.00752650046835365,0.31528144457131424,0.6771920549603321
year,5,58,2023,2019,Germany,9,3,0.6690631623283859,0.023849792905720663,0.30708704476589327,0.6690631623283859
year,5,59,2024,2020,Germany,8,3,0.6847798992144373,0.044822708059618695,0.2703973927259441,0.6847798992144373
year,5,60,2025,2021,Germany,11,3,0.6609890816922039,0.11473496603147255,0.22427595227632338,0.6609890816922039
year,5,29,1994,1990,IAATO,4,1,0.664879035875557,0.664879035875557,0.29775017693557554,0.03737078718886751
year,5,30,1995,1991,IAATO,4,1,0.5698687501981835,0.5698687501981835,0.3265222722033163,0.10360897759850025
year,5,31,1996,1992,IAATO,5,2,0.6673658316952373,0.2442867967626097,0.6673658316952373,0.08834737154215305
year,5,32,1997,1993,IAATO,8,2,0.6150210673885729,0.18127889110473774,0.6150210673885729,0.2037000415066893
year,5,33,1998,1994,IAATO,7,2,0.5522831523788737,0.1769652261039297,0.5522831523788737,0.2707516215171966
year,5,34,1999,1995,IAATO,8,3,0.47498677574870407,0.23540247336150524,0.28961075088979066,0.47498677574870407
year,5,35,2000,1996,IAATO,8,3,0.44223595888441003,0.25166115774398184,0.3061028833716082,0.44223595888441003
year,5,36,2001,1997,IAATO,8,3,0.6012935782190066,0.14968543966932418,0.24902098211166918,0.6012935782190066
year,5,37,2002,1998,IAATO,6,3,0.6320954939733476,0.1541946073680641,0.21370989865858814,0.6320954939733476
year,5,38,2003,1999,IAATO,5,3,0.48399257175659893,0.036979506650634736,0.47902792159276636,0.48399257175659893
year,5,39,2004,2000,IAATO,5,2,0.5774681976987556,0.0,0.5774681976987556,0.4225318023012444
year,5,40,2005,2001,IAATO,7,2,0.5657357435331548,0.0,0.5657357435331548,0.43426425646684513
year,5,41,2006,2002,IAATO,6,2,0.5826940582205592,0.0,0.5826940582205592,0.41730594177944075
year,5,42,2007,2003,IAATO,8,2,0.546656333170699,0.0,0.546656333170699,0.45334366682930105
year,5,43,2008,2004,IAATO,8,3,0.6956706034486688,0.0,0.3043293965513312,0.6956706034486688
year,5,44,2009,2005,IAATO,7,3,0.6788391448110535,0.0,0.32116085518894655,0.6788391448110535
year,5,45,2010,2006,IAATO,6,3,0.8102068022945869,0.0,0.1897931977054131,0.8102068022945869
year,5,46,2011,2007,IAATO,6,3,0.9086991684355402,0.03645872994415413,0.05484210162030562,0.9086991684355402
year,5,47,2012,2008,IAATO,5,3,0.9015123259843191,0.09238639496567712,0.006101279050003743,0.9015123259843191
year,5,48,2013,2009,IAATO,6,3,0.8136104005815957,0.1558775185752983,0.030512080843105943,0.8136104005815957
year,5,49,2014,2010,IAATO,6,3,0.7727871972585743,0.20152500645833651,0.02568779628308931,0.7727871972585743
year,5,50,2015,2011,IAATO,6,3,0.6646755692711213,0.2569807235574672,0.07834370717141163,0.6646755692711213
year,5,51,2016,2012,IAATO,9,3,0.6973793368207434,0.20321900363940865,0.09940165953984799,0.6973793368207434
year,5,52,2017,2013,IAATO,8,3,0.6700521765646148,0.2314018295797257,0.09854599385565953,0.6700521765646148
year,5,53,2018,2014,IAATO,7,3,0.7216419521839988,0.1565597160430827,0.12179833177291846,0.7216419521839988
year,5,54,2019,2015,IAATO,7,3,0.6891381509313317,0.14877421104762803,0.16208763802104031,0.6891381509313317
year,5,55,2020,2016,IAATO,7,3,0.7095465898177343,0.12706667841721048,0.16338673176505528,0.7095465898177343
year,5,56,2021,2017,IAATO,7,3,0.7744774157885931,0.18275325248506388,0.04276933172634297,0.7744774157885931
year,5,57,2022,2018,IAATO,6,3,0.7805247915527365,0.11671740107034116,0.10275780737692235,0.7805247915527365
year,5,58,2023,2019,IAATO,6,3,0.7252137947041449,0.08233639847088604,0.19244980682496918,0.7252137947041449
year,5,59,2024,2020,IAATO,8,3,0.803426562570382,0.025976463013279386,0.17059697441633861,0.803426562570382
year,5,60,2025,2021,IAATO,8,3,0.7674448618666867,0.051721447271097405,0.18083369086221582,0.7674448618666867
year,5,40,2005,2001,IHO,3,1,0.8192435403228885,0.8192435403228885,0.0,0.18075645967711157
year,5,41,2006,2002,IHO,4,1,0.522038110558697,0.522038110558697,0.35928252373928504,0.1186793657020179
year,5,42,2007,2003,IHO,5,1,0.5942938239920749,0.5942938239920749,0.28199468997868093,0.12371148602924406
year,5,43,2008,2004,IHO,4,1,0.5788527638163231,0.5788527638163231,0.28801288806254244,0.13313434812113453
year,5,44,2009,2005,IHO,3,1,0.7358193440282992,0.7358193440282992,0.26418065597170076,0.0
year,5,48,2013,2009,IHO,3,1,0.8425273137366799,0.8425273137366799,0.15747268626332014,0.0
year,5,49,2014,2010,IHO,3,1,0.8164330623609455,0.8164330623609455,0.1835669376390545,0.0
year,5,50,2015,2011,IHO,3,1,0.821614026380549,0.821614026380549,0.17838597361945094,0.0
year,5,51,2016,2012,IHO,3,1,0.8415498382375597,0.8415498382375597,0.1584501617624403,0.0
year,5,52,2017,2013,IHO,3,1,0.8584547620030448,0.8584547620030448,0.14154523799695506,0.0
year,5,31,1996,1992,IOC,3,1,0.5740120571717909,0.5740120571717909,0.4259879428282091,0.0
year,5,29,1994,1990,IUCN,4,2,0.9542853302095136,0.0,0.9542853302095136,0.04571466979048643
year,5,30,1995,1991,IUCN,7,1,0.5068739939740833,0.5068739939740833,0.4785418972684942,0.014584108757422554
year,5,31,1996,1992,IUCN,8,2,0.7987454236572343,0.20084109867254257,0.7987454236572343,0.0004134776702230971
year,5,32,1997,1993,IUCN,8,2,0.726701940791991,0.2732980592080091,0.726701940791991,0.0
year,5,33,1998,1994,IUCN,10,2,0.8815611528074,0.11843884719259999,0.8815611528074,0.0
year,5,34,1999,1995,IUCN,9,2,0.785686994028925,0.21431300597107503,0.785686994028925,0.0
year,5,35,2000,1996,IUCN,9,2,0.8608444615100189,0.13915553848998108,0.8608444615100189,0.0
year,5,36,2001,1997,IUCN,7,2,0.7842665318384633,0.2157334681615367,0.7842665318384633,0.0
year,5,37,2002,1998,IUCN,4,2,0.8550854369318295,0.14491456306817052,0.8550854369318295,0.0
year,5,38,2003,1999,IUCN,3,2,0.9246390573407859,0.07536094265921402,0.9246390573407859,0.0
year,5,39,2004,2000,IUCN,3,2,0.9598425808456101,0.04015741915438987,0.9598425808456101,0.0
year,5,40,2005,2001,IUCN,4,2,0.9302456079161581,0.06975439208384197,0.9302456079161581,0.0
year,5,41,2006,2002,IUCN,4,2,0.8718403064445036,0.12815969355549642,0.8718403064445036,0.0
year,5,42,2007,2003,IUCN,4,2,0.8512249897917517,0.14877501020824827,0.8512249897917517,0.0
year,5,43,2008,2004,IUCN,3,2,0.6666666666666666,0.3333333333333333,0.6666666666666666,0.0
year,5,44,2009,2005,IUCN,3,2,0.5571730545927875,0.4428269454072124,0.5571730545927875,0.0
year,5,45,2010,2006,IUCN,3,1,0.5459422820170484,0.5459422820170484,0.45405771798295164,0.0
year,5,46,2011,2007,IUCN,3,1,0.6308553418106727,0.6308553418106727,0.3691446581893273,0.0
year,5,47,2012,2008,IUCN,4,2,0.5163928135112588,0.4836071864887412,0.5163928135112588,0.0
year,5,48,2013,2009,IUCN,4,2,0.6849687113628378,0.3150312886371623,0.6849687113628378,0.0
year,5,49,2014,2010,IUCN,3,2,1.0,0.0,1.0,0.0
year,5,50,2015,2011,IUCN,3,2,1.0,0.0,1.0,0.0
year,5,59,2024,2020,IUCN,3,3,0.3899213661267813,0.35186492080280246,0.25821371307041613,0.3899213661267813
year,5,60,2025,2021,IUCN,3,1,0.5241412087784095,0.5241412087784095,0.1867267109823298,0.2891320802392605
year,5,34,1999,1995,India,4,1,1.0,1.0,0.0,0.0
year,5,35,2000,1996,India,4,1,1.0,1.0,0.0,0.0
year,5,36,2001,1997,India,5,1,0.6000833362273184,0.6000833362273184,0.3999166637726817,0.0
year,5,37,2002,1998,India,6,1,0.5234829942273729,0.5234829942273729,0.4765170057726271,0.0
year,5,38,2003,1999,India,6,2,0.7150215578549582,0.2849784421450418,0.7150215578549582,0.0
year,5,39,2004,2000,India,6,2,0.7941561478431658,0.20584385215683415,0.7941561478431658,0.0
year,5,40,2005,2001,India,7,2,0.6369648695688618,0.36303513043113816,0.6369648695688618,0.0
year,5,41,2006,2002,India,8,2,0.636119385403772,0.3638806145962279,0.636119385403772,0.0
year,5,42,2007,2003,India,9,2,0.6565864379953252,0.34341356200467477,0.6565864379953252,0.0
year,5,43,2008,2004,India,10,2,0.657109223837843,0.342890776162157,0.657109223837843,0.0
year,5,44,2009,2005,India,9,2,0.7306608007849167,0.2693391992150833,0.7306608007849167,0.0
year,5,45,2010,2006,India,8,2,0.8714810369318862,0.12851896306811378,0.8714810369318862,0.0
year,5,46,2011,2007,India,8,2,0.9102188939396764,0.08978110606032354,0.9102188939396764,0.0
year,5,47,2012,2008,India,7,2,0.9198651337107764,0.08013486628922357,0.9198651337107764,0.0
year,5,48,2013,2009,India,8,2,0.9461160600338004,0.05388393996619965,0.9461160600338004,0.0
year,5,49,2014,2010,India,8,2,0.9076341235587664,0.09236587644123362,0.9076341235587664,0.0
year,5,50,2015,2011,India,8,2,0.8957895238097683,0.1042104761902317,0.8957895238097683,0.0
year,5,51,2016,2012,India,8,2,0.8270023602103036,0.10359349601632653,0.8270023602103036,0.0694041437733698
year,5,52,2017,2013,India,8,2,0.8210581108457338,0.10272580727517822,0.8210581108457338,0.076216081879088
year,5,53,2018,2014,India,7,2,0.743823425749102,0.15257381951382262,0.743823425749102,0.10360275473707546
year,5,54,2019,2015,India,7,2,0.6319181428843798,0.22402379142584383,0.6319181428843798,0.14405806568977644
year,5,55,2020,2016,India,6,2,0.6152736809356583,0.2852446888061782,0.6152736809356583,0.09948163025816346
year,5,56,2021,2017,India,6,2,0.7485541262687236,0.2514458737312763,0.7485541262687236,0.0
year,5,57,2022,2018,India,6,3,0.7408904749918113,0.05238684328476414,0.2067226817234245,0.7408904749918113
year,5,58,2023,2019,India,7,2,0.5961081029140832,0.0838168507116978,0.5961081029140832,0.32007504637421913
year,5,59,2024,2020,India,10,2,0.789789322597661,0.05593086636545661,0.789789322597661,0.1542798110368825
year,5,60,2025,2021,India,11,2,0.8139506924065951,0.06080422967027262,0.8139506924065951,0.12524507792313228
year,5,26,1991,1987,Italy,5,2,0.8396707106870457,0.08837312153748263,0.8396707106870457,0.07195616777547173
year,5,27,1992,1988,Italy,4,1,0.5246915131964435,0.5246915131964435,0.4333974500191504,0.04191103678440614
year,5,28,1993,1989,Italy,4,1,0.5246915131964435,0.5246915131964435,0.4333974500191504,0.04191103678440614
year,5,29,1994,1990,Italy,5,1,0.5634993192625674,0.5634993192625674,0.4365006807374326,0.0
year,5,30,1995,1991,Italy,6,1,0.640850003874757,0.640850003874757,0.35828331291071974,0.0008666832145231559
year,5,31,1996,1992,Italy,7,1,0.5814510586219163,0.5814510586219163,0.4185489413780837,0.0
year,5,32,1997,1993,Italy,8,2,0.5924155907766706,0.4075844092233295,0.5924155907766706,0.0
year,5,33,1998,1994,Italy,8,2,0.6927191590958411,0.30728084090415886,0.6927191590958411,0.0
year,5,34,1999,1995,Italy,11,2,0.6969890294625419,0.3030109705374581,0.6969890294625419,0.0
year,5,35,2000,1996,Italy,10,2,0.8693164396401175,0.13068356035988243,0.8693164396401175,0.0
year,5,36,2001,1997,Italy,8,2,0.6643621440519898,0.33563785594801027,0.6643621440519898,0.0
year,5,37,2002,1998,Italy,9,1,0.7098038827496091,0.7098038827496091,0.29019611725039085,0.0
year,5,38,2003,1999,Italy,6,1,0.7319582645081893,0.7319582645081893,0.2680417354918106,0.0
year,5,39,2004,2000,Italy,8,1,0.566717229596572,0.566717229596572,0.19598579484723375,0.23729697555619422
year,5,40,2005,2001,Italy,9,1,0.49461672128822737,0.49461672128822737,0.1771180960197417,0.32826518269203103
year,5,41,2006,2002,Italy,10,1,0.489534980063012,0.489534980063012,0.17960883113825568,0.3308561887987323
year,5,42,2007,2003,Italy,11,1,0.4393505832867074,0.4393505832867074,0.2115797818121205,0.3490696349011721
year,5,43,2008,2004,Italy,6,3,0.5649022859706976,0.09341268066454993,0.3416850333647524,0.5649022859706976
year,5,44,2009,2005,Italy,7,2,0.4482649433732049,0.21534897446973433,0.4482649433732049,0.3363860821570608
year,5,45,2010,2006,Italy,5,2,0.5600552979377011,0.4399447020622987,0.5600552979377011,0.0
year,5,46,2011,2007,Italy,5,1,0.5772008406602054,0.5772008406602054,0.4227991593397945,0.0
year,5,47,2012,2008,Italy,5,1,0.6485764597312379,0.6485764597312379,0.3514235402687622,0.0
year,5,48,2013,2009,Italy,9,2,0.5425766466636991,0.457423353336301,0.5425766466636991,0.0
year,5,49,2014,2010,Italy,9,2,0.6909909289500925,0.30900907104990755,0.6909909289500925,0.0
year,5,50,2015,2011,Italy,9,2,0.7881234553910382,0.21187654460896171,0.7881234553910382,0.0
year,5,51,2016,2012,Italy,6,2,0.9626241526824839,0.037375847317516045,0.9626241526824839,0.0
year,5,52,2017,2013,Italy,8,2,0.9834554221719535,0.016544577828046508,0.9834554221719535,0.0
year,5,53,2018,2014,Italy,7,2,0.9439916765873738,0.05600832341262612,0.9439916765873738,0.0
year,5,54,2019,2015,Italy,9,2,0.9394205302222366,0.06057946977776345,0.9394205302222366,0.0
year,5,55,2020,2016,Italy,9,2,0.9545155308412699,0.04548446915873007,0.9545155308412699,0.0
year,5,56,2021,2017,Italy,11,2,0.5219452551147487,0.47805474488525135,0.5219452551147487,0.0
year,5,57,2022,2018,Italy,10,1,0.7162216118631763,0.7162216118631763,0.2837783881368237,0.0
year,5,58,2023,2019,Italy,11,1,0.566606793334854,0.566606793334854,0.43339320666514597,0.0
year,5,59,2024,2020,Italy,9,2,0.5942990020104826,0.40570099798951753,0.5942990020104826,0.0
year,5,60,2025,2021,Italy,8,2,0.665142218329193,0.3348577816708071,0.665142218329193,0.0
year,5,5,1970,1966,Japan,5,1,0.9111645094697697,0.9111645094697697,0.08883549053023038,0.0
year,5,6,1971,1967,Japan,4,1,0.9971134049793764,0.9971134049793764,0.0028865950206235793,0.0
year,5,7,1972,1968,Japan,4,1,1.0,1.0,0.0,0.0
year,5,8,1973,1969,Japan,5,1,0.9899434920026817,0.9899434920026817,0.010056507997318265,0.0
year,5,9,1974,1970,Japan,5,1,0.9899434920026817,0.9899434920026817,0.010056507997318265,0.0
year,5,10,1975,1971,Japan,4,3,0.6025897699270539,0.35653223291109476,0.040877997161851226,0.6025897699270539
year,5,11,1976,1972,Japan,4,3,0.6025897699270539,0.35653223291109476,0.040877997161851226,0.6025897699270539
year,5,26,1991,1987,Japan,5,3,0.4767408013879715,0.08620573246457834,0.43705346614745016,0.4767408013879715
year,5,27,1992,1988,Japan,5,2,0.6326981087887936,0.18180808784354408,0.6326981087887936,0.18549380336766233
year,5,28,1993,1989,Japan,5,2,0.6326981087887936,0.18180808784354408,0.6326981087887936,0.18549380336766233
year,5,29,1994,1990,Japan,6,1,0.48025179936769885,0.48025179936769885,0.4273077871701159,0.09244041346218525
year,5,30,1995,1991,Japan,6,1,0.6101637931508769,0.6101637931508769,0.28128592979707634,0.1085502770520468
year,5,31,1996,1992,Japan,6,2,0.6790596774835281,0.11025453308472749,0.6790596774835281,0.21068578943174432
year,5,32,1997,1993,Japan,7,2,0.5678732536030956,0.1734695330649144,0.5678732536030956,0.25865721333199004
year,5,33,1998,1994,Japan,8,2,0.5105955589770684,0.21054722334155543,0.5105955589770684,0.27885721768137606
year,5,34,1999,1995,Japan,9,2,0.6406639276792703,0.13691280991807794,0.6406639276792703,0.22242326240265167
year,5,35,2000,1996,Japan,8,2,0.6599591504350083,0.12280046919935103,0.6599591504350083,0.21724038036564056
year,5,36,2001,1997,Japan,8,2,0.37382609366918773,0.30183445837831385,0.37382609366918773,0.3243394479524984
year,5,37,2002,1998,Japan,8,1,0.5666884901545034,0.5666884901545034,0.19665652675098258,0.2366549830945142
year,5,38,2003,1999,Japan,10,1,0.5306267769402345,0.5306267769402345,0.2958197203403452,0.17355350271942024
year,5,39,2004,2000,Japan,7,1,0.8365519823135223,0.8365519823135223,0.060681299979410866,0.10276671770706677
year,5,40,2005,2001,Japan,8,1,0.707763748554077,0.707763748554077,0.18056509023361564,0.11167116121230736
year,5,41,2006,2002,Japan,8,1,0.7254215450856415,0.7254215450856415,0.27457845491435845,0.0
year,5,42,2007,2003,Japan,8,1,0.7026408769705391,0.7026408769705391,0.2973591230294608,0.0
year,5,43,2008,2004,Japan,8,1,0.6231736995560213,0.6231736995560213,0.3768263004439788,0.0
year,5,44,2009,2005,Japan,8,1,0.5618325235583322,0.5618325235583322,0.4381674764416678,0.0
year,5,45,2010,2006,Japan,9,1,0.538570383987444,0.538570383987444,0.46142961601255594,0.0
year,5,46,2011,2007,Japan,9,2,0.6684723079682432,0.3315276920317568,0.6684723079682432,0.0
year,5,47,2012,2008,Japan,9,2,0.7484556873241354,0.25154431267586463,0.7484556873241354,0.0
year,5,48,2013,2009,Japan,9,2,0.6844373501597825,0.31556264984021754,0.6844373501597825,0.0
year,5,49,2014,2010,Japan,8,2,0.8647084627732902,0.13529153722670995,0.8647084627732902,0.0
year,5,50,2015,2011,Japan,7,2,0.8579213938577777,0.1420786061422224,0.8579213938577777,0.0
year,5,51,2016,2012,Japan,6,3,0.4683401747490079,0.301347490726879,0.23031233452411307,0.4683401747490079
year,5,52,2017,2013,Japan,6,3,0.6071356220274078,0.19577615909618595,0.19708821887640637,0.6071356220274078
year,5,53,2018,2014,Japan,4,3,0.7017304592672636,0.2982695407327365,0.0,0.7017304592672636
year,5,54,2019,2015,Japan,5,3,0.7466979849024561,0.23444685059763876,0.018855164499905135,0.7466979849024561
year,5,55,2020,2016,Japan,4,3,0.7395965289620452,0.22366518019275689,0.036738290845197884,0.7395965289620452
year,5,56,2021,2017,Japan,4,3,0.5628659227686348,0.14407415468169296,0.2930599225496722,0.5628659227686348
year,5,57,2022,2018,Japan,4,2,0.7375133199668925,0.2624866800331075,0.7375133199668925,0.0
year,5,58,2023,2019,Japan,4,2,0.853235162050121,0.14676483794987902,0.853235162050121,0.0
year,5,59,2024,2020,Japan,4,2,0.7567099049164026,0.24329009508359745,0.7567099049164026,0.0
year,5,60,2025,2021,Japan,4,2,0.7435565317430253,0.25644346825697467,0.7435565317430253,0.0
year,5,30,1995,1991,Korea (ROK),5,2,0.8299053609105362,0.17009463908946368,0.8299053609105362,0.0
year,5,31,1996,1992,Korea (ROK),6,2,0.7022652018163871,0.297734798183613,0.7022652018163871,0.0
year,5,32,1997,1993,Korea (ROK),6,2,0.5751397460486647,0.42486025395133536,0.5751397460486647,0.0
year,5,33,1998,1994,Korea (ROK),6,2,0.5443724589145881,0.4556275410854118,0.5443724589145881,0.0
year,5,34,1999,1995,Korea (ROK),6,1,0.6467317086958818,0.6467317086958818,0.35326829130411813,0.0
year,5,35,2000,1996,Korea (ROK),4,1,0.965048171839309,0.965048171839309,0.03495182816069095,0.0
year,5,36,2001,1997,Korea (ROK),4,1,0.9016045180134896,0.9016045180134896,0.09839548198651045,0.0
year,5,37,2002,1998,Korea (ROK),4,1,0.8432758378531129,0.8432758378531129,0.15672416214688714,0.0
year,5,38,2003,1999,Korea (ROK),5,1,0.940880571904349,0.940880571904349,0.059119428095650954,0.0
year,5,39,2004,2000,Korea (ROK),5,2,0.584939698424137,0.41506030157586304,0.584939698424137,0.0
year,5,40,2005,2001,Korea (ROK),5,1,0.5039161362168711,0.5039161362168711,0.4960838637831289,0.0
year,5,41,2006,2002,Korea (ROK),7,1,0.5724934822251428,0.5724934822251428,0.4275065177748572,0.0
year,5,42,2007,2003,Korea (ROK),7,1,0.6852841667155819,0.6852841667155819,0.31471583328441805,0.0
year,5,43,2008,2004,Korea (ROK),7,1,0.7885467612307572,0.7885467612307572,0.2114532387692428,0.0
year,5,44,2009,2005,Korea (ROK),6,1,0.9227916537211072,0.9227916537211072,0.07720834627889288,0.0
year,5,45,2010,2006,Korea (ROK),6,1,0.8994233469146122,0.8994233469146122,0.10057665308538785,0.0
year,5,46,2011,2007,Korea (ROK),7,1,0.6147514297801171,0.6147514297801171,0.3852485702198828,0.0
year,5,47,2012,2008,Korea (ROK),8,2,0.5215143069262058,0.47848569307379424,0.5215143069262058,0.0
year,5,48,2013,2009,Korea (ROK),8,2,0.6753985416929164,0.32460145830708353,0.6753985416929164,0.0
year,5,49,2014,2010,Korea (ROK),8,2,0.7160789176163787,0.2839210823836213,0.7160789176163787,0.0
year,5,50,2015,2011,Korea (ROK),7,2,0.7788085544040737,0.22119144559592624,0.7788085544040737,0.0
year,5,51,2016,2012,Korea (ROK),8,2,0.7354071726402248,0.2645928273597752,0.7354071726402248,0.0
year,5,52,2017,2013,Korea (ROK),9,2,0.79312060404619,0.20687939595381008,0.79312060404619,0.0
year,5,53,2018,2014,Korea (ROK),10,3,0.848809329926016,0.034080925763549014,0.11710974431043493,0.848809329926016
year,5,54,2019,2015,Korea (ROK),12,3,0.8436682554144597,0.029408082337482887,0.1269236622480575,0.8436682554144597
year,5,55,2020,2016,Korea (ROK),12,3,0.828639477108696,0.010232530153466375,0.1611279927378376,0.828639477108696
year,5,56,2021,2017,Korea (ROK),9,3,0.8869908021024487,0.004867121103381001,0.1081420767941703,0.8869908021024487
year,5,57,2022,2018,Korea (ROK),9,3,0.9094046630576056,0.017183822223723392,0.07341151471867104,0.9094046630576056
year,5,58,2023,2019,Korea (ROK),7,2,0.9233938144109626,0.07660618558903746,0.9233938144109626,0.0
year,5,59,2024,2020,Korea (ROK),4,2,0.9063667679176168,0.09363323208238318,0.9063667679176168,0.0
year,5,60,2025,2021,Korea (ROK),7,2,0.8278605730051745,0.17213942699482554,0.8278605730051745,0.0
year,5,50,2015,2011,Malaysia,3,1,1.0,1.0,0.0,0.0
year,5,51,2016,2012,Malaysia,3,1,1.0,1.0,0.0,0.0
year,5,52,2017,2013,Malaysia,3,1,1.0,1.0,0.0,0.0
year,5,54,2019,2015,Monaco,3,3,0.7366762929902861,0.0,0.26332370700971386,0.7366762929902861
year,5,55,2020,2016,Monaco,3,3,0.6620733409812799,0.0,0.3379266590187201,0.6620733409812799
year,5,56,2021,2017,Monaco,3,3,0.7326255705991631,0.0,0.26737442940083694,0.7326255705991631
year,5,57,2022,2018,Monaco,3,3,0.716959677797031,0.0,0.2830403222029691,0.716959677797031
year,5,58,2023,2019,Monaco,3,3,0.6744176987557161,0.0,0.32558230124428383,0.6744176987557161
year,5,60,2025,2021,Monaco,3,2,0.9182888679979253,0.0817111320020747,0.9182888679979253,0.0
year,5,26,1991,1987,Netherlands,4,1,0.770551976700354,0.770551976700354,0.22944802329964598,0.0
year,5,27,1992,1988,Netherlands,6,2,0.5021362488340491,0.49786375116595105,0.5021362488340491,0.0
year,5,28,1993,1989,Netherlands,6,2,0.5021362488340491,0.49786375116595105,0.5021362488340491,0.0
year,5,29,1994,1990,Netherlands,6,2,0.5243385174712178,0.47566148252878204,0.5243385174712178,0.0
year,5,30,1995,1991,Netherlands,7,2,0.6384539735378033,0.3615460264621967,0.6384539735378033,0.0
year,5,31,1996,1992,Netherlands,8,2,0.6580638085606975,0.3419361914393025,0.6580638085606975,0.0
year,5,32,1997,1993,Netherlands,5,2,0.5575065020861006,0.4424934979138994,0.5575065020861006,0.0
year,5,33,1998,1994,Netherlands,6,3,0.4977249654863094,0.24524078341009428,0.25703425110359635,0.4977249654863094
year,5,34,1999,1995,Netherlands,7,3,0.5033744996928015,0.20348159301511273,0.29314390729208595,0.5033744996928015
year,5,35,2000,1996,Netherlands,6,3,0.474284013556458,0.2355818619967933,0.29013412444674863,0.474284013556458
year,5,36,2001,1997,Netherlands,6,3,0.5915093394435669,0.30171099386480466,0.10677966669162846,0.5915093394435669
year,5,37,2002,1998,Netherlands,5,3,0.6910735418856929,0.14184551165185724,0.16708094646244978,0.6910735418856929
year,5,38,2003,1999,Netherlands,4,2,0.5024208511298248,0.4975791488701751,0.5024208511298248,0.0
year,5,39,2004,2000,Netherlands,5,1,0.6755036944131988,0.6755036944131988,0.3244963055868012,0.0
year,5,40,2005,2001,Netherlands,6,1,0.617492859375088,0.617492859375088,0.382507140624912,0.0
year,5,41,2006,2002,Netherlands,6,1,0.5558037378474193,0.5558037378474193,0.4441962621525806,0.0
year,5,42,2007,2003,Netherlands,8,2,0.5400428344046908,0.4599571655953092,0.5400428344046908,0.0
year,5,43,2008,2004,Netherlands,7,2,0.6278880711513589,0.3721119288486412,0.6278880711513589,0.0
year,5,44,2009,2005,Netherlands,6,2,0.91505318006421,0.08494681993579004,0.91505318006421,0.0
year,5,45,2010,2006,Netherlands,4,2,0.845201150038626,0.15479884996137414,0.845201150038626,0.0
year,5,46,2011,2007,Netherlands,6,2,0.7360810412007457,0.2096563164901694,0.7360810412007457,0.054262642309084785
year,5,47,2012,2008,Netherlands,7,3,0.43630152816638584,0.13240855639089114,0.43128991544272294,0.43630152816638584
year,5,48,2013,2009,Netherlands,9,2,0.5492067084471248,0.0838781467189419,0.5492067084471248,0.3669151448339332
year,5,49,2014,2010,Netherlands,9,2,0.6489970572164679,0.12229752022569508,0.6489970572164679,0.228705422557837
year,5,50,2015,2011,Netherlands,10,2,0.7090306582858253,0.08577178819745888,0.7090306582858253,0.20519755351671576
year,5,51,2016,2012,Netherlands,8,2,0.6461729830505792,0.056006010881587805,0.6461729830505792,0.29782100606783285
year,5,52,2017,2013,Netherlands,7,2,0.9437703171238874,0.005279822473994812,0.9437703171238874,0.05094986040211782
year,5,53,2018,2014,Netherlands,9,2,0.9334016458812454,0.01678361395352792,0.9334016458812454,0.04981474016522679
year,5,54,2019,2015,Netherlands,9,2,0.7324253149061654,0.0289512671605505,0.7324253149061654,0.23862341793328418
year,5,55,2020,2016,Netherlands,9,2,0.5203194139264029,0.03394550859548564,0.5203194139264029,0.4457350774781115
year,5,56,2021,2017,Netherlands,8,2,0.48863027287686045,0.02613208522659967,0.48863027287686045,0.4852376418965398
year,5,57,2022,2018,Netherlands,8,2,0.5842096918490208,0.034051177215720124,0.5842096918490208,0.38173913093525896
year,5,58,2023,2019,Netherlands,9,2,0.5435252193434337,0.027062166677174777,0.5435252193434337,0.4294126139793915
year,5,59,2024,2020,Netherlands,8,2,0.5052530479113808,0.0026850468100442708,0.5052530479113808,0.49206190527857496
year,5,60,2025,2021,Netherlands,7,3,0.5717108438953181,0.0,0.42828915610468193,0.5717108438953181
year,5,0,1965,1961,New Zealand,5,1,0.5619393013933957,0.5619393013933957,0.43806069860660435,0.0
year,5,1,1966,1962,New Zealand,5,2,0.781459684863085,0.0,0.781459684863085,0.218540315136915
year,5,2,1967,1963,New Zealand,6,2,0.7730120481927711,0.010120481927710838,0.7730120481927711,0.21686746987951808
year,5,3,1968,1964,New Zealand,6,2,0.7180691956684601,0.010845876183341291,0.7180691956684601,0.27108492814819857
year,5,4,1969,1965,New Zealand,7,2,0.6947047194979176,0.040170431645010836,0.6947047194979176,0.2651248488570716
year,5,5,1970,1966,New Zealand,7,2,0.6576144652367346,0.010834985277318531,0.6576144652367346,0.3315505494859469
year,5,6,1971,1967,New Zealand,3,2,0.5540724598202125,0.24244075183873606,0.5540724598202125,0.20348678834105147
year,5,7,1972,1968,New Zealand,6,2,0.8041628555836529,0.1958371444163471,0.8041628555836529,0.0
year,5,8,1973,1969,New Zealand,6,2,0.7389359474635956,0.2610640525364043,0.7389359474635956,0.0
year,5,9,1974,1970,New Zealand,6,2,0.7389359474635956,0.2610640525364043,0.7389359474635956,0.0
year,5,10,1975,1971,New Zealand,5,2,0.8132613185186667,0.1867386814813333,0.8132613185186667,0.0
year,5,11,1976,1972,New Zealand,5,2,0.8132613185186667,0.1867386814813333,0.8132613185186667,0.0
year,5,12,1977,1973,New Zealand,5,2,0.8286996267874366,0.01195118882878349,0.8286996267874366,0.15934918438377993
year,5,13,1978,1974,New Zealand,5,2,0.8286996267874366,0.01195118882878349,0.8286996267874366,0.15934918438377993
year,5,14,1979,1975,New Zealand,7,2,0.7929759124368709,0.11535382250837023,0.7929759124368709,0.09167026505475882
year,5,15,1980,1976,New Zealand,5,2,0.7965626052871617,0.20343739471283823,0.7965626052871617,0.0
year,5,16,1981,1977,New Zealand,7,2,0.7797475461314235,0.22025245386857648,0.7797475461314235,0.0
year,5,17,1982,1978,New Zealand,4,1,0.6261070084014861,0.6261070084014861,0.3738929915985139,0.0
year,5,18,1983,1979,New Zealand,5,1,0.7333122053638633,0.7333122053638633,0.2666877946361368,0.0
year,5,19,1984,1980,New Zealand,3,1,1.0,1.0,0.0,0.0
year,5,20,1985,1981,New Zealand,4,2,0.8679455975967947,0.13205440240320532,0.8679455975967947,0.0
year,5,22,1987,1983,New Zealand,5,3,0.6268819154725195,0.0,0.3731180845274805,0.6268819154725195
year,5,23,1988,1984,New Zealand,5,3,0.6431709523194211,0.0,0.3568290476805789,0.6431709523194211
year,5,24,1989,1985,New Zealand,5,3,0.507774872712261,0.0,0.49222512728773904,0.507774872712261
year,5,25,1990,1986,New Zealand,5,2,0.5507685565689054,0.0,0.5507685565689054,0.4492314434310945
year,5,26,1991,1987,New Zealand,6,2,0.5911984405825835,0.0,0.5911984405825835,0.40880155941741636
year,5,27,1992,1988,New Zealand,5,2,0.9874791362948341,0.012520863705165964,0.9874791362948341,0.0
year,5,28,1993,1989,New Zealand,5,2,0.9874791362948341,0.012520863705165964,0.9874791362948341,0.0
year,5,29,1994,1990,New Zealand,5,2,0.8941848487686113,0.10581515123138872,0.8941848487686113,0.0
year,5,30,1995,1991,New Zealand,6,2,0.973531519702722,0.026468480297278062,0.973531519702722,0.0
year,5,31,1996,1992,New Zealand,8,2,0.5153500340838252,0.1257514024434163,0.5153500340838252,0.35889856347275845
year,5,32,1997,1993,New Zealand,10,2,0.5752865011014952,0.033498228302198174,0.5752865011014952,0.3912152705963067
year,5,33,1998,1994,New Zealand,10,3,0.6068308316266543,0.019506218605246182,0.37366294976809966,0.6068308316266543
year,5,34,1999,1995,New Zealand,12,3,0.5494686882823818,0.027204671892685207,0.42332663982493296,0.5494686882823818
year,5,35,2000,1996,New Zealand,11,3,0.5386163395606048,0.03686865004720105,0.42451501039219414,0.5386163395606048
year,5,36,2001,1997,New Zealand,12,3,0.601480285724605,0.0609185353781549,0.33760117889724006,0.601480285724605
year,5,37,2002,1998,New Zealand,11,3,0.6949669796775095,0.002429516249965078,0.30260350407252545,0.6949669796775095
year,5,38,2003,1999,New Zealand,10,3,0.6369262154569381,0.0,0.3630737845430619,0.6369262154569381
year,5,39,2004,2000,New Zealand,12,3,0.6240717976017931,0.004800552289244559,0.3711276501089623,0.6240717976017931
year,5,40,2005,2001,New Zealand,10,3,0.6200757976529873,0.0,0.37992420234701263,0.6200757976529873
year,5,41,2006,2002,New Zealand,12,3,0.6394133005069585,0.0,0.36058669949304145,0.6394133005069585
year,5,42,2007,2003,New Zealand,17,3,0.6705525985776034,0.0,0.3294474014223967,0.6705525985776034
year,5,43,2008,2004,New Zealand,16,3,0.6797729327080959,0.004797486906424837,0.31542958038547925,0.6797729327080959
year,5,44,2009,2005,New Zealand,14,3,0.6951632646021235,0.0,0.30483673539787653,0.6951632646021235
year,5,45,2010,2006,New Zealand,17,3,0.7820470411468424,0.0,0.21795295885315766,0.7820470411468424
year,5,46,2011,2007,New Zealand,15,3,0.8091014372239855,0.0006273024436149583,0.19027126033239952,0.8091014372239855
year,5,47,2012,2008,New Zealand,16,3,0.8107816925419844,0.011673776952790996,0.1775445305052246,0.8107816925419844
year,5,48,2013,2009,New Zealand,15,2,0.5049926680057311,0.045515494406214586,0.5049926680057311,0.44949183758805433
year,5,49,2014,2010,New Zealand,12,2,0.5647402074758155,0.08504642213433754,0.5647402074758155,0.35021337038984696
year,5,50,2015,2011,New Zealand,13,3,0.4767416920431372,0.14113262267497237,0.3821256852818904,0.4767416920431372
year,5,51,2016,2012,New Zealand,17,3,0.6222877728373907,0.10348298830304473,0.2742292388595645,0.6222877728373907
year,5,52,2017,2013,New Zealand,14,3,0.5638152512600996,0.10234854180001572,0.33383620693988475,0.5638152512600996
year,5,53,2018,2014,New Zealand,13,3,0.48160414113099376,0.09293128024160148,0.4254645786274048,0.48160414113099376
year,5,54,2019,2015,New Zealand,13,2,0.5065370272459316,0.1356759549069288,0.5065370272459316,0.3577870178471396
year,5,55,2020,2016,New Zealand,11,2,0.4730833132055601,0.1795144121579722,0.4730833132055601,0.3474022746364677
year,5,56,2021,2017,New Zealand,11,2,0.5992055478059519,0.1514550832112544,0.5992055478059519,0.24933936898279369
year,5,57,2022,2018,New Zealand,9,2,0.8785667284594043,0.1047822206480625,0.8785667284594043,0.016651050892533242
year,5,58,2023,2019,New Zealand,14,2,0.938350462021596,0.042015405777887364,0.938350462021596,0.01963413220051661
year,5,59,2024,2020,New Zealand,11,2,0.7797143976978685,0.01577911722533481,0.7797143976978685,0.20450648507679667
year,5,60,2025,2021,New Zealand,16,2,0.7487463201080602,0.0116490200216791,0.7487463201080602,0.23960465987026064
year,5,7,1972,1968,Norway,5,2,0.5081610812906052,0.0,0.5081610812906052,0.49183891870939467
year,5,8,1973,1969,Norway,5,2,0.5189107413010591,0.0,0.5189107413010591,0.481089258698941
year,5,9,1974,1970,Norway,5,2,0.5189107413010591,0.0,0.5189107413010591,0.481089258698941
year,5,10,1975,1971,Norway,9,2,0.7491747301054834,0.24121696766391293,0.7491747301054834,0.009608302230603686
year,5,11,1976,1972,Norway,9,2,0.7491747301054834,0.24121696766391293,0.7491747301054834,0.009608302230603686
year,5,12,1977,1973,Norway,7,2,0.8891516956780261,0.11084830432197389,0.8891516956780261,0.0
year,5,13,1978,1974,Norway,7,2,0.8891516956780261,0.11084830432197389,0.8891516956780261,0.0
year,5,14,1979,1975,Norway,7,2,0.8719905608255533,0.12800943917444682,0.8719905608255533,0.0
year,5,16,1981,1977,Norway,3,1,0.8718469814704124,0.8718469814704124,0.0,0.12815301852958755
year,5,20,1985,1981,Norway,3,1,0.6068965517241379,0.6068965517241379,0.0,0.39310344827586213
year,5,22,1987,1983,Norway,4,2,0.5522933596273503,0.3495290877562817,0.5522933596273503,0.09817755261636806
year,5,23,1988,1984,Norway,4,2,0.48117067030315736,0.3215147382775621,0.48117067030315736,0.19731459141928037
year,5,24,1989,1985,Norway,4,2,0.5357013934011984,0.20655548335860227,0.5357013934011984,0.25774312324019927
year,5,25,1990,1986,Norway,4,2,0.7469524666612125,0.25304753333878754,0.7469524666612125,0.0
year,5,26,1991,1987,Norway,6,2,0.7908144301130846,0.20918556988691533,0.7908144301130846,0.0
year,5,27,1992,1988,Norway,3,3,0.5240219512022297,0.34987632192590895,0.12610172687186122,0.5240219512022297
year,5,28,1993,1989,Norway,3,3,0.5240219512022297,0.34987632192590895,0.12610172687186122,0.5240219512022297
year,5,29,1994,1990,Norway,3,3,0.4439400817067635,0.3744893327280981,0.18157058556513844,0.4439400817067635
year,5,30,1995,1991,Norway,3,3,0.41688304668380877,0.4001080847815343,0.18300886853465703,0.41688304668380877
year,5,31,1996,1992,Norway,3,3,0.9496537294339759,0.05034627056602416,0.0,0.9496537294339759
year,5,32,1997,1993,Norway,5,3,0.7922386695596004,0.16624802415547665,0.041513306284923064,0.7922386695596004
year,5,33,1998,1994,Norway,12,3,0.6220347904160243,0.019867616513146176,0.3580975930708296,0.6220347904160243
year,5,34,1999,1995,Norway,14,3,0.6123412387981397,0.025254077468169128,0.36240468373369106,0.6123412387981397
year,5,35,2000,1996,Norway,15,3,0.6043625951266053,0.03608374757910906,0.3595536572942857,0.6043625951266053
year,5,36,2001,1997,Norway,11,2,0.6255672213872812,0.0640438916780811,0.6255672213872812,0.3103888869346378
year,5,37,2002,1998,Norway,12,2,0.6172736486035187,0.08736297471804304,0.6172736486035187,0.2953633766784382
year,5,38,2003,1999,Norway,9,2,0.8371538715639495,0.16284612843605045,0.8371538715639495,0.0
year,5,39,2004,2000,Norway,9,2,0.48110994064620083,0.11839801482289564,0.48110994064620083,0.40049204453090365
year,5,40,2005,2001,Norway,10,2,0.48879259820346027,0.08548953700569026,0.48879259820346027,0.4257178647908495
year,5,41,2006,2002,Norway,11,3,0.5399511843431727,0.08124566103287768,0.37880315462394964,0.5399511843431727
year,5,42,2007,2003,Norway,13,2,0.5391530689847961,0.07267792147029867,0.5391530689847961,0.38816900954490535
year,5,43,2008,2004,Norway,13,2,0.6238360103655275,0.021897700087800138,0.6238360103655275,0.3542662895466723
year,5,44,2009,2005,Norway,13,2,0.6636793294336641,0.01259049417086397,0.6636793294336641,0.3237301763954719
year,5,45,2010,2006,Norway,10,2,0.6805401281748982,0.05792338041349708,0.6805401281748982,0.2615364914116046
year,5,46,2011,2007,Norway,11,2,0.7049356923321791,0.04258477186391813,0.7049356923321791,0.25247953580390275
year,5,47,2012,2008,Norway,10,2,0.623775781795653,0.04502305934091538,0.623775781795653,0.3312011588634316
year,5,48,2013,2009,Norway,12,2,0.7757033035866108,0.007375940280351119,0.7757033035866108,0.21692075613303796
year,5,49,2014,2010,Norway,13,2,0.8549405115527599,0.030247994746292518,0.8549405115527599,0.1148114937009476
year,5,50,2015,2011,Norway,13,2,0.7376470813564562,0.04337040885846094,0.7376470813564562,0.21898250978508288
year,5,51,2016,2012,Norway,13,2,0.7391571727692015,0.07484266547086667,0.7391571727692015,0.18600016175993203
year,5,52,2017,2013,Norway,12,2,0.6738968300612161,0.07055215878029315,0.6738968300612161,0.25555101115849066
year,5,53,2018,2014,Norway,13,2,0.6489829933898122,0.09658635961570752,0.6489829933898122,0.2544306469944803
year,5,54,2019,2015,Norway,13,2,0.47727727295550143,0.07554340770802732,0.47727727295550143,0.4471793193364712
year,5,55,2020,2016,Norway,14,2,0.5562686251405653,0.0734134657832061,0.5562686251405653,0.37031790907622864
year,5,56,2021,2017,Norway,14,2,0.6021431868724317,0.034585068670995395,0.6021431868724317,0.36327174445657284
year,5,57,2022,2018,Norway,13,3,0.5798033719821627,0.014302575474396376,0.40589405254344085,0.5798033719821627
year,5,58,2023,2019,Norway,13,3,0.74241917896893,0.0020530340316954098,0.25552778699937456,0.74241917896893
year,5,59,2024,2020,Norway,12,3,0.7046788260981881,0.07530302520366282,0.22001814869814906,0.7046788260981881
year,5,60,2025,2021,Norway,13,3,0.6724826611659265,0.035911041610687484,0.2916062972233861,0.6724826611659265
year,5,26,1991,1987,Peru,3,1,1.0,1.0,0.0,0.0
year,5,27,1992,1988,Peru,3,1,1.0,1.0,0.0,0.0
year,5,28,1993,1989,Peru,3,1,1.0,1.0,0.0,0.0
year,5,29,1994,1990,Peru,3,1,0.888829215896885,0.888829215896885,0.11117078410311493,0.0
year,5,30,1995,1991,Peru,5,1,0.8810481458864327,0.8810481458864327,0.11895185411356732,0.0
year,5,31,1996,1992,Peru,7,1,0.5000540963480898,0.5000540963480898,0.4999459036519101,0.0
year,5,32,1997,1993,Peru,7,2,0.5250988834861805,0.47490111651381955,0.5250988834861805,0.0
year,5,33,1998,1994,Peru,11,2,0.6207750064332681,0.37922499356673184,0.6207750064332681,0.0
year,5,34,1999,1995,Peru,11,2,0.6809715244871781,0.319028475512822,0.6809715244871781,0.0
year,5,35,2000,1996,Peru,11,2,0.6785272996333859,0.32147270036661413,0.6785272996333859,0.0
year,5,36,2001,1997,Peru,11,2,0.7291555263287204,0.2708444736712798,0.7291555263287204,0.0
year,5,37,2002,1998,Peru,11,2,0.679767635831021,0.3202323641689789,0.679767635831021,0.0
year,5,38,2003,1999,Peru,12,2,0.5065302029700589,0.49346979702994104,0.5065302029700589,0.0
year,5,39,2004,2000,Peru,6,1,0.6687926773436652,0.6687926773436652,0.33120732265633474,0.0
year,5,40,2005,2001,Peru,7,2,0.5552486045907925,0.4447513954092075,0.5552486045907925,0.0
year,5,41,2006,2002,Peru,6,2,0.5290658113631039,0.470934188636896,0.5290658113631039,0.0
year,5,42,2007,2003,Peru,8,1,0.6130121326382831,0.6130121326382831,0.38698786736171686,0.0
year,5,43,2008,2004,Peru,8,1,0.6417311790035788,0.6417311790035788,0.3582688209964212,0.0
year,5,44,2009,2005,Peru,8,2,0.5772582976625994,0.42274170233740066,0.5772582976625994,0.0
year,5,45,2010,2006,Peru,6,1,0.5900337798141755,0.5900337798141755,0.40996622018582457,0.0
year,5,46,2011,2007,Peru,7,1,0.7407408789390233,0.7407408789390233,0.2592591210609766,0.0
year,5,47,2012,2008,Peru,4,1,0.6886537940479303,0.6886537940479303,0.3113462059520698,0.0
year,5,48,2013,2009,Peru,3,2,0.6281938523692521,0.3718061476307481,0.6281938523692521,0.0
year,5,52,2017,2013,Peru,4,2,0.5807607295828099,0.4192392704171901,0.5807607295828099,0.0
year,5,53,2018,2014,Peru,3,1,0.5953015200554648,0.5953015200554648,0.40469847994453517,0.0
year,5,54,2019,2015,Peru,5,1,0.6989601477050649,0.6989601477050649,0.30103985229493524,0.0
year,5,55,2020,2016,Peru,5,1,0.7072659954357762,0.7072659954357762,0.2927340045642239,0.0
year,5,56,2021,2017,Peru,5,1,0.6868650472222276,0.6868650472222276,0.3131349527777723,0.0
year,5,57,2022,2018,Peru,5,1,0.5135441414142794,0.5135441414142794,0.4864558585857205,0.0
year,5,58,2023,2019,Peru,6,2,0.5568572046080551,0.4431427953919449,0.5568572046080551,0.0
year,5,59,2024,2020,Peru,7,2,0.6931216934584171,0.3068783065415828,0.6931216934584171,0.0
year,5,60,2025,2021,Peru,8,2,0.6929454014943474,0.30705459850565264,0.6929454014943474,0.0
year,5,14,1979,1975,Poland,5,2,0.8803072798365182,0.033633882232020997,0.8803072798365182,0.08605883793146077
year,5,15,1980,1976,Poland,4,2,0.9413613593949512,0.03274072618930687,0.9413613593949512,0.02589791441574174
year,5,16,1981,1977,Poland,4,2,0.9457435427174079,0.028580162005196395,0.9457435427174079,0.02567629527739569
year,5,17,1982,1978,Poland,5,2,0.9310122501611864,0.0099167971508397,0.9310122501611864,0.059070952687973965
year,5,18,1983,1979,Poland,5,2,0.9159206750331949,0.01931725703516511,0.9159206750331949,0.06476206793164002
year,5,37,2002,1998,Poland,6,1,0.6557829183231917,0.6557829183231917,0.3442170816768085,0.0
year,5,38,2003,1999,Poland,7,2,0.6109114514031034,0.3890885485968966,0.6109114514031034,0.0
year,5,39,2004,2000,Poland,7,2,0.6333450656453362,0.36665493435466384,0.6333450656453362,0.0
year,5,40,2005,2001,Poland,7,2,0.6241272818643885,0.3758727181356115,0.6241272818643885,0.0
year,5,41,2006,2002,Poland,7,2,0.5147077105972384,0.48529228940276165,0.5147077105972384,0.0
year,5,42,2007,2003,Poland,4,2,0.6562695692945771,0.34373043070542286,0.6562695692945771,0.0
year,5,50,2015,2011,Poland,3,2,1.0,0.0,1.0,0.0
year,5,51,2016,2012,Poland,4,2,0.9354929974941506,0.06450700250584941,0.9354929974941506,0.0
year,5,52,2017,2013,Poland,6,2,0.9580337363315943,0.041966263668405675,0.9580337363315943,0.0
year,5,53,2018,2014,Poland,6,2,0.908920539761637,0.09107946023836297,0.908920539761637,0.0
year,5,54,2019,2015,Poland,8,2,0.9687151585659624,0.031284841434037695,0.9687151585659624,0.0
year,5,55,2020,2016,Poland,8,2,0.9720635022115209,0.027936497788479092,0.9720635022115209,0.0
year,5,56,2021,2017,Poland,8,2,0.954937343398934,0.04003822081073046,0.954937343398934,0.0050244357903354905
year,5,57,2022,2018,Poland,7,2,0.950424437432319,0.039022145957273956,0.950424437432319,0.010553416610406964
year,5,58,2023,2019,Poland,7,2,0.9469213345261521,0.020092070387497656,0.9469213345261521,0.032986595086350136
year,5,59,2024,2020,Poland,7,2,0.9095619559448017,0.06964462493565371,0.9095619559448017,0.020793419119544465
year,5,60,2025,2021,Poland,6,2,0.8897544586934387,0.11024554130656126,0.8897544586934387,0.0
year,5,50,2015,2011,Portugal,3,1,0.9093329171631197,0.9093329171631197,0.09066708283688027,0.0
year,5,51,2016,2012,Portugal,3,1,1.0,1.0,0.0,0.0
year,5,52,2017,2013,Portugal,3,1,1.0,1.0,0.0,0.0
year,5,53,2018,2014,Portugal,3,1,1.0,1.0,0.0,0.0
year,5,54,2019,2015,Portugal,7,1,0.7810756564321805,0.7810756564321805,0.2094145263297843,0.00950981723803522
year,5,55,2020,2016,Portugal,6,1,0.6683989203341959,0.6683989203341959,0.3091581771718451,0.02244290249395908
year,5,56,2021,2017,Portugal,6,1,0.817576914500481,0.817576914500481,0.1452822099021958,0.0371408755973233
year,5,57,2022,2018,Portugal,7,1,0.695347503903327,0.695347503903327,0.16662946659961209,0.13802302949706097
year,5,58,2023,2019,Portugal,6,1,0.5348540854793968,0.5348540854793968,0.2931673376798763,0.17197857684072698
year,5,59,2024,2020,Portugal,4,1,0.5339899653233771,0.5339899653233771,0.23882359389637992,0.22718644078024305
year,5,60,2025,2021,Portugal,5,1,0.471474718036811,0.471474718036811,0.16018205381918443,0.36834322814400455
year,5,37,2002,1998,Romania,3,1,0.7264468840399616,0.7264468840399616,0.2735531159600383,0.0
year,5,38,2003,1999,Romania,3,1,0.5804788473762271,0.5804788473762271,0.4195211526237729,0.0
year,5,39,2004,2000,Romania,3,1,0.8702751738736014,0.8702751738736014,0.12972482612639855,0.0
year,5,40,2005,2001,Romania,4,1,0.9014040000373553,0.9014040000373553,0.09859599996264469,0.0
year,5,41,2006,2002,Romania,5,1,0.9162165282616308,0.9162165282616308,0.08378347173836916,0.0
year,5,42,2007,2003,Romania,6,1,0.7595717384567363,0.7595717384567363,0.24042826154326366,0.0
year,5,43,2008,2004,Romania,7,1,0.607931429877448,0.607931429877448,0.3920685701225521,0.0
year,5,44,2009,2005,Romania,8,1,0.6768298042611731,0.6768298042611731,0.3231701957388269,0.0
year,5,45,2010,2006,Romania,8,1,0.5800763781851213,0.5800763781851213,0.4199236218148787,0.0
year,5,46,2011,2007,Romania,8,1,0.5909068982895824,0.5909068982895824,0.4090931017104176,0.0
year,5,47,2012,2008,Romania,9,1,0.5464130871818619,0.5464130871818619,0.45358691281813807,0.0
year,5,48,2013,2009,Romania,9,1,0.5960463419133211,0.5960463419133211,0.4039536580866789,0.0
year,5,49,2014,2010,Romania,8,2,0.6509899301637001,0.3490100698362998,0.6509899301637001,0.0
year,5,50,2015,2011,Romania,5,1,0.652995413594549,0.652995413594549,0.3470045864054509,0.0
year,5,51,2016,2012,Romania,3,1,0.5346995514280629,0.5346995514280629,0.46530044857193714,0.0
year,5,52,2017,2013,Romania,3,1,0.8751462551759192,0.8751462551759192,0.12485374482408086,0.0
year,5,53,2018,2014,Romania,4,1,0.5999487074174754,0.5999487074174754,0.4000512925825247,0.0
year,5,54,2019,2015,Romania,4,2,0.5274179248123078,0.4725820751876922,0.5274179248123078,0.0
year,5,55,2020,2016,Romania,4,2,0.5360134829149972,0.4639865170850028,0.5360134829149972,0.0
year,5,56,2021,2017,Romania,4,1,0.5028800599289097,0.5028800599289097,0.49711994007109034,0.0
year,5,57,2022,2018,Romania,4,2,0.558478131706903,0.4415218682930969,0.558478131706903,0.0
year,5,58,2023,2019,Romania,3,2,0.8921278332710825,0.1078721667289175,0.8921278332710825,0.0
year,5,0,1965,1961,Russian Federation,4,2,0.725230389346973,0.27476961065302696,0.725230389346973,0.0
year,5,1,1966,1962,Russian Federation,4,1,0.9229344236542174,0.9229344236542174,0.0770655763457825,0.0
year,5,2,1967,1963,Russian Federation,3,1,0.866913123844732,0.866913123844732,0.13308687615526807,0.0
year,5,3,1968,1964,Russian Federation,3,1,0.9953928003363988,0.9953928003363988,0.004607199663601251,0.0
year,5,4,1969,1965,Russian Federation,3,1,1.0,1.0,0.0,0.0
year,5,5,1970,1966,Russian Federation,4,1,1.0,1.0,0.0,0.0
year,5,7,1972,1968,Russian Federation,3,1,0.8122838161819879,0.8122838161819879,0.18771618381801208,0.0
year,5,8,1973,1969,Russian Federation,3,1,0.6962276637988087,0.6962276637988087,0.30377233620119126,0.0
year,5,9,1974,1970,Russian Federation,3,1,0.6962276637988087,0.6962276637988087,0.30377233620119126,0.0
year,5,10,1975,1971,Russian Federation,5,2,0.8516727139493319,0.03612655210601753,0.8516727139493319,0.1122007339446506
year,5,11,1976,1972,Russian Federation,5,2,0.8516727139493319,0.03612655210601753,0.8516727139493319,0.1122007339446506
year,5,12,1977,1973,Russian Federation,5,1,0.4638277211321508,0.4638277211321508,0.17273584097335276,0.3634364378944964
year,5,13,1978,1974,Russian Federation,5,1,0.4638277211321508,0.4638277211321508,0.17273584097335276,0.3634364378944964
year,5,14,1979,1975,Russian Federation,3,1,0.516207242383229,0.516207242383229,0.0,0.48379275761677093
year,5,15,1980,1976,Russian Federation,3,1,0.5667418850893942,0.5667418850893942,0.0,0.4332581149106059
year,5,18,1983,1979,Russian Federation,3,3,0.6991622239146992,0.3008377760853009,0.0,0.6991622239146992
year,5,26,1991,1987,Russian Federation,5,2,0.7114070812758666,0.2885929187241333,0.7114070812758666,0.0
year,5,27,1992,1988,Russian Federation,5,2,0.6334525166298871,0.36654748337011295,0.6334525166298871,0.0
year,5,28,1993,1989,Russian Federation,5,2,0.6334525166298871,0.36654748337011295,0.6334525166298871,0.0
year,5,29,1994,1990,Russian Federation,9,3,0.4342445373433594,0.256186328680686,0.3095691339759547,0.4342445373433594
year,5,30,1995,1991,Russian Federation,8,3,0.44817157835889115,0.2417830330596173,0.3100453885814916,0.44817157835889115
year,5,31,1996,1992,Russian Federation,6,1,0.4194237902238756,0.4194237902238756,0.227842809232274,0.35273340054385044
year,5,32,1997,1993,Russian Federation,7,3,0.364918491742482,0.2967925594770835,0.3382889487804346,0.364918491742482
year,5,33,1998,1994,Russian Federation,9,3,0.47000896230767997,0.24744190217686468,0.28254913551545535,0.47000896230767997
year,5,34,1999,1995,Russian Federation,8,2,0.557965037457109,0.2650856636681592,0.557965037457109,0.17694929887473176
year,5,35,2000,1996,Russian Federation,7,2,0.5602610645943991,0.2668593582150009,0.5602610645943991,0.17287957719059996
year,5,36,2001,1997,Russian Federation,8,2,0.5401211722260363,0.17162783481464905,0.5401211722260363,0.2882509929593146
year,5,37,2002,1998,Russian Federation,8,2,0.6871160580826821,0.10423473582920305,0.6871160580826821,0.20864920608811485
year,5,38,2003,1999,Russian Federation,10,2,0.5796939996977089,0.07968418953084627,0.5796939996977089,0.3406218107714449
year,5,39,2004,2000,Russian Federation,11,3,0.4387439741229759,0.14178776303991275,0.41946826283711125,0.4387439741229759
year,5,40,2005,2001,Russian Federation,11,3,0.4956743441452452,0.1113709727622269,0.39295468309252796,0.4956743441452452
year,5,41,2006,2002,Russian Federation,12,3,0.5700591746412025,0.10894865688985646,0.320992168468941,0.5700591746412025
year,5,42,2007,2003,Russian Federation,12,3,0.6617411185837767,0.06563049509104804,0.2726283863251753,0.6617411185837767
year,5,43,2008,2004,Russian Federation,13,3,0.6716808251494758,0.08535144891021293,0.2429677259403113,0.6716808251494758
year,5,44,2009,2005,Russian Federation,14,3,0.8129879547515352,0.06677003142592879,0.12024201382253603,0.8129879547515352
year,5,45,2010,2006,Russian Federation,15,3,0.7824771231199248,0.1213277955002713,0.09619508137980391,0.7824771231199248
year,5,46,2011,2007,Russian Federation,15,3,0.785562957208652,0.1038147507095914,0.11062229208175661,0.785562957208652
year,5,47,2012,2008,Russian Federation,16,2,0.5360819271137173,0.037923718740917364,0.5360819271137173,0.42599435414536535
year,5,48,2013,2009,Russian Federation,13,2,0.881447412077552,0.11855258792244812,0.881447412077552,0.0
year,5,49,2014,2010,Russian Federation,12,2,0.9428784714497176,0.05712152855028241,0.9428784714497176,0.0
year,5,50,2015,2011,Russian Federation,13,2,0.9626178469531226,0.03738215304687739,0.9626178469531226,0.0
year,5,51,2016,2012,Russian Federation,11,2,0.9413239365522247,0.05867606344777518,0.9413239365522247,0.0
year,5,52,2017,2013,Russian Federation,13,2,0.9485952973663409,0.051404702633659045,0.9485952973663409,0.0
year,5,53,2018,2014,Russian Federation,14,2,0.8007752915826549,0.19262680432306792,0.8007752915826549,0.006597904094277033
year,5,54,2019,2015,Russian Federation,9,2,0.5199263625607491,0.46002137306764745,0.5199263625607491,0.020052264371603484
year,5,55,2020,2016,Russian Federation,9,2,0.626450127419956,0.34477161352005115,0.626450127419956,0.028778259059992903
year,5,56,2021,2017,Russian Federation,9,2,0.6162345960291474,0.32874080304921477,0.6162345960291474,0.05502460092163777
year,5,57,2022,2018,Russian Federation,8,2,0.5695191502871322,0.41373313449985194,0.5695191502871322,0.01674771521301578
year,5,58,2023,2019,Russian Federation,7,2,0.7908831066796848,0.2091168933203153,0.7908831066796848,0.0
year,5,59,2024,2020,Russian Federation,8,2,0.7437418725842794,0.22614503948937328,0.7437418725842794,0.03011308792634744
year,5,60,2025,2021,Russian Federation,9,3,0.4819993053701202,0.13370870606882287,0.384291988561057,0.4819993053701202
year,5,14,1979,1975,SCAR,3,2,0.9496364304518866,0.05036356954811348,0.9496364304518866,0.0
year,5,27,1992,1988,SCAR,5,1,0.8713931121686573,0.8713931121686573,0.12860688783134278,0.0
year,5,28,1993,1989,SCAR,5,1,0.8713931121686573,0.8713931121686573,0.12860688783134278,0.0
year,5,29,1994,1990,SCAR,7,1,0.9227202885200677,0.9227202885200677,0.07727971147993229,0.0
year,5,30,1995,1991,SCAR,7,1,0.7204823782110541,0.7204823782110541,0.27951762178894596,0.0
year,5,31,1996,1992,SCAR,7,2,0.5469332048646178,0.45306679513538217,0.5469332048646178,0.0
year,5,32,1997,1993,SCAR,7,2,0.5401926413062662,0.45980735869373374,0.5401926413062662,0.0
year,5,33,1998,1994,SCAR,8,2,0.5557598242108285,0.4442401757891715,0.5557598242108285,0.0
year,5,34,1999,1995,SCAR,10,2,0.5945470622157779,0.2858803643688312,0.5945470622157779,0.1195725734153909
year,5,35,2000,1996,SCAR,9,2,0.7077852564769699,0.20436987942612012,0.7077852564769699,0.08784486409690989
year,5,36,2001,1997,SCAR,9,2,0.7250016216066335,0.1916956907601494,0.7250016216066335,0.08330268763321716
year,5,37,2002,1998,SCAR,12,3,0.6338742465137442,0.04048385142159282,0.3256419020646629,0.6338742465137442
year,5,38,2003,1999,SCAR,12,3,0.5454411577912606,0.024005895394704352,0.4305529468140351,0.5454411577912606
year,5,39,2004,2000,SCAR,10,3,0.6570008283799093,0.02241450204458984,0.3205846695755009,0.6570008283799093
year,5,40,2005,2001,SCAR,10,3,0.6951648968645006,0.024598041076161623,0.2802370620593378,0.6951648968645006
year,5,41,2006,2002,SCAR,10,3,0.7130806168994338,0.03035832702568247,0.2565610560748837,0.7130806168994338
year,5,42,2007,2003,SCAR,9,3,0.6166153360426874,0.03536027752991634,0.3480243864273964,0.6166153360426874
year,5,43,2008,2004,SCAR,9,3,0.6647771194028349,0.04243533897367282,0.29278754162349224,0.6647771194028349
year,5,44,2009,2005,SCAR,10,3,0.6139978956949775,0.041811966574214425,0.344190137730808,0.6139978956949775
year,5,45,2010,2006,SCAR,10,3,0.6620760604377974,0.06001568902411751,0.27790825053808516,0.6620760604377974
year,5,46,2011,2007,SCAR,11,3,0.5563561833552136,0.08273642338351192,0.3609073932612744,0.5563561833552136
year,5,47,2012,2008,SCAR,11,3,0.5965109799361926,0.09942981486228575,0.30405920520152163,0.5965109799361926
year,5,48,2013,2009,SCAR,11,3,0.4930738322051597,0.0931958586663474,0.41373030912849285,0.4930738322051597
year,5,49,2014,2010,SCAR,11,3,0.545358401449152,0.046476260123034616,0.4081653384278133,0.545358401449152
year,5,50,2015,2011,SCAR,8,2,0.7768979240684529,0.06538085437936073,0.7768979240684529,0.15772122155218626
year,5,51,2016,2012,SCAR,9,2,0.6218816358690832,0.08738604595925575,0.6218816358690832,0.29073231817166106
year,5,52,2017,2013,SCAR,10,2,0.5704703079085576,0.11712017398507911,0.5704703079085576,0.3124095181063633
year,5,53,2018,2014,SCAR,9,2,0.5336882906596124,0.10436922396548234,0.5336882906596124,0.3619424853749053
year,5,54,2019,2015,SCAR,12,2,0.6279418161889618,0.07263271056824454,0.6279418161889618,0.2994254732427936
year,5,55,2020,2016,SCAR,12,2,0.6883968866382707,0.0789813760689291,0.6883968866382707,0.23262173729280033
year,5,56,2021,2017,SCAR,12,2,0.6280263668194733,0.08490878185934492,0.6280263668194733,0.2870648513211817
year,5,57,2022,2018,SCAR,10,2,0.7379270150313146,0.08223751970386627,0.7379270150313146,0.17983546526481914
year,5,58,2023,2019,SCAR,9,2,0.8927313507685666,0.049812176642636416,0.8927313507685666,0.057456472588797235
year,5,59,2024,2020,SCAR,9,2,0.8063029021011576,0.03904274474376126,0.8063029021011576,0.15465435315508105
year,5,60,2025,2021,SCAR,10,2,0.7574583670059245,0.05385907103418773,0.7574583670059245,0.18868256195988775
year,5,3,1968,1964,South Africa,3,1,0.74528087332272,0.74528087332272,0.0,0.2547191266772799
year,5,7,1972,1968,South Africa,5,3,0.5463250804929499,0.0,0.45367491950705013,0.5463250804929499
year,5,8,1973,1969,South Africa,5,2,0.5177849399355406,0.0,0.5177849399355406,0.48221506006445936
year,5,9,1974,1970,South Africa,5,2,0.5177849399355406,0.0,0.5177849399355406,0.48221506006445936
year,5,10,1975,1971,South Africa,6,2,0.6015360370815127,0.12320420059806722,0.6015360370815127,0.2752597623204201
year,5,11,1976,1972,South Africa,6,2,0.6015360370815127,0.12320420059806722,0.6015360370815127,0.2752597623204201
year,5,12,1977,1973,South Africa,3,1,0.8739495798319328,0.8739495798319328,0.0,0.12605042016806722
year,5,13,1978,1974,South Africa,3,1,0.8739495798319328,0.8739495798319328,0.0,0.12605042016806722
year,5,14,1979,1975,South Africa,3,1,0.8211844441061105,0.8211844441061105,0.0,0.17881555589388945
year,5,24,1989,1985,South Africa,4,2,0.9702072538860104,0.02979274611398964,0.9702072538860104,0.0
year,5,25,1990,1986,South Africa,3,2,0.9942687772954399,0.005731222704560058,0.9942687772954399,0.0
year,5,26,1991,1987,South Africa,4,2,0.976902284214356,0.023097715785644058,0.976902284214356,0.0
year,5,27,1992,1988,South Africa,3,2,0.975531527278139,0.024468472721860996,0.975531527278139,0.0
year,5,28,1993,1989,South Africa,3,2,0.975531527278139,0.024468472721860996,0.975531527278139,0.0
year,5,29,1994,1990,South Africa,3,2,0.8766106136711072,0.12338938632889275,0.8766106136711072,0.0
year,5,30,1995,1991,South Africa,3,2,0.626476498022126,0.373523501977874,0.626476498022126,0.0
year,5,31,1996,1992,South Africa,5,2,0.5174732335165847,0.4825267664834153,0.5174732335165847,0.0
year,5,32,1997,1993,South Africa,5,2,0.6291256073295671,0.3708743926704329,0.6291256073295671,0.0
year,5,33,1998,1994,South Africa,5,2,0.677254554156917,0.3227454458430829,0.677254554156917,0.0
year,5,34,1999,1995,South Africa,5,2,0.5600546140933225,0.43994538590667753,0.5600546140933225,0.0
year,5,35,2000,1996,South Africa,4,2,0.7695561316656003,0.23044386833439964,0.7695561316656003,0.0
year,5,36,2001,1997,South Africa,4,2,0.6767731701577504,0.3232268298422496,0.6767731701577504,0.0
year,5,37,2002,1998,South Africa,3,2,0.6370240280993055,0.36297597190069447,0.6370240280993055,0.0
year,5,38,2003,1999,South Africa,3,1,1.0,1.0,0.0,0.0
year,5,39,2004,2000,South Africa,6,2,0.5682667402025328,0.12069704465043778,0.5682667402025328,0.3110362151470295
year,5,40,2005,2001,South Africa,7,2,0.7152959778719682,0.06296099750611174,0.7152959778719682,0.22174302462192014
year,5,41,2006,2002,South Africa,8,2,0.5620543965521424,0.09988084464208478,0.5620543965521424,0.33806475880577286
year,5,42,2007,2003,South Africa,9,2,0.56389799641723,0.11816422924178036,0.56389799641723,0.31793777434098963
year,5,43,2008,2004,South Africa,9,2,0.57342980489256,0.20627815252106255,0.57342980489256,0.22029204258637752
year,5,44,2009,2005,South Africa,7,2,0.6962859380225123,0.30371406197748785,0.6962859380225123,0.0
year,5,45,2010,2006,South Africa,6,2,0.6395308967274352,0.36046910327256476,0.6395308967274352,0.0
year,5,46,2011,2007,South Africa,5,2,0.7201714580859684,0.27982854191403156,0.7201714580859684,0.0
year,5,47,2012,2008,South Africa,6,2,0.7026361893396514,0.2973638106603485,0.7026361893396514,0.0
year,5,48,2013,2009,South Africa,7,2,0.9093304735441743,0.0906695264558258,0.9093304735441743,0.0
year,5,49,2014,2010,South Africa,9,2,0.9275505424808588,0.06918243584604705,0.9275505424808588,0.0032670216730942155
year,5,50,2015,2011,South Africa,8,2,0.859608039186734,0.09960470664849619,0.859608039186734,0.040787254164769755
year,5,51,2016,2012,South Africa,9,2,0.7807258088179331,0.19209814400853806,0.7807258088179331,0.02717604717352875
year,5,52,2017,2013,South Africa,8,2,0.6590621180077536,0.27949484338326813,0.6590621180077536,0.06144303860897831
year,5,53,2018,2014,South Africa,9,2,0.49749093028924923,0.4359293072455656,0.49749093028924923,0.06657976246518517
year,5,54,2019,2015,South Africa,7,1,0.6679433023660758,0.6679433023660758,0.2666800619500073,0.0653766356839169
year,5,55,2020,2016,South Africa,6,1,0.7530978213790764,0.7530978213790764,0.19438685423474766,0.052515324386175885
year,5,56,2021,2017,South Africa,6,2,0.5398285100692551,0.3578070543688569,0.5398285100692551,0.10236443556188801
year,5,57,2022,2018,South Africa,5,2,0.8964790794981617,0.10352092050183832,0.8964790794981617,0.0
year,5,58,2023,2019,South Africa,6,2,0.8717942790784078,0.1282057209215923,0.8717942790784078,0.0
year,5,59,2024,2020,South Africa,5,2,0.932681509627497,0.06731849037250293,0.932681509627497,0.0
year,5,60,2025,2021,South Africa,6,2,0.9475945772610437,0.052405422738956285,0.9475945772610437,0.0
year,5,24,1989,1985,Spain,4,2,0.6678558095159083,0.3321441904840918,0.6678558095159083,0.0
year,5,25,1990,1986,Spain,4,2,0.6313657693257595,0.36863423067424056,0.6313657693257595,0.0
year,5,26,1991,1987,Spain,5,2,0.6131050476815857,0.3868949523184143,0.6131050476815857,0.0
year,5,27,1992,1988,Spain,6,2,0.7298299247142667,0.2638822729289139,0.7298299247142667,0.0062878023568195066
year,5,28,1993,1989,Spain,6,2,0.7298299247142667,0.2638822729289139,0.7298299247142667,0.0062878023568195066
year,5,29,1994,1990,Spain,4,2,0.54507499613422,0.36724911087057377,0.54507499613422,0.08767589299520644
year,5,30,1995,1991,Spain,4,2,0.5243341898226694,0.392122770021225,0.5243341898226694,0.0835430401561057
year,5,36,2001,1997,Spain,4,1,0.5256489339070193,0.5256489339070193,0.47435106609298067,0.0
year,5,37,2002,1998,Spain,4,1,0.5933484955749776,0.5933484955749776,0.40665150442502235,0.0
year,5,38,2003,1999,Spain,8,2,0.5132220399343335,0.07828533974399196,0.5132220399343335,0.4084926203216746
year,5,39,2004,2000,Spain,8,2,0.5943069370456053,0.0727838007281313,0.5943069370456053,0.3329092622262633
year,5,40,2005,2001,Spain,9,2,0.638599661403,0.06527751157734984,0.638599661403,0.29612282701965015
year,5,41,2006,2002,Spain,9,2,0.6567105169171532,0.10716273991483749,0.6567105169171532,0.23612674316800936
year,5,42,2007,2003,Spain,9,2,0.6887054139189387,0.11141169843180536,0.6887054139189387,0.199882887649256
year,5,43,2008,2004,Spain,9,2,0.7748805138626466,0.18548527197043818,0.7748805138626466,0.03963421416691533
year,5,44,2009,2005,Spain,7,2,0.7044722942879293,0.19526392758549918,0.7044722942879293,0.10026377812657153
year,5,45,2010,2006,Spain,9,2,0.6974947182204703,0.2120913876934621,0.6974947182204703,0.09041389408606755
year,5,46,2011,2007,Spain,9,2,0.6533127389941878,0.1803905143228533,0.6533127389941878,0.1662967466829588
year,5,47,2012,2008,Spain,9,2,0.7137394715813025,0.10184199935236121,0.7137394715813025,0.18441852906633627
year,5,48,2013,2009,Spain,9,2,0.8381006837803752,0.061875054573645054,0.8381006837803752,0.1000242616459798
year,5,49,2014,2010,Spain,7,2,0.8230105761681207,0.12570626922334896,0.8230105761681207,0.05128315460853042
year,5,50,2015,2011,Spain,8,2,0.8100342977791427,0.13455421011064278,0.8100342977791427,0.05541149211021455
year,5,51,2016,2012,Spain,8,2,0.67350851076627,0.0987039055368735,0.67350851076627,0.22778758369685656
year,5,52,2017,2013,Spain,8,2,0.8270231824542198,0.08051438428696818,0.8270231824542198,0.09246243325881208
year,5,53,2018,2014,Spain,8,2,0.8350938464858068,0.057399028774612684,0.8350938464858068,0.10750712473958067
year,5,54,2019,2015,Spain,10,2,0.8140716575920791,0.058311812293648534,0.8140716575920791,0.12761653011427246
year,5,55,2020,2016,Spain,11,2,0.7486702158667572,0.10580670319671782,0.7486702158667572,0.145523080936525
year,5,56,2021,2017,Spain,10,2,0.8279670069087041,0.14959596858029844,0.8279670069087041,0.02243702451099751
year,5,57,2022,2018,Spain,11,1,0.701962178753153,0.701962178753153,0.2932419794797926,0.004795841767054429
year,5,58,2023,2019,Spain,11,1,0.7551278449868153,0.7551278449868153,0.24487215501318482,0.0
year,5,59,2024,2020,Spain,10,1,0.6228602902155708,0.6228602902155708,0.37713970978442923,0.0
year,5,60,2025,2021,Spain,8,1,0.6154808828821043,0.6154808828821043,0.38451911711789577,0.0
year,5,26,1991,1987,Sweden,5,2,0.9012299230398656,0.0987700769601344,0.9012299230398656,0.0
year,5,27,1992,1988,Sweden,4,2,0.9142930969370515,0.08570690306294845,0.9142930969370515,0.0
year,5,28,1993,1989,Sweden,4,2,0.9142930969370515,0.08570690306294845,0.9142930969370515,0.0
year,5,29,1994,1990,Sweden,4,2,0.8589476266405004,0.14105237335949958,0.8589476266405004,0.0
year,5,30,1995,1991,Sweden,4,2,0.8221096663223098,0.17789033367769028,0.8221096663223098,0.0
year,5,31,1996,1992,Sweden,3,2,0.589151391572632,0.41084860842736814,0.589151391572632,0.0
year,5,32,1997,1993,Sweden,3,2,0.5575111192170745,0.44248888078292553,0.5575111192170745,0.0
year,5,33,1998,1994,Sweden,3,2,0.6339576283971636,0.3660423716028363,0.6339576283971636,0.0
year,5,34,1999,1995,Sweden,3,3,0.7849376823123839,0.1349860138065542,0.08007630388106174,0.7849376823123839
year,5,35,2000,1996,Sweden,3,3,0.7672040516508157,0.1264014536457125,0.10639449470347172,0.7672040516508157
year,5,36,2001,1997,Sweden,5,3,0.6130457591397236,0.12181233636380279,0.26514190449647346,0.6130457591397236
year,5,37,2002,1998,Sweden,5,3,0.4555254961856321,0.12486488243286159,0.41960962138150637,0.4555254961856321
year,5,38,2003,1999,Sweden,6,3,0.4561899338578138,0.21253869302879974,0.33127137311338645,0.4561899338578138
year,5,39,2004,2000,Sweden,5,3,0.5268210157408456,0.13696657722856445,0.3362124070305899,0.5268210157408456
year,5,40,2005,2001,Sweden,9,3,0.662967833166139,0.07052829471629983,0.2665038721175611,0.662967833166139
year,5,41,2006,2002,Sweden,8,3,0.43458596732638766,0.16469124180218653,0.4007227908714258,0.43458596732638766
year,5,42,2007,2003,Sweden,10,2,0.4450065852061169,0.146298071425495,0.4450065852061169,0.40869534336838803
year,5,43,2008,2004,Sweden,10,2,0.49679359715658383,0.13292352516397962,0.49679359715658383,0.37028287767943663
year,5,44,2009,2005,Sweden,9,2,0.7098688818729713,0.14634135684886138,0.7098688818729713,0.14378976127816728
year,5,45,2010,2006,Sweden,4,2,0.6672316448264853,0.24904667506627048,0.6672316448264853,0.08372168010724416
year,5,46,2011,2007,Sweden,3,2,0.8973533619456366,0.0,0.8973533619456366,0.10264663805436339
year,5,49,2014,2010,Sweden,3,2,0.8642133805793634,0.13578661942063658,0.8642133805793634,0.0
year,5,50,2015,2011,Sweden,4,2,0.9320774773506648,0.06792252264933514,0.9320774773506648,0.0
year,5,51,2016,2012,Sweden,5,2,0.9268487252079132,0.07315127479208684,0.9268487252079132,0.0
year,5,52,2017,2013,Sweden,6,2,0.9612483302537091,0.038751669746290796,0.9612483302537091,0.0
year,5,53,2018,2014,Sweden,6,2,0.8917664711088453,0.05763735659151317,0.8917664711088453,0.050596172299641314
year,5,54,2019,2015,Sweden,6,2,0.8455332952898296,0.05026984002982433,0.8455332952898296,0.10419686468034614
year,5,55,2020,2016,Sweden,5,2,0.7883321802991398,0.06180933969538356,0.7883321802991398,0.14985848000547664
year,5,56,2021,2017,Sweden,4,2,0.7148699803974041,0.0,0.7148699803974041,0.28513001960259593
year,5,57,2022,2018,Sweden,6,2,0.4827454744791176,0.1310211016210279,0.4827454744791176,0.3862334238998545
year,5,58,2023,2019,Sweden,7,2,0.705751785330522,0.07612277162728308,0.705751785330522,0.21812544304219494
year,5,59,2024,2020,Sweden,6,2,0.6744459880961016,0.0888058060990175,0.6744459880961016,0.23674820580488082
year,5,60,2025,2021,Sweden,7,2,0.6508162980203643,0.11540607144599097,0.6508162980203643,0.23377763053364473
year,5,52,2017,2013,Türkiye,4,1,1.0,1.0,0.0,0.0
year,5,53,2018,2014,Türkiye,5,1,0.5720287573679815,0.5720287573679815,0.42797124263201836,0.0
year,5,54,2019,2015,Türkiye,5,2,0.5518478342318597,0.4481521657681403,0.5518478342318597,0.0
year,5,55,2020,2016,Türkiye,4,2,0.5616827229747476,0.43831727702525236,0.5616827229747476,0.0
year,5,56,2021,2017,Türkiye,6,1,0.66959329210265,0.66959329210265,0.33040670789734994,0.0
year,5,57,2022,2018,Türkiye,5,1,0.5308062153988087,0.5308062153988087,0.46919378460119143,0.0
year,5,58,2023,2019,Türkiye,5,1,0.5749548345822989,0.5749548345822989,0.42504516541770104,0.0
year,5,59,2024,2020,Türkiye,5,2,0.6303409204969019,0.36965907950309806,0.6303409204969019,0.0
year,5,60,2025,2021,Türkiye,3,2,0.59900447806397,0.4009955219360301,0.59900447806397,0.0
year,5,30,1995,1991,UNEP,3,1,0.5192407770181695,0.5192407770181695,0.4807592229818304,0.0
year,5,31,1996,1992,UNEP,3,1,0.6561912138984176,0.6561912138984176,0.3438087861015824,0.0
year,5,32,1997,1993,UNEP,3,1,0.6763491860017947,0.6763491860017947,0.3236508139982054,0.0
year,5,33,1998,1994,UNEP,3,1,0.6254390743210537,0.6254390743210537,0.3745609256789461,0.0
year,5,34,1999,1995,UNEP,4,1,0.5314551736883331,0.5314551736883331,0.4685448263116669,0.0
year,5,39,2004,2000,UNEP,3,2,1.0,0.0,1.0,0.0
year,5,40,2005,2001,UNEP,4,2,0.9644414182668887,0.0,0.9644414182668887,0.0355585817331113
year,5,41,2006,2002,UNEP,4,2,0.9588370058566096,0.0,0.9588370058566096,0.04116299414339042
year,5,42,2007,2003,UNEP,6,2,0.8379907483184649,0.13317743513875266,0.8379907483184649,0.02883181654278243
year,5,43,2008,2004,UNEP,5,2,0.8454527867936289,0.11660898910216451,0.8454527867936289,0.03793822410420651
year,5,44,2009,2005,UNEP,4,2,0.6552362972258324,0.23023685743736835,0.6552362972258324,0.11452684533679916
year,5,45,2010,2006,UNEP,3,2,0.7612826942359658,0.23871730576403413,0.7612826942359658,0.0
year,5,46,2011,2007,UNEP,4,2,0.7694864048338369,0.23051359516616315,0.7694864048338369,0.0
year,5,47,2012,2008,UNEP,3,2,1.0,0.0,1.0,0.0
year,5,48,2013,2009,UNEP,3,2,1.0,0.0,1.0,0.0
year,5,49,2014,2010,UNEP,3,2,1.0,0.0,1.0,0.0
year,5,50,2015,2011,UNEP,3,2,1.0,0.0,1.0,0.0
year,5,37,2002,1998,Ukraine,3,1,1.0,1.0,0.0,0.0
year,5,38,2003,1999,Ukraine,3,1,1.0,1.0,0.0,0.0
year,5,39,2004,2000,Ukraine,3,1,1.0,1.0,0.0,0.0
year,5,40,2005,2001,Ukraine,4,1,0.9511652551015322,0.9511652551015322,0.0,0.04883474489846793
year,5,41,2006,2002,Ukraine,5,1,0.9622822982856125,0.9622822982856125,0.02447412667422327,0.013243575040164107
year,5,42,2007,2003,Ukraine,5,1,0.757411557766633,0.757411557766633,0.22121558828400367,0.021372853949363276
year,5,43,2008,2004,Ukraine,7,2,0.4852977242709836,0.46935515334395067,0.4852977242709836,0.04534712238506581
year,5,44,2009,2005,Ukraine,7,2,0.4731744132366152,0.42969201279427216,0.4731744132366152,0.09713357396911262
year,5,45,2010,2006,Ukraine,7,2,0.505959727902044,0.4099282809283641,0.505959727902044,0.08411199116959184
year,5,46,2011,2007,Ukraine,8,1,0.450159539522238,0.450159539522238,0.44949464327194444,0.10034581720581752
year,5,47,2012,2008,Ukraine,8,1,0.5191636531122885,0.5191636531122885,0.36149907037212337,0.11933727651558801
year,5,48,2013,2009,Ukraine,8,1,0.6509488574270174,0.6509488574270174,0.26738541752885686,0.08166572504412592
year,5,49,2014,2010,Ukraine,7,1,0.6839492016009354,0.6839492016009354,0.2372560518445158,0.07879474655454868
year,5,50,2015,2011,Ukraine,7,1,0.8952479495605979,0.8952479495605979,0.096582149583192,0.008169900856210034
year,5,51,2016,2012,Ukraine,4,1,0.8554945120001896,0.8554945120001896,0.06361225238878959,0.080893235611021
year,5,52,2017,2013,Ukraine,3,1,0.9014413119580149,0.9014413119580149,0.0,0.09855868804198514
year,5,53,2018,2014,Ukraine,5,3,0.5101582935551607,0.24780442812230266,0.24203727832253655,0.5101582935551607
year,5,54,2019,2015,Ukraine,7,3,0.44713112273853467,0.1825439938958009,0.37032488336566444,0.44713112273853467
year,5,55,2020,2016,Ukraine,6,2,0.5076810881345286,0.027601688082662713,0.5076810881345286,0.4647172237828087
year,5,56,2021,2017,Ukraine,7,3,0.6044977857470754,0.03892277644204413,0.3565794378108805,0.6044977857470754
year,5,57,2022,2018,Ukraine,8,3,0.5988994891258255,0.06016671854194495,0.34093379233222965,0.5988994891258255
year,5,58,2023,2019,Ukraine,7,3,0.44647726897446316,0.17761955660188705,0.37590317442364984,0.44647726897446316
year,5,59,2024,2020,Ukraine,5,3,0.7887536054253692,0.1838712757612014,0.027375118813429366,0.7887536054253692
year,5,60,2025,2021,Ukraine,5,3,0.6937146355906673,0.1715897599959877,0.1346956044133451,0.6937146355906673
year,5,0,1965,1961,United Kingdom,4,3,0.7342931937172775,0.04319371727748691,0.22251308900523564,0.7342931937172775
year,5,1,1966,1962,United Kingdom,6,2,0.9431005384553565,0.0284497307723218,0.9431005384553565,0.028449730772321775
year,5,2,1967,1963,United Kingdom,6,2,0.9400965147453084,0.032879356568364604,0.9400965147453084,0.027024128686327063
year,5,3,1968,1964,United Kingdom,6,2,0.9714962421988552,0.00507981514941808,0.9714962421988552,0.023423942651726603
year,5,4,1969,1965,United Kingdom,6,2,0.9414951072882538,0.0,0.9414951072882538,0.05850489271174632
year,5,5,1970,1966,United Kingdom,8,2,0.9149136360762891,0.0,0.9149136360762891,0.08508636392371101
year,5,6,1971,1967,United Kingdom,9,2,0.9145623902302347,0.004373705827279614,0.9145623902302347,0.08106390394248578
year,5,7,1972,1968,United Kingdom,10,2,0.8638893742355789,0.0418923528775512,0.8638893742355789,0.09421827288686983
year,5,8,1973,1969,United Kingdom,7,2,0.785633783379718,0.07273960944867403,0.785633783379718,0.14162660717160797
year,5,9,1974,1970,United Kingdom,7,2,0.785633783379718,0.07273960944867403,0.785633783379718,0.14162660717160797
year,5,10,1975,1971,United Kingdom,8,2,0.4917357096646284,0.3113195734290544,0.4917357096646284,0.19694471690631724
year,5,11,1976,1972,United Kingdom,8,2,0.4917357096646284,0.3113195734290544,0.4917357096646284,0.19694471690631724
year,5,12,1977,1973,United Kingdom,8,1,0.7268277327457308,0.7268277327457308,0.0,0.2731722672542693
year,5,13,1978,1974,United Kingdom,8,1,0.7268277327457308,0.7268277327457308,0.0,0.2731722672542693
year,5,14,1979,1975,United Kingdom,7,1,0.6736935148720186,0.6736935148720186,0.0,0.32630648512798144
year,5,15,1980,1976,United Kingdom,8,1,0.6082696970196764,0.6082696970196764,0.12825122462106842,0.26347907835925516
year,5,16,1981,1977,United Kingdom,8,1,0.5023533222350348,0.5023533222350348,0.15988412763891272,0.33776255012605255
year,5,17,1982,1978,United Kingdom,4,2,0.6444368938775803,0.11460962904649902,0.6444368938775803,0.24095347707592069
year,5,18,1983,1979,United Kingdom,4,2,0.6237363925945978,0.14668435868987387,0.6237363925945978,0.22957924871552823
year,5,19,1984,1980,United Kingdom,6,1,0.7878657487091222,0.7878657487091222,0.05120481927710844,0.16092943201376939
year,5,20,1985,1981,United Kingdom,6,2,0.6788258148068206,0.3064968702784372,0.6788258148068206,0.01467731491474206
year,5,21,1986,1982,United Kingdom,6,2,0.6725775807473083,0.3100063331222293,0.6725775807473083,0.017416086130462326
year,5,22,1987,1983,United Kingdom,11,2,0.8087968885859317,0.17644011765995019,0.8087968885859317,0.014762993754118043
year,5,23,1988,1984,United Kingdom,8,2,0.8066239316239316,0.1778846153846154,0.8066239316239316,0.015491452991452988
year,5,24,1989,1985,United Kingdom,10,2,0.7314734480970871,0.25586162750097863,0.7314734480970871,0.012664924401934138
year,5,25,1990,1986,United Kingdom,8,2,0.5040411998893823,0.3159649571356267,0.5040411998893823,0.179993842974991
year,5,26,1991,1987,United Kingdom,10,2,0.6896643613299193,0.17042115001875568,0.6896643613299193,0.13991448865132505
year,5,27,1992,1988,United Kingdom,9,2,0.709303151247955,0.09690958697019861,0.709303151247955,0.1937872617818464
year,5,28,1993,1989,United Kingdom,9,2,0.709303151247955,0.09690958697019861,0.709303151247955,0.1937872617818464
year,5,29,1994,1990,United Kingdom,8,2,0.7641466032817053,0.049072228185861065,0.7641466032817053,0.18678116853243368
year,5,30,1995,1991,United Kingdom,8,2,0.763057336927387,0.05057044669272786,0.763057336927387,0.18637221637988505
year,5,31,1996,1992,United Kingdom,10,2,0.6218113083497699,0.10210059171597631,0.6218113083497699,0.27608809993425376
year,5,32,1997,1993,United Kingdom,8,2,0.8508826896738011,0.06256249559767495,0.8508826896738011,0.08655481472852392
year,5,33,1998,1994,United Kingdom,11,2,0.7475373471563885,0.01178765662851069,0.7475373471563885,0.24067499621510083
year,5,34,1999,1995,United Kingdom,14,3,0.640460885038164,0.0004950813668481343,0.359044033594988,0.640460885038164
year,5,35,2000,1996,United Kingdom,13,3,0.6355032625146263,0.0024909486036830027,0.3620057888816907,0.6355032625146263
year,5,36,2001,1997,United Kingdom,14,3,0.5287183105346506,0.05427903794874137,0.417002651516608,0.5287183105346506
year,5,37,2002,1998,United Kingdom,15,2,0.6062517880820877,0.02595953448595183,0.6062517880820877,0.36778867743196053
year,5,38,2003,1999,United Kingdom,13,2,0.7440964334599184,0.19032082947045387,0.7440964334599184,0.06558273706962775
year,5,39,2004,2000,United Kingdom,14,2,0.6309595816502881,0.16464447708587987,0.6309595816502881,0.20439594126383198
year,5,40,2005,2001,United Kingdom,17,2,0.7022383447144102,0.13988206968550343,0.7022383447144102,0.15787958560008652
year,5,41,2006,2002,United Kingdom,16,2,0.7172515501334132,0.07030873338488709,0.7172515501334132,0.21243971648169974
year,5,42,2007,2003,United Kingdom,18,2,0.6243588710936647,0.09807136159808924,0.6243588710936647,0.277569767308246
year,5,43,2008,2004,United Kingdom,17,2,0.6108528887964814,0.05984157009416868,0.6108528887964814,0.3293055411093499
year,5,44,2009,2005,United Kingdom,15,2,0.608499445717478,0.0380707386985829,0.608499445717478,0.353429815583939
year,5,45,2010,2006,United Kingdom,15,2,0.7677033224864318,0.008413156188607962,0.7677033224864318,0.22388352132496023
year,5,46,2011,2007,United Kingdom,15,2,0.7535406415451262,0.01555385166759991,0.7535406415451262,0.2309055067872738
year,5,47,2012,2008,United Kingdom,13,2,0.5480788101552335,0.034804873241339275,0.5480788101552335,0.41711631660342713
year,5,48,2013,2009,United Kingdom,13,2,0.8338133420278708,0.06335446343952157,0.8338133420278708,0.10283219453260749
year,5,49,2014,2010,United Kingdom,12,2,0.8404981896041203,0.05360226890274396,0.8404981896041203,0.10589954149313593
year,5,50,2015,2011,United Kingdom,13,2,0.8356569169257302,0.0758553514365235,0.8356569169257302,0.0884877316377463
year,5,51,2016,2012,United Kingdom,15,2,0.8951261406996801,0.02563917636108052,0.8951261406996801,0.07923468293923945
year,5,52,2017,2013,United Kingdom,16,2,0.8415587515196377,0.02654192364499658,0.8415587515196377,0.13189932483536576
year,5,53,2018,2014,United Kingdom,13,2,0.7908454271265353,0.008728963093973327,0.7908454271265353,0.20042560977949136
year,5,54,2019,2015,United Kingdom,12,2,0.8388374898934878,0.03664643438864286,0.8388374898934878,0.12451607571786932
year,5,55,2020,2016,United Kingdom,12,2,0.7250581433580675,0.02087983065532752,0.7250581433580675,0.254062025986605
year,5,56,2021,2017,United Kingdom,14,2,0.7335273173696455,0.05294270384542353,0.7335273173696455,0.21352997878493096
year,5,57,2022,2018,United Kingdom,14,2,0.6710615670276833,0.07324255401749054,0.6710615670276833,0.2556958789548262
year,5,58,2023,2019,United Kingdom,14,2,0.6195940184358952,0.14269994072578523,0.6195940184358952,0.23770604083831956
year,5,59,2024,2020,United Kingdom,14,2,0.5783233263975971,0.10219611654729358,0.5783233263975971,0.3194805570551094
year,5,60,2025,2021,United Kingdom,14,2,0.5433730615002842,0.07164434831698102,0.5433730615002842,0.3849825901827348
year,5,0,1965,1961,United States,5,2,0.7290737105122257,0.27092628948777436,0.7290737105122257,0.0
year,5,1,1966,1962,United States,10,2,0.760927736678898,0.07638137721199297,0.760927736678898,0.16269088610910903
year,5,2,1967,1963,United States,10,2,0.6323090571820307,0.23993870473425277,0.6323090571820307,0.1277522380837164
year,5,3,1968,1964,United States,10,2,0.6295220453807003,0.25153670000425704,0.6295220453807003,0.11894125461504267
year,5,4,1969,1965,United States,10,2,0.6622678629131897,0.2191006608501714,0.6622678629131897,0.11863147623663887
year,5,5,1970,1966,United States,10,2,0.5176280673508041,0.20307058959782356,0.5176280673508041,0.27930134305137233
year,5,6,1971,1967,United States,5,1,0.41544807591541455,0.41544807591541455,0.24644348470404112,0.3381084393805443
year,5,7,1972,1968,United States,7,2,0.7475665809108046,0.1753470809257493,0.7475665809108046,0.07708633816344611
year,5,8,1973,1969,United States,6,2,0.7511894701884411,0.14974007569206288,0.7511894701884411,0.09907045411949612
year,5,9,1974,1970,United States,6,2,0.7511894701884411,0.14974007569206288,0.7511894701884411,0.09907045411949612
year,5,10,1975,1971,United States,8,2,0.7692541856165848,0.05523287221415305,0.7692541856165848,0.17551294216926208
year,5,11,1976,1972,United States,8,2,0.7692541856165848,0.05523287221415305,0.7692541856165848,0.17551294216926208
year,5,12,1977,1973,United States,7,2,0.4519396417526309,0.42352477220365725,0.4519396417526309,0.124535586043712
year,5,13,1978,1974,United States,7,2,0.4519396417526309,0.42352477220365725,0.4519396417526309,0.124535586043712
year,5,14,1979,1975,United States,8,1,0.4103917979873993,0.4103917979873993,0.368168765176497,0.22143943683610368
year,5,15,1980,1976,United States,7,2,0.39406649616368283,0.3131457800511508,0.39406649616368283,0.2927877237851663
year,5,16,1981,1977,United States,5,2,0.38013688468652024,0.27129674503249035,0.38013688468652024,0.34856637028098947
year,5,17,1982,1978,United States,5,3,0.7212536701731201,0.17386148427405798,0.10488484555282199,0.7212536701731201
year,5,18,1983,1979,United States,4,3,0.6215551491454878,0.21019108280254778,0.16825376805196446,0.6215551491454878
year,5,19,1984,1980,United States,4,3,0.8052419673166497,0.06591931791268651,0.12883871477066394,0.8052419673166497
year,5,20,1985,1981,United States,5,3,0.8945561549779303,0.10509353324458767,0.0003503117774819577,0.8945561549779303
year,5,21,1986,1982,United States,3,3,0.6057581573896353,0.39424184261036466,0.0,0.6057581573896353
year,5,22,1987,1983,United States,6,2,0.3646314457450174,0.28079721607086366,0.3646314457450174,0.35457133818411896
year,5,23,1988,1984,United States,6,3,0.36892587181604525,0.34809121514323826,0.2829829130407165,0.36892587181604525
year,5,24,1989,1985,United States,10,2,0.5775798074076814,0.10638771460815509,0.5775798074076814,0.31603247798416334
year,5,25,1990,1986,United States,9,2,0.7519462558962512,0.05775829587117662,0.7519462558962512,0.19029544823257225
year,5,26,1991,1987,United States,12,3,0.4512116086292879,0.10386562256404103,0.44492276880667114,0.4512116086292879
year,5,27,1992,1988,United States,10,2,0.4678362944609465,0.14454988184733733,0.4678362944609465,0.38761382369171615
year,5,28,1993,1989,United States,10,2,0.4678362944609465,0.14454988184733733,0.4678362944609465,0.38761382369171615
year,5,29,1994,1990,United States,8,3,0.754122906461894,0.19357874697867425,0.052298346559431864,0.754122906461894
year,5,30,1995,1991,United States,9,3,0.7969962938678394,0.12403100859328739,0.07897269753887323,0.7969962938678394
year,5,31,1996,1992,United States,10,2,0.6686682801471746,0.2662253884014814,0.6686682801471746,0.06510633145134412
year,5,32,1997,1993,United States,7,2,0.7064773057520508,0.15387350659917245,0.7064773057520508,0.13964918764877668
year,5,33,1998,1994,United States,10,2,0.687752858493623,0.25571611642822384,0.687752858493623,0.0565310250781531
year,5,34,1999,1995,United States,10,2,0.48843548387367314,0.4472976359261259,0.48843548387367314,0.06426688020020091
year,5,35,2000,1996,United States,9,1,0.5593092821444335,0.5593092821444335,0.3745762289249388,0.0661144889306277
year,5,36,2001,1997,United States,9,2,0.4918799761955348,0.472457891188951,0.4918799761955348,0.03566213261551421
year,5,37,2002,1998,United States,7,1,0.5110787452333722,0.5110787452333722,0.4889212547666279,0.0
year,5,38,2003,1999,United States,5,1,0.5032851550497602,0.5032851550497602,0.4967148449502399,0.0
year,5,39,2004,2000,United States,7,1,0.5632883557819228,0.5632883557819228,0.4367116442180772,0.0
year,5,40,2005,2001,United States,9,1,0.4425235010765621,0.4425235010765621,0.31442361791686263,0.24305288100657527
year,5,41,2006,2002,United States,8,2,0.4248587397779209,0.4207097741496136,0.4248587397779209,0.15443148607246554
year,5,42,2007,2003,United States,8,2,0.44389030324162365,0.34115222855515626,0.44389030324162365,0.21495746820322006
year,5,43,2008,2004,United States,10,2,0.5802621549167502,0.27318051081775685,0.5802621549167502,0.14655733426549308
year,5,44,2009,2005,United States,10,2,0.5142566796729056,0.2752618995160999,0.5142566796729056,0.21048142081099466
year,5,45,2010,2006,United States,13,2,0.5294225578558813,0.25576656849962337,0.5294225578558813,0.21481087364449544
year,5,46,2011,2007,United States,13,3,0.5265020709825339,0.16913022080882154,0.30436770820864456,0.5265020709825339
year,5,47,2012,2008,United States,11,3,0.5376509823486583,0.13991908153523447,0.32242993611610726,0.5376509823486583
year,5,48,2013,2009,United States,11,3,0.7175094720203964,0.06745726670868187,0.21503326127092182,0.7175094720203964
year,5,49,2014,2010,United States,10,3,0.741342653202994,0.031871249118925374,0.22678609767808072,0.741342653202994
year,5,50,2015,2011,United States,11,3,0.6030310216669647,0.035133992539179676,0.36183498579385553,0.6030310216669647
year,5,51,2016,2012,United States,11,3,0.5783039747992724,0.11254556529868166,0.309150459902046,0.5783039747992724
year,5,52,2017,2013,United States,13,3,0.6201655924667139,0.1280219849369479,0.2518124225963383,0.6201655924667139
year,5,53,2018,2014,United States,14,2,0.40842306456755567,0.23937327979681056,0.40842306456755567,0.35220365563563377
year,5,54,2019,2015,United States,11,2,0.5604284174108137,0.2743596066763276,0.5604284174108137,0.1652119759128586
year,5,55,2020,2016,United States,10,2,0.5266764963291666,0.3016177600039427,0.5266764963291666,0.17170574366689065
year,5,56,2021,2017,United States,11,2,0.5079079219862429,0.3410102752173753,0.5079079219862429,0.1510818027963818
year,5,57,2022,2018,United States,10,2,0.4826348511242605,0.4490834436913814,0.4826348511242605,0.06828170518435801
year,5,58,2023,2019,United States,12,2,0.5715420868627005,0.31802388380631413,0.5715420868627005,0.11043402933098541
year,5,59,2024,2020,United States,12,2,0.48371286084615617,0.3277669124294523,0.48371286084615617,0.18852022672439162
year,5,60,2025,2021,United States,12,2,0.571655646518536,0.23848672411545005,0.571655646518536,0.189857629366014
year,5,26,1991,1987,Uruguay,4,1,0.5535558283917049,0.5535558283917049,0.446444171608295,0.0
year,5,27,1992,1988,Uruguay,5,1,0.6360546143321538,0.6360546143321538,0.3639453856678461,0.0
year,5,28,1993,1989,Uruguay,5,1,0.6360546143321538,0.6360546143321538,0.3639453856678461,0.0
year,5,29,1994,1990,Uruguay,4,2,0.5922908179254153,0.4077091820745848,0.5922908179254153,0.0
year,5,30,1995,1991,Uruguay,4,2,0.6563239097068558,0.3436760902931443,0.6563239097068558,0.0
year,5,31,1996,1992,Uruguay,6,2,0.8092446847098761,0.19075531529012393,0.8092446847098761,0.0
year,5,32,1997,1993,Uruguay,7,2,0.6696684653579076,0.3303315346420925,0.6696684653579076,0.0
year,5,33,1998,1994,Uruguay,8,2,0.6331394317082655,0.36686056829173447,0.6331394317082655,0.0
year,5,34,1999,1995,Uruguay,9,2,0.5386216128389124,0.4613783871610875,0.5386216128389124,0.0
year,5,35,2000,1996,Uruguay,9,2,0.5171713904315757,0.4828286095684243,0.5171713904315757,0.0
year,5,36,2001,1997,Uruguay,10,1,0.5118140092560352,0.5118140092560352,0.48818599074396485,0.0
year,5,37,2002,1998,Uruguay,9,2,0.6279178868457033,0.3720821131542967,0.6279178868457033,0.0
year,5,38,2003,1999,Uruguay,8,1,0.5291261469409895,0.5291261469409895,0.4708738530590106,0.0
year,5,39,2004,2000,Uruguay,7,1,0.6078624829683903,0.6078624829683903,0.3921375170316097,0.0
year,5,40,2005,2001,Uruguay,8,1,0.8029521943262645,0.8029521943262645,0.1713915156870923,0.02565628998664323
year,5,41,2006,2002,Uruguay,9,1,0.7705578542012747,0.7705578542012747,0.2154226506624809,0.014019495136244394
year,5,42,2007,2003,Uruguay,10,1,0.7746728550633734,0.7746728550633734,0.20677304208327624,0.018554102853350428
year,5,43,2008,2004,Uruguay,10,1,0.6515910436644056,0.6515910436644056,0.3191018659428074,0.02930709039278709
year,5,44,2009,2005,Uruguay,10,1,0.6345706571534193,0.6345706571534193,0.32356546694261434,0.041863875903966334
year,5,45,2010,2006,Uruguay,11,1,0.5691707793194956,0.5691707793194956,0.4308292206805044,0.0
year,5,46,2011,2007,Uruguay,12,1,0.5842625976960133,0.5842625976960133,0.26614591267630006,0.14959148962768665
year,5,47,2012,2008,Uruguay,11,1,0.5554290077683136,0.5554290077683136,0.3293062189766142,0.11526477325507221
year,5,48,2013,2009,Uruguay,13,1,0.5884823253637005,0.5884823253637005,0.28985543609965686,0.12166223853664261
year,5,49,2014,2010,Uruguay,11,1,0.5387485114067057,0.5387485114067057,0.34930292434274424,0.11194856425055007
year,5,50,2015,2011,Uruguay,9,1,0.47822983123072577,0.47822983123072577,0.28316719568869153,0.23860297308058268
year,5,51,2016,2012,Uruguay,5,2,0.5589368831450742,0.4410631168549258,0.5589368831450742,0.0
year,5,52,2017,2013,Uruguay,5,2,0.5832630743510285,0.4167369256489715,0.5832630743510285,0.0
year,5,53,2018,2014,Uruguay,4,1,0.5256538966771569,0.5256538966771569,0.474346103322843,0.0
year,5,54,2019,2015,Uruguay,5,2,0.6065968064904874,0.39340319350951264,0.6065968064904874,0.0
year,5,55,2020,2016,Uruguay,5,2,0.6839164246765846,0.31608357532341547,0.6839164246765846,0.0
year,5,56,2021,2017,Uruguay,6,2,0.7320452774343035,0.2679547225656966,0.7320452774343035,0.0
year,5,57,2022,2018,Uruguay,8,2,0.8749145047473804,0.12508549525261958,0.8749145047473804,0.0
year,5,58,2023,2019,Uruguay,7,2,0.9124041540649588,0.08759584593504123,0.9124041540649588,0.0
year,5,59,2024,2020,Uruguay,8,2,0.8838674442653506,0.11613255573464946,0.8838674442653506,0.0
year,5,60,2025,2021,Uruguay,8,2,0.8183089378568819,0.18169106214311806,0.8183089378568819,0.0
year,5,48,2013,2009,Venezuela,3,1,0.5494144626203944,0.5494144626203944,0.4505855373796056,0.0
year,5,49,2014,2010,Venezuela,3,2,0.5259738966708188,0.47402610332918116,0.5259738966708188,0.0
year,5,50,2015,2011,Venezuela,3,1,0.5538729509270729,0.5538729509270729,0.44612704907292716,0.0
year,5,51,2016,2012,Venezuela,3,1,0.6539371117970598,0.6539371117970598,0.34606288820294023,0.0
year,5,52,2017,2013,Venezuela,3,1,0.6543305467727608,0.6543305467727608,0.34566945322723913,0.0
year,5,59,2024,2020,Venezuela,3,2,0.5911772813463236,0.40882271865367636,0.5911772813463236,0.0
year,5,60,2025,2021,Venezuela,3,1,0.572286230833581,0.572286230833581,0.42771376916641884,0.0
year,5,27,1992,1988,WMO,4,2,0.6329200670001641,0.3670799329998358,0.6329200670001641,0.0
year,5,28,1993,1989,WMO,4,2,0.6329200670001641,0.3670799329998358,0.6329200670001641,0.0
year,5,29,1994,1990,WMO,4,2,0.600360576923077,0.3996394230769231,0.600360576923077,0.0
year,5,30,1995,1991,WMO,5,2,0.7068295628238753,0.29317043717612473,0.7068295628238753,0.0
year,5,31,1996,1992,WMO,5,1,0.8284534682147576,0.8284534682147576,0.17154653178524235,0.0
year,5,32,1997,1993,WMO,6,1,0.7695828922645105,0.7695828922645105,0.23041710773548943,0.0
year,5,33,1998,1994,WMO,6,1,0.7982338976158059,0.7982338976158059,0.20176610238419423,0.0
year,5,34,1999,1995,WMO,5,1,0.7802145910236117,0.7802145910236117,0.21978540897638837,0.0
year,5,35,2000,1996,WMO,5,1,0.8324420764380246,0.8324420764380246,0.16755792356197538,0.0
year,5,36,2001,1997,WMO,3,1,1.0,1.0,0.0,0.0
year,5,37,2002,1998,WMO,3,1,1.0,1.0,0.0,0.0
year,5,38,2003,1999,WMO,3,1,1.0,1.0,0.0,0.0
year,5,49,2014,2010,WMO,3,1,0.8212993778035017,0.8212993778035017,0.17870062219649832,0.0
year,5,50,2015,2011,WMO,3,1,0.8437233085338502,0.8437233085338502,0.15627669146614975,0.0
year,5,51,2016,2012,WMO,6,1,0.5599356137476463,0.5599356137476463,0.4400643862523536,0.0
year,5,52,2017,2013,WMO,7,2,0.6256031746528503,0.3743968253471498,0.6256031746528503,0.0
year,5,53,2018,2014,WMO,6,2,0.8166034284158724,0.1833965715841276,0.8166034284158724,0.0
year,5,54,2019,2015,WMO,6,2,0.8947970752853545,0.10520292471464547,0.8947970752853545,0.0
year,5,55,2020,2016,WMO,6,2,0.8858277944090281,0.11417220559097173,0.8858277944090281,0.0
year,5,56,2021,2017,WMO,5,2,0.9418919247133625,0.05810807528663759,0.9418919247133625,0.0
year,5,57,2022,2018,WMO,5,2,0.6242118614322508,0.02880970996157052,0.6242118614322508,0.3469784286061786
year,5,58,2023,2019,WMO,6,2,0.6221963829183286,0.011563153783125443,0.6221963829183286,0.36624046329854604
year,5,59,2024,2020,WMO,6,2,0.5113058261008382,0.016268162652500927,0.5113058261008382,0.4724260112466609
year,5,60,2025,2021,WMO,5,2,0.5776341956110447,0.011375707017475107,0.5776341956110447,0.4109900973714802
