member,period_end,prior_breadth,breadth,n_added,retained_fraction,displacement_portfolio,displacement,null_displacement_mean,null_displacement_p05,delta_vs_null
Argentina,1966,3,2,0,1.0,0.0,,,,
Australia,1966,7,6,5,0.16666666666666666,0.4371357808857809,0.5245629370629371,0.619792727356715,0.5421052961744139,-0.09522979029377787
Belgium,1966,3,4,1,0.75,0.11206896551724138,0.4482758620689655,0.6918762775003902,0.44999999999999996,-0.24360041543142463
Chile,1966,3,5,3,0.4,0.4026315789473684,0.6710526315789473,0.6724321798890764,0.567615355001925,-0.0013795483101290973
France,1966,2,1,0,1.0,0.0,,,,
Japan,1966,1,2,1,0.5,0.3275862068965517,0.6551724137931034,0.7513793103448276,0.5155172413793103,-0.09620689655172421
New Zealand,1966,5,5,4,0.2,0.4853779840848807,0.6067224801061009,0.6509733446869223,0.5607829468325791,-0.04425086458082139
Norway,1966,2,2,0,1.0,0.0,,,,
Russian Federation,1966,4,4,1,0.75,0.11363636363636365,0.4545454545454546,0.6619028006929549,0.4545454545454546,-0.20735734614750034
South Africa,1966,2,2,0,1.0,0.0,,,,
United Kingdom,1966,4,6,3,0.5,0.3408333333333333,0.6816666666666666,0.6313184051530241,0.5525757575757576,0.05034826151364258
United States,1966,5,10,6,0.4,0.3573269230769231,0.5955448717948718,0.6218303625465137,0.5443257877180291,-0.026285490751641882
Argentina,1967,2,3,2,0.3333333333333333,0.42424242424242425,0.6363636363636364,0.7281805642633229,0.5452978056426332,-0.09181692789968654
Australia,1967,6,5,1,0.8,0.096,0.48,0.5847291793146002,0.3846153846153846,-0.10472917931460024
Belgium,1967,4,4,0,1.0,0.0,,,,
Chile,1967,5,5,0,1.0,0.0,,,,
France,1967,1,1,0,1.0,0.0,,,,
Japan,1967,2,2,0,1.0,0.0,,,,
New Zealand,1967,5,6,1,0.8333333333333334,0.11363636363636365,0.6818181818181819,0.6641156848000581,0.4603365384615385,0.017702497018123764
Norway,1967,2,2,0,1.0,0.0,,,,
Russian Federation,1967,4,3,0,1.0,0.0,,,,
South Africa,1967,2,2,0,1.0,0.0,,,,
United Kingdom,1967,6,6,0,1.0,0.0,,,,
United States,1967,10,10,0,1.0,0.0,,,,
Argentina,1968,3,3,0,1.0,0.0,,,,
Australia,1968,5,4,0,1.0,0.0,,,,
Belgium,1968,4,4,0,1.0,0.0,,,,
Chile,1968,5,6,1,0.8333333333333334,0.09649122807017545,0.5789473684210527,0.6226954097022156,0.44999999999999996,-0.04374804128116294
France,1968,1,4,3,0.25,0.46551724137931033,0.6206896551724138,0.7764367816091954,0.6206896551724138,-0.15574712643678157
Japan,1968,2,2,0,1.0,0.0,,,,
New Zealand,1968,6,6,0,1.0,0.0,,,,
Norway,1968,2,2,0,1.0,0.0,,,,
Russian Federation,1968,3,3,0,1.0,0.0,,,,
South Africa,1968,2,3,1,0.6666666666666666,0.2948717948717949,0.8846153846153846,0.7391047745358091,0.5,0.14551061007957544
United Kingdom,1968,6,6,1,0.8333333333333334,0.10526315789473684,0.631578947368421,0.619489766857462,0.4545454545454546,0.012089180510958975
United States,1968,10,10,0,1.0,0.0,,,,
Argentina,1969,3,4,1,0.75,0.1293103448275862,0.5172413793103448,0.6562959928758477,0.5,-0.13905461356550297
Australia,1969,4,5,1,0.8,0.10769230769230768,0.5384615384615384,0.6363480894550273,0.4482758620689655,-0.09788655099348886
Belgium,1969,4,2,1,0.5,0.25,0.5,0.6439479442970822,0.44999999999999996,-0.14394794429708224
Chile,1969,6,5,0,1.0,0.0,,,,
France,1969,4,4,0,1.0,0.0,,,,
Japan,1969,2,2,0,1.0,0.0,,,,
New Zealand,1969,6,7,1,0.8571428571428571,0.06857142857142857,0.48,0.6082536605129151,0.4375,-0.1282536605129151
Norway,1969,2,2,0,1.0,0.0,,,,
Russian Federation,1969,3,3,1,0.6666666666666666,0.14942528735632185,0.4482758620689655,0.6757705659132156,0.4787272727272727,-0.22749470384425008
South Africa,1969,3,2,0,1.0,0.0,,,,
United Kingdom,1969,6,6,2,0.6666666666666666,0.17708333333333334,0.53125,0.6096533038309241,0.5167464114832536,-0.07840330383092409
United States,1969,10,10,0,1.0,0.0,,,,
WMO,1969,1,1,0,1.0,0.0,,,,
Argentina,1970,4,4,1,0.75,0.13793103448275862,0.5517241379310345,0.6481081174723642,0.4787272727272727,-0.09638397954132971
Australia,1970,5,6,1,0.8333333333333334,0.09615384615384615,0.5769230769230769,0.6165541876396086,0.4482758620689655,-0.03963111071653169
Belgium,1970,2,2,0,1.0,0.0,,,,
Chile,1970,5,5,1,0.8,0.09230769230769231,0.46153846153846156,0.6132894765926753,0.44999999999999996,-0.15175101505421373
France,1970,4,5,1,0.8,0.1,0.5,0.6930403716066148,0.4977272727272728,-0.1930403716066148
Japan,1970,2,5,3,0.4,0.3359709618874773,0.5599516031457955,0.6927739921905076,0.5879189352692075,-0.1328223890447121
New Zealand,1970,7,7,1,0.8571428571428571,0.08333333333333333,0.5833333333333333,0.5942220085864102,0.4375,-0.010888675253076907
Norway,1970,2,2,0,1.0,0.0,,,,
Russian Federation,1970,3,4,1,0.75,0.13793103448275862,0.5517241379310345,0.6965463239120225,0.5,-0.14482218598098806
South Africa,1970,2,2,0,1.0,0.0,,,,
United Kingdom,1970,6,8,3,0.625,0.18150568181818183,0.48401515151515156,0.6035100958287825,0.5197575757575758,-0.11949494431363089
United States,1970,10,10,1,0.9,0.045454545454545456,0.4545454545454546,0.5984720646155737,0.4482758620689655,-0.1439266100701191
WMO,1970,1,1,0,1.0,0.0,,,,
Argentina,1971,4,2,0,1.0,0.0,,,,
Australia,1971,6,3,0,1.0,0.0,,,,
Belgium,1971,2,1,0,1.0,0.0,,,,
Chile,1971,5,4,1,0.75,0.1293103448275862,0.5172413793103448,0.5983369850430875,0.4545454545454546,-0.08109560573274277
France,1971,5,4,0,1.0,0.0,,,,
Japan,1971,5,4,0,1.0,0.0,,,,
New Zealand,1971,7,3,1,0.6666666666666666,0.19999999999999998,0.6,0.6044444394601342,0.4375,-0.004444439460134175
Norway,1971,2,1,0,1.0,0.0,,,,
Russian Federation,1971,4,2,0,1.0,0.0,,,,
South Africa,1971,2,1,0,1.0,0.0,,,,
United Kingdom,1971,8,9,3,0.6666666666666666,0.16255050505050506,0.4876515151515151,0.5960022811986301,0.5148674242424243,-0.10835076604711497
United States,1971,10,5,2,0.6,0.1784090909090909,0.4460227272727273,0.5871692131566878,0.46875,-0.1411464858839605
WMO,1971,1,1,0,1.0,0.0,,,,
Argentina,1972,2,6,4,0.3333333333333333,0.46319444444444446,0.6947916666666667,0.6797699435297452,0.5885760420764958,0.015021723136921517
Australia,1972,3,4,1,0.75,0.19318181818181818,0.7727272727272727,0.6568343360662326,0.4545454545454546,0.11589293666104006
Belgium,1972,1,4,3,0.25,0.44,0.5866666666666667,0.7005514588859417,0.5999540229885058,-0.11388479221927506
Chile,1972,4,6,2,0.6666666666666666,0.18939393939393936,0.5681818181818181,0.6070246056650549,0.5081896551724138,-0.038842787483236774
France,1972,4,5,1,0.8,0.1368421052631579,0.6842105263157895,0.6513130779383955,0.4545454545454546,0.032897448377393945
Japan,1972,4,4,1,0.75,0.15,0.6,0.6434708515369013,0.44999999999999996,-0.043470851536901334
New Zealand,1972,3,6,5,0.16666666666666666,0.5249415398576015,0.6299298478291219,0.6437216623577838,0.5669331953943355,-0.013791814528661961
Norway,1972,1,5,4,0.2,0.5599999999999999,0.7,0.7003779177718833,0.6138461538461539,-0.0003779177718833404
Russian Federation,1972,2,3,1,0.6666666666666666,0.21052631578947367,0.631578947368421,0.6921366155622962,0.4545454545454546,-0.0605576681938752
South Africa,1972,1,5,4,0.2,0.583618881118881,0.7295236013986013,0.771952239544,0.6803950216450216,-0.04242863814539877
United Kingdom,1972,9,10,2,0.8,0.12403846153846154,0.6201923076923077,0.5750572523487331,0.46867613636363636,0.04513505534357465
United States,1972,5,7,2,0.7142857142857143,0.15298701298701298,0.5354545454545454,0.6016872646523168,0.49625218531468535,-0.0662327191977714
WMO,1972,1,1,0,1.0,0.0,,,,
Argentina,1973,6,4,0,1.0,0.0,,,,
Australia,1973,4,4,1,0.75,0.12,0.48,0.6261101619644723,0.4375,-0.14611016196447235
Belgium,1973,4,3,0,1.0,0.0,,,,
Chile,1973,6,6,0,1.0,0.0,,,,
France,1973,5,4,2,0.5,0.28863636363636364,0.5772727272727273,0.6275274104298606,0.4866666666666667,-0.05025468315713333
Japan,1973,4,5,1,0.8,0.12631578947368421,0.631578947368421,0.6797184394552817,0.5,-0.048139492086860636
New Zealand,1973,6,6,1,0.8333333333333334,0.08620689655172413,0.5172413793103448,0.6143839265917173,0.4482758620689655,-0.0971425472813725
Norway,1973,5,5,0,1.0,0.0,,,,
Russian Federation,1973,3,3,0,1.0,0.0,,,,
SCAR,1973,1,1,0,1.0,0.0,,,,
South Africa,1973,5,5,0,1.0,0.0,,,,
United Kingdom,1973,10,7,0,1.0,0.0,,,,
United States,1973,7,6,1,0.8333333333333334,0.07692307692307693,0.46153846153846156,0.5979067942795256,0.4375,-0.13636833274106408
Argentina,1974,4,4,0,1.0,0.0,,,,
Australia,1974,4,4,0,1.0,0.0,,,,
Belgium,1974,3,3,0,1.0,0.0,,,,
Chile,1974,6,6,0,1.0,0.0,,,,
France,1974,4,4,0,1.0,0.0,,,,
Japan,1974,5,5,0,1.0,0.0,,,,
New Zealand,1974,6,6,0,1.0,0.0,,,,
Norway,1974,5,5,0,1.0,0.0,,,,
Russian Federation,1974,3,3,0,1.0,0.0,,,,
SCAR,1974,1,1,0,1.0,0.0,,,,
South Africa,1974,5,5,0,1.0,0.0,,,,
United Kingdom,1974,7,7,0,1.0,0.0,,,,
United States,1974,6,6,0,1.0,0.0,,,,
Argentina,1975,4,6,3,0.5,0.25862068965517243,0.5172413793103449,0.6375953147428273,0.5376699689199689,-0.1203539354324824
Australia,1975,4,6,3,0.5,0.3271264367816092,0.6542528735632184,0.653121245612625,0.5348041958041958,0.0011316279505934057
Belgium,1975,3,4,2,0.5,0.24068965517241378,0.48137931034482756,0.6491093300377784,0.54,-0.16773001969295082
Chile,1975,6,7,3,0.5714285714285714,0.23870684669232764,0.5569826422820978,0.5960265477086938,0.5176061711277229,-0.03904390542659597
France,1975,4,5,2,0.6,0.240551724137931,0.6013793103448275,0.6361137900892211,0.49,-0.03473447974439359
Japan,1975,5,4,2,0.5,0.3076923076923077,0.6153846153846154,0.6477304039540315,0.55,-0.032345788569416056
New Zealand,1975,6,5,0,1.0,0.0,,,,
Norway,1975,5,9,8,0.1111111111111111,0.4657404951370469,0.5239580570291777,0.5932588910096834,0.5500153198095008,-0.06930083398050568
Russian Federation,1975,3,5,4,0.2,0.47795616361859555,0.5974452045232445,0.6531186096136925,0.5803738613360324,-0.05567340509044805
SCAR,1975,1,2,1,0.5,0.42105263157894735,0.8421052631578947,0.7247218576946345,0.5780000000000001,0.1173834054632602
South Africa,1975,5,6,1,0.8333333333333334,0.11403508771929825,0.6842105263157895,0.6481608854567553,0.4375,0.03604964085903417
United Kingdom,1975,7,8,2,0.75,0.11394230769230769,0.45576923076923076,0.5803596603616127,0.46202985739750446,-0.12459042959238192
United States,1975,6,8,4,0.5,0.2727272727272727,0.5454545454545454,0.5901260743207942,0.5096033653846154,-0.04467152886624881
Argentina,1976,6,6,0,1.0,0.0,,,,
Australia,1976,6,6,0,1.0,0.0,,,,
Belgium,1976,4,4,0,1.0,0.0,,,,
Chile,1976,7,7,0,1.0,0.0,,,,
France,1976,5,5,0,1.0,0.0,,,,
Japan,1976,4,4,0,1.0,0.0,,,,
New Zealand,1976,5,5,0,1.0,0.0,,,,
Norway,1976,9,9,0,1.0,0.0,,,,
Russian Federation,1976,5,5,0,1.0,0.0,,,,
SCAR,1976,2,2,0,1.0,0.0,,,,
South Africa,1976,6,6,0,1.0,0.0,,,,
Sweden,1976,1,1,0,1.0,0.0,,,,
UNEP,1976,1,1,0,1.0,0.0,,,,
United Kingdom,1976,8,8,0,1.0,0.0,,,,
United States,1976,8,8,0,1.0,0.0,,,,
Argentina,1977,6,5,2,0.6,0.24646464646464644,0.6161616161616161,0.6125242026575964,0.5184930807622505,0.003637413504019693
Australia,1977,6,3,0,1.0,0.0,,,,
Belgium,1977,4,2,0,1.0,0.0,,,,
Chile,1977,7,7,4,0.42857142857142855,0.3308691308691309,0.579020979020979,0.6024521319746852,0.5175679205851619,-0.023431152953706125
France,1977,5,5,3,0.4,0.29757575757575755,0.49595959595959593,0.6096550032821585,0.5091135157945503,-0.11369540732256256
Japan,1977,4,2,0,1.0,0.0,,,,
New Zealand,1977,5,5,3,0.4,0.3507692307692308,0.5846153846153846,0.6443951321133583,0.5466515251989391,-0.059779747497973657
Norway,1977,9,7,0,1.0,0.0,,,,
Russian Federation,1977,5,5,2,0.6,0.19298245614035087,0.4824561403508772,0.6088134730525604,0.45986820291777186,-0.1263573327016832
SCAR,1977,2,2,1,0.5,0.28,0.56,0.7013813383682259,0.4545454545454546,-0.14138133836822586
South Africa,1977,6,3,2,0.3333333333333333,0.32950191570881227,0.4942528735632184,0.6149205340445292,0.4965034965034965,-0.12066766048131078
Sweden,1977,1,1,0,1.0,0.0,,,,
UNEP,1977,1,1,0,1.0,0.0,,,,
United Kingdom,1977,8,8,4,0.5,0.2614364801864802,0.5228729603729603,0.590460723925753,0.5150672348484848,-0.06758776355279272
United States,1977,8,7,1,0.8571428571428571,0.07692307692307691,0.5384615384615384,0.5936302693449926,0.4375,-0.0551687308834542
Argentina,1978,5,5,0,1.0,0.0,,,,
Australia,1978,3,3,0,1.0,0.0,,,,
Belgium,1978,2,2,0,1.0,0.0,,,,
Chile,1978,7,7,0,1.0,0.0,,,,
France,1978,5,5,0,1.0,0.0,,,,
Japan,1978,2,2,0,1.0,0.0,,,,
New Zealand,1978,5,5,0,1.0,0.0,,,,
Norway,1978,7,7,0,1.0,0.0,,,,
Poland,1978,1,1,0,1.0,0.0,,,,
Russian Federation,1978,5,5,0,1.0,0.0,,,,
SCAR,1978,2,2,0,1.0,0.0,,,,
South Africa,1978,3,3,0,1.0,0.0,,,,
Sweden,1978,1,1,0,1.0,0.0,,,,
UNEP,1978,1,1,0,1.0,0.0,,,,
United Kingdom,1978,8,8,0,1.0,0.0,,,,
United States,1978,7,7,0,1.0,0.0,,,,
Argentina,1979,5,5,1,0.8,0.06666666666666668,0.33333333333333337,0.6331748417795151,0.48,-0.29984150844618174
Australia,1979,3,3,0,1.0,0.0,,,,
Belgium,1979,2,2,0,1.0,0.0,,,,
Chile,1979,7,9,3,0.6666666666666666,0.21245791245791246,0.6373737373737374,0.6094984455328842,0.4998834498834499,0.027875291840853134
France,1979,5,6,1,0.8333333333333334,0.07471264367816093,0.4482758620689655,0.6403732389812246,0.5172413793103448,-0.19209737691225903
Japan,1979,2,2,0,1.0,0.0,,,,
New Zealand,1979,5,7,2,0.7142857142857143,0.15881773399014779,0.5558620689655173,0.6123995379958109,0.5052467396109638,-0.05653746903029366
Norway,1979,7,7,0,1.0,0.0,,,,
Poland,1979,1,5,4,0.2,0.6689655172413793,0.8362068965517241,0.7679310344827586,0.6551724137931034,0.06827586206896552
Russian Federation,1979,5,3,1,0.6666666666666666,0.14942528735632185,0.4482758620689655,0.625366056647023,0.4482758620689655,-0.17709019457805752
SCAR,1979,2,3,1,0.6666666666666666,0.18666666666666668,0.56,0.6909570291777187,0.48,-0.13095702917771868
South Africa,1979,3,3,0,1.0,0.0,,,,
Sweden,1979,1,1,0,1.0,0.0,,,,
UNEP,1979,1,1,0,1.0,0.0,,,,
United Kingdom,1979,8,7,0,1.0,0.0,,,,
United States,1979,7,8,3,0.625,0.21984265734265734,0.5862470862470862,0.6075110573309529,0.5155353535353535,-0.021263971083866684
Argentina,1980,5,4,1,0.75,0.08333333333333334,0.33333333333333337,0.616764372328619,0.48,-0.28343103899528566
Australia,1980,3,2,0,1.0,0.0,,,,
Belgium,1980,2,1,0,1.0,0.0,,,,
Chile,1980,9,8,0,1.0,0.0,,,,
France,1980,6,6,0,1.0,0.0,,,,
Japan,1980,2,1,0,1.0,0.0,,,,
New Zealand,1980,7,5,0,1.0,0.0,,,,
Norway,1980,7,2,1,0.5,0.3181818181818182,0.6363636363636364,0.6039067512186934,0.44991379310344826,0.03245688514494294
Poland,1980,5,4,0,1.0,0.0,,,,
Russian Federation,1980,3,3,0,1.0,0.0,,,,
SCAR,1980,3,2,0,1.0,0.0,,,,
South Africa,1980,3,2,0,1.0,0.0,,,,
United Kingdom,1980,7,8,2,0.75,0.1298076923076923,0.5192307692307692,0.6028145111593388,0.5119694960212201,-0.08358374192856965
United States,1980,8,7,0,1.0,0.0,,,,
Argentina,1981,4,4,2,0.5,0.2846153846153846,0.5692307692307692,0.6621097768484792,0.5115909090909091,-0.09287900761770995
Australia,1981,2,3,1,0.6666666666666666,0.16091954022988506,0.48275862068965514,0.6813779977080793,0.48275862068965514,-0.19861937701842414
Belgium,1981,1,1,0,1.0,0.0,,,,
Chile,1981,8,8,2,0.75,0.12893356643356643,0.5157342657342657,0.5988554173229709,0.48774839743589743,-0.08312115158870514
France,1981,6,6,0,1.0,0.0,,,,
Japan,1981,1,1,0,1.0,0.0,,,,
New Zealand,1981,5,7,2,0.7142857142857143,0.12897447380206,0.45141065830721006,0.6445229085229652,0.48774839743589743,-0.19311225021575518
Norway,1981,2,3,1,0.6666666666666666,0.16091954022988506,0.48275862068965514,0.6614578553252555,0.4482758620689655,-0.17869923463560033
Poland,1981,4,4,0,1.0,0.0,,,,
Russian Federation,1981,3,2,0,1.0,0.0,,,,
SCAR,1981,2,2,0,1.0,0.0,,,,
South Africa,1981,2,2,0,1.0,0.0,,,,
United Kingdom,1981,8,8,1,0.875,0.04166666666666667,0.33333333333333337,0.5748964150791737,0.4482758620689655,-0.2415630817458403
United States,1981,7,5,0,1.0,0.0,,,,
Argentina,1982,4,5,1,0.8,0.15384615384615383,0.7692307692307692,0.6683490328468015,0.48,0.10088173638396769
Australia,1982,3,2,0,1.0,0.0,,,,
Belgium,1982,1,1,0,1.0,0.0,,,,
Chile,1982,8,7,0,1.0,0.0,,,,
France,1982,6,2,0,1.0,0.0,,,,
Germany,1982,2,2,0,1.0,0.0,,,,
India,1982,1,1,0,1.0,0.0,,,,
Japan,1982,1,1,0,1.0,0.0,,,,
Korea (ROK),1982,1,1,0,1.0,0.0,,,,
New Zealand,1982,7,4,0,1.0,0.0,,,,
Norway,1982,3,2,0,1.0,0.0,,,,
Poland,1982,4,5,1,0.8,0.1375,0.6875,0.6012683931535885,0.4375,0.08623160684641151
Russian Federation,1982,2,2,0,1.0,0.0,,,,
SCAR,1982,2,1,0,1.0,0.0,,,,
South Africa,1982,2,1,0,1.0,0.0,,,,
United Kingdom,1982,8,4,1,0.75,0.14,0.56,0.588236204887067,0.4545454545454546,-0.028236204887066907
United States,1982,5,5,1,0.8,0.06666666666666668,0.33333333333333337,0.632401615185077,0.46153846153846156,-0.2990682818517436
Uruguay,1982,2,2,0,1.0,0.0,,,,
Argentina,1983,5,5,1,0.8,0.09,0.44999999999999996,0.6242491973684419,0.44999999999999996,-0.1742491973684419
Australia,1983,2,7,6,0.14285714285714285,0.5501567398119123,0.6418495297805643,0.7177739289446186,0.6327748171368861,-0.07592439916405425
Belgium,1983,1,1,0,1.0,0.0,,,,
Chile,1983,7,7,0,1.0,0.0,,,,
France,1983,2,2,0,1.0,0.0,,,,
Germany,1983,2,2,0,1.0,0.0,,,,
India,1983,1,2,1,0.5,0.3620689655172414,0.7241379310344828,0.771896551724138,0.5172413793103448,-0.047758620689655196
Japan,1983,1,1,0,1.0,0.0,,,,
Korea (ROK),1983,1,1,0,1.0,0.0,,,,
New Zealand,1983,4,5,1,0.8,0.09655172413793103,0.48275862068965514,0.6333467025941392,0.4375,-0.15058808190448403
Norway,1983,2,2,0,1.0,0.0,,,,
Poland,1983,5,5,0,1.0,0.0,,,,
Russian Federation,1983,2,3,1,0.6666666666666666,0.21839080459770113,0.6551724137931034,0.6847707398217834,0.5547272727272728,-0.029598326028679955
SCAR,1983,1,2,1,0.5,0.42105263157894735,0.8421052631578947,0.7126726485855344,0.5780000000000001,0.12943261457236033
South Africa,1983,1,1,0,1.0,0.0,,,,
United Kingdom,1983,4,4,1,0.75,0.11363636363636365,0.4545454545454546,0.6479618671709414,0.48,-0.1934164126254868
United States,1983,5,4,0,1.0,0.0,,,,
Uruguay,1983,2,2,0,1.0,0.0,,,,
Argentina,1984,5,7,2,0.7142857142857143,0.21978021978021975,0.7692307692307692,0.6499681180817717,0.5216666666666666,0.11926265114899748
Australia,1984,7,7,1,0.8571428571428571,0.09090909090909091,0.6363636363636364,0.6161616567038528,0.4611888111888112,0.020201979659783542
Belgium,1984,1,1,0,1.0,0.0,,,,
Brazil,1984,1,1,0,1.0,0.0,,,,
Chile,1984,7,7,1,0.8571428571428571,0.06493506493506494,0.4545454545454546,0.6088302037194504,0.4545454545454546,-0.15428474917399582
France,1984,2,1,0,1.0,0.0,,,,
Germany,1984,2,2,0,1.0,0.0,,,,
India,1984,2,2,0,1.0,0.0,,,,
Japan,1984,1,1,0,1.0,0.0,,,,
Korea (ROK),1984,1,1,0,1.0,0.0,,,,
New Zealand,1984,5,3,1,0.6666666666666666,0.14942528735632185,0.4482758620689655,0.6203870257087136,0.4375,-0.1721111636397481
Norway,1984,2,2,0,1.0,0.0,,,,
Poland,1984,5,1,0,1.0,0.0,,,,
Russian Federation,1984,3,1,0,1.0,0.0,,,,
SCAR,1984,2,1,0,1.0,0.0,,,,
South Africa,1984,1,1,0,1.0,0.0,,,,
United Kingdom,1984,4,6,3,0.5,0.31554778554778556,0.6310955710955711,0.6491966481794068,0.5502121212121212,-0.01810107708383568
United States,1984,4,4,3,0.25,0.456841290893015,0.6091217211906866,0.6597436749928876,0.574002849002849,-0.050621953802200914
Uruguay,1984,2,2,0,1.0,0.0,,,,
WMO,1984,1,1,0,1.0,0.0,,,,
Argentina,1985,7,8,1,0.875,0.075,0.6,0.5913440406365101,0.4375,0.00865595936348984
Australia,1985,7,7,0,1.0,0.0,,,,
Belgium,1985,1,4,4,0.0,0.5862068965517241,0.5862068965517241,0.76875,0.6637931034482758,-0.18254310344827596
Brazil,1985,1,2,1,0.5,0.34615384615384615,0.6923076923076923,0.7191293773981614,0.5780000000000001,-0.026821685090469116
Chile,1985,7,4,0,1.0,0.0,,,,
France,1985,1,3,2,0.3333333333333333,0.5172413793103449,0.7758620689655172,0.7657758620689655,0.5862068965517241,0.010086206896551708
Germany,1985,2,3,1,0.6666666666666666,0.2727272727272727,0.8181818181818181,0.715789028213166,0.48,0.10239278996865209
India,1985,2,2,0,1.0,0.0,,,,
Japan,1985,1,1,0,1.0,0.0,,,,
Korea (ROK),1985,1,1,0,1.0,0.0,,,,
New Zealand,1985,3,4,1,0.75,0.1477272727272727,0.5909090909090908,0.7162288160115746,0.5,-0.1253197251024838
Norway,1985,2,3,1,0.6666666666666666,0.25757575757575757,0.7727272727272727,0.7259714733542321,0.5,0.04675579937304064
Poland,1985,1,2,1,0.5,0.3620689655172414,0.7241379310344828,0.775,0.5517241379310345,-0.05086206896551726
Russian Federation,1985,1,1,0,1.0,0.0,,,,
SCAR,1985,1,1,0,1.0,0.0,,,,
South Africa,1985,1,2,1,0.5,0.24137931034482757,0.48275862068965514,0.773448275862069,0.5172413793103448,-0.29068965517241385
United Kingdom,1985,6,6,3,0.5,0.31029040404040403,0.6205808080808081,0.5874721756691583,0.4919798951048951,0.03310863241164974
United States,1985,4,5,2,0.6,0.23230769230769227,0.5807692307692307,0.6215747595555785,0.48059440559440564,-0.0408055287863478
Uruguay,1985,2,2,0,1.0,0.0,,,,
WMO,1985,1,1,0,1.0,0.0,,,,
Argentina,1986,8,4,1,0.75,0.11538461538461539,0.46153846153846156,0.6006271308470719,0.4482758620689655,-0.1390886693086103
Australia,1986,7,6,0,1.0,0.0,,,,
Belgium,1986,4,4,1,0.75,0.15,0.6,0.6588608071148451,0.4787272727272727,-0.05886080711484509
Brazil,1986,2,2,0,1.0,0.0,,,,
Chile,1986,4,3,1,0.6666666666666666,0.21052631578947367,0.631578947368421,0.6711599842484597,0.4545454545454546,-0.03958103688003867
China,1986,1,1,0,1.0,0.0,,,,
Finland,1986,1,1,0,1.0,0.0,,,,
France,1986,3,2,0,1.0,0.0,,,,
Germany,1986,3,1,0,1.0,0.0,,,,
India,1986,2,1,0,1.0,0.0,,,,
Netherlands,1986,1,1,0,1.0,0.0,,,,
New Zealand,1986,4,1,0,1.0,0.0,,,,
Norway,1986,3,2,0,1.0,0.0,,,,
Peru,1986,1,1,0,1.0,0.0,,,,
Poland,1986,2,1,0,1.0,0.0,,,,
SCAR,1986,1,1,0,1.0,0.0,,,,
South Africa,1986,2,1,0,1.0,0.0,,,,
United Kingdom,1986,6,6,0,1.0,0.0,,,,
United States,1986,5,3,0,1.0,0.0,,,,
WMO,1986,1,1,0,1.0,0.0,,,,
Argentina,1987,4,6,4,0.3333333333333333,0.41576820839978734,0.623652312599681,0.6284277284456007,0.554951002944424,-0.004775415845919673
Australia,1987,6,9,4,0.5555555555555556,0.24367971210076472,0.5482793522267206,0.6005236696153211,0.5277894913994052,-0.05224431738860047
Belgium,1987,4,6,2,0.6666666666666666,0.17333333333333334,0.52,0.6479351039553752,0.5249999999999999,-0.12793510395537522
Brazil,1987,2,6,5,0.16666666666666666,0.5479082321187585,0.6574898785425102,0.6979981851179674,0.6169321513332403,-0.04050830657545723
Chile,1987,3,7,4,0.42857142857142855,0.37362637362637363,0.6538461538461539,0.6515575404065082,0.5670325151821862,0.0022886134396457036
China,1987,1,3,2,0.3333333333333333,0.524132730015083,0.7861990950226244,0.7347152110946863,0.6153846153846154,0.05148388392793812
Finland,1987,1,2,1,0.5,0.22413793103448276,0.4482758620689655,0.7703448275862069,0.48275862068965514,-0.3220689655172414
France,1987,2,2,0,1.0,0.0,,,,
Germany,1987,1,5,4,0.2,0.6841390807335079,0.8551738509168849,0.7835509620849374,0.6860026737967914,0.07162288883194756
India,1987,1,2,1,0.5,0.40384615384615385,0.8076923076923077,0.7288616844135899,0.6,0.07883062327871782
Netherlands,1987,1,2,1,0.5,0.2692307692307692,0.5384615384615384,0.734456221364842,0.4991379310344828,-0.19599468290330357
New Zealand,1987,1,5,4,0.2,0.568,0.71,0.7314948137834417,0.6617359111476758,-0.021494813783441757
Norway,1987,2,4,2,0.5,0.26136363636363635,0.5227272727272727,0.6498924912730948,0.5227272727272727,-0.12716521854582208
Peru,1987,1,2,1,0.5,0.2692307692307692,0.5384615384615384,0.723533180612491,0.48,-0.1850716421509525
Poland,1987,1,2,1,0.5,0.40384615384615385,0.8076923076923077,0.7375437198077358,0.6,0.0701485878845719
SCAR,1987,1,2,1,0.5,0.22499999999999998,0.44999999999999996,0.8668460871789861,0.6666666666666667,-0.4168460871789862
South Africa,1987,1,2,1,0.5,0.2692307692307692,0.5384615384615384,0.7388482959569166,0.4826206896551724,-0.20038675749537815
United Kingdom,1987,6,11,5,0.5454545454545454,0.24735254425656897,0.5441755973644518,0.6046533644871908,0.5362668312080077,-0.060477767122739
United States,1987,3,6,4,0.3333333333333333,0.3772222222222222,0.5658333333333333,0.6206968657779003,0.5305871212121213,-0.05486353244456699
WMO,1987,1,1,0,1.0,0.0,,,,
Argentina,1988,6,6,0,1.0,0.0,,,,
Australia,1988,9,6,1,0.8333333333333334,0.08333333333333333,0.5,0.6021267641161017,0.4482758620689655,-0.10212676411610166
Belgium,1988,6,6,0,1.0,0.0,,,,
Brazil,1988,6,6,0,1.0,0.0,,,,
Chile,1988,7,7,0,1.0,0.0,,,,
China,1988,3,3,0,1.0,0.0,,,,
Ecuador,1988,1,1,0,1.0,0.0,,,,
Finland,1988,2,2,0,1.0,0.0,,,,
France,1988,2,2,0,1.0,0.0,,,,
Germany,1988,5,4,0,1.0,0.0,,,,
Greece,1988,1,1,0,1.0,0.0,,,,
India,1988,2,1,0,1.0,0.0,,,,
Italy,1988,1,1,0,1.0,0.0,,,,
Korea (ROK),1988,1,1,0,1.0,0.0,,,,
Netherlands,1988,2,2,0,1.0,0.0,,,,
New Zealand,1988,5,5,0,1.0,0.0,,,,
Norway,1988,4,4,0,1.0,0.0,,,,
Peru,1988,2,2,0,1.0,0.0,,,,
Poland,1988,2,1,0,1.0,0.0,,,,
Russian Federation,1988,1,1,0,1.0,0.0,,,,
SCAR,1988,2,1,0,1.0,0.0,,,,
South Africa,1988,2,2,0,1.0,0.0,,,,
Spain,1988,1,1,0,1.0,0.0,,,,
Sweden,1988,1,1,0,1.0,0.0,,,,
United Kingdom,1988,11,8,0,1.0,0.0,,,,
United States,1988,6,6,0,1.0,0.0,,,,
Uruguay,1988,1,1,0,1.0,0.0,,,,
Argentina,1989,6,6,0,1.0,0.0,,,,
Australia,1989,6,8,2,0.75,0.12828947368421054,0.5131578947368421,0.6183291264505307,0.5133030303030304,-0.10517123171368858
Belgium,1989,6,5,0,1.0,0.0,,,,
Brazil,1989,6,7,1,0.8571428571428571,0.06857142857142857,0.48,0.6028713807209243,0.3846153846153846,-0.1228713807209243
Chile,1989,7,8,1,0.875,0.07211538461538461,0.5769230769230769,0.6059169739063114,0.4482758620689655,-0.028993896983234513
China,1989,3,3,0,1.0,0.0,,,,
Ecuador,1989,1,1,0,1.0,0.0,,,,
Finland,1989,2,3,1,0.6666666666666666,0.1923076923076923,0.5769230769230769,0.7426923076923078,0.5,-0.1657692307692309
France,1989,2,9,7,0.2222222222222222,0.5519017094017094,0.709587912087912,0.713102683627104,0.6366977367870225,-0.0035147715391919965
Germany,1989,4,6,2,0.6666666666666666,0.24283559577677225,0.7285067873303167,0.6414625635600655,0.539264705882353,0.08704422377025123
Greece,1989,1,1,0,1.0,0.0,,,,
India,1989,1,1,0,1.0,0.0,,,,
Italy,1989,1,1,0,1.0,0.0,,,,
Korea (ROK),1989,1,1,0,1.0,0.0,,,,
Netherlands,1989,2,2,0,1.0,0.0,,,,
New Zealand,1989,5,5,0,1.0,0.0,,,,
Norway,1989,4,4,0,1.0,0.0,,,,
Peru,1989,2,2,0,1.0,0.0,,,,
Poland,1989,1,2,1,0.5,0.40384615384615385,0.8076923076923077,0.7341302858732491,0.5384615384615384,0.07356202181905858
Russian Federation,1989,1,2,1,0.5,0.2272727272727273,0.4545454545454546,0.7251903642032499,0.5789473684210527,-0.2706449096577953
SCAR,1989,1,1,0,1.0,0.0,,,,
South Africa,1989,2,4,2,0.5,0.3131818181818182,0.6263636363636363,0.7163896551724139,0.5225705329153605,-0.09002601880877759
Spain,1989,1,4,3,0.25,0.47115384615384615,0.6282051282051282,0.7548850574712642,0.6237842617152961,-0.12667992926613603
Sweden,1989,1,2,1,0.5,0.25,0.5,0.7557625994694961,0.5,-0.2557625994694961
United Kingdom,1989,8,10,2,0.8,0.12363636363636363,0.6181818181818182,0.6215292157295127,0.46060606060606063,-0.0033473975476945306
United States,1989,6,10,4,0.6,0.22557968347442037,0.5639492086860507,0.6059558113468504,0.5308355569868729,-0.0420066026607997
Uruguay,1989,1,2,1,0.5,0.34615384615384615,0.6923076923076923,0.7610212201591512,0.5,-0.0687135278514589
Argentina,1990,6,5,1,0.8,0.09090909090909091,0.4545454545454546,0.6172282737679743,0.44673076923076926,-0.1626828192225197
Australia,1990,8,8,0,1.0,0.0,,,,
Belgium,1990,5,2,0,1.0,0.0,,,,
Brazil,1990,7,6,0,1.0,0.0,,,,
Chile,1990,8,7,0,1.0,0.0,,,,
China,1990,3,2,0,1.0,0.0,,,,
Ecuador,1990,1,1,0,1.0,0.0,,,,
Finland,1990,3,2,0,1.0,0.0,,,,
France,1990,9,7,0,1.0,0.0,,,,
Germany,1990,6,5,0,1.0,0.0,,,,
Greece,1990,1,1,0,1.0,0.0,,,,
India,1990,1,1,0,1.0,0.0,,,,
Italy,1990,1,1,0,1.0,0.0,,,,
Korea (ROK),1990,1,1,0,1.0,0.0,,,,
Netherlands,1990,2,1,0,1.0,0.0,,,,
New Zealand,1990,5,5,0,1.0,0.0,,,,
Norway,1990,4,4,1,0.75,0.1346153846153846,0.5384615384615384,0.6068587520465016,0.46153846153846156,-0.0683972135849632
Peru,1990,2,2,0,1.0,0.0,,,,
Poland,1990,2,1,0,1.0,0.0,,,,
Russian Federation,1990,2,2,0,1.0,0.0,,,,
SCAR,1990,1,1,0,1.0,0.0,,,,
South Africa,1990,4,3,0,1.0,0.0,,,,
Spain,1990,4,4,0,1.0,0.0,,,,
Sweden,1990,2,2,0,1.0,0.0,,,,
United Kingdom,1990,10,8,0,1.0,0.0,,,,
United States,1990,10,9,1,0.8888888888888888,0.05555555555555555,0.5,0.5683552360756214,0.4375,-0.06835523607562144
Uruguay,1990,2,2,0,1.0,0.0,,,,
Argentina,1991,5,6,2,0.6666666666666666,0.15075757575757576,0.45227272727272727,0.6306295639536258,0.5048076923076923,-0.17835683668089852
Australia,1991,8,10,2,0.8,0.10082758620689655,0.5041379310344828,0.6005652439778915,0.49327412888835304,-0.09642731294340867
Belgium,1991,2,3,1,0.6666666666666666,0.1794871794871795,0.5384615384615384,0.7193187726067036,0.48275862068965514,-0.1808572341451652
Brazil,1991,6,7,1,0.8571428571428571,0.08791208791208792,0.6153846153846154,0.6131845126644823,0.3846153846153846,0.002200102720133157
Chile,1991,7,9,2,0.7777777777777778,0.11794871794871795,0.5307692307692308,0.6039865283347928,0.4923076923076923,-0.07321729756556206
China,1991,2,4,2,0.5,0.30324543610547666,0.6064908722109533,0.7302686908212956,0.5735294117647058,-0.12377781861034232
Ecuador,1991,1,2,2,0.0,0.6087533156498673,0.6087533156498673,0.7505006631299734,0.6081233421750663,-0.1417473474801061
Finland,1991,2,5,3,0.4,0.3673474801061008,0.6122458001768346,0.7222617889773062,0.6215384615384616,-0.11001598880047159
France,1991,7,9,2,0.7777777777777778,0.11969348659003831,0.5386206896551724,0.5930191052355352,0.4784903846153846,-0.05439841558036285
Germany,1991,5,7,3,0.5714285714285714,0.2479961215255333,0.5786576168929111,0.6298099853392636,0.5390269689031298,-0.051152368446352514
Greece,1991,1,2,1,0.5,0.22413793103448276,0.4482758620689655,0.7473673740053051,0.5,-0.29909151193633954
India,1991,1,2,1,0.5,0.22413793103448276,0.4482758620689655,0.750311671087533,0.5365384615384615,-0.3020358090185675
Italy,1991,1,5,5,0.0,0.7127320954907161,0.7127320954907161,0.7465928381962865,0.6384615384615384,-0.03386074270557038
Korea (ROK),1991,1,2,1,0.5,0.22413793103448276,0.4482758620689655,0.7362002652519893,0.5,-0.2879244031830238
Netherlands,1991,1,4,3,0.25,0.3812997347480106,0.5083996463306808,0.7589257294429709,0.6282051282051282,-0.2505260831122901
New Zealand,1991,5,6,1,0.8333333333333334,0.09333333333333334,0.56,0.6240459116525799,0.48,-0.06404591165257989
Norway,1991,4,6,2,0.6666666666666666,0.18582375478927204,0.5574712643678161,0.6656306579952112,0.5451818181818181,-0.10815939362739502
Peru,1991,2,3,2,0.3333333333333333,0.39184952978056425,0.5877742946708464,0.7131095852423438,0.5316618037135279,-0.1253352905714974
Poland,1991,1,2,1,0.5,0.22413793103448276,0.4482758620689655,0.7705702917771885,0.5384615384615384,-0.322294429708223
Russian Federation,1991,2,5,3,0.4,0.3912885662431942,0.6521476104053237,0.6942303224200682,0.5807878787878789,-0.04208271201474456
SCAR,1991,1,2,1,0.5,0.22499999999999998,0.44999999999999996,0.7620153444256893,0.6,-0.31201534442568934
South Africa,1991,3,4,1,0.75,0.11206896551724138,0.4482758620689655,0.6654348188153969,0.48,-0.21715895674643138
Spain,1991,4,5,2,0.6,0.2396551724137931,0.5991379310344828,0.6730672417930278,0.5201927361853833,-0.07392931075854503
Sweden,1991,2,5,3,0.4,0.3576551724137931,0.5960919540229884,0.6818460654288241,0.5655897435897436,-0.08575411140583566
United Kingdom,1991,8,10,2,0.8,0.11244019138755981,0.562200956937799,0.5942083717608412,0.4999375,-0.032007414823042146
United States,1991,9,12,3,0.75,0.14818713450292398,0.5927485380116959,0.5992356504351727,0.49770537958773253,-0.006487112423476771
Uruguay,1991,2,4,2,0.5,0.3342105263157895,0.668421052631579,0.6978378377520846,0.5657894736842105,-0.029416785120505606
ASOC,1992,5,7,3,0.5714285714285714,0.28219780219780216,0.6584615384615384,0.5980690255175296,0.4942068965517242,0.060392512944008825
Argentina,1992,6,5,4,0.2,0.4359030413023154,0.5448788016278943,0.6413547738332448,0.556523615381007,-0.09647597220535054
Australia,1992,10,7,2,0.7142857142857143,0.16575091575091574,0.5801282051282051,0.5969391213633614,0.4999375,-0.016810916235156292
Austria,1992,1,1,0,1.0,0.0,,,,
Belgium,1992,3,3,1,0.6666666666666666,0.14942528735632185,0.4482758620689655,0.699715155534121,0.4545454545454546,-0.2514392934651555
Brazil,1992,7,3,1,0.6666666666666666,0.14942528735632185,0.4482758620689655,0.6026994379352898,0.3846153846153846,-0.15442357586632427
Bulgaria,1992,2,2,0,1.0,0.0,,,,
CCAMLR,1992,1,2,1,0.5,0.4,0.8,0.7684328068483239,0.6,0.03156719315167611
COMNAP,1992,1,3,2,0.3333333333333333,0.43221690590111644,0.6483253588516746,0.7143752862986983,0.610944976076555,-0.06604992744702365
Chile,1992,9,10,5,0.5,0.2710526315789473,0.5421052631578946,0.5836193991957831,0.5204394399460189,-0.04151413603788845
China,1992,4,4,1,0.75,0.14423076923076922,0.5769230769230769,0.6732708280296623,0.48275862068965514,-0.09634775110658544
Denmark,1992,1,1,0,1.0,0.0,,,,
Ecuador,1992,2,2,0,1.0,0.0,,,,
Finland,1992,5,6,2,0.6666666666666666,0.15575757575757576,0.4672727272727273,0.690522524171231,0.532099358974359,-0.22324979689850366
France,1992,9,8,0,1.0,0.0,,,,
Germany,1992,7,8,3,0.625,0.2543016194331984,0.6781376518218624,0.6334945866989611,0.5489277389277389,0.04464306512290128
Greece,1992,2,1,0,1.0,0.0,,,,
IHO,1992,1,2,1,0.5,0.22499999999999998,0.44999999999999996,0.8503877134973139,0.625,-0.40038771349731395
IUCN,1992,1,2,1,0.5,0.3846153846153846,0.7692307692307692,0.7323497046541764,0.5384615384615384,0.03688106457659279
India,1992,2,1,0,1.0,0.0,,,,
Italy,1992,5,4,1,0.75,0.11206896551724138,0.4482758620689655,0.60125059724758,0.4482758620689655,-0.15297473517861448
Japan,1992,5,5,0,1.0,0.0,,,,
Korea (DPRK),1992,1,2,1,0.5,0.24137931034482757,0.48275862068965514,0.7724137931034483,0.5172413793103448,-0.2896551724137931
Korea (ROK),1992,2,1,0,1.0,0.0,,,,
Netherlands,1992,4,6,2,0.6666666666666666,0.19564102564102562,0.5869230769230769,0.6839096153846154,0.5676233421750664,-0.09698653846153849
New Zealand,1992,6,5,1,0.8,0.10344827586206895,0.5172413793103448,0.6234161307252585,0.48,-0.10617475141491373
Norway,1992,6,3,1,0.6666666666666666,0.2564102564102564,0.7692307692307692,0.6222820358936284,0.46153846153846156,0.14694873333714076
Peru,1992,3,3,0,1.0,0.0,,,,
Poland,1992,2,1,0,1.0,0.0,,,,
Russian Federation,1992,5,5,1,0.8,0.11724137931034484,0.5862068965517242,0.6668075743595574,0.47058823529411764,-0.0806006778078332
SCAR,1992,2,5,3,0.4,0.43878787878787884,0.7313131313131315,0.7739988917213054,0.6939090909090909,-0.042685760408173956
South Africa,1992,4,3,0,1.0,0.0,,,,
Spain,1992,5,6,1,0.8333333333333334,0.1282051282051282,0.7692307692307692,0.6325848032714412,0.46153846153846156,0.136645965959328
Sweden,1992,5,4,0,1.0,0.0,,,,
Switzerland,1992,1,1,0,1.0,0.0,,,,
United Kingdom,1992,10,9,2,0.7777777777777778,0.10921717171717171,0.4914772727272727,0.5803702923324408,0.4586490384615384,-0.08889301960516804
United States,1992,12,10,1,0.9,0.05,0.5,0.5994934208428844,0.45423197492163014,-0.09949342084288437
Uruguay,1992,4,5,2,0.6,0.2159709618874773,0.5399274047186933,0.6391416529984375,0.5157342657342657,-0.09921424827974423
WMO,1992,2,4,2,0.5,0.34090909090909094,0.6818181818181819,0.6929703831496429,0.5354279918864098,-0.011152201331460998
WTO,1992,1,1,0,1.0,0.0,,,,
ASOC,1993,7,7,0,1.0,0.0,,,,
Argentina,1993,5,5,0,1.0,0.0,,,,
Australia,1993,7,7,0,1.0,0.0,,,,
Austria,1993,1,1,0,1.0,0.0,,,,
Belgium,1993,3,3,0,1.0,0.0,,,,
Brazil,1993,3,3,0,1.0,0.0,,,,
Bulgaria,1993,2,2,0,1.0,0.0,,,,
CCAMLR,1993,2,2,0,1.0,0.0,,,,
COMNAP,1993,3,3,0,1.0,0.0,,,,
Chile,1993,10,10,0,1.0,0.0,,,,
China,1993,4,4,0,1.0,0.0,,,,
Denmark,1993,1,1,0,1.0,0.0,,,,
Ecuador,1993,2,2,0,1.0,0.0,,,,
Finland,1993,6,6,0,1.0,0.0,,,,
France,1993,8,8,0,1.0,0.0,,,,
Germany,1993,8,8,0,1.0,0.0,,,,
Greece,1993,1,1,0,1.0,0.0,,,,
IAATO,1993,2,2,0,1.0,0.0,,,,
IHO,1993,2,2,0,1.0,0.0,,,,
IOC,1993,1,1,0,1.0,0.0,,,,
IUCN,1993,2,2,0,1.0,0.0,,,,
India,1993,1,1,0,1.0,0.0,,,,
Italy,1993,4,4,0,1.0,0.0,,,,
Japan,1993,5,5,0,1.0,0.0,,,,
Korea (DPRK),1993,2,2,0,1.0,0.0,,,,
Korea (ROK),1993,1,1,0,1.0,0.0,,,,
Netherlands,1993,6,6,0,1.0,0.0,,,,
New Zealand,1993,5,5,0,1.0,0.0,,,,
Norway,1993,3,3,0,1.0,0.0,,,,
Peru,1993,3,3,0,1.0,0.0,,,,
Poland,1993,1,1,0,1.0,0.0,,,,
Russian Federation,1993,5,5,0,1.0,0.0,,,,
SCAR,1993,5,5,0,1.0,0.0,,,,
South Africa,1993,3,3,0,1.0,0.0,,,,
Spain,1993,6,6,0,1.0,0.0,,,,
Sweden,1993,4,4,0,1.0,0.0,,,,
Switzerland,1993,1,1,0,1.0,0.0,,,,
United Kingdom,1993,9,9,0,1.0,0.0,,,,
United States,1993,10,10,0,1.0,0.0,,,,
Uruguay,1993,5,5,0,1.0,0.0,,,,
WMO,1993,4,4,0,1.0,0.0,,,,
WTO,1993,1,1,0,1.0,0.0,,,,
ASOC,1994,7,7,2,0.7142857142857143,0.1557142857142857,0.5449999999999999,0.5870662017115744,0.475,-0.04206620171157449
Argentina,1994,5,9,4,0.5555555555555556,0.24649572649572646,0.5546153846153845,0.639775852834201,0.5545553713527851,-0.08516046821881651
Australia,1994,7,10,4,0.6,0.24935198135198133,0.6233799533799533,0.626339553407697,0.5549010948216937,-0.0029596000277436474
Austria,1994,1,1,0,1.0,0.0,,,,
Belgium,1994,3,6,3,0.5,0.26939393939393935,0.5387878787878787,0.7209392974841251,0.5923840527288803,-0.1821514186962464
Brazil,1994,3,2,0,1.0,0.0,,,,
Bulgaria,1994,2,2,0,1.0,0.0,,,,
CCAMLR,1994,2,2,0,1.0,0.0,,,,
COMNAP,1994,3,5,2,0.6,0.24454545454545454,0.6113636363636363,0.6802069117059588,0.5592080721003134,-0.06884327534232249
Chile,1994,10,10,2,0.8,0.0993006993006993,0.4965034965034965,0.5681722263946508,0.45872916666666663,-0.0716687298911543
China,1994,4,4,0,1.0,0.0,,,,
Denmark,1994,1,1,0,1.0,0.0,,,,
Ecuador,1994,2,1,0,1.0,0.0,,,,
Finland,1994,6,6,0,1.0,0.0,,,,
France,1994,8,6,4,0.3333333333333333,0.34154780564263326,0.5123217084639499,0.5972125401788081,0.5135463826101303,-0.08489083171485823
Germany,1994,8,7,2,0.7142857142857143,0.15934065934065936,0.5576923076923077,0.6057806477222646,0.5024358974358974,-0.04808834002995688
Greece,1994,1,1,0,1.0,0.0,,,,
IAATO,1994,2,4,2,0.5,0.375,0.75,0.6788557472384206,0.5673076923076923,0.07114425276157943
IHO,1994,2,2,0,1.0,0.0,,,,
IOC,1994,1,2,1,0.5,0.22499999999999998,0.44999999999999996,0.8638498942994126,0.7142857142857143,-0.41384989429941266
IUCN,1994,2,4,2,0.5,0.4065934065934066,0.8131868131868132,0.6948043847713086,0.537860576923077,0.11838242841550461
India,1994,1,1,0,1.0,0.0,,,,
Italy,1994,4,5,2,0.6,0.20909090909090908,0.5227272727272727,0.6377285687014136,0.5282453580901857,-0.11500129597414088
Japan,1994,5,6,2,0.6666666666666666,0.17115384615384613,0.5134615384615384,0.6443627341049755,0.53,-0.13090119564343705
Korea (DPRK),1994,2,2,0,1.0,0.0,,,,
Korea (ROK),1994,1,2,1,0.5,0.3103448275862069,0.6206896551724138,0.7543103448275863,0.48275862068965514,-0.1336206896551725
Netherlands,1994,6,6,0,1.0,0.0,,,,
New Zealand,1994,5,5,1,0.8,0.096,0.48,0.6547138737192489,0.47058823529411764,-0.17471387371924896
Norway,1994,3,3,0,1.0,0.0,,,,
Peru,1994,3,3,1,0.6666666666666666,0.16,0.48,0.6850283699059561,0.44999999999999996,-0.20502836990595608
Poland,1994,1,1,0,1.0,0.0,,,,
Russian Federation,1994,5,9,4,0.5555555555555556,0.2845711500974659,0.6402850877192983,0.6655448258931205,0.5511523175100761,-0.02525973817382221
SCAR,1994,5,7,3,0.5714285714285714,0.20375457875457875,0.47542735042735046,0.6280962091069849,0.5209558281756559,-0.15266885867963448
South Africa,1994,3,3,2,0.3333333333333333,0.43999999999999995,0.6599999999999999,0.6658189037551361,0.5572528735632184,-0.005818903755136162
Spain,1994,6,4,1,0.75,0.175,0.7,0.5998508702251096,0.4482758620689655,0.10014912977489032
Sweden,1994,4,4,0,1.0,0.0,,,,
Switzerland,1994,1,1,0,1.0,0.0,,,,
United Kingdom,1994,9,8,1,0.875,0.0703125,0.5625,0.5898073776646826,0.375,-0.02730737766468261
United States,1994,10,8,1,0.875,0.0625,0.5,0.6097386218430869,0.4545454545454546,-0.10973862184308691
Uruguay,1994,5,5,1,0.8,0.0896551724137931,0.4482758620689655,0.6542384319001165,0.44999999999999996,-0.20596256983115102
WMO,1994,4,4,0,1.0,0.0,,,,
WTO,1994,1,1,0,1.0,0.0,,,,
ASOC,1995,7,9,2,0.7777777777777778,0.12638888888888888,0.56875,0.5936845589164048,0.4706923076923077,-0.024934558916404836
Argentina,1995,9,7,0,1.0,0.0,,,,
Australia,1995,10,11,1,0.9090909090909091,0.05113636363636364,0.5625,0.5770837761729095,0.4482758620689655,-0.014583776172909513
Austria,1995,1,1,0,1.0,0.0,,,,
Belgium,1995,6,5,0,1.0,0.0,,,,
Brazil,1995,2,3,1,0.6666666666666666,0.16091954022988506,0.48275862068965514,0.7104827586206898,0.44999999999999996,-0.22772413793103463
Bulgaria,1995,2,2,0,1.0,0.0,,,,
CCAMLR,1995,2,3,1,0.6666666666666666,0.15,0.44999999999999996,0.6819271127617088,0.44416666666666677,-0.23192711276170885
COMNAP,1995,5,6,1,0.8333333333333334,0.10606060606060606,0.6363636363636364,0.6550201545580856,0.48275862068965514,-0.018656518194449245
Chile,1995,10,10,0,1.0,0.0,,,,
China,1995,4,4,0,1.0,0.0,,,,
Denmark,1995,1,1,0,1.0,0.0,,,,
Ecuador,1995,1,3,2,0.3333333333333333,0.47954022988505746,0.7193103448275862,0.765114323607427,0.625,-0.04580397877984088
Finland,1995,6,6,0,1.0,0.0,,,,
France,1995,6,6,1,0.8333333333333334,0.09848484848484847,0.5909090909090908,0.593468598499202,0.4545454545454546,-0.002559507590111143
Germany,1995,7,6,0,1.0,0.0,,,,
Greece,1995,1,1,0,1.0,0.0,,,,
IAATO,1995,4,4,0,1.0,0.0,,,,
IHO,1995,2,2,0,1.0,0.0,,,,
IOC,1995,2,2,0,1.0,0.0,,,,
IUCN,1995,4,7,3,0.5714285714285714,0.2713186813186813,0.633076923076923,0.6801099394988367,0.5743196386946386,-0.04703301642191371
India,1995,1,1,0,1.0,0.0,,,,
Italy,1995,5,6,1,0.8333333333333334,0.11403508771929825,0.6842105263157895,0.6662208071473738,0.4545454545454546,0.01798971916841574
Japan,1995,6,6,0,1.0,0.0,,,,
Korea (DPRK),1995,2,2,0,1.0,0.0,,,,
Korea (ROK),1995,2,5,3,0.4,0.3121597096188748,0.5202661826981246,0.6778963179893307,0.583393829401089,-0.15763013529120606
Netherlands,1995,6,7,1,0.8571428571428571,0.08571428571428572,0.6,0.680447504810943,0.5,-0.08044750481094298
New Zealand,1995,5,6,1,0.8333333333333334,0.09375,0.5625,0.6592332333319149,0.4545454545454546,-0.09673323333191486
Norway,1995,3,3,0,1.0,0.0,,,,
Peru,1995,3,5,2,0.6,0.21324137931034484,0.5331034482758621,0.6791405172413792,0.5357241379310345,-0.14603706896551716
Poland,1995,1,1,0,1.0,0.0,,,,
Russian Federation,1995,9,8,0,1.0,0.0,,,,
SCAR,1995,7,7,2,0.7142857142857143,0.18160786581839214,0.6356275303643725,0.640426766170913,0.5224282296650717,-0.004799235806540514
South Africa,1995,3,3,1,0.6666666666666666,0.2156862745098039,0.6470588235294117,0.6838581043702748,0.44999999999999996,-0.03679928084086315
Spain,1995,4,4,0,1.0,0.0,,,,
Sweden,1995,4,4,0,1.0,0.0,,,,
Switzerland,1995,1,1,0,1.0,0.0,,,,
UNEP,1995,1,3,2,0.3333333333333333,0.40641025641025635,0.6096153846153846,0.7683882445141066,0.6499999999999999,-0.15877285989872203
United Kingdom,1995,8,8,0,1.0,0.0,,,,
United States,1995,8,9,1,0.8888888888888888,0.06565656565656565,0.5909090909090908,0.6028602335655875,0.4482758620689655,-0.01195114265649666
Uruguay,1995,5,4,0,1.0,0.0,,,,
WMO,1995,4,5,1,0.8,0.09,0.44999999999999996,0.6760860444829003,0.47058823529411764,-0.22608604448290037
WTO,1995,1,1,0,1.0,0.0,,,,
ASOC,1996,9,7,1,0.8571428571428571,0.08791208791208792,0.6153846153846154,0.5889793637481517,0.4375,0.026405251636463678
Argentina,1996,7,7,2,0.7142857142857143,0.1663157894736842,0.5821052631578947,0.6015543652821503,0.49140340909090907,-0.019449102124255657
Australia,1996,11,14,5,0.6428571428571429,0.18297143127808152,0.5123200075786283,0.5713867879191791,0.5104885057471265,-0.059066780340550795
Belgium,1996,5,6,1,0.8333333333333334,0.12222222222222223,0.7333333333333334,0.6847871797235895,0.5,0.0485461536097439
Brazil,1996,3,8,6,0.25,0.4293181818181818,0.5724242424242424,0.6916861546499478,0.6093795715778474,-0.11926191222570537
Bulgaria,1996,2,2,0,1.0,0.0,,,,
CCAMLR,1996,3,4,1,0.75,0.1875,0.75,0.6927506564191,0.5777777777777778,0.05724934358089995
COMNAP,1996,6,5,0,1.0,0.0,,,,
Canada,1996,1,2,1,0.5,0.2586206896551724,0.5172413793103448,0.6867649867374004,0.499,-0.16952360742705563
Chile,1996,10,11,4,0.6363636363636364,0.17244275332510625,0.4742175716440422,0.5949006570805223,0.4929212957527953,-0.1206830854364801
China,1996,4,3,0,1.0,0.0,,,,
Denmark,1996,1,1,0,1.0,0.0,,,,
Ecuador,1996,3,2,0,1.0,0.0,,,,
Finland,1996,6,4,0,1.0,0.0,,,,
France,1996,6,6,1,0.8333333333333334,0.09195402298850575,0.5517241379310345,0.5930283127791749,0.4482758620689655,-0.04130417484814042
Germany,1996,6,5,2,0.6,0.2576551724137931,0.6441379310344828,0.6175276641926363,0.4996684350132626,0.02661026684184653
Greece,1996,1,1,0,1.0,0.0,,,,
IAATO,1996,4,5,1,0.8,0.12727272727272726,0.6363636363636364,0.6547300296630525,0.44999999999999996,-0.01836639329941614
IHO,1996,2,2,0,1.0,0.0,,,,
IOC,1996,2,3,1,0.6666666666666666,0.2528735632183908,0.7586206896551724,0.7681305424460596,0.6,-0.00950985279088723
IUCN,1996,7,8,2,0.75,0.1196875,0.47875,0.6040651913460102,0.4723076923076923,-0.1253151913460102
India,1996,1,1,0,1.0,0.0,,,,
Italy,1996,6,7,4,0.42857142857142855,0.32134444502865556,0.5623527788001472,0.6228449637614618,0.5454805614077393,-0.06049218496131459
Japan,1996,6,6,3,0.5,0.29137931034482756,0.5827586206896551,0.6393133597245666,0.5599393939393938,-0.05655473903491148
Korea (DPRK),1996,2,1,0,1.0,0.0,,,,
Korea (ROK),1996,5,6,1,0.8333333333333334,0.11666666666666665,0.7,0.6523491053313435,0.5,0.04765089466865646
Netherlands,1996,7,8,3,0.625,0.23083333333333333,0.6155555555555555,0.6786762987378858,0.5882634663060626,-0.0631207431823303
New Zealand,1996,6,8,4,0.5,0.30838859416445624,0.6167771883289125,0.6193475007771978,0.5256930913913672,-0.002570312448285317
Norway,1996,3,3,1,0.6666666666666666,0.15384615384615385,0.46153846153846156,0.62303535397603,0.4482758620689655,-0.16149689243756848
Peru,1996,5,7,3,0.5714285714285714,0.24595238095238095,0.5738888888888889,0.6618332375478927,0.5468787878787877,-0.0879443486590038
Poland,1996,1,1,0,1.0,0.0,,,,
Russian Federation,1996,8,6,0,1.0,0.0,,,,
SCAR,1996,7,7,1,0.8571428571428571,0.06428571428571428,0.44999999999999996,0.6146295831588254,0.4609615384615385,-0.16462958315882548
South Africa,1996,3,5,2,0.6,0.253448275862069,0.6336206896551724,0.6942327632711226,0.5744252873563218,-0.060612073615950224
Spain,1996,4,2,0,1.0,0.0,,,,
Sweden,1996,4,3,0,1.0,0.0,,,,
Switzerland,1996,1,1,0,1.0,0.0,,,,
UNEP,1996,3,3,0,1.0,0.0,,,,
United Kingdom,1996,8,10,3,0.7,0.18796052631578947,0.6265350877192982,0.606225421116324,0.5124305555555556,0.020309666602974175
United States,1996,9,10,3,0.7,0.14057758620689656,0.46859195402298853,0.604123077745673,0.5189078282828283,-0.13553112372268444
Uruguay,1996,4,6,3,0.5,0.3078431372549019,0.6156862745098038,0.6576571357986165,0.5614920424403184,-0.041970861288812666
WMO,1996,5,5,1,0.8,0.10833333333333335,0.5416666666666667,0.6795477699447272,0.47058823529411764,-0.13788110327806047
ASOC,1997,7,7,1,0.8571428571428571,0.09243697478991596,0.6470588235294117,0.6339725006146659,0.48,0.013086322914745763
Argentina,1997,7,9,5,0.4444444444444444,0.3266866028708134,0.5880358851674641,0.6132341385264143,0.5361598316810764,-0.025198253358950207
Australia,1997,14,14,1,0.9285714285714286,0.04017857142857143,0.5625,0.5226860664380695,0.375,0.039813933561930526
Belgium,1997,6,6,1,0.8333333333333334,0.08333333333333333,0.5,0.6671192002132418,0.499,-0.16711920021324178
Brazil,1997,8,10,2,0.8,0.11818181818181817,0.5909090909090908,0.6075969809699926,0.4876771255060729,-0.016687890060901767
Bulgaria,1997,2,4,2,0.5,0.25,0.5,0.7160028213166143,0.544474921630094,-0.2160028213166143
CCAMLR,1997,4,3,0,1.0,0.0,,,,
COMNAP,1997,5,6,1,0.8333333333333334,0.13333333333333333,0.8,0.6869980156816363,0.4991379310344828,0.11300198431836372
Canada,1997,2,2,0,1.0,0.0,,,,
Chile,1997,11,11,1,0.9090909090909091,0.057416267942583726,0.631578947368421,0.6445829731067481,0.4545454545454546,-0.01300402573832704
China,1997,3,3,2,0.3333333333333333,0.44252873563218387,0.6637931034482758,0.7263200707338637,0.5857758620689655,-0.06252696728558793
Denmark,1997,1,1,0,1.0,0.0,,,,
Ecuador,1997,2,3,1,0.6666666666666666,0.21839080459770113,0.6551724137931034,0.693206896551724,0.48,-0.038034482758620536
Finland,1997,4,3,1,0.6666666666666666,0.16,0.48,0.6807161249518782,0.48,-0.20071612495187818
France,1997,6,7,2,0.7142857142857143,0.14588859416445624,0.5106100795755968,0.5842460426068184,0.47310416666666666,-0.07363596303122166
Germany,1997,5,5,1,0.8,0.10400000000000001,0.52,0.6415461063446358,0.47850000000000004,-0.12154610634463581
Greece,1997,1,1,0,1.0,0.0,,,,
IAATO,1997,5,8,3,0.625,0.19256221719457012,0.513499245852187,0.6415358754192559,0.5523678076309655,-0.12803662956706896
IHO,1997,2,2,0,1.0,0.0,,,,
IOC,1997,3,1,0,1.0,0.0,,,,
IUCN,1997,8,8,1,0.875,0.0546875,0.4375,0.6146417472993538,0.4348557692307693,-0.17714174729935384
India,1997,1,1,0,1.0,0.0,,,,
Italy,1997,7,8,3,0.625,0.20051828842663688,0.534715435804365,0.6283620355518709,0.5424077434966728,-0.09364659974750589
Japan,1997,6,7,1,0.8571428571428571,0.07142857142857142,0.5,0.6447471474885268,0.44999999999999996,-0.1447471474885268
Korea (ROK),1997,6,6,0,1.0,0.0,,,,
Netherlands,1997,8,5,0,1.0,0.0,,,,
New Zealand,1997,8,10,4,0.6,0.1935,0.48375,0.6042707787606241,0.515625,-0.12052077876062406
Norway,1997,3,5,3,0.4,0.3571687840290381,0.5952813067150635,0.6371635570771232,0.5445646786164028,-0.041882250362059725
Peru,1997,7,7,1,0.8571428571428571,0.07792207792207792,0.5454545454545454,0.6684183835940936,0.4697860962566845,-0.12296383813954814
Poland,1997,1,1,0,1.0,0.0,,,,
Russian Federation,1997,6,7,2,0.7142857142857143,0.14817733990147783,0.5186206896551724,0.63704252703588,0.5104650349650349,-0.11842183738070766
SCAR,1997,7,7,2,0.7142857142857143,0.12678571428571428,0.44375,0.6125906472497558,0.5060657051282051,-0.16884064724975578
Slovakia,1997,1,1,0,1.0,0.0,,,,
South Africa,1997,5,5,0,1.0,0.0,,,,
Spain,1997,2,1,0,1.0,0.0,,,,
Sweden,1997,3,3,0,1.0,0.0,,,,
Switzerland,1997,1,1,0,1.0,0.0,,,,
UNEP,1997,3,3,0,1.0,0.0,,,,
United Kingdom,1997,10,8,1,0.875,0.07692307692307693,0.6153846153846154,0.5843855125946792,0.44625000000000004,0.030999102789936228
United States,1997,10,7,0,1.0,0.0,,,,
Uruguay,1997,6,7,1,0.8571428571428571,0.07881773399014778,0.5517241379310345,0.6472915008219602,0.47058823529411764,-0.09556736289092571
WMO,1997,5,6,1,0.8333333333333334,0.07575757575757576,0.4545454545454546,0.6889129008922111,0.48,-0.23436744634675655
ASOC,1998,7,7,0,1.0,0.0,,,,
Argentina,1998,9,11,2,0.8181818181818182,0.09504132231404959,0.5227272727272727,0.5986186330066147,0.4875,-0.07589136027934196
Australia,1998,14,15,2,0.8666666666666667,0.06553030303030302,0.4914772727272727,0.5354287917317074,0.4164583333333334,-0.043951519004434725
Belgium,1998,6,6,0,1.0,0.0,,,,
Brazil,1998,10,11,1,0.9090909090909091,0.03977272727272727,0.4375,0.5868846745928709,0.4375,-0.14938467459287086
Bulgaria,1998,4,4,0,1.0,0.0,,,,
CCAMLR,1998,3,3,0,1.0,0.0,,,,
COMNAP,1998,6,7,3,0.5714285714285714,0.22727272727272727,0.5303030303030303,0.6378964343972457,0.5512121212121213,-0.10759340409421547
Canada,1998,2,2,0,1.0,0.0,,,,
Chile,1998,11,11,0,1.0,0.0,,,,
China,1998,3,4,1,0.75,0.12,0.48,0.6613094289753519,0.48,-0.18130942897535196
Denmark,1998,1,1,0,1.0,0.0,,,,
Ecuador,1998,3,3,0,1.0,0.0,,,,
Finland,1998,3,3,0,1.0,0.0,,,,
France,1998,7,7,0,1.0,0.0,,,,
Germany,1998,5,6,1,0.8333333333333334,0.10606060606060606,0.6363636363636364,0.6343815454642506,0.48,0.0019820908993857245
Greece,1998,1,2,1,0.5,0.22413793103448276,0.4482758620689655,0.7696551724137932,0.5172413793103448,-0.3213793103448277
IAATO,1998,8,7,1,0.8571428571428571,0.08403361344537816,0.5882352941176471,0.6274402776825325,0.5,-0.03920498356488544
IHO,1998,2,2,0,1.0,0.0,,,,
IOC,1998,1,2,1,0.5,0.3793103448275862,0.7586206896551724,0.7727303592958765,0.6,-0.014109669640704148
IUCN,1998,8,10,2,0.8,0.09466666666666666,0.47333333333333333,0.6011149945051568,0.4685176282051282,-0.1277816611718235
India,1998,1,2,1,0.5,0.22413793103448276,0.4482758620689655,0.7625862068965517,0.48275862068965514,-0.31431034482758613
Italy,1998,8,8,1,0.875,0.06578947368421054,0.5263157894736843,0.625140218954207,0.4375,-0.09882442948052272
Japan,1998,7,8,1,0.875,0.0875,0.7,0.6305108658582796,0.44999999999999996,0.06948913414172031
Korea (ROK),1998,6,6,0,1.0,0.0,,,,
Netherlands,1998,5,7,2,0.7142857142857143,0.17032967032967034,0.5961538461538461,0.6358875,0.5092290008841732,-0.039733653846153905
New Zealand,1998,10,10,2,0.8,0.1456730769230769,0.7283653846153846,0.591451453933997,0.459296984709003,0.13691393068138757
Norway,1998,5,12,8,0.3333333333333333,0.3967151269782849,0.5950726904674273,0.6181268290277478,0.5607542931584447,-0.02305413856032057
Peru,1998,7,11,4,0.6363636363636364,0.21607755880483157,0.5942132867132868,0.6904887705853985,0.6022915919020128,-0.09627548387211171
Poland,1998,1,1,0,1.0,0.0,,,,
Russian Federation,1998,7,9,2,0.7777777777777778,0.11351851851851852,0.5108333333333334,0.6424049295825344,0.5080971659919028,-0.131571596249201
SCAR,1998,7,8,1,0.875,0.056249999999999994,0.44999999999999996,0.6247786353756916,0.375,-0.1747786353756916
Slovakia,1998,1,1,0,1.0,0.0,,,,
South Africa,1998,5,5,0,1.0,0.0,,,,
Spain,1998,1,1,0,1.0,0.0,,,,
Sweden,1998,3,3,0,1.0,0.0,,,,
Switzerland,1998,1,1,0,1.0,0.0,,,,
UNEP,1998,3,3,0,1.0,0.0,,,,
United Kingdom,1998,8,11,3,0.7272727272727273,0.15914388641661367,0.5835275835275836,0.6054680791291552,0.501840806252571,-0.02194049560157163
United States,1998,7,10,3,0.7,0.1839795413298136,0.6132651377660453,0.6176537638448109,0.5087023249738767,-0.004388626078765556
Uruguay,1998,7,8,1,0.875,0.0646551724137931,0.5172413793103448,0.6496885006207629,0.4545454545454546,-0.13244712131041814
WMO,1998,6,6,0,1.0,0.0,,,,
ASOC,1999,7,8,3,0.625,0.21073529411764705,0.5619607843137254,0.6407332251954716,0.5466206896551725,-0.07877244088174618
Argentina,1999,11,9,1,0.8888888888888888,0.053639846743295014,0.48275862068965514,0.5951369571747067,0.4375,-0.11237833648505158
Australia,1999,15,11,0,1.0,0.0,,,,
Belgium,1999,6,5,1,0.8,0.1,0.5,0.6499436685863157,0.4482758620689655,-0.1499436685863157
Brazil,1999,11,12,1,0.9166666666666666,0.043333333333333335,0.52,0.598336090066476,0.3846153846153846,-0.07833609006647602
Bulgaria,1999,4,5,1,0.8,0.07692307692307691,0.3846153846153846,0.7130745157141709,0.4545454545454546,-0.3284591310987863
CCAMLR,1999,3,3,0,1.0,0.0,,,,
COMNAP,1999,7,9,3,0.6666666666666666,0.1799670917317976,0.5399012751953928,0.6554193184151174,0.5756993006993006,-0.11551804321972459
Canada,1999,2,4,2,0.5,0.3017241379310345,0.603448275862069,0.6988344827586207,0.5513448275862068,-0.09538620689655175
Chile,1999,11,11,1,0.9090909090909091,0.061818181818181814,0.6799999999999999,0.6289772815864254,0.4375,0.05102271841357453
China,1999,4,4,1,0.75,0.13793103448275862,0.5517241379310345,0.6601726095405609,0.499,-0.10844847160952642
Denmark,1999,1,1,1,0.0,0.6551724137931034,0.6551724137931034,0.7667241379310344,0.5172413793103448,-0.11155172413793102
Ecuador,1999,3,5,2,0.6,0.2143448275862069,0.5358620689655172,0.6975334685598378,0.56,-0.16167139959432053
Finland,1999,3,3,0,1.0,0.0,,,,
France,1999,7,6,2,0.6666666666666666,0.1818181818181818,0.5454545454545454,0.5918413315850816,0.4839423076923076,-0.04638678613053615
Germany,1999,6,9,4,0.5555555555555556,0.26068965517241377,0.586551724137931,0.6228490973509516,0.5439437386569873,-0.03629737321302062
Greece,1999,2,2,0,1.0,0.0,,,,
IAATO,1999,7,8,1,0.875,0.056249999999999994,0.44999999999999996,0.6307036096532199,0.46955882352941175,-0.18070360965321997
IHO,1999,2,2,0,1.0,0.0,,,,
IMO,1999,1,2,1,0.5,0.29411764705882354,0.5882352941176471,0.7593300605305515,0.6153846153846154,-0.17109476641290444
IOC,1999,2,2,0,1.0,0.0,,,,
IUCN,1999,10,9,0,1.0,0.0,,,,
India,1999,2,4,2,0.5,0.2586206896551724,0.5172413793103448,0.737960875331565,0.577553050397878,-0.2207194960212202
Italy,1999,8,11,3,0.7272727272727273,0.13793103448275862,0.5057471264367815,0.6278586524940547,0.5439246533109964,-0.12211152605727316
Japan,1999,8,9,5,0.4444444444444444,0.30390288829944,0.547025198938992,0.6158757649821444,0.5483166666666667,-0.06885056604315232
Korea (ROK),1999,6,6,1,0.8333333333333334,0.09027777777777779,0.5416666666666667,0.6393789441582224,0.48275862068965514,-0.09771227749155564
Netherlands,1999,7,7,0,1.0,0.0,,,,
New Zealand,1999,10,12,2,0.8333333333333334,0.08333333333333333,0.5,0.5872931543230798,0.4856932773109244,-0.08729315432307982
Norway,1999,12,14,3,0.7857142857142857,0.10131151742993849,0.472787081339713,0.5731927024011242,0.4877919466154761,-0.10040562106141121
Peru,1999,11,11,2,0.8181818181818182,0.09711229946524065,0.5341176470588236,0.6394488586624223,0.5164271390374332,-0.1053312116035987
Poland,1999,1,1,0,1.0,0.0,,,,
Russian Federation,1999,9,8,1,0.875,0.07,0.56,0.6367535309784695,0.4545454545454546,-0.07675353097846949
SCAR,1999,8,10,2,0.8,0.12692307692307692,0.6346153846153846,0.6215260604433732,0.5,0.013089324172011363
Slovakia,1999,1,1,0,1.0,0.0,,,,
South Africa,1999,5,5,1,0.8,0.096,0.48,0.6444810344827586,0.48,-0.16448103448275864
Spain,1999,1,2,1,0.5,0.2586206896551724,0.5172413793103448,0.7741379310344827,0.5172413793103448,-0.25689655172413794
Sweden,1999,3,3,1,0.6666666666666666,0.27999999999999997,0.84,0.6590642468239564,0.48,0.1809357531760436
UNEP,1999,3,4,1,0.75,0.11206896551724138,0.4482758620689655,0.711467032967033,0.5365384615384615,-0.26319117089806743
Ukraine,1999,1,1,0,1.0,0.0,,,,
United Kingdom,1999,11,14,5,0.6428571428571429,0.1788194893341952,0.5006945701357466,0.5745993626300038,0.5211296703296704,-0.07390479249425719
United States,1999,10,10,0,1.0,0.0,,,,
Uruguay,1999,8,9,2,0.7777777777777778,0.1111111111111111,0.5,0.6238874553636197,0.5,-0.12388745536361967
WMO,1999,6,5,0,1.0,0.0,,,,
ASOC,2000,8,8,1,0.875,0.07211538461538461,0.5769230769230769,0.6271402761032071,0.5,-0.050217199180130234
Argentina,2000,9,7,0,1.0,0.0,,,,
Australia,2000,11,10,0,1.0,0.0,,,,
Belgium,2000,5,5,0,1.0,0.0,,,,
Brazil,2000,12,11,0,1.0,0.0,,,,
Bulgaria,2000,5,5,1,0.8,0.096,0.48,0.716231880475846,0.5,-0.23623188047584598
CCAMLR,2000,3,3,0,1.0,0.0,,,,
COMNAP,2000,9,9,0,1.0,0.0,,,,
Canada,2000,4,4,0,1.0,0.0,,,,
Chile,2000,11,11,0,1.0,0.0,,,,
China,2000,4,5,1,0.8,0.096,0.48,0.6777965079882929,0.48,-0.19779650798829296
Denmark,2000,1,1,0,1.0,0.0,,,,
Ecuador,2000,5,4,0,1.0,0.0,,,,
Finland,2000,3,3,0,1.0,0.0,,,,
France,2000,6,6,1,0.8333333333333334,0.07471264367816093,0.4482758620689655,0.6259839327414872,0.45423197492163014,-0.1777080706725217
Germany,2000,9,8,0,1.0,0.0,,,,
Greece,2000,2,2,0,1.0,0.0,,,,
IAATO,2000,8,8,0,1.0,0.0,,,,
IHO,2000,2,2,0,1.0,0.0,,,,
IMO,2000,2,2,0,1.0,0.0,,,,
IOC,2000,2,2,0,1.0,0.0,,,,
IUCN,2000,9,9,0,1.0,0.0,,,,
India,2000,4,4,0,1.0,0.0,,,,
Italy,2000,11,10,0,1.0,0.0,,,,
Japan,2000,9,8,1,0.875,0.06,0.48,0.5900730494777454,0.4375,-0.11007304947774543
Korea (ROK),2000,6,4,1,0.75,0.125,0.5,0.6618365482134498,0.44999999999999996,-0.16183654821344984
Netherlands,2000,7,6,0,1.0,0.0,,,,
New Zealand,2000,12,11,0,1.0,0.0,,,,
Norway,2000,14,15,1,0.9333333333333333,0.032,0.48,0.5648641244386908,0.4,-0.08486412443869085
Peru,2000,11,11,1,0.9090909090909091,0.053719008264462804,0.5909090909090908,0.6274581251370245,0.47058823529411764,-0.03654903422793365
Poland,2000,1,1,0,1.0,0.0,,,,
Russian Federation,2000,8,7,0,1.0,0.0,,,,
SCAR,2000,10,9,0,1.0,0.0,,,,
Slovakia,2000,1,1,0,1.0,0.0,,,,
South Africa,2000,5,4,0,1.0,0.0,,,,
Spain,2000,2,2,0,1.0,0.0,,,,
Sweden,2000,3,3,0,1.0,0.0,,,,
UNEP,2000,4,2,0,1.0,0.0,,,,
Ukraine,2000,1,1,0,1.0,0.0,,,,
United Kingdom,2000,14,13,0,1.0,0.0,,,,
United States,2000,10,9,0,1.0,0.0,,,,
Uruguay,2000,9,9,0,1.0,0.0,,,,
WMO,2000,5,5,0,1.0,0.0,,,,
WTO,2000,1,1,0,1.0,0.0,,,,
ASOC,2001,8,8,2,0.75,0.12818181818181817,0.5127272727272727,0.6246528775821879,0.5225524475524476,-0.1119256048549152
Argentina,2001,7,9,2,0.7777777777777778,0.14305555555555557,0.64375,0.6295242597023897,0.5,0.014225740297610368
Australia,2001,10,9,2,0.7777777777777778,0.09722222222222222,0.4375,0.5824934952978056,0.4647613636363636,-0.14499349529780559
Belgium,2001,5,4,1,0.75,0.14473684210526316,0.5789473684210527,0.6358612062993055,0.45423197492163014,-0.05691383787825288
Brazil,2001,11,8,2,0.75,0.1353448275862069,0.5413793103448276,0.601119308401911,0.4734872347480106,-0.05973999805708341
Bulgaria,2001,5,6,1,0.8333333333333334,0.07471264367816093,0.4482758620689655,0.6761640603649224,0.4545454545454546,-0.22788819829595686
CCAMLR,2001,3,2,0,1.0,0.0,,,,
COMNAP,2001,9,8,0,1.0,0.0,,,,
Canada,2001,4,3,0,1.0,0.0,,,,
Chile,2001,11,10,2,0.8,0.09575,0.47875,0.6276068000004693,0.49976470588235294,-0.1488568000004693
China,2001,5,5,0,1.0,0.0,,,,
Denmark,2001,1,1,0,1.0,0.0,,,,
Ecuador,2001,4,4,0,1.0,0.0,,,,
Finland,2001,3,3,0,1.0,0.0,,,,
France,2001,6,4,0,1.0,0.0,,,,
Germany,2001,8,10,2,0.8,0.09545454545454546,0.4772727272727273,0.6305310225923442,0.5392058823529412,-0.15325829531961688
Greece,2001,2,2,0,1.0,0.0,,,,
IAATO,2001,8,8,2,0.75,0.13849431818181818,0.5539772727272727,0.635123887353572,0.525495337995338,-0.08114661462629924
IHO,2001,2,1,0,1.0,0.0,,,,
IMO,2001,2,2,0,1.0,0.0,,,,
IOC,2001,2,1,0,1.0,0.0,,,,
IUCN,2001,9,7,0,1.0,0.0,,,,
India,2001,4,5,1,0.8,0.14482758620689656,0.7241379310344828,0.7068329334458645,0.4545454545454546,0.017304997588618254
Italy,2001,10,8,2,0.75,0.1375,0.55,0.6265758986798494,0.5082236842105263,-0.07657589867984937
Japan,2001,8,8,1,0.875,0.05681818181818182,0.4545454545454546,0.6092470659558227,0.4375,-0.1547016114103681
Korea (ROK),2001,4,4,0,1.0,0.0,,,,
Netherlands,2001,6,6,2,0.6666666666666666,0.15471264367816093,0.46413793103448275,0.6097307963821436,0.4964912280701755,-0.1455928653476608
New Zealand,2001,11,12,1,0.9166666666666666,0.03333333333333333,0.4,0.5692842415182412,0.39875000000000005,-0.16928424151824117
Norway,2001,15,11,0,1.0,0.0,,,,
Peru,2001,11,11,2,0.8181818181818182,0.1159090909090909,0.6375,0.6415743950735395,0.5272727272727273,-0.004074395073539572
Poland,2001,1,2,1,0.5,0.43103448275862066,0.8620689655172413,0.78,0.5172413793103448,0.0820689655172413
Russian Federation,2001,7,8,2,0.75,0.1477272727272727,0.5909090909090908,0.6387756128435281,0.5095000000000001,-0.0478665219344373
SCAR,2001,9,9,1,0.8888888888888888,0.07575757575757576,0.6818181818181819,0.5862750500860301,0.4,0.09554313173215179
South Africa,2001,4,4,0,1.0,0.0,,,,
Spain,2001,2,4,2,0.5,0.3,0.6,0.6904655172413793,0.5592068965517242,-0.0904655172413793
Sweden,2001,3,5,2,0.6,0.2,0.5,0.6611638752052545,0.5257142857142857,-0.16116387520525455
UNEP,2001,2,2,0,1.0,0.0,,,,
Ukraine,2001,1,1,0,1.0,0.0,,,,
United Kingdom,2001,13,14,3,0.7857142857142857,0.12303571428571429,0.5741666666666667,0.5732915911775258,0.48268906572354847,0.0008750754891408974
United States,2001,9,9,1,0.8888888888888888,0.05555555555555555,0.5,0.6057269225450006,0.44773706896551724,-0.1057269225450006
Uruguay,2001,9,10,2,0.8,0.10545454545454547,0.5272727272727273,0.6445690464098905,0.5135464190981432,-0.11729631913716321
WMO,2001,5,3,0,1.0,0.0,,,,
WTO,2001,1,1,0,1.0,0.0,,,,
ASOC,2002,8,8,3,0.625,0.22010489510489512,0.586946386946387,0.6002999075637007,0.5037780825496343,-0.013353520617313652
Argentina,2002,9,7,1,0.8571428571428571,0.08270676691729324,0.5789473684210527,0.600882024158895,0.48,-0.021934655737842368
Australia,2002,9,10,4,0.6,0.24076923076923076,0.6019230769230769,0.6014350147253862,0.5189006108833695,0.00048806219769070847
Belgium,2002,4,3,0,1.0,0.0,,,,
Brazil,2002,8,5,0,1.0,0.0,,,,
Bulgaria,2002,6,6,1,0.8333333333333334,0.0909090909090909,0.5454545454545454,0.6907407925407923,0.5,-0.14528624708624693
CCAMLR,2002,2,3,1,0.6666666666666666,0.25,0.75,0.7770369125127746,0.6,-0.027036912512774625
COMNAP,2002,8,8,1,0.875,0.07386363636363635,0.5909090909090908,0.6469964636303165,0.44999999999999996,-0.05608737272122566
Canada,2002,3,3,0,1.0,0.0,,,,
Chile,2002,10,11,2,0.8181818181818182,0.09893048128342247,0.5441176470588236,0.6022156201894792,0.4735576923076923,-0.05809797313065557
China,2002,5,6,1,0.8333333333333334,0.0909090909090909,0.5454545454545454,0.653875026950737,0.45423197492163014,-0.10842048149619155
Czechia,2002,1,2,1,0.5,0.24,0.48,0.704964938509766,0.5,-0.22496493850976607
Denmark,2002,1,1,0,1.0,0.0,,,,
Ecuador,2002,4,3,0,1.0,0.0,,,,
Finland,2002,3,4,1,0.75,0.16379310344827586,0.6551724137931034,0.6922514106583071,0.48,-0.03707899686520366
France,2002,4,5,2,0.6,0.21538461538461537,0.5384615384615384,0.628360738475076,0.5,-0.08989920001353757
Germany,2002,10,9,0,1.0,0.0,,,,
Greece,2002,2,2,0,1.0,0.0,,,,
IAATO,2002,8,6,1,0.8333333333333334,0.09803921568627451,0.5882352941176471,0.5952985434719368,0.3846153846153846,-0.007063249354289702
IHO,2002,1,1,0,1.0,0.0,,,,
IMO,2002,2,2,0,1.0,0.0,,,,
IUCN,2002,7,4,0,1.0,0.0,,,,
India,2002,5,6,1,0.8333333333333334,0.07291666666666667,0.4375,0.6692106127982903,0.4545454545454546,-0.2317106127982903
Italy,2002,8,9,3,0.6666666666666666,0.1813973063973064,0.5441919191919192,0.6317921649131268,0.5381006349971867,-0.08760024572120761
Japan,2002,8,8,1,0.875,0.04807692307692307,0.3846153846153846,0.6031462671100829,0.4375,-0.21853088249469832
Korea (ROK),2002,4,4,1,0.75,0.14,0.56,0.6941877763041555,0.48,-0.13418777630415546
Netherlands,2002,6,5,0,1.0,0.0,,,,
New Zealand,2002,12,11,2,0.8181818181818182,0.10029444239970556,0.5516194331983806,0.5795865374072477,0.47560096153846154,-0.027967104208867166
Norway,2002,11,12,2,0.8333333333333334,0.08189655172413793,0.49137931034482757,0.5663949653503413,0.4624688057040998,-0.07501565500551372
Peru,2002,11,11,1,0.9090909090909091,0.04363636363636363,0.48,0.6095581259880114,0.4375,-0.12955812598801142
Poland,2002,2,6,4,0.3333333333333333,0.3620689655172414,0.5431034482758621,0.6588324910211537,0.5596770004420867,-0.11572904274529161
Russian Federation,2002,8,8,1,0.875,0.06,0.48,0.6370276920830139,0.4545454545454546,-0.15702769208301393
SCAR,2002,9,12,4,0.6666666666666666,0.21144376456876457,0.6343312937062937,0.5872363424650062,0.5200320512820513,0.047094951241287486
South Africa,2002,4,3,0,1.0,0.0,,,,
Spain,2002,4,4,0,1.0,0.0,,,,
Sweden,2002,5,5,0,1.0,0.0,,,,
UNEP,2002,2,1,0,1.0,0.0,,,,
Ukraine,2002,1,3,2,0.3333333333333333,0.3867521367521367,0.5801282051282051,0.7927840959328029,0.5884455128205127,-0.2126558908045978
United Kingdom,2002,14,15,3,0.8,0.10784962406015038,0.5392481203007519,0.584798982744922,0.4972693972693973,-0.04555086244417017
United States,2002,9,7,0,1.0,0.0,,,,
Uruguay,2002,10,9,1,0.8888888888888888,0.0606060606060606,0.5454545454545454,0.6337581855895431,0.44999999999999996,-0.0883036401349977
WMO,2002,3,3,0,1.0,0.0,,,,
WTO,2002,1,1,0,1.0,0.0,,,,
ASOC,2003,8,11,3,0.7272727272727273,0.15471074380165287,0.5672727272727273,0.6043915822683064,0.5136363636363636,-0.0371188549955791
Argentina,2003,7,9,3,0.6666666666666666,0.19415306915306915,0.5824592074592074,0.6192853106839722,0.543058275058275,-0.03682610322476476
Australia,2003,10,11,2,0.8181818181818182,0.10072314049586777,0.5539772727272727,0.5774533943779433,0.46875,-0.02347612165067059
Belgium,2003,3,3,0,1.0,0.0,,,,
Brazil,2003,5,5,0,1.0,0.0,,,,
Bulgaria,2003,6,5,0,1.0,0.0,,,,
CCAMLR,2003,3,3,0,1.0,0.0,,,,
COMNAP,2003,8,8,1,0.875,0.07954545454545454,0.6363636363636364,0.6161221838906263,0.44999999999999996,0.020241452473010013
Canada,2003,3,3,0,1.0,0.0,,,,
Chile,2003,11,13,3,0.7692307692307693,0.11723372781065088,0.5080128205128205,0.6013772581566567,0.5052696078431372,-0.09336443764383617
China,2003,6,6,1,0.8333333333333334,0.10256410256410257,0.6153846153846154,0.6540494230414616,0.45423197492163014,-0.03866480765684621
Czechia,2003,2,3,1,0.6666666666666666,0.19696969696969693,0.5909090909090908,0.6715378345792138,0.5,-0.08062874367012296
Denmark,2003,1,1,0,1.0,0.0,,,,
Ecuador,2003,3,3,0,1.0,0.0,,,,
Estonia,2003,1,2,1,0.5,0.2272727272727273,0.4545454545454546,0.7063323218221583,0.56,-0.25178686727670374
Finland,2003,4,4,1,0.75,0.13,0.52,0.663301169950739,0.4545454545454546,-0.14330116995073894
France,2003,5,7,2,0.7142857142857143,0.17464114832535885,0.6112440191387559,0.6291234785214074,0.5136116152450091,-0.017879459382651453
Germany,2003,9,10,1,0.9,0.04482758620689655,0.4482758620689655,0.6299191933740909,0.48,-0.18164333130512533
Greece,2003,2,1,0,1.0,0.0,,,,
IAATO,2003,6,5,1,0.8,0.09,0.44999999999999996,0.6168570771689432,0.47058823529411764,-0.16685707716894327
IHO,2003,1,2,1,0.5,0.3,0.6,0.7718793304396752,0.6,-0.17187933043967518
IMO,2003,2,1,0,1.0,0.0,,,,
IUCN,2003,4,3,2,0.3333333333333333,0.35512820512820514,0.5326923076923077,0.6291121694926369,0.5127272727272727,-0.09641986180032924
India,2003,6,6,2,0.6666666666666666,0.17424242424242423,0.5227272727272727,0.6202773395721924,0.4995,-0.09755006684491974
Italy,2003,9,6,1,0.8333333333333334,0.07291666666666667,0.4375,0.615047106341934,0.4375,-0.17754710634193405
Japan,2003,8,10,2,0.8,0.10454545454545454,0.5227272727272727,0.6144313097859491,0.5,-0.09170403705867636
Korea (ROK),2003,4,5,1,0.8,0.09090909090909091,0.4545454545454546,0.6604623071423434,0.4545454545454546,-0.20591685259688886
Netherlands,2003,5,4,1,0.75,0.1477272727272727,0.5909090909090908,0.6553575763486006,0.5,-0.06444848543950976
New Zealand,2003,11,10,1,0.9,0.06875,0.6875,0.6083552422076162,0.4482758620689655,0.07914475779238384
Norway,2003,12,9,2,0.7777777777777778,0.11616161616161616,0.5227272727272727,0.5765990992624507,0.4659653092006033,-0.05387182653517797
Peru,2003,11,12,2,0.8333333333333334,0.09895833333333333,0.59375,0.622543551487168,0.505,-0.028793551487168
Poland,2003,6,7,1,0.8571428571428571,0.08035714285714286,0.5625,0.6486592838196286,0.47933333333333333,-0.08615928381962856
Romania,2003,3,3,0,1.0,0.0,,,,
Russian Federation,2003,8,10,3,0.7,0.19242424242424244,0.6414141414141414,0.6312497749791814,0.5353722747840395,0.010164366434959993
SCAR,2003,12,12,2,0.8333333333333334,0.10208333333333335,0.6125,0.5708645078987772,0.46920673076923075,0.04163549210122286
South Africa,2003,3,3,1,0.6666666666666666,0.14942528735632185,0.4482758620689655,0.7006059561128527,0.5,-0.2523300940438872
Spain,2003,4,8,4,0.5,0.3568965517241379,0.7137931034482758,0.6531452182832379,0.5492710446247464,0.06064788516503794
Sweden,2003,5,6,1,0.8333333333333334,0.07471264367816093,0.4482758620689655,0.6533744158478438,0.4482758620689655,-0.2050985537788783
UNEP,2003,1,2,1,0.5,0.3103448275862069,0.6206896551724138,0.7675862068965518,0.48275862068965514,-0.14689655172413796
Ukraine,2003,3,3,0,1.0,0.0,,,,
United Kingdom,2003,15,13,1,0.9230769230769231,0.038461538461538464,0.5,0.5534770636630904,0.375,-0.05347706366309035
United States,2003,7,5,1,0.8,0.10909090909090909,0.5454545454545454,0.609569999919745,0.4375,-0.06411545446519962
Uruguay,2003,9,8,2,0.75,0.13577586206896552,0.5431034482758621,0.6186475213347558,0.4912784090909091,-0.07554407305889366
WMO,2003,3,3,0,1.0,0.0,,,,
WTO,2003,1,1,0,1.0,0.0,,,,
ASOC,2004,11,12,2,0.8333333333333334,0.08416666666666667,0.505,0.5732705855736823,0.48761853448275866,-0.06827058557368226
Argentina,2004,9,8,1,0.875,0.0703125,0.5625,0.5924893516904433,0.45423197492163014,-0.029989351690443256
Australia,2004,11,11,1,0.9090909090909091,0.060606060606060615,0.6666666666666667,0.5628143800089807,0.43562500000000004,0.10385228665768609
Belgium,2004,3,4,2,0.5,0.23863636363636365,0.4772727272727273,0.650572997725736,0.5393416927899687,-0.17330027045300866
Brazil,2004,5,3,0,1.0,0.0,,,,
Bulgaria,2004,5,3,0,1.0,0.0,,,,
CCAMLR,2004,3,3,0,1.0,0.0,,,,
COMNAP,2004,8,7,1,0.8571428571428571,0.08571428571428572,0.6,0.6070052330218445,0.4545454545454546,-0.007005233021844526
Chile,2004,13,11,1,0.9090909090909091,0.04132231404958678,0.4545454545454546,0.5996155938031045,0.4375,-0.1450701392576499
China,2004,6,5,1,0.8,0.1,0.5,0.6586284851558177,0.45423197492163014,-0.15862848515581773
Czechia,2004,3,4,1,0.75,0.12,0.48,0.6721763363073708,0.5,-0.19217633630737085
Ecuador,2004,3,1,0,1.0,0.0,,,,
Estonia,2004,2,3,1,0.6666666666666666,0.16,0.48,0.6913064857707326,0.5,-0.21130648577073263
Finland,2004,4,5,2,0.6,0.1896551724137931,0.47413793103448276,0.6783080016332552,0.5448369905956113,-0.20417007059877246
France,2004,7,8,3,0.625,0.2296875,0.6124999999999999,0.6261532732215355,0.5206339712918661,-0.013653273221535533
Germany,2004,10,11,5,0.5454545454545454,0.2508703934244274,0.5519148655337404,0.626777233978434,0.5606306789701526,-0.07486236844469363
Greece,2004,1,1,0,1.0,0.0,,,,
IAATO,2004,5,5,1,0.8,0.13636363636363638,0.6818181818181819,0.6362717150665427,0.5,0.0455464667516392
IHO,2004,2,2,1,0.5,0.39473684210526316,0.7894736842105263,0.680875065889948,0.4545454545454546,0.10859861832057838
IUCN,2004,3,3,0,1.0,0.0,,,,
India,2004,6,6,2,0.6666666666666666,0.17027777777777778,0.5108333333333334,0.6370798149634698,0.526161858974359,-0.1262464816301364
Italy,2004,6,8,3,0.625,0.241349168073306,0.643597781528816,0.6374894154527014,0.5211061208906037,0.006108366076114535
Japan,2004,10,8,2,0.75,0.11603448275862069,0.46413793103448275,0.6299238932573779,0.4997485632183908,-0.1657859622228951
Korea (ROK),2004,5,5,2,0.6,0.2513157894736842,0.6282894736842105,0.6712662978204493,0.5394047186932849,-0.04297682413623882
Netherlands,2004,4,5,1,0.8,0.10909090909090909,0.5454545454545454,0.6881872921365314,0.48,-0.142732746681986
New Zealand,2004,10,12,3,0.75,0.14673659673659675,0.586946386946387,0.607392912961681,0.5343931623931625,-0.020446526015293953
Norway,2004,9,9,3,0.6666666666666666,0.20002913752913754,0.6000874125874126,0.6193290401993294,0.5139870689655173,-0.019241627611916834
Peru,2004,12,6,3,0.5,0.2340909090909091,0.4681818181818182,0.6118590486663615,0.5113309822361546,-0.14367723048454334
Poland,2004,7,7,1,0.8571428571428571,0.07142857142857142,0.5,0.6102056788039547,0.4375,-0.11020567880395471
Romania,2004,3,3,0,1.0,0.0,,,,
Russian Federation,2004,10,11,2,0.8181818181818182,0.10321678321678322,0.5676923076923077,0.6183762415043055,0.49961538461538463,-0.05068393381199776
SCAR,2004,12,10,0,1.0,0.0,,,,
South Africa,2004,3,6,4,0.3333333333333333,0.4386906197251024,0.6580359295876537,0.7197726368459126,0.6126808536291295,-0.06173670725825897
Spain,2004,8,8,1,0.875,0.078125,0.625,0.5956654293221991,0.4375,0.029334570677800875
Sweden,2004,6,5,1,0.8,0.08,0.4,0.6352991742875109,0.4,-0.2352991742875109
UNEP,2004,2,3,2,0.3333333333333333,0.4464609800362977,0.6696914700544465,0.6759247648902822,0.5480943738656987,-0.006233294835835679
Ukraine,2004,3,3,0,1.0,0.0,,,,
United Kingdom,2004,13,14,3,0.7857142857142857,0.13458646616541353,0.6280701754385966,0.5894817278754304,0.4931764705882353,0.03858844756316615
United States,2004,5,7,2,0.7142857142857143,0.16597402597402597,0.5809090909090909,0.6281466298560785,0.49,-0.04723753894698757
Uruguay,2004,8,8,2,0.75,0.14653846153846153,0.5861538461538461,0.6358056227747911,0.4998432601880878,-0.049651776620945
WMO,2004,3,1,0,1.0,0.0,,,,
ASOC,2005,12,13,2,0.8461538461538461,0.08019230769230769,0.52125,0.5872635908302758,0.4999375,-0.0660135908302758
ATS,2005,1,8,7,0.125,0.6215703414232825,0.7103661044837514,0.7751767611432018,0.7081462654992067,-0.0648106566594504
Argentina,2005,8,9,2,0.7777777777777778,0.11531986531986532,0.5189393939393939,0.5985709204644062,0.46875,-0.07963152652501226
Australia,2005,11,13,4,0.6923076923076923,0.14846153846153845,0.4825,0.5643642886661886,0.47838985934664247,-0.08186428866618861
Belgium,2005,4,5,1,0.8,0.10909090909090909,0.5454545454545454,0.66355718274466,0.48,-0.11810263729011461
Brazil,2005,3,5,2,0.6,0.22575757575757574,0.5643939393939393,0.6413966198988638,0.4746875,-0.07700268050492443
Bulgaria,2005,3,3,0,1.0,0.0,,,,
CCAMLR,2005,3,3,0,1.0,0.0,,,,
COMNAP,2005,7,10,3,0.7,0.17284090909090907,0.5761363636363636,0.6115190151467454,0.5287878787878788,-0.03538265151038189
Chile,2005,11,13,3,0.7692307692307693,0.11932938856015779,0.5170940170940171,0.6090683352285533,0.49669871794871795,-0.09197431813453616
China,2005,5,7,2,0.7142857142857143,0.16207792207792207,0.5672727272727273,0.6645564839150032,0.536833855799373,-0.09728375664227595
Czechia,2005,4,4,0,1.0,0.0,,,,
Ecuador,2005,1,3,2,0.3333333333333333,0.4166666666666667,0.625,0.7918742263483644,0.5833333333333334,-0.16687422634836435
Estonia,2005,3,3,0,1.0,0.0,,,,
Finland,2005,5,5,0,1.0,0.0,,,,
France,2005,8,9,1,0.8888888888888888,0.06666666666666667,0.6,0.6050161040531477,0.4375,-0.005016104053147674
Germany,2005,11,12,2,0.8333333333333334,0.09411421911421909,0.5646853146853146,0.5962066552700174,0.48320512820512823,-0.031521340584702795
Greece,2005,1,1,0,1.0,0.0,,,,
IAATO,2005,5,7,3,0.5714285714285714,0.27056277056277056,0.6313131313131314,0.6358105246567721,0.5451212121212121,-0.004497393343640743
IHO,2005,2,3,1,0.6666666666666666,0.22222222222222224,0.6666666666666667,0.6752044189254396,0.5431818181818182,-0.008537752258772846
IUCN,2005,3,4,1,0.75,0.1625,0.65,0.6891965030681216,0.5454545454545454,-0.03919650306812161
India,2005,6,7,2,0.7142857142857143,0.15142857142857144,0.53,0.6405780097058114,0.5099310344827587,-0.11057800970581133
Italy,2005,8,9,2,0.7777777777777778,0.11613984674329503,0.5226293103448276,0.6240949639341032,0.5034965034965035,-0.10146565358927562
Japan,2005,8,8,1,0.875,0.0625,0.5,0.6437509193983838,0.4545454545454546,-0.1437509193983838
Korea (ROK),2005,5,5,0,1.0,0.0,,,,
Netherlands,2005,5,6,1,0.8333333333333334,0.08,0.48,0.6743040004704559,0.4787272727272727,-0.19430400047045593
New Zealand,2005,12,10,0,1.0,0.0,,,,
Norway,2005,9,10,1,0.9,0.06999999999999999,0.7,0.617167818305409,0.4375,0.08283218169459095
Peru,2005,6,7,1,0.8571428571428571,0.07142857142857142,0.5,0.6541200830022972,0.48,-0.15412008300229718
Poland,2005,7,7,0,1.0,0.0,,,,
Romania,2005,3,4,1,0.75,0.11206896551724138,0.4482758620689655,0.6814139478337754,0.4784137931034483,-0.23313808576480988
Russian Federation,2005,11,11,0,1.0,0.0,,,,
SCAR,2005,10,10,0,1.0,0.0,,,,
South Africa,2005,6,7,2,0.7142857142857143,0.16033966033966032,0.5611888111888111,0.6329522847841814,0.5153736888111888,-0.07176347359537028
Spain,2005,8,9,1,0.8888888888888888,0.06565656565656565,0.5909090909090908,0.5783303387028793,0.4375,0.012578752206211519
Sweden,2005,5,9,4,0.5555555555555556,0.25564879564879567,0.5752097902097902,0.6497068253191478,0.573916083916084,-0.07449703510935757
UNEP,2005,3,4,1,0.75,0.17105263157894737,0.6842105263157895,0.6495158790850621,0.5263157894736843,0.03469464723072735
Ukraine,2005,3,4,1,0.75,0.20454545454545453,0.8181818181818181,0.6964989912386464,0.4482758620689655,0.12168282694317167
United Kingdom,2005,14,17,3,0.8235294117647058,0.1017156862745098,0.576388888888889,0.5757965530262691,0.479553492484527,0.0005923358626198638
United States,2005,7,9,2,0.7777777777777778,0.1385233918128655,0.6233552631578947,0.6102034881747109,0.4974147727272727,0.013151774983183762
Uruguay,2005,8,8,2,0.75,0.1346153846153846,0.5384615384615384,0.6059487023752109,0.47825,-0.06748716391367249
WMO,2005,1,1,0,1.0,0.0,,,,
ASOC,2006,13,13,2,0.8461538461538461,0.09076923076923077,0.59,0.5796726031341617,0.5085077751196172,0.010327396865838279
ATS,2006,8,9,1,0.8888888888888888,0.04861111111111111,0.4375,0.637902816715952,0.4482758620689655,-0.20040281671595195
Argentina,2006,9,12,5,0.5833333333333334,0.23303571428571426,0.5592857142857143,0.5942915613115399,0.526822192513369,-0.035005847025825654
Australia,2006,13,14,2,0.8571428571428571,0.07738095238095237,0.5416666666666666,0.5718781645381237,0.4686875,-0.03021149787145705
Belgium,2006,5,7,2,0.7142857142857143,0.18215994531784002,0.6375598086124401,0.65695513530987,0.5127272727272727,-0.019395326697429938
Brazil,2006,5,5,1,0.8,0.0875,0.4375,0.6265466612410577,0.4375,-0.18904666124105773
Bulgaria,2006,3,3,0,1.0,0.0,,,,
CCAMLR,2006,3,3,0,1.0,0.0,,,,
COMNAP,2006,10,12,2,0.8333333333333334,0.09053030303030303,0.5431818181818182,0.6019088029415248,0.4977272727272727,-0.05872698475970661
Chile,2006,13,13,1,0.9230769230769231,0.04545454545454545,0.5909090909090908,0.6093872852806423,0.4375,-0.018478194371551515
China,2006,7,8,1,0.875,0.08499999999999999,0.6799999999999999,0.6555047781761671,0.48,0.02449522182383279
Czechia,2006,4,4,0,1.0,0.0,,,,
Ecuador,2006,3,4,1,0.75,0.14473684210526316,0.5789473684210527,0.6990677591918064,0.4826206896551724,-0.12012039077075376
Estonia,2006,3,3,0,1.0,0.0,,,,
Finland,2006,5,5,0,1.0,0.0,,,,
France,2006,9,11,3,0.7272727272727273,0.17217630853994492,0.6313131313131314,0.5967208541993279,0.49709632034632034,0.03459227711380353
Germany,2006,12,11,1,0.9090909090909091,0.04363636363636363,0.48,0.5849372959303486,0.4482758620689655,-0.10493729593034862
Greece,2006,1,1,0,1.0,0.0,,,,
IAATO,2006,7,6,0,1.0,0.0,,,,
IHO,2006,3,4,1,0.75,0.20833333333333334,0.8333333333333334,0.642361859537388,0.5,0.19097147379594537
IUCN,2006,4,4,0,1.0,0.0,,,,
India,2006,7,8,1,0.875,0.07386363636363635,0.5909090909090908,0.6438493722475346,0.3846153846153846,-0.05294028133844375
Italy,2006,9,10,1,0.9,0.05454545454545454,0.5454545454545454,0.626666774182545,0.4375,-0.0812122287279996
Japan,2006,8,8,1,0.875,0.05681818181818182,0.4545454545454546,0.6622802076557655,0.4545454545454546,-0.20773475311031087
Korea (ROK),2006,5,7,2,0.7142857142857143,0.16418875242404654,0.5746606334841629,0.6589784599137206,0.5207532051282051,-0.08431782642955776
Netherlands,2006,6,6,0,1.0,0.0,,,,
New Zealand,2006,10,12,3,0.75,0.13483187134502925,0.539327485380117,0.6004322020759153,0.5295522533022532,-0.06110471669579831
Norway,2006,10,11,2,0.8181818181818182,0.11305361305361306,0.6217948717948718,0.601556467273652,0.49686520376175547,0.020238404521219833
Peru,2006,7,6,1,0.8333333333333334,0.09649122807017545,0.5789473684210527,0.64623334306347,0.48,-0.06728597464241737
Poland,2006,7,7,1,0.8571428571428571,0.0625,0.4375,0.6099494242826139,0.4375,-0.1724494242826139
Romania,2006,4,5,2,0.6,0.20800000000000002,0.52,0.6892012820512821,0.5585000000000001,-0.16920128205128204
Russian Federation,2006,11,12,3,0.75,0.1226447163947164,0.4905788655788656,0.6033596938174751,0.5124198717948718,-0.11278082823860952
SCAR,2006,10,10,1,0.9,0.05909090909090908,0.5909090909090908,0.6042575295358711,0.4375,-0.013348438626780257
South Africa,2006,7,8,1,0.875,0.06,0.48,0.6219138350071158,0.4787272727272727,-0.14191383500711585
Spain,2006,9,9,0,1.0,0.0,,,,
Sweden,2006,9,8,0,1.0,0.0,,,,
UNEP,2006,4,4,0,1.0,0.0,,,,
Ukraine,2006,4,5,1,0.8,0.096,0.48,0.6510922735310666,0.4545454545454546,-0.1710922735310666
United Kingdom,2006,17,16,2,0.875,0.0698051948051948,0.5584415584415584,0.5706145747204411,0.46139903846153846,-0.012173016278882676
United States,2006,9,8,1,0.875,0.06578947368421054,0.5263157894736843,0.602690050124306,0.4375,-0.0763742606506217
Uruguay,2006,8,9,2,0.7777777777777778,0.13383838383838384,0.6022727272727273,0.6157219777349087,0.5139317578972752,-0.013449250462181372
WMO,2006,1,1,0,1.0,0.0,,,,
ASOC,2007,13,13,2,0.8461538461538461,0.07823426573426574,0.5085227272727273,0.5800701162041225,0.5080357142857143,-0.07154738893139523
ATS,2007,9,9,0,1.0,0.0,,,,
Argentina,2007,12,11,1,0.9090909090909091,0.05844155844155843,0.6428571428571428,0.5947885916412685,0.4375,0.04806855121587428
Australia,2007,14,14,1,0.9285714285714286,0.03125,0.4375,0.556642910401758,0.4,-0.11914291040175795
Belarus,2007,1,2,1,0.5,0.35416666666666663,0.7083333333333333,0.7851102884846907,0.64,-0.0767769551513574
Belgium,2007,7,9,2,0.7777777777777778,0.11898989898989898,0.5354545454545454,0.632386511782984,0.531110576923077,-0.09693196632843859
Brazil,2007,5,6,1,0.8333333333333334,0.09027777777777779,0.5416666666666667,0.6121403635157945,0.4348557692307693,-0.07047369684912774
Bulgaria,2007,3,1,0,1.0,0.0,,,,
CCAMLR,2007,3,2,0,1.0,0.0,,,,
COMNAP,2007,12,13,2,0.8461538461538461,0.07888111888111887,0.5127272727272727,0.5914716187054823,0.5127272727272727,-0.07874434597820956
Canada,2007,1,1,0,1.0,0.0,,,,
Chile,2007,13,11,2,0.8181818181818182,0.09762396694214875,0.5369318181818181,0.6029110277948894,0.47363793103448276,-0.06597920961307124
China,2007,8,8,1,0.875,0.0546875,0.4375,0.6355044468653654,0.4666666666666667,-0.19800444686536545
Czechia,2007,4,4,0,1.0,0.0,,,,
Ecuador,2007,4,7,3,0.5714285714285714,0.24416666666666667,0.5697222222222222,0.6451114874985993,0.5160605457760631,-0.07538926527637702
Estonia,2007,3,2,0,1.0,0.0,,,,
Finland,2007,5,6,2,0.6666666666666666,0.17191142191142192,0.5157342657342657,0.6459812111716616,0.5227272727272727,-0.1302469454373959
France,2007,11,13,2,0.8461538461538461,0.07538461538461538,0.49,0.5815746994173844,0.5105411140583554,-0.09157469941738439
Germany,2007,11,12,3,0.75,0.14236263736263735,0.5694505494505494,0.5944673503061434,0.501641404572439,-0.02501680085559399
Greece,2007,1,1,0,1.0,0.0,,,,
IAATO,2007,6,8,2,0.75,0.16060371517027863,0.6424148606811145,0.6641436992133314,0.5431818181818182,-0.021728838532216854
IHO,2007,4,5,1,0.8,0.09,0.44999999999999996,0.6326508489570997,0.4545454545454546,-0.1826508489570997
IPY-IPO,2007,1,1,0,1.0,0.0,,,,
IUCN,2007,4,4,0,1.0,0.0,,,,
India,2007,8,9,1,0.8888888888888888,0.0625,0.5625,0.6299712065313605,0.4348557692307693,-0.06747120653136052
Italy,2007,10,11,1,0.9090909090909091,0.04075235109717868,0.4482758620689655,0.610676123090905,0.4375,-0.1624002610219395
Japan,2007,8,8,0,1.0,0.0,,,,
Korea (ROK),2007,7,7,0,1.0,0.0,,,,
Netherlands,2007,6,8,2,0.75,0.15886363636363635,0.6354545454545454,0.6716939018047537,0.5380384615384616,-0.03623935635020836
New Zealand,2007,12,17,5,0.7058823529411765,0.17721861471861472,0.60254329004329,0.580326971629399,0.5188859180035652,0.022216318413891045
Norway,2007,11,13,3,0.7692307692307693,0.14140667025282408,0.6127622377622377,0.6009023940400527,0.5082200486295314,0.01185984372218496
Peru,2007,6,8,2,0.75,0.14423076923076922,0.5769230769230769,0.6279471707512089,0.4827443181818181,-0.051024093828132
Poland,2007,7,4,1,0.75,0.12,0.48,0.6346474348926935,0.4348557692307693,-0.1546474348926935
Romania,2007,5,6,2,0.6666666666666666,0.17992424242424243,0.5397727272727273,0.6608660482212888,0.5364214190981432,-0.12109332094856151
Russian Federation,2007,12,12,3,0.75,0.137531328320802,0.550125313283208,0.603476293605301,0.5188552036199096,-0.053350980322092956
SCAR,2007,10,9,1,0.8888888888888888,0.04861111111111111,0.4375,0.5825740096110785,0.4375,-0.14507400961107852
South Africa,2007,8,9,1,0.8888888888888888,0.05555555555555555,0.5,0.6178208148933554,0.4545454545454546,-0.11782081489335539
Spain,2007,9,9,0,1.0,0.0,,,,
Sweden,2007,8,10,2,0.8,0.12142857142857144,0.6071428571428572,0.6076424227597516,0.5051185344827587,-0.0004995656168943485
UNEP,2007,4,6,2,0.6666666666666666,0.22252747252747251,0.6675824175824175,0.6289324670569814,0.53125,0.03864995052543618
Ukraine,2007,5,5,0,1.0,0.0,,,,
United Kingdom,2007,16,18,3,0.8333333333333334,0.08238636363636363,0.4943181818181818,0.5588306591528941,0.47245075757575755,-0.06451247733471227
United States,2007,8,8,1,0.875,0.08653846153846154,0.6923076923076923,0.5769339142704029,0.4375,0.11537377803728943
Uruguay,2007,9,10,1,0.9,0.0625,0.625,0.6282109845840789,0.5,-0.0032109845840788687
ACAP,2008,1,1,0,1.0,0.0,,,,
ASOC,2008,13,15,2,0.8666666666666667,0.07139393939393938,0.5354545454545454,0.5734917833187683,0.5,-0.03803723786422286
ATS,2008,9,9,0,1.0,0.0,,,,
Argentina,2008,11,11,1,0.9090909090909091,0.052631578947368425,0.5789473684210527,0.5831865966917144,0.38413461538461535,-0.004239228270661699
Australia,2008,14,14,2,0.8571428571428571,0.06999999999999999,0.49,0.5729052100085334,0.4732142857142857,-0.08290521000853346
Belarus,2008,2,2,0,1.0,0.0,,,,
Belgium,2008,9,10,1,0.9,0.05769230769230769,0.5769230769230769,0.6221182790271186,0.4482758620689655,-0.04519520210404171
Brazil,2008,6,7,2,0.7142857142857143,0.1875,0.65625,0.6256681933727193,0.48772945804195805,0.030581806627280717
Bulgaria,2008,1,2,2,0.0,0.75,0.75,0.7298775118559601,0.5454545454545454,0.02012248814403994
CCAMLR,2008,2,2,0,1.0,0.0,,,,
COMNAP,2008,13,13,1,0.9230769230769231,0.04307692307692308,0.56,0.5851532842580003,0.499,-0.02515328425800023
Canada,2008,1,1,0,1.0,0.0,,,,
Chile,2008,11,11,1,0.9090909090909091,0.04132231404958678,0.4545454545454546,0.6102819370609285,0.4545454545454546,-0.1557364825154739
China,2008,8,10,3,0.7,0.16691666666666669,0.5563888888888889,0.6116168975623323,0.5108437826541274,-0.05522800867344335
Czechia,2008,4,5,1,0.8,0.1,0.5,0.6722275862068966,0.5,-0.1722275862068966
Ecuador,2008,7,8,2,0.75,0.138125,0.5525,0.6248814801497745,0.49105113636363634,-0.07238148014977452
Estonia,2008,2,1,0,1.0,0.0,,,,
Finland,2008,6,5,0,1.0,0.0,,,,
France,2008,13,12,0,1.0,0.0,,,,
Germany,2008,12,12,1,0.9166666666666666,0.05263157894736842,0.631578947368421,0.5761379035407139,0.4375,0.05544104382770709
IAATO,2008,8,8,1,0.875,0.07954545454545454,0.6363636363636364,0.6106761794358744,0.44999999999999996,0.025687456927761976
IHO,2008,5,4,0,1.0,0.0,,,,
IPY-IPO,2008,1,1,0,1.0,0.0,,,,
IUCN,2008,4,3,0,1.0,0.0,,,,
India,2008,9,10,2,0.8,0.10625,0.53125,0.635010115184849,0.5025934410417169,-0.10376011518484896
Italy,2008,11,6,0,1.0,0.0,,,,
Japan,2008,8,8,0,1.0,0.0,,,,
Korea (ROK),2008,7,7,0,1.0,0.0,,,,
Netherlands,2008,8,7,0,1.0,0.0,,,,
New Zealand,2008,17,16,3,0.8125,0.10542582417582418,0.5622710622710622,0.5432373525043217,0.47915064102564103,0.01903370976674046
Norway,2008,13,13,1,0.9230769230769231,0.04195804195804195,0.5454545454545454,0.6122496611452614,0.4787272727272727,-0.06679511569071594
Peru,2008,8,8,0,1.0,0.0,,,,
Poland,2008,4,2,0,1.0,0.0,,,,
Romania,2008,6,7,2,0.7142857142857143,0.17984962406015037,0.6294736842105263,0.6531909952192393,0.5341923076923076,-0.023717311008712993
Russian Federation,2008,12,13,2,0.8461538461538461,0.09484265734265734,0.6164772727272727,0.5692529859712723,0.4844607843137255,0.04722428675600043
SCAR,2008,9,9,0,1.0,0.0,,,,
South Africa,2008,9,9,1,0.8888888888888888,0.05050505050505051,0.4545454545454546,0.602722677744838,0.3846153846153846,-0.14817722319938342
Spain,2008,9,9,3,0.6666666666666666,0.19444444444444445,0.5833333333333334,0.5804411962642946,0.4791666666666667,0.0028921370690387915
Sweden,2008,10,10,0,1.0,0.0,,,,
UNEP,2008,6,5,0,1.0,0.0,,,,
Ukraine,2008,5,7,3,0.5714285714285714,0.23523809523809525,0.5488888888888889,0.6483584813653779,0.539341552126035,-0.09946959247648901
United Kingdom,2008,18,17,2,0.8823529411764706,0.07381221719457014,0.6274038461538461,0.5469317055655725,0.4375,0.08047214058827368
United States,2008,8,10,2,0.8,0.10164473684210526,0.5082236842105263,0.6051570355783411,0.5,-0.09693335136781478
Uruguay,2008,10,10,2,0.8,0.11244019138755981,0.562200956937799,0.6261475782535674,0.5227272727272727,-0.06394662131576834
Venezuela,2008,1,2,1,0.5,0.27586206896551724,0.5517241379310345,0.7615517241379312,0.5172413793103448,-0.20982758620689668
ACAP,2009,1,2,1,0.5,0.3125,0.625,0.8680538666686327,0.7119047619047619,-0.2430538666686327
ASOC,2009,15,14,1,0.9285714285714286,0.03896103896103896,0.5454545454545454,0.5712598418595922,0.48,-0.025805296405046807
ATS,2009,9,10,1,0.9,0.048,0.48,0.6158610123995786,0.4482758620689655,-0.1358610123995786
Argentina,2009,11,11,1,0.9090909090909091,0.045454545454545456,0.5,0.5700527960078603,0.3846153846153846,-0.0700527960078603
Australia,2009,14,14,1,0.9285714285714286,0.04761904761904762,0.6666666666666667,0.5651670806400817,0.4,0.10149958602658504
Belarus,2009,2,2,0,1.0,0.0,,,,
Belgium,2009,10,10,2,0.8,0.13125,0.65625,0.6267150007689101,0.5137637147335423,0.02953499923108993
Brazil,2009,7,10,4,0.6,0.22553759398496237,0.563843984962406,0.5993349443584244,0.5199858058608059,-0.03549095939601843
Bulgaria,2009,2,4,2,0.5,0.3229166666666667,0.6458333333333334,0.7216088744835375,0.6051834130781499,-0.07577554115020413
CCAMLR,2009,2,2,0,1.0,0.0,,,,
COMNAP,2009,13,11,0,1.0,0.0,,,,
Canada,2009,1,2,1,0.5,0.3076923076923077,0.6153846153846154,0.8100663129973475,0.5163793103448275,-0.19468169761273213
Chile,2009,11,9,0,1.0,0.0,,,,
China,2009,10,9,0,1.0,0.0,,,,
Czechia,2009,5,3,0,1.0,0.0,,,,
Ecuador,2009,8,9,1,0.8888888888888888,0.04273504273504273,0.3846153846153846,0.619878687298787,0.4375,-0.23526330268340245
Finland,2009,5,5,2,0.6,0.2137651821862348,0.534412955465587,0.6490153257119735,0.5129048582995952,-0.11460237024638653
France,2009,12,12,1,0.9166666666666666,0.04,0.48,0.5857928797848889,0.4787272727272727,-0.10579287978488894
Germany,2009,12,12,2,0.8333333333333334,0.10020833333333334,0.6012500000000001,0.5812786593395306,0.4623760026737968,0.01997134066046946
IAATO,2009,8,7,0,1.0,0.0,,,,
IHO,2009,4,3,0,1.0,0.0,,,,
IPY-IPO,2009,1,1,0,1.0,0.0,,,,
IUCN,2009,3,3,0,1.0,0.0,,,,
India,2009,10,9,0,1.0,0.0,,,,
Italy,2009,6,7,1,0.8571428571428571,0.0625,0.4375,0.6046171718578919,0.4375,-0.16711717185789188
Japan,2009,8,8,0,1.0,0.0,,,,
Korea (ROK),2009,7,6,1,0.8333333333333334,0.08,0.48,0.6199282506317922,0.47058823529411764,-0.13992825063179226
Netherlands,2009,7,6,0,1.0,0.0,,,,
New Zealand,2009,16,14,0,1.0,0.0,,,,
Norway,2009,13,13,2,0.8461538461538461,0.08633674018289403,0.5611888111888111,0.5913734929916677,0.46703743315508023,-0.030184681802856606
Peru,2009,8,8,1,0.875,0.078125,0.625,0.621527677342941,0.3846153846153846,0.0034723226570589905
Poland,2009,2,2,0,1.0,0.0,,,,
Romania,2009,7,8,1,0.875,0.0673076923076923,0.5384615384615384,0.6008042292326548,0.4375,-0.062342690771116316
Russian Federation,2009,13,14,2,0.8571428571428571,0.08482142857142858,0.59375,0.5640400720947321,0.4684029749830967,0.02970992790526794
SCAR,2009,9,10,2,0.8,0.10714285714285714,0.5357142857142857,0.6018726268627017,0.5203841991341991,-0.06615834114841601
South Africa,2009,9,7,1,0.8571428571428571,0.08035714285714286,0.5625,0.610006689820535,0.45104895104895115,-0.047506689820534964
Spain,2009,9,7,0,1.0,0.0,,,,
Sweden,2009,10,9,0,1.0,0.0,,,,
UNEP,2009,5,4,0,1.0,0.0,,,,
Ukraine,2009,7,7,0,1.0,0.0,,,,
United Kingdom,2009,17,15,1,0.9333333333333333,0.035897435897435895,0.5384615384615384,0.552651171586056,0.4375,-0.014189633124517598
United States,2009,10,10,2,0.8,0.10454545454545454,0.5227272727272727,0.5875567596818297,0.47491071428571424,-0.06482948695455704
Uruguay,2009,10,10,1,0.9,0.05384615384615384,0.5384615384615384,0.5908749329017838,0.4375,-0.0524133944402454
Venezuela,2009,2,2,0,1.0,0.0,,,,
ACAP,2010,2,2,0,1.0,0.0,,,,
ASOC,2010,14,12,2,0.8333333333333334,0.09000000000000001,0.54,0.5687345050740334,0.49140340909090907,-0.028734505074033412
ATS,2010,10,1,0,1.0,0.0,,,,
Argentina,2010,11,11,2,0.8181818181818182,0.08522727272727272,0.46875,0.5721475754295348,0.46198492177194006,-0.10339757542953476
Australia,2010,14,13,2,0.8461538461538461,0.08522727272727272,0.5539772727272727,0.5715506893692585,0.45875,-0.01757341664198575
Belarus,2010,2,2,0,1.0,0.0,,,,
Belgium,2010,10,9,1,0.8888888888888888,0.0606060606060606,0.5454545454545454,0.6106167843312873,0.44999999999999996,-0.06516223887674188
Brazil,2010,10,10,0,1.0,0.0,,,,
Bulgaria,2010,4,4,0,1.0,0.0,,,,
CCAMLR,2010,2,2,0,1.0,0.0,,,,
COMNAP,2010,11,11,2,0.8181818181818182,0.08495867768595042,0.4672727272727273,0.5978409434494547,0.5043989661654136,-0.13056821617672743
Canada,2010,2,2,0,1.0,0.0,,,,
Chile,2010,9,10,1,0.9,0.06666666666666668,0.6666666666666667,0.5970966705419238,0.3846153846153846,0.0695699961247429
China,2010,9,8,0,1.0,0.0,,,,
Czechia,2010,3,2,0,1.0,0.0,,,,
Ecuador,2010,9,8,1,0.875,0.0703125,0.5625,0.6188620398632422,0.48275862068965514,-0.056362039863242175
Finland,2010,5,4,0,1.0,0.0,,,,
France,2010,12,15,4,0.7333333333333333,0.1559125085440875,0.5846719070403281,0.589778600955155,0.5343536115464994,-0.005106693914826876
Germany,2010,12,11,2,0.8181818181818182,0.09431818181818183,0.51875,0.5787115730931554,0.45391244468006636,-0.05996157309315531
IAATO,2010,7,6,1,0.8333333333333334,0.07291666666666667,0.4375,0.6150826453813497,0.4666666666666667,-0.1775826453813497
IHO,2010,3,2,0,1.0,0.0,,,,
IPY-IPO,2010,1,1,0,1.0,0.0,,,,
IUCN,2010,3,3,0,1.0,0.0,,,,
India,2010,9,8,0,1.0,0.0,,,,
Italy,2010,7,5,1,0.8,0.12307692307692308,0.6153846153846154,0.6139606092014814,0.4375,0.0014240061831339856
Japan,2010,8,9,2,0.7777777777777778,0.1111111111111111,0.5,0.6734484878173852,0.5650000000000001,-0.1734484878173852
Korea (ROK),2010,6,6,0,1.0,0.0,,,,
Netherlands,2010,6,4,0,1.0,0.0,,,,
New Zealand,2010,14,17,4,0.7647058823529411,0.12418586315645139,0.5277899184149184,0.574588530762479,0.5137272267206477,-0.04679861234756055
Norway,2010,13,10,1,0.9,0.06842105263157895,0.6842105263157895,0.5892008727903651,0.44773706896551724,0.09500965352542434
Peru,2010,8,6,0,1.0,0.0,,,,
Poland,2010,2,1,0,1.0,0.0,,,,
Romania,2010,8,8,2,0.75,0.15364583333333334,0.6145833333333334,0.6144832867147977,0.4922661713286713,0.00010004661853568741
Russian Federation,2010,14,15,2,0.8666666666666667,0.06314102564102564,0.4735576923076923,0.5379781394951086,0.44375,-0.06442044718741635
SCAR,2010,10,10,1,0.9,0.054166666666666675,0.5416666666666667,0.5942982373494624,0.4,-0.05263157068279567
South Africa,2010,7,6,2,0.6666666666666666,0.1818181818181818,0.5454545454545454,0.6029414379058008,0.5141065830721003,-0.05748689245125538
Spain,2010,7,9,3,0.6666666666666666,0.1736111111111111,0.5208333333333334,0.6024239105158984,0.49750145687645686,-0.08159057718256502
Sweden,2010,9,4,0,1.0,0.0,,,,
UNEP,2010,4,3,0,1.0,0.0,,,,
Ukraine,2010,7,7,0,1.0,0.0,,,,
United Kingdom,2010,15,15,4,0.7333333333333333,0.14262820512820512,0.5348557692307692,0.5656192306223633,0.49392924783549785,-0.030763461391594138
United States,2010,10,13,3,0.7692307692307693,0.11945266272189349,0.5176282051282052,0.5861369435399542,0.4890705128205128,-0.06850873841174898
Uruguay,2010,10,11,2,0.8181818181818182,0.09818181818181819,0.54,0.6043379983328919,0.4914772727272727,-0.06433799833289189
Venezuela,2010,2,2,0,1.0,0.0,,,,
ACAP,2011,2,2,0,1.0,0.0,,,,
ASOC,2011,12,14,3,0.7857142857142857,0.11342532467532467,0.5293181818181818,0.5692265229905202,0.5079196570972887,-0.039908341172338435
Argentina,2011,11,9,0,1.0,0.0,,,,
Australia,2011,13,13,3,0.7692307692307693,0.11692307692307692,0.5066666666666667,0.5714735231018699,0.5,-0.06480685643520323
Belarus,2011,2,1,0,1.0,0.0,,,,
Belgium,2011,9,8,0,1.0,0.0,,,,
Brazil,2011,10,9,0,1.0,0.0,,,,
Bulgaria,2011,4,6,2,0.6666666666666666,0.19505494505494503,0.5851648351648351,0.6877692189765058,0.5696573340874811,-0.1026043838116707
CCAMLR,2011,2,2,0,1.0,0.0,,,,
COMNAP,2011,11,10,1,0.9,0.06999999999999999,0.7,0.5916665853331928,0.4666666666666667,0.10833341466680713
Canada,2011,2,1,0,1.0,0.0,,,,
Chile,2011,10,10,1,0.9,0.03846153846153846,0.3846153846153846,0.6032095089959801,0.4482758620689655,-0.21859412438059556
China,2011,8,8,1,0.875,0.0546875,0.4375,0.5849669931346189,0.4375,-0.14746699313461886
Czechia,2011,2,2,1,0.5,0.32,0.64,0.7017057250221044,0.48,-0.06170572502210436
Ecuador,2011,8,8,1,0.875,0.09375,0.75,0.6317895810858832,0.48,0.11821041891411677
Finland,2011,4,5,1,0.8,0.11200000000000002,0.56,0.6870720286359312,0.5172413793103448,-0.12707202863593114
France,2011,15,11,0,1.0,0.0,,,,
Germany,2011,11,12,3,0.75,0.14897435897435898,0.5958974358974359,0.5773468424044195,0.495579133510168,0.018550593493016465
IAATO,2011,6,6,1,0.8333333333333334,0.09999999999999999,0.6,0.6215130563877602,0.5,-0.021513056387760243
IHO,2011,2,1,0,1.0,0.0,,,,
IMO,2011,1,1,0,1.0,0.0,,,,
IPY-IPO,2011,1,1,0,1.0,0.0,,,,
IUCN,2011,3,3,1,0.6666666666666666,0.2333333333333333,0.7,0.6875564068689042,0.4666666666666667,0.012443593131095776
India,2011,8,8,1,0.875,0.0703125,0.5625,0.6288355193434729,0.4375,-0.06633551934347293
Italy,2011,5,5,0,1.0,0.0,,,,
Japan,2011,9,9,0,1.0,0.0,,,,
Korea (ROK),2011,6,7,1,0.8571428571428571,0.0844155844155844,0.5909090909090908,0.6207819145313246,0.46153846153846156,-0.029872823622233757
Netherlands,2011,4,6,2,0.6666666666666666,0.21615384615384614,0.6484615384615384,0.663982668624479,0.5284615384615384,-0.015521130162940544
New Zealand,2011,17,15,1,0.9333333333333333,0.03846153846153846,0.5769230769230769,0.5434445602718515,0.375,0.033478516651225365
Norway,2011,10,11,2,0.8181818181818182,0.09090909090909091,0.5,0.5836965126665737,0.4903409090909091,-0.08369651266657374
Peru,2011,6,7,1,0.8571428571428571,0.07142857142857142,0.5,0.6090286298387211,0.3846153846153846,-0.10902862983872108
Poland,2011,1,1,0,1.0,0.0,,,,
Romania,2011,8,8,1,0.875,0.0859375,0.6875,0.6339715801893206,0.44509283819628653,0.05352841981067935
Russian Federation,2011,15,15,3,0.8,0.11226315789473684,0.5613157894736842,0.558980451651595,0.4999014778325123,0.0023353378220891674
SCAR,2011,10,11,2,0.8181818181818182,0.09772727272727272,0.5375,0.6059296467351107,0.4891666666666667,-0.06842964673511076
South Africa,2011,6,5,0,1.0,0.0,,,,
Spain,2011,9,9,0,1.0,0.0,,,,
Sweden,2011,4,3,0,1.0,0.0,,,,
UNEP,2011,3,4,1,0.75,0.15384615384615385,0.6153846153846154,0.6986324918875829,0.5,-0.0832478765029675
Ukraine,2011,7,8,1,0.875,0.09,0.72,0.6261667773459356,0.4697860962566845,0.09383322265406435
United Kingdom,2011,15,15,5,0.6666666666666666,0.17086363636363636,0.5125909090909091,0.5676528979292655,0.5207586578122423,-0.055061988838356446
United States,2011,13,13,2,0.8461538461538461,0.08838757396449705,0.5745192307692308,0.5911406505123911,0.47692307692307695,-0.016621419743160226
Uruguay,2011,11,12,2,0.8333333333333334,0.09191919191919191,0.5515151515151515,0.5980929315951121,0.46875,-0.04657778007996061
Venezuela,2011,2,2,0,1.0,0.0,,,,
ACAP,2012,2,2,0,1.0,0.0,,,,
ASOC,2012,14,13,1,0.9230769230769231,0.04524886877828054,0.5882352941176471,0.5596608959223403,0.4545454545454546,0.028574398195306827
Argentina,2012,9,8,2,0.75,0.1268028846153846,0.5072115384615384,0.6152729761012595,0.5135744168356998,-0.10806143763972109
Australia,2012,13,15,3,0.8,0.11185897435897436,0.5592948717948718,0.5699665426568972,0.4849166666666667,-0.010671670862025362
Belgium,2012,8,8,1,0.875,0.0625,0.5,0.5894816567053636,0.4545454545454546,-0.08948165670536357
Brazil,2012,9,10,1,0.9,0.05454545454545454,0.5454545454545454,0.5933125101456317,0.4375,-0.047857964691086274
Bulgaria,2012,6,6,0,1.0,0.0,,,,
CCAMLR,2012,2,2,0,1.0,0.0,,,,
COMNAP,2012,10,8,1,0.875,0.0703125,0.5625,0.606707283850362,0.4375,-0.04420728385036199
Canada,2012,1,1,0,1.0,0.0,,,,
Chile,2012,10,11,1,0.9090909090909091,0.04924242424242425,0.5416666666666667,0.6069977254955049,0.4611888111888112,-0.06533105882883816
China,2012,8,9,1,0.8888888888888888,0.05333333333333333,0.48,0.5903556761105696,0.4375,-0.11035567611056962
Czechia,2012,2,2,0,1.0,0.0,,,,
Ecuador,2012,8,7,0,1.0,0.0,,,,
Finland,2012,5,4,0,1.0,0.0,,,,
France,2012,11,9,0,1.0,0.0,,,,
Germany,2012,12,12,3,0.75,0.13141025641025642,0.5256410256410257,0.5627057141134727,0.49116763280579073,-0.03706468847244704
IAATO,2012,6,5,0,1.0,0.0,,,,
IHO,2012,1,1,0,1.0,0.0,,,,
IMO,2012,1,1,0,1.0,0.0,,,,
IPY-IPO,2012,1,1,0,1.0,0.0,,,,
IUCN,2012,3,4,2,0.5,0.25,0.5,0.6673089644110917,0.5520833333333334,-0.16730896441109167
India,2012,8,7,0,1.0,0.0,,,,
Italy,2012,5,5,0,1.0,0.0,,,,
Japan,2012,9,9,1,0.8888888888888888,0.07692307692307693,0.6923076923076923,0.6483162171313259,0.48,0.04399147517636637
Korea (ROK),2012,7,8,2,0.75,0.1146875,0.45875,0.6267820977910474,0.505837703962704,-0.16803209779104744
Netherlands,2012,6,7,2,0.7142857142857143,0.1709090909090909,0.5981818181818181,0.6310232884931161,0.5195000000000001,-0.032841470311297916
New Zealand,2012,15,16,2,0.875,0.0634014423076923,0.5072115384615384,0.5425613952630853,0.4461206896551724,-0.0353498568015469
Norway,2012,11,10,0,1.0,0.0,,,,
Peru,2012,7,4,0,1.0,0.0,,,,
Poland,2012,1,1,0,1.0,0.0,,,,
Portugal,2012,1,1,0,1.0,0.0,,,,
Romania,2012,8,9,1,0.8888888888888888,0.05333333333333333,0.48,0.6336302194931505,0.4375,-0.15363021949315048
Russian Federation,2012,15,16,3,0.8125,0.09375,0.5,0.5460130395303664,0.480727466977467,-0.046013039530366395
SCAR,2012,11,11,1,0.9090909090909091,0.05113636363636364,0.5625,0.630755388552055,0.4666666666666667,-0.06825538855205504
South Africa,2012,5,6,1,0.8333333333333334,0.08974358974358974,0.5384615384615384,0.6461685683267127,0.48,-0.10770702986517422
Spain,2012,9,9,1,0.8888888888888888,0.05333333333333333,0.48,0.5805896984129235,0.4375,-0.10058969841292353
Sweden,2012,3,2,1,0.5,0.25,0.5,0.6518596603300618,0.5,-0.15185966033006182
UNEP,2012,4,3,1,0.6666666666666666,0.17333333333333334,0.52,0.6826096552281391,0.48,-0.16260965522813908
Ukraine,2012,8,8,0,1.0,0.0,,,,
United Kingdom,2012,15,13,0,1.0,0.0,,,,
United States,2012,13,11,0,1.0,0.0,,,,
Uruguay,2012,12,11,0,1.0,0.0,,,,
Venezuela,2012,2,1,0,1.0,0.0,,,,
ACAP,2013,2,2,0,1.0,0.0,,,,
ASOC,2013,13,13,1,0.9230769230769231,0.04545454545454545,0.5909090909090908,0.5718788747536759,0.4545454545454546,0.019030216155414892
Argentina,2013,8,9,2,0.7777777777777778,0.09324009324009325,0.4195804195804196,0.6143210319508907,0.4981447963800905,-0.19474061237047113
Australia,2013,15,13,0,1.0,0.0,,,,
Belgium,2013,8,10,4,0.6,0.2100974025974026,0.5252435064935065,0.6224334638063087,0.5405657187639946,-0.09718995731280222
Brazil,2013,10,10,2,0.8,0.10882352941176472,0.5441176470588236,0.5868785149885789,0.47560096153846154,-0.04276086792975531
Bulgaria,2013,6,5,0,1.0,0.0,,,,
CCAMLR,2013,2,3,1,0.6666666666666666,0.2619047619047619,0.7857142857142857,0.7754912179774247,0.6482692307692308,0.010223067736860991
COMNAP,2013,8,11,3,0.7272727272727273,0.1506542699724518,0.55239898989899,0.6282629091265661,0.5428257575757576,-0.07586391922757618
Canada,2013,1,1,0,1.0,0.0,,,,
Chile,2013,11,11,1,0.9090909090909091,0.06993006993006992,0.7692307692307692,0.6161418255051355,0.4611888111888112,0.15308894372563364
China,2013,9,8,3,0.625,0.18760416666666666,0.5002777777777777,0.5964935000738499,0.5125000000000001,-0.09621572229607223
Czechia,2013,2,2,0,1.0,0.0,,,,
Ecuador,2013,7,8,1,0.875,0.0703125,0.5625,0.6429065802165167,0.48275862068965514,-0.0804065802165167
Finland,2013,4,3,0,1.0,0.0,,,,
France,2013,9,8,3,0.625,0.19886363636363635,0.5303030303030303,0.5948691123531641,0.5091982323232322,-0.06456608205013381
Germany,2013,12,14,4,0.7142857142857143,0.14438686313686314,0.5053540209790209,0.5752984185299327,0.498812095295678,-0.06994439755091175
IAATO,2013,5,6,2,0.6666666666666666,0.22120098039215685,0.6636029411764706,0.6613873772700438,0.5326923076923077,0.002215563906426743
IHO,2013,1,3,2,0.3333333333333333,0.3499999999999999,0.5249999999999999,0.7634025701310185,0.6499999999999999,-0.23840257013101862
IMO,2013,1,1,0,1.0,0.0,,,,
IPY-IPO,2013,1,1,0,1.0,0.0,,,,
IUCN,2013,4,4,0,1.0,0.0,,,,
India,2013,7,8,3,0.625,0.18286931818181817,0.4876515151515151,0.6295251272673688,0.5320360334110334,-0.14187361211585364
Italy,2013,5,9,4,0.5555555555555556,0.2443181818181818,0.5497159090909091,0.6066424003797927,0.5214238204324412,-0.05692649128888361
Japan,2013,9,9,2,0.7777777777777778,0.13666666666666666,0.615,0.6203862646654615,0.5125111626878868,-0.005386264665461549
Korea (ROK),2013,8,8,1,0.875,0.06770833333333334,0.5416666666666667,0.6107071840138084,0.4375,-0.06904051734714167
Netherlands,2013,7,9,2,0.7777777777777778,0.10606060606060606,0.4772727272727273,0.5985183369791129,0.4980440177638454,-0.12124560970638565
New Zealand,2013,16,15,5,0.6666666666666666,0.17803030303030304,0.5340909090909091,0.5423299648491254,0.482593284301905,-0.008239055758216374
Norway,2013,10,12,2,0.8333333333333334,0.09495192307692307,0.5697115384615384,0.5888859511683588,0.46008947230929986,-0.01917441270682041
Peru,2013,4,3,1,0.6666666666666666,0.20833333333333334,0.625,0.6798816302949924,0.4545454545454546,-0.05488163029499238
Poland,2013,1,1,0,1.0,0.0,,,,
Portugal,2013,1,1,0,1.0,0.0,,,,
Romania,2013,9,9,0,1.0,0.0,,,,
Russian Federation,2013,16,13,0,1.0,0.0,,,,
SCAR,2013,11,11,1,0.9090909090909091,0.05454545454545454,0.6,0.6150861623408264,0.49833333333333335,-0.015086162340826381
South Africa,2013,6,7,2,0.7142857142857143,0.13999999999999999,0.49,0.6336613522669103,0.5045673076923077,-0.14366135226691035
Spain,2013,9,9,2,0.7777777777777778,0.1111111111111111,0.5,0.5975498858730857,0.4806682692307692,-0.09754988587308566
Sweden,2013,2,2,0,1.0,0.0,,,,
UNEP,2013,3,3,0,1.0,0.0,,,,
Ukraine,2013,8,8,1,0.875,0.06818181818181818,0.5454545454545454,0.6190207642228179,0.4545454545454546,-0.07356621876827252
United Kingdom,2013,13,13,2,0.8461538461538461,0.08342760180995475,0.5422794117647058,0.5780906255486977,0.4602272727272727,-0.03581121378399188
United States,2013,11,11,1,0.9090909090909091,0.053475935828877004,0.5882352941176471,0.5911990821351703,0.44999999999999996,-0.0029637880175231723
Uruguay,2013,11,13,2,0.8461538461538461,0.08461538461538462,0.55,0.5838634933651541,0.47368278273450687,-0.03386349336515404
Venezuela,2013,1,3,2,0.3333333333333333,0.40598290598290604,0.608974358974359,0.7922215959328028,0.5696264367816092,-0.1832472369584438
WMO,2013,1,2,1,0.5,0.34615384615384615,0.6923076923076923,0.7437533156498674,0.4482758620689655,-0.05144562334217506
ASOC,2014,13,13,1,0.9230769230769231,0.03692307692307692,0.48,0.583866705305477,0.4611888111888112,-0.10386670530547704
ATS,2014,1,1,0,1.0,0.0,,,,
Argentina,2014,9,9,2,0.7777777777777778,0.13510101010101008,0.6079545454545454,0.6090760723463043,0.4951923076923077,-0.0011215268917589283
Australia,2014,13,13,2,0.8461538461538461,0.09590080971659919,0.6233552631578947,0.57577034085381,0.4814742647058824,0.04758492230408473
Austria,2014,1,1,0,1.0,0.0,,,,
Belarus,2014,1,2,1,0.5,0.4666666666666667,0.9333333333333333,0.8729108851256925,0.7142857142857143,0.060422448207640866
Belgium,2014,10,10,2,0.8,0.12085020242914979,0.604251012145749,0.5916980504296067,0.5,0.012552961716142286
Brazil,2014,10,8,1,0.875,0.04807692307692307,0.3846153846153846,0.6136277588097288,0.4545454545454546,-0.22901237419434417
Bulgaria,2014,5,4,0,1.0,0.0,,,,
CCAMLR,2014,3,3,0,1.0,0.0,,,,
COMNAP,2014,11,12,2,0.8333333333333334,0.1012820512820513,0.6076923076923078,0.6097977977091233,0.5189393939393939,-0.002105490016815592
Chile,2014,11,12,1,0.9166666666666666,0.03787878787878788,0.4545454545454546,0.5987068675168468,0.44999999999999996,-0.14416141297139218
China,2014,8,9,1,0.8888888888888888,0.0625,0.5625,0.6174913433884716,0.4545454545454546,-0.05499134338847156
Colombia,2014,1,1,0,1.0,0.0,,,,
Czechia,2014,2,2,0,1.0,0.0,,,,
Ecuador,2014,8,9,3,0.6666666666666666,0.20959595959595959,0.6287878787878788,0.6473473178666462,0.5414922248803827,-0.018559439078767448
Finland,2014,3,3,1,0.6666666666666666,0.24,0.72,0.6799515736798698,0.48,0.04004842632013017
France,2014,8,12,5,0.5833333333333334,0.2483333333333333,0.5960000000000001,0.6229008041474556,0.5542178235557546,-0.026900804147455548
Germany,2014,14,14,1,0.9285714285714286,0.03896103896103896,0.5454545454545454,0.5740059867083914,0.4375,-0.02855144125384601
IAATO,2014,6,6,0,1.0,0.0,,,,
IHO,2014,3,3,0,1.0,0.0,,,,
IMO,2014,1,1,0,1.0,0.0,,,,
IUCN,2014,4,3,0,1.0,0.0,,,,
India,2014,8,8,1,0.875,0.06770833333333334,0.5416666666666667,0.6167534650271973,0.4375,-0.07508679836053056
Italy,2014,9,9,1,0.8888888888888888,0.05555555555555555,0.5,0.6042262891373599,0.4545454545454546,-0.10422628913735987
Japan,2014,9,8,0,1.0,0.0,,,,
Korea (ROK),2014,8,8,0,1.0,0.0,,,,
Malaysia,2014,1,2,1,0.5,0.3846153846153846,0.7692307692307692,0.7535145888594164,0.5,0.015716180371352806
Netherlands,2014,9,9,0,1.0,0.0,,,,
New Zealand,2014,15,12,2,0.8333333333333334,0.10110722610722611,0.6066433566433567,0.5415507129787048,0.44375,0.06509264366465184
Norway,2014,12,13,2,0.8461538461538461,0.08057779324747649,0.5237556561085972,0.576841261590621,0.47413793103448276,-0.05308560548202379
Peru,2014,3,2,0,1.0,0.0,,,,
Poland,2014,1,2,1,0.5,0.2727272727272727,0.5454545454545454,0.6909997214530602,0.4375,-0.1455451759985148
Portugal,2014,1,2,1,0.5,0.34615384615384615,0.6923076923076923,0.7900549016746038,0.6218750000000001,-0.0977472093669115
Romania,2014,9,8,1,0.875,0.07386363636363635,0.5909090909090908,0.6145991333379264,0.44773706896551724,-0.023690042428835545
Russian Federation,2014,13,12,3,0.75,0.14934855521155832,0.5973942208462333,0.5966035804358506,0.5040849673202614,0.0007906404103826814
SCAR,2014,11,11,0,1.0,0.0,,,,
South Africa,2014,7,9,3,0.6666666666666666,0.2039766081871345,0.6119298245614035,0.6136031095014082,0.5138959176788124,-0.0016732849400046268
Spain,2014,9,7,0,1.0,0.0,,,,
Sweden,2014,2,3,1,0.6666666666666666,0.16666666666666666,0.5,0.7035444322745152,0.5,-0.20354443227451524
UNEP,2014,3,3,0,1.0,0.0,,,,
Ukraine,2014,8,7,0,1.0,0.0,,,,
United Kingdom,2014,13,12,1,0.9166666666666666,0.036458333333333336,0.4375,0.5995387271264019,0.4375,-0.16203872712640188
United States,2014,11,10,0,1.0,0.0,,,,
Uruguay,2014,13,12,0,1.0,0.0,,,,
Venezuela,2014,3,3,0,1.0,0.0,,,,
WMO,2014,2,3,1,0.6666666666666666,0.2456140350877193,0.736842105263158,0.7096738352391709,0.5769230769230769,0.02716827002398703
ASOC,2015,13,11,1,0.9090909090909091,0.051948051948051945,0.5714285714285714,0.5918277872882429,0.4545454545454546,-0.020399215859671527
ATS,2015,1,1,0,1.0,0.0,,,,
Argentina,2015,9,11,2,0.8181818181818182,0.07386363636363637,0.40625,0.603845569543353,0.47779876373626373,-0.197595569543353
Australia,2015,13,14,1,0.9285714285714286,0.03428571428571429,0.48,0.5550725672200651,0.43437500000000007,-0.07507256722006517
Austria,2015,1,1,0,1.0,0.0,,,,
Belarus,2015,2,3,1,0.6666666666666666,0.15,0.44999999999999996,0.7065767446904897,0.5909090909090908,-0.25657674469048974
Belgium,2015,10,9,0,1.0,0.0,,,,
Brazil,2015,8,8,1,0.875,0.07386363636363635,0.5909090909090908,0.6622223656587888,0.5163793103448275,-0.07131327474969795
Bulgaria,2015,4,5,1,0.8,0.13846153846153847,0.6923076923076923,0.6739474287678088,0.5,0.018360263539883515
CCAMLR,2015,3,4,1,0.75,0.15384615384615385,0.6153846153846154,0.7231648365584097,0.5454545454545454,-0.10778022117379427
COMNAP,2015,12,12,1,0.9166666666666666,0.05263157894736842,0.631578947368421,0.5777983613122758,0.44999999999999996,0.05378058605614522
Chile,2015,12,13,2,0.8461538461538461,0.07834319526627218,0.5092307692307692,0.5954718930135585,0.4752650439486139,-0.08624112378278936
China,2015,9,9,0,1.0,0.0,,,,
Colombia,2015,1,3,2,0.3333333333333333,0.4487179487179487,0.673076923076923,0.7455636604774537,0.5769230769230769,-0.07248673740053069
Czechia,2015,2,5,3,0.4,0.36578947368421055,0.6096491228070176,0.6642258205530931,0.5638428381962864,-0.05457669774607554
Ecuador,2015,9,7,1,0.8571428571428571,0.07142857142857142,0.5,0.6105185833625942,0.4375,-0.11051858336259424
Finland,2015,3,5,2,0.6,0.22400000000000003,0.56,0.6547003237043552,0.5578977272727272,-0.0947003237043551
France,2015,12,12,0,1.0,0.0,,,,
Germany,2015,14,11,1,0.9090909090909091,0.04958677685950413,0.5454545454545454,0.5674230261633673,0.4482758620689655,-0.021968480708821847
IAATO,2015,6,6,1,0.8333333333333334,0.09999999999999999,0.6,0.653432711557478,0.5454545454545454,-0.053432711557477974
IHO,2015,3,3,0,1.0,0.0,,,,
IMO,2015,1,1,0,1.0,0.0,,,,
IUCN,2015,3,3,0,1.0,0.0,,,,
India,2015,8,8,0,1.0,0.0,,,,
Italy,2015,9,9,1,0.8888888888888888,0.04273504273504273,0.3846153846153846,0.5976704552266886,0.3846153846153846,-0.21305507061130402
Japan,2015,8,7,0,1.0,0.0,,,,
Korea (ROK),2015,8,7,1,0.8571428571428571,0.08571428571428572,0.6,0.6180192193468963,0.46153846153846156,-0.01801921934689632
Malaysia,2015,2,3,1,0.6666666666666666,0.1923076923076923,0.5769230769230769,0.6975251989389919,0.44999999999999996,-0.12060212201591503
Netherlands,2015,9,10,1,0.9,0.052000000000000005,0.52,0.5978901248026021,0.45423197492163014,-0.07789012480260205
New Zealand,2015,12,13,3,0.7692307692307693,0.1261094674556213,0.5464743589743589,0.5613860022358754,0.48212885154061624,-0.014911643261516505
Norway,2015,13,13,3,0.7692307692307693,0.1201923076923077,0.5208333333333334,0.5738286973448778,0.4849364791288566,-0.05299536401154448
Peru,2015,2,2,0,1.0,0.0,,,,
Poland,2015,2,3,1,0.6666666666666666,0.1875,0.5625,0.6858899275633621,0.47787500000000005,-0.12338992756336209
Portugal,2015,2,3,1,0.6666666666666666,0.1282051282051282,0.3846153846153846,0.726393045142111,0.5602370689655173,-0.3417776605267264
Romania,2015,8,5,0,1.0,0.0,,,,
Russian Federation,2015,12,13,2,0.8461538461538461,0.07692307692307693,0.5,0.5847840409961467,0.4772727272727273,-0.08478404099614667
SCAR,2015,11,8,0,1.0,0.0,,,,
South Africa,2015,9,8,2,0.75,0.10807692307692307,0.4323076923076923,0.6174599445450639,0.4923076923076923,-0.18515225223737164
Spain,2015,7,8,1,0.875,0.0625,0.5,0.6044679325684517,0.44773706896551724,-0.10446793256845166
Sweden,2015,3,4,1,0.75,0.14423076923076922,0.5769230769230769,0.6600064077989907,0.5,-0.0830833308759138
UNEP,2015,3,3,0,1.0,0.0,,,,
Ukraine,2015,7,7,1,0.8571428571428571,0.07792207792207792,0.5454545454545454,0.6061769130294992,0.3846153846153846,-0.06072236757495375
United Kingdom,2015,12,13,2,0.8461538461538461,0.09187169106197447,0.597165991902834,0.6024355045738485,0.4951923076923077,-0.005269512671014498
United States,2015,10,11,2,0.8181818181818182,0.08367768595041322,0.4602272727272727,0.5997496305285405,0.49646998834498834,-0.13952235780126776
Uruguay,2015,12,9,1,0.8888888888888888,0.04273504273504273,0.3846153846153846,0.580458936449391,0.4375,-0.19584355183400637
Venezuela,2015,3,3,0,1.0,0.0,,,,
WMO,2015,3,3,0,1.0,0.0,,,,
ASOC,2016,11,10,1,0.9,0.046153846153846156,0.46153846153846156,0.575960113703065,0.47058823529411764,-0.11442165216460343
ATS,2016,1,1,0,1.0,0.0,,,,
Argentina,2016,11,12,3,0.75,0.13257575757575757,0.5303030303030303,0.6020206414463007,0.5150502275502276,-0.07171761114327047
Australia,2016,14,13,2,0.8461538461538461,0.07934373318988704,0.5157342657342657,0.5468492854599672,0.45743423961096374,-0.03111501972570152
Austria,2016,1,1,0,1.0,0.0,,,,
Belarus,2016,3,5,2,0.6,0.2711229946524064,0.677807486631016,0.7036598200658812,0.6081490384615384,-0.02585233343486526
Belgium,2016,9,9,1,0.8888888888888888,0.04273504273504273,0.3846153846153846,0.5935302475428382,0.4482758620689655,-0.20891486292745365
Brazil,2016,8,9,1,0.8888888888888888,0.05050505050505051,0.4545454545454546,0.6402743252237246,0.47952941176470587,-0.18572887067827004
Bulgaria,2016,5,3,0,1.0,0.0,,,,
CCAMLR,2016,4,4,0,1.0,0.0,,,,
COMNAP,2016,12,13,2,0.8461538461538461,0.07154384077461,0.465034965034965,0.5878533427576924,0.4749278846153846,-0.12281837772272741
Canada,2016,2,2,0,1.0,0.0,,,,
Chile,2016,13,10,3,0.7,0.1660839160839161,0.5536130536130536,0.590488862417539,0.5027651515151516,-0.03687580880448538
China,2016,9,7,1,0.8571428571428571,0.07428571428571429,0.52,0.6192575766067853,0.4545454545454546,-0.09925757660678525
Colombia,2016,3,5,2,0.6,0.21025641025641026,0.5256410256410257,0.6924320505634892,0.5294117647058824,-0.16679102492246356
Czechia,2016,5,5,1,0.8,0.1,0.5,0.6146140947376882,0.46153846153846156,-0.11461409473768824
Ecuador,2016,7,5,0,1.0,0.0,,,,
Finland,2016,5,5,1,0.8,0.1,0.5,0.6443216133680383,0.48,-0.14432161336803828
France,2016,12,13,1,0.9230769230769231,0.04615384615384615,0.6,0.5850660923739618,0.44999999999999996,0.01493390762603819
Germany,2016,11,9,0,1.0,0.0,,,,
IAATO,2016,6,9,3,0.6666666666666666,0.19328149920255183,0.5798444976076554,0.6463526351430697,0.5622474747474747,-0.06650813753541429
IHO,2016,3,3,0,1.0,0.0,,,,
IMO,2016,1,1,0,1.0,0.0,,,,
IUCN,2016,3,2,0,1.0,0.0,,,,
India,2016,8,8,1,0.875,0.09,0.72,0.6205269801699315,0.3846153846153846,0.09947301983006851
Italy,2016,9,6,1,0.8333333333333334,0.08333333333333333,0.5,0.6297449008453025,0.4375,-0.12974490084530255
Japan,2016,7,6,2,0.6666666666666666,0.2330827067669173,0.6992481203007519,0.630117986777288,0.5106965249662618,0.06913013352346387
Korea (ROK),2016,7,8,4,0.5,0.26593822843822845,0.5318764568764569,0.6219095435455348,0.5226726398601399,-0.09003308666907794
Malaysia,2016,3,3,0,1.0,0.0,,,,
Netherlands,2016,10,8,0,1.0,0.0,,,,
New Zealand,2016,13,17,4,0.7647058823529411,0.1254946524064171,0.5333522727272727,0.560911222413067,0.49751778394019774,-0.02755894968579431
Norway,2016,13,13,3,0.7692307692307693,0.11698717948717949,0.5069444444444444,0.569263244795547,0.4939255189255189,-0.0623188003511026
Peru,2016,2,1,0,1.0,0.0,,,,
Poland,2016,3,4,1,0.75,0.14423076923076922,0.5769230769230769,0.6287935670575643,0.4375,-0.05187049013448741
Portugal,2016,3,3,1,0.6666666666666666,0.18055555555555558,0.5416666666666667,0.7335856388904857,0.5172413793103448,-0.19191897222381893
Romania,2016,5,3,0,1.0,0.0,,,,
Russian Federation,2016,13,11,1,0.9090909090909091,0.04363636363636363,0.48,0.566997684941122,0.4375,-0.08699768494112203
SCAR,2016,8,9,2,0.7777777777777778,0.12703703703703703,0.5716666666666667,0.6108667275000186,0.50975,-0.039200060833351924
South Africa,2016,8,9,1,0.8888888888888888,0.06222222222222223,0.56,0.6365624768847038,0.47058823529411764,-0.07656247688470375
Spain,2016,8,8,1,0.875,0.0859375,0.6875,0.587211573100784,0.4375,0.10028842689921602
Sweden,2016,4,5,1,0.8,0.12631578947368421,0.631578947368421,0.6564653436000318,0.5,-0.02488639623161082
UNEP,2016,3,2,0,1.0,0.0,,,,
Ukraine,2016,7,4,1,0.75,0.125,0.5,0.6047526193633952,0.3846153846153846,-0.1047526193633952
United Kingdom,2016,13,15,2,0.8666666666666667,0.06383333333333334,0.47875,0.5928794963792567,0.4769736842105263,-0.11412949637925673
United States,2016,11,11,1,0.9090909090909091,0.05785123966942149,0.6363636363636364,0.583695560659315,0.4545454545454546,0.052668075704321304
Uruguay,2016,9,5,1,0.8,0.1,0.5,0.5919931885278701,0.4545454545454546,-0.09199318852787008
Venezuela,2016,3,3,0,1.0,0.0,,,,
WMO,2016,3,6,3,0.5,0.3211538461538462,0.6423076923076924,0.663447514901916,0.5638950160547257,-0.021139822594223645
ASOC,2017,10,11,1,0.9090909090909091,0.04958677685950413,0.5454545454545454,0.5966262143220468,0.44999999999999996,-0.05117166886750135
ATS,2017,1,1,0,1.0,0.0,,,,
Argentina,2017,12,13,2,0.8461538461538461,0.08920491273432449,0.5798319327731092,0.5862969128083019,0.4914772727272727,-0.006464980035192691
Australia,2017,13,15,3,0.8,0.09621568627450981,0.4810784313725491,0.5711234120342132,0.4760630341880342,-0.09004498066166416
Austria,2017,1,1,0,1.0,0.0,,,,
Belarus,2017,5,7,2,0.7142857142857143,0.15584415584415584,0.5454545454545454,0.6693665282486276,0.539923076923077,-0.12391198279408222
Belgium,2017,9,10,2,0.8,0.10425,0.52125,0.6174387531517183,0.5085227272727273,-0.09618875315171826
Brazil,2017,9,8,0,1.0,0.0,,,,
Bulgaria,2017,3,2,0,1.0,0.0,,,,
CCAMLR,2017,4,4,0,1.0,0.0,,,,
COMNAP,2017,13,13,1,0.9230769230769231,0.03496503496503497,0.4545454545454546,0.5911378477061887,0.4545454545454546,-0.13659239316073413
Canada,2017,2,2,0,1.0,0.0,,,,
Chile,2017,10,12,3,0.75,0.131875,0.5275,0.5908030778805373,0.5019070855614973,-0.06330307788053735
China,2017,7,7,1,0.8571428571428571,0.07142857142857142,0.5,0.6221222202479916,0.4666666666666667,-0.12212222024799158
Colombia,2017,5,5,0,1.0,0.0,,,,
Czechia,2017,5,5,0,1.0,0.0,,,,
Ecuador,2017,5,7,3,0.5714285714285714,0.20292207792207792,0.47348484848484845,0.6214081638080277,0.5293042929292929,-0.1479233153231792
Finland,2017,5,6,2,0.6666666666666666,0.2152777777777778,0.6458333333333334,0.6526895114055992,0.5414743589743589,-0.006856178072265795
France,2017,13,12,0,1.0,0.0,,,,
Germany,2017,9,11,2,0.8181818181818182,0.09477272727272727,0.52125,0.5932377694078278,0.49,-0.0719877694078278
IAATO,2017,9,8,0,1.0,0.0,,,,
IHO,2017,3,3,0,1.0,0.0,,,,
IMO,2017,1,1,0,1.0,0.0,,,,
IPCC,2017,1,1,0,1.0,0.0,,,,
India,2017,8,8,0,1.0,0.0,,,,
Italy,2017,6,8,2,0.75,0.14204545454545453,0.5681818181818181,0.6413824240943569,0.5255658709106985,-0.07320060591253874
Japan,2017,6,6,1,0.8333333333333334,0.11458333333333333,0.6875,0.6017774053532674,0.3846153846153846,0.0857225946467326
Korea (ROK),2017,8,9,1,0.8888888888888888,0.05333333333333333,0.48,0.6036538688927527,0.4482758620689655,-0.12365386889275276
Malaysia,2017,3,3,0,1.0,0.0,,,,
Monaco,2017,1,2,1,0.5,0.28125,0.5625,0.7528250839130977,0.5625,-0.19032508391309766
Netherlands,2017,8,7,1,0.8571428571428571,0.08241758241758242,0.5769230769230769,0.6010247957577812,0.4545454545454546,-0.024101718834704355
New Zealand,2017,17,14,1,0.9285714285714286,0.03125,0.4375,0.5694470778376458,0.4375,-0.1319470778376458
Norway,2017,13,12,0,1.0,0.0,,,,
Peru,2017,1,4,3,0.25,0.5284690799396682,0.7046254399195576,0.716548279913182,0.5832386363636364,-0.011922839993624423
Poland,2017,4,6,2,0.6666666666666666,0.19791666666666666,0.59375,0.6355872297771799,0.5068509615384615,-0.04183722977717985
Portugal,2017,3,3,0,1.0,0.0,,,,
Romania,2017,3,3,1,0.6666666666666666,0.1282051282051282,0.3846153846153846,0.633488149350205,0.4603365384615385,-0.24887276473482045
Russian Federation,2017,11,13,2,0.8461538461538461,0.08012820512820513,0.5208333333333334,0.5930009192397404,0.4686508082856967,-0.07216758590640704
SCAR,2017,9,10,2,0.8,0.10083333333333333,0.5041666666666667,0.611235768541803,0.5107916666666666,-0.1070691018751363
South Africa,2017,9,8,0,1.0,0.0,,,,
Spain,2017,8,8,1,0.875,0.0703125,0.5625,0.5923206434214694,0.4375,-0.029820643421469395
Sweden,2017,5,6,1,0.8333333333333334,0.10416666666666667,0.625,0.6306683672164816,0.4482758620689655,-0.005668367216481562
Türkiye,2017,1,4,3,0.25,0.4174679487179487,0.5566239316239315,0.7865754126142057,0.6399038461538462,-0.22995148099027418
Ukraine,2017,4,3,0,1.0,0.0,,,,
United Kingdom,2017,15,16,2,0.875,0.05228365384615385,0.4182692307692308,0.5959391087791963,0.47688970588235297,-0.17766987800996553
United States,2017,11,13,2,0.8461538461538461,0.08522727272727272,0.5539772727272727,0.5893005164453621,0.5,-0.03532324371808937
Uruguay,2017,5,5,0,1.0,0.0,,,,
Venezuela,2017,3,3,0,1.0,0.0,,,,
WMO,2017,6,7,1,0.8571428571428571,0.0773809523809524,0.5416666666666667,0.6651598053338071,0.4545454545454546,-0.1234931386671404
ASOC,2018,11,9,2,0.7777777777777778,0.13636363636363635,0.6136363636363635,0.5804603697055142,0.49988636363636363,0.03317599393084936
Argentina,2018,13,15,3,0.8,0.08667557932263815,0.43337789661319076,0.5627331373816093,0.4956105169340464,-0.1293552407684186
Australia,2018,15,12,2,0.8333333333333334,0.09027777777777778,0.5416666666666666,0.5679865024216825,0.48048076923076927,-0.02631983575501584
Belarus,2018,7,8,2,0.75,0.13386363636363635,0.5354545454545454,0.6271292745878192,0.49208041958041954,-0.09167472913327379
Belgium,2018,10,10,1,0.9,0.03846153846153846,0.3846153846153846,0.5993462799073279,0.4482758620689655,-0.21473089529194334
Brazil,2018,8,10,2,0.8,0.10709090909090908,0.5354545454545454,0.6184128959182698,0.5089954751131222,-0.08295835046372435
Bulgaria,2018,2,2,0,1.0,0.0,,,,
CCAMLR,2018,4,3,0,1.0,0.0,,,,
COMNAP,2018,13,11,0,1.0,0.0,,,,
Canada,2018,2,2,0,1.0,0.0,,,,
Chile,2018,12,12,1,0.9166666666666666,0.05333333333333334,0.64,0.5922825360935815,0.44991379310344826,0.04771746390641851
China,2018,7,8,1,0.875,0.07,0.56,0.6214197429234408,0.3846153846153846,-0.06141974292344077
Colombia,2018,5,4,0,1.0,0.0,,,,
Czechia,2018,5,5,0,1.0,0.0,,,,
Ecuador,2018,7,6,1,0.8333333333333334,0.0641025641025641,0.3846153846153846,0.6156057101448662,0.4375,-0.23099032552948162
Finland,2018,6,6,0,1.0,0.0,,,,
France,2018,12,13,4,0.6923076923076923,0.16560084652189916,0.5382027511961722,0.5868313902432173,0.5213091441060007,-0.048628639047045064
Germany,2018,11,9,0,1.0,0.0,,,,
IAATO,2018,8,7,0,1.0,0.0,,,,
IGP&I Clubs,2018,1,1,0,1.0,0.0,,,,
IHO,2018,3,1,0,1.0,0.0,,,,
IMO,2018,1,1,0,1.0,0.0,,,,
IOPC Funds,2018,1,1,0,1.0,0.0,,,,
IPCC,2018,1,1,0,1.0,0.0,,,,
Iceland,2018,1,1,0,1.0,0.0,,,,
India,2018,8,7,0,1.0,0.0,,,,
Italy,2018,8,7,1,0.8571428571428571,0.0989010989010989,0.6923076923076923,0.6389580505247927,0.4375,0.05334964178289958
Japan,2018,6,4,1,0.75,0.18,0.72,0.589987950833818,0.3846153846153846,0.13001204916618192
Kazakhstan,2018,1,1,0,1.0,0.0,,,,
Korea (ROK),2018,9,10,2,0.8,0.1550877192982456,0.775438596491228,0.5972843831040406,0.4914772727272727,0.1781542133871874
Malaysia,2018,3,2,0,1.0,0.0,,,,
Monaco,2018,2,2,0,1.0,0.0,,,,
Netherlands,2018,7,9,2,0.7777777777777778,0.1337719298245614,0.6019736842105263,0.6118070738623144,0.48155594405594404,-0.009833389651788038
New Zealand,2018,14,13,3,0.7692307692307693,0.11669580419580419,0.5056818181818182,0.572909800110865,0.4819940476190476,-0.06722798192904678
Norway,2018,12,13,2,0.8461538461538461,0.08722527472527472,0.5669642857142857,0.5875569169040898,0.4707692307692308,-0.020592631189804145
Peru,2018,4,3,0,1.0,0.0,,,,
Poland,2018,6,6,1,0.8333333333333334,0.09615384615384615,0.5769230769230769,0.6103717216313631,0.4375,-0.033448644708286235
Portugal,2018,3,3,0,1.0,0.0,,,,
Romania,2018,3,4,2,0.5,0.3269230769230769,0.6538461538461539,0.6679920183171691,0.5394230769230769,-0.01414586447101529
Russian Federation,2018,13,14,3,0.7857142857142857,0.10267857142857142,0.4791666666666667,0.6073974931013911,0.5046085021300538,-0.12823082643472444
SCAR,2018,10,9,0,1.0,0.0,,,,
South Africa,2018,8,9,1,0.8888888888888888,0.0606060606060606,0.5454545454545454,0.6408345371826849,0.4545454545454546,-0.09537999172813949
Spain,2018,8,8,0,1.0,0.0,,,,
Sweden,2018,6,6,1,0.8333333333333334,0.11403508771929825,0.6842105263157895,0.6401101729819768,0.49741379310344835,0.04410035333381268
Türkiye,2018,4,5,1,0.8,0.14166666666666666,0.7083333333333333,0.7182145225464192,0.5,-0.009881189213085895
Ukraine,2018,3,5,2,0.6,0.2972222222222222,0.7430555555555556,0.6948743788016901,0.5657894736842105,0.04818117675386546
United Kingdom,2018,16,13,0,1.0,0.0,,,,
United States,2018,13,14,3,0.7857142857142857,0.12034840159840159,0.5616258741258741,0.5764784647478306,0.49615384615384617,-0.01485259062195654
Uruguay,2018,5,4,1,0.75,0.13541666666666669,0.5416666666666667,0.6275754833868491,0.4482758620689655,-0.08590881672018236
Venezuela,2018,3,2,0,1.0,0.0,,,,
WMO,2018,7,6,0,1.0,0.0,,,,
ACAP,2019,1,1,0,1.0,0.0,,,,
ASOC,2019,9,9,1,0.8888888888888888,0.059829059829059825,0.5384615384615384,0.5951810920879886,0.44999999999999996,-0.0567195536264502
Argentina,2019,15,13,1,0.9230769230769231,0.038461538461538464,0.5,0.5954809987039756,0.4545454545454546,-0.09548099870397564
Australia,2019,12,13,2,0.8461538461538461,0.07834319526627218,0.5092307692307692,0.5727233652879185,0.46875,-0.0634925960571493
Belarus,2019,8,9,1,0.8888888888888888,0.05555555555555555,0.5,0.6015943171397479,0.3846153846153846,-0.10159431713974787
Belgium,2019,10,8,2,0.75,0.15192307692307694,0.6076923076923078,0.6061906728329142,0.5194030825496342,0.0015016348593935858
Brazil,2019,10,8,0,1.0,0.0,,,,
Bulgaria,2019,2,3,1,0.6666666666666666,0.1282051282051282,0.3846153846153846,0.6757133081768236,0.5172413793103448,-0.29109792356143904
CCAMLR,2019,3,4,1,0.75,0.2,0.8,0.7510917014020461,0.5769230769230769,0.04890829859795398
COMNAP,2019,11,10,1,0.9,0.04375,0.4375,0.6280910382476318,0.47058823529411764,-0.1905910382476318
Canada,2019,2,2,0,1.0,0.0,,,,
Chile,2019,12,11,0,1.0,0.0,,,,
China,2019,8,8,1,0.875,0.058333333333333334,0.4666666666666667,0.6083385639693035,0.3846153846153846,-0.14167189730263685
Colombia,2019,4,5,1,0.8,0.1411764705882353,0.7058823529411764,0.7033266312039266,0.47058823529411764,0.0025557217372498275
Czechia,2019,5,6,1,0.8333333333333334,0.09649122807017545,0.5789473684210527,0.6284860427004937,0.4482758620689655,-0.04953867427944103
Ecuador,2019,6,6,1,0.8333333333333334,0.0625,0.375,0.62240113977188,0.47058823529411764,-0.24740113977188005
Finland,2019,6,6,1,0.8333333333333334,0.09999999999999999,0.6,0.6256575860507416,0.46947261663286005,-0.025657586050741643
France,2019,13,10,1,0.9,0.06,0.6,0.5770992765312691,0.4375,0.022900723468730844
Germany,2019,9,9,2,0.7777777777777778,0.13076923076923075,0.5884615384615384,0.5997197382558991,0.4995,-0.011258199794360713
IAATO,2019,7,7,2,0.7142857142857143,0.17965367965367965,0.6287878787878788,0.6148747705247197,0.4977272727272727,0.013913108263159057
IGP&I Clubs,2019,1,1,0,1.0,0.0,,,,
IHO,2019,1,1,0,1.0,0.0,,,,
IMO,2019,1,1,0,1.0,0.0,,,,
IOPC Funds,2019,1,1,0,1.0,0.0,,,,
IPCC,2019,1,1,0,1.0,0.0,,,,
Iceland,2019,1,1,0,1.0,0.0,,,,
India,2019,7,7,1,0.8571428571428571,0.05494505494505494,0.3846153846153846,0.6160923173851165,0.3846153846153846,-0.2314769327697319
Italy,2019,7,9,2,0.7777777777777778,0.11393939393939394,0.5127272727272727,0.6306339746233802,0.5098958333333333,-0.11790670189610752
Japan,2019,4,5,1,0.8,0.1375,0.6875,0.6416795323928944,0.49741379310344835,0.045820467607105564
Kazakhstan,2019,1,1,0,1.0,0.0,,,,
Korea (ROK),2019,10,12,2,0.8333333333333334,0.08570075757575757,0.5142045454545454,0.593819005160498,0.4968465049771765,-0.0796144597059526
Malaysia,2019,2,1,0,1.0,0.0,,,,
Monaco,2019,2,3,1,0.6666666666666666,0.20833333333333334,0.625,0.7305396799208052,0.5625,-0.10553967992080515
Netherlands,2019,9,9,2,0.7777777777777778,0.12268518518518519,0.5520833333333334,0.5919385860394187,0.4813701923076923,-0.039855252706085365
New Zealand,2019,13,14,2,0.8571428571428571,0.07446428571428572,0.52125,0.5745044037520963,0.49,-0.053254403752096335
Norway,2019,13,13,2,0.8461538461538461,0.0776192133658197,0.504524886877828,0.5724677080694829,0.4739694960212202,-0.06794282119165485
Peru,2019,3,5,2,0.6,0.22598039215686275,0.5649509803921569,0.7210513549339881,0.5825226244343891,-0.15610037454183123
Poland,2019,6,8,2,0.75,0.14204545454545453,0.5681818181818181,0.6273556125967197,0.5391666666666667,-0.05917379441490156
Portugal,2019,3,7,4,0.42857142857142855,0.4098901098901098,0.7173076923076922,0.7314366434571176,0.6304807692307692,-0.014128951149425362
Romania,2019,4,4,0,1.0,0.0,,,,
Russian Federation,2019,14,9,1,0.8888888888888888,0.05555555555555555,0.5,0.6022543900336523,0.45104895104895115,-0.10225439003365233
SCAR,2019,9,12,3,0.75,0.12999084249084247,0.5199633699633699,0.5876967660804375,0.49612179487179486,-0.06773339611706763
South Africa,2019,9,7,1,0.8571428571428571,0.0989010989010989,0.6923076923076923,0.623961277315617,0.4545454545454546,0.06834641499207528
Spain,2019,8,10,3,0.7,0.1692307692307692,0.564102564102564,0.5981897251518395,0.5204023279352227,-0.03408716104927556
Sweden,2019,6,6,1,0.8333333333333334,0.08333333333333333,0.5,0.6309029431403324,0.5,-0.13090294314033235
Türkiye,2019,5,5,1,0.8,0.1,0.5,0.6604520986113278,0.4985294117647059,-0.1604520986113278
Ukraine,2019,5,7,2,0.7142857142857143,0.17264314632735683,0.604251012145749,0.6262536257270243,0.525705329153605,-0.02200261358127531
United Kingdom,2019,13,12,1,0.9166666666666666,0.04487179487179487,0.5384615384615384,0.6026115492327085,0.4545454545454546,-0.06415001077117011
United States,2019,14,11,0,1.0,0.0,,,,
Uruguay,2019,4,5,1,0.8,0.1,0.5,0.647211046930988,0.4375,-0.14721104693098797
Venezuela,2019,2,2,0,1.0,0.0,,,,
WMO,2019,6,6,1,0.8333333333333334,0.08333333333333333,0.5,0.67600520241253,0.4482758620689655,-0.17600520241253004
ACAP,2020,1,1,0,1.0,0.0,,,,
ASOC,2020,9,8,0,1.0,0.0,,,,
Argentina,2020,13,13,1,0.9230769230769231,0.04395604395604395,0.5714285714285714,0.5835865816878281,0.4375,-0.012158010259256669
Australia,2020,13,11,0,1.0,0.0,,,,
Belarus,2020,9,7,0,1.0,0.0,,,,
Belgium,2020,8,7,1,0.8571428571428571,0.08241758241758242,0.5769230769230769,0.5963779226436173,0.46606060606060606,-0.01945484572054046
Brazil,2020,8,10,2,0.8,0.09635627530364373,0.4817813765182186,0.6284106720812016,0.4837339743589743,-0.146629295562983
Bulgaria,2020,3,2,0,1.0,0.0,,,,
CCAMLR,2020,4,3,0,1.0,0.0,,,,
COMNAP,2020,10,10,1,0.9,0.05625,0.5625,0.6128541985357976,0.44999999999999996,-0.05035419853579759
Canada,2020,2,1,0,1.0,0.0,,,,
Chile,2020,11,9,0,1.0,0.0,,,,
China,2020,8,7,0,1.0,0.0,,,,
Colombia,2020,5,5,0,1.0,0.0,,,,
Czechia,2020,6,3,0,1.0,0.0,,,,
Ecuador,2020,6,7,1,0.8571428571428571,0.05494505494505494,0.3846153846153846,0.6288720066847615,0.4375,-0.24425662206937693
Estonia,2020,1,1,0,1.0,0.0,,,,
Finland,2020,6,5,0,1.0,0.0,,,,
France,2020,10,10,0,1.0,0.0,,,,
Germany,2020,9,9,1,0.8888888888888888,0.04861111111111111,0.4375,0.5840344792124711,0.4545454545454546,-0.1465344792124711
IAATO,2020,7,7,0,1.0,0.0,,,,
ICAO,2020,1,1,0,1.0,0.0,,,,
IGP&I Clubs,2020,1,1,0,1.0,0.0,,,,
IHO,2020,1,1,0,1.0,0.0,,,,
IMO,2020,1,1,0,1.0,0.0,,,,
IOPC Funds,2020,1,1,0,1.0,0.0,,,,
IPCC,2020,1,1,0,1.0,0.0,,,,
Iceland,2020,1,1,0,1.0,0.0,,,,
India,2020,7,6,0,1.0,0.0,,,,
Italy,2020,9,9,0,1.0,0.0,,,,
Japan,2020,5,4,0,1.0,0.0,,,,
Kazakhstan,2020,1,1,0,1.0,0.0,,,,
Korea (ROK),2020,12,12,0,1.0,0.0,,,,
Malaysia,2020,1,1,0,1.0,0.0,,,,
Monaco,2020,3,3,0,1.0,0.0,,,,
Netherlands,2020,9,9,1,0.8888888888888888,0.06432748538011696,0.5789473684210527,0.6053090587084529,0.4545454545454546,-0.026361690287400208
New Zealand,2020,14,11,0,1.0,0.0,,,,
Norway,2020,13,14,3,0.7857142857142857,0.11017857142857143,0.5141666666666667,0.5803137321040466,0.4870226244343892,-0.06614706543737991
Peru,2020,5,5,0,1.0,0.0,,,,
Poland,2020,8,8,0,1.0,0.0,,,,
Portugal,2020,7,6,0,1.0,0.0,,,,
Romania,2020,4,4,0,1.0,0.0,,,,
Russian Federation,2020,9,9,2,0.7777777777777778,0.09134615384615384,0.4110576923076923,0.6183520602973589,0.4966903785869303,-0.2072943679896666
SCAR,2020,12,12,0,1.0,0.0,,,,
South Africa,2020,7,6,0,1.0,0.0,,,,
Spain,2020,10,11,1,0.9090909090909091,0.03977272727272727,0.4375,0.5865330702712468,0.4375,-0.1490330702712468
Sweden,2020,6,5,0,1.0,0.0,,,,
Türkiye,2020,5,4,0,1.0,0.0,,,,
Ukraine,2020,7,6,0,1.0,0.0,,,,
United Kingdom,2020,12,12,1,0.9166666666666666,0.046875,0.5625,0.5974720068237044,0.46153846153846156,-0.03497200682370438
United States,2020,11,10,1,0.9,0.05384615384615384,0.5384615384615384,0.5770025786417774,0.4375,-0.03854104018023896
Uruguay,2020,5,5,0,1.0,0.0,,,,
Venezuela,2020,2,2,0,1.0,0.0,,,,
WMO,2020,6,6,0,1.0,0.0,,,,
ACAP,2021,1,1,0,1.0,0.0,,,,
ASOC,2021,8,11,3,0.7272727272727273,0.1595804195804196,0.5851282051282052,0.6149607246309219,0.5301042095159741,-0.029832519502716703
Argentina,2021,13,12,0,1.0,0.0,,,,
Australia,2021,11,15,5,0.6666666666666666,0.1656247086247086,0.4968741258741258,0.5715811148334424,0.5052744252873562,-0.0747069889593166
Belarus,2021,7,8,2,0.75,0.12653186274509803,0.5061274509803921,0.6328825930310571,0.5044726107226107,-0.12675514205066496
Belgium,2021,7,8,2,0.75,0.13849431818181818,0.5539772727272727,0.6036553748693835,0.48303030303030303,-0.04967810214211077
Brazil,2021,10,9,1,0.8888888888888888,0.041666666666666664,0.375,0.613408670798793,0.4666666666666667,-0.23840867079879302
Bulgaria,2021,2,3,1,0.6666666666666666,0.18055555555555558,0.5416666666666667,0.7510595711759503,0.5,-0.2093929045092836
CCAMLR,2021,3,3,0,1.0,0.0,,,,
COMNAP,2021,10,8,1,0.875,0.0673076923076923,0.5384615384615384,0.614425826685236,0.44999999999999996,-0.0759642882236976
Canada,2021,1,4,3,0.25,0.5192307692307692,0.6923076923076922,0.8009423445328617,0.6248931623931624,-0.10863465222516955
Chile,2021,9,9,2,0.7777777777777778,0.11988304093567252,0.5394736842105263,0.6108130966801072,0.5,-0.07133941246958087
China,2021,7,7,1,0.8571428571428571,0.07142857142857142,0.5,0.5974374401851662,0.4375,-0.0974374401851662
Colombia,2021,5,7,2,0.7142857142857143,0.15384615384615383,0.5384615384615384,0.700504072706145,0.5592611626878868,-0.16204253424460657
Czechia,2021,3,3,0,1.0,0.0,,,,
Ecuador,2021,7,7,0,1.0,0.0,,,,
Estonia,2021,1,1,0,1.0,0.0,,,,
Finland,2021,5,6,1,0.8333333333333334,0.0784313725490196,0.47058823529411764,0.632227154662266,0.47058823529411764,-0.16163891936814834
France,2021,10,10,2,0.8,0.10625,0.53125,0.5862408340391859,0.4673318965517242,-0.05499083403918592
Germany,2021,9,12,3,0.75,0.14442401960784312,0.5776960784313726,0.5989112245878979,0.5114019379313497,-0.02121514615652531
IAATO,2021,7,7,1,0.8571428571428571,0.06428571428571428,0.44999999999999996,0.6074047811384018,0.47850000000000004,-0.15740478113840184
ICAO,2021,1,1,0,1.0,0.0,,,,
IGP&I Clubs,2021,1,1,0,1.0,0.0,,,,
IHO,2021,1,1,0,1.0,0.0,,,,
IMO,2021,1,1,0,1.0,0.0,,,,
IOPC Funds,2021,1,1,0,1.0,0.0,,,,
Iceland,2021,1,1,0,1.0,0.0,,,,
India,2021,6,6,1,0.8333333333333334,0.07291666666666667,0.4375,0.6048280270523931,0.4666666666666667,-0.16732802705239314
Italy,2021,9,11,4,0.6363636363636364,0.20782634032634031,0.5715224358974359,0.6112605167862901,0.5154145951242808,-0.03973808088885422
Japan,2021,4,4,1,0.75,0.125,0.5,0.6368526374207623,0.4375,-0.13685263742076226
Kazakhstan,2021,1,1,0,1.0,0.0,,,,
Korea (ROK),2021,12,9,1,0.8888888888888888,0.05555555555555555,0.5,0.5915574638257488,0.4375,-0.09155746382574881
Malaysia,2021,1,1,0,1.0,0.0,,,,
Monaco,2021,3,3,0,1.0,0.0,,,,
Netherlands,2021,9,8,1,0.875,0.0625,0.5,0.5825178886849245,0.4375,-0.08251788868492449
New Zealand,2021,11,11,1,0.9090909090909091,0.05113636363636364,0.5625,0.5667734252816149,0.4375,-0.004273425281614895
Norway,2021,14,14,1,0.9285714285714286,0.044642857142857144,0.625,0.5761427232103863,0.375,0.04885727678961371
Peru,2021,5,5,0,1.0,0.0,,,,
Poland,2021,8,8,1,0.875,0.08333333333333334,0.6666666666666667,0.6056462742037152,0.4375,0.061020392462951545
Portugal,2021,6,6,0,1.0,0.0,,,,
Romania,2021,4,4,0,1.0,0.0,,,,
Russian Federation,2021,9,9,2,0.7777777777777778,0.11805555555555555,0.53125,0.6085404808451308,0.46875,-0.0772904808451308
SCAR,2021,12,12,1,0.9166666666666666,0.04,0.48,0.5777886852751712,0.4375,-0.09778868527517126
South Africa,2021,6,6,2,0.6666666666666666,0.18990384615384615,0.5697115384615384,0.6361081189001561,0.51,-0.06639658043861763
Spain,2021,11,10,2,0.8,0.10625,0.53125,0.5884481933207713,0.48043766578249336,-0.05719819332077125
Sweden,2021,5,4,0,1.0,0.0,,,,
Türkiye,2021,4,6,3,0.5,0.24743589743589745,0.4948717948717949,0.6547533069815017,0.5374918213969938,-0.1598815121097068
Ukraine,2021,6,7,1,0.8571428571428571,0.07142857142857142,0.5,0.6136194154054195,0.4482758620689655,-0.11361941540541953
United Kingdom,2021,12,14,3,0.7857142857142857,0.11416708291708291,0.5327797202797203,0.5991064147240551,0.5319444444444444,-0.06632669444433481
United States,2021,10,11,3,0.7272727272727273,0.15034965034965034,0.5512820512820512,0.5896688058865917,0.5128167420814479,-0.03838675460454044
Uruguay,2021,5,6,1,0.8333333333333334,0.11111111111111112,0.6666666666666667,0.633391732979664,0.4375,0.03327493368700274
Venezuela,2021,2,2,0,1.0,0.0,,,,
WMO,2021,6,5,0,1.0,0.0,,,,
ACAP,2022,1,1,0,1.0,0.0,,,,
ASOC,2022,11,9,0,1.0,0.0,,,,
Argentina,2022,12,13,1,0.9230769230769231,0.04195804195804195,0.5454545454545454,0.606613717618455,0.4482758620689655,-0.061159172163909536
Australia,2022,15,14,1,0.9285714285714286,0.04017857142857143,0.5625,0.5709087339686931,0.44999999999999996,-0.008408733968693127
Belarus,2022,8,8,1,0.875,0.08,0.64,0.6249682732590708,0.4482758620689655,0.01503172674092923
Belgium,2022,8,8,2,0.75,0.125,0.5,0.5999608151356756,0.4914772727272727,-0.09996081513567556
Brazil,2022,9,8,1,0.875,0.08333333333333334,0.6666666666666667,0.6087272271365872,0.4375,0.05793943953007952
Bulgaria,2022,3,3,0,1.0,0.0,,,,
CCAMLR,2022,3,4,1,0.75,0.16666666666666669,0.6666666666666667,0.6864459369451883,0.5454545454545454,-0.019779270278521555
COMNAP,2022,8,7,1,0.8571428571428571,0.06857142857142857,0.48,0.6123008591884966,0.44999999999999996,-0.13230085918849666
Canada,2022,4,3,0,1.0,0.0,,,,
Chile,2022,9,11,2,0.8181818181818182,0.09356060606060607,0.5145833333333334,0.5962579661919786,0.47410891909814323,-0.08167463285864518
China,2022,7,8,2,0.75,0.1219951923076923,0.4879807692307692,0.6173965629722755,0.4871159874608151,-0.1294157937415063
Colombia,2022,7,8,1,0.875,0.056249999999999994,0.44999999999999996,0.6722739225615493,0.47058823529411764,-0.22227392256154932
Czechia,2022,3,3,0,1.0,0.0,,,,
Ecuador,2022,7,8,4,0.5,0.2906650641025641,0.5813301282051282,0.6281917735040143,0.5434446839080459,-0.046861645298886145
Estonia,2022,1,1,0,1.0,0.0,,,,
Finland,2022,6,6,0,1.0,0.0,,,,
France,2022,10,9,0,1.0,0.0,,,,
Germany,2022,12,10,1,0.9,0.04666666666666667,0.4666666666666667,0.5741726414052479,0.4545454545454546,-0.10750597473858126
IAATO,2022,7,6,0,1.0,0.0,,,,
ICAO,2022,1,1,0,1.0,0.0,,,,
IGP&I Clubs,2022,1,1,0,1.0,0.0,,,,
IHO,2022,1,1,0,1.0,0.0,,,,
IOPC Funds,2022,1,1,0,1.0,0.0,,,,
IUCN,2022,1,1,0,1.0,0.0,,,,
India,2022,6,6,2,0.6666666666666666,0.23458333333333334,0.70375,0.6193718345295678,0.4951284326728039,0.0843781654704322
Italy,2022,11,10,2,0.8,0.1,0.5,0.586520606675272,0.46875,-0.08652060667527195
Japan,2022,4,4,1,0.75,0.109375,0.4375,0.6151058108482563,0.3846153846153846,-0.17760581084825633
Korea (ROK),2022,9,9,2,0.7777777777777778,0.10416666666666667,0.46875,0.5929966302290612,0.4817813765182186,-0.12424663022906124
Malaysia,2022,1,1,0,1.0,0.0,,,,
Monaco,2022,3,3,1,0.6666666666666666,0.1794871794871795,0.5384615384615384,0.701078095748154,0.561298076923077,-0.16261655728661562
Netherlands,2022,8,8,1,0.875,0.06,0.48,0.6035636903251014,0.499,-0.1235636903251014
New Zealand,2022,11,9,0,1.0,0.0,,,,
Norway,2022,14,13,2,0.8461538461538461,0.08173076923076923,0.53125,0.588683653790162,0.48320512820512823,-0.057433653790161965
Peru,2022,5,5,2,0.6,0.2692307692307692,0.673076923076923,0.6519202960885596,0.5239604462474646,0.021156626988363403
Poland,2022,8,7,1,0.8571428571428571,0.08403361344537816,0.5882352941176471,0.5927818268792167,0.4375,-0.004546532761569577
Portugal,2022,6,7,1,0.8571428571428571,0.08035714285714286,0.5625,0.6286838372017886,0.4375,-0.06618383720178855
Romania,2022,4,4,0,1.0,0.0,,,,
Russian Federation,2022,9,8,0,1.0,0.0,,,,
SCAR,2022,12,10,0,1.0,0.0,,,,
South Africa,2022,6,5,2,0.6,0.25096153846153846,0.6274038461538461,0.6262116439594887,0.5053879310344828,0.0011922021943574501
Spain,2022,10,11,3,0.7272727272727273,0.15347593582887703,0.5627450980392158,0.5928218751464601,0.5079455128205129,-0.030076777107244324
Sweden,2022,4,6,2,0.6666666666666666,0.2004166666666667,0.6012500000000001,0.6331186527468474,0.5181896551724138,-0.03186865274684736
Türkiye,2022,6,5,1,0.8,0.1,0.5,0.6508588053258438,0.4985294117647059,-0.15085880532584384
Ukraine,2022,7,8,1,0.875,0.08333333333333334,0.6666666666666667,0.6025930393373278,0.4482758620689655,0.06407362732933897
United Kingdom,2022,14,14,1,0.9285714285714286,0.041666666666666664,0.5833333333333333,0.5875503170528806,0.4609615384615385,-0.004216983719547374
United States,2022,11,10,1,0.9,0.05,0.5,0.5660800900560242,0.44999999999999996,-0.06608009005602422
Uruguay,2022,6,8,2,0.75,0.17333333333333334,0.6933333333333334,0.6446016906563686,0.5151727941176472,0.048731642676964726
Venezuela,2022,2,2,2,0.0,0.673076923076923,0.673076923076923,0.7693288019451814,0.5961538461538461,-0.09625187886825837
WMO,2022,5,5,1,0.8,0.1125,0.5625,0.6661977248326386,0.48,-0.10369772483263862
ASOC,2023,9,8,1,0.875,0.056249999999999994,0.44999999999999996,0.602815939548394,0.45431818181818184,-0.152815939548394
Argentina,2023,13,12,2,0.8333333333333334,0.08813131313131313,0.5287878787878788,0.5855241176553243,0.48260416666666667,-0.0567362388674455
Australia,2023,14,13,2,0.8461538461538461,0.08166666666666668,0.5308333333333334,0.5791358111465535,0.4866810344827587,-0.04830247781322017
Belarus,2023,8,7,0,1.0,0.0,,,,
Belgium,2023,8,6,0,1.0,0.0,,,,
Brazil,2023,8,7,2,0.7142857142857143,0.15178571428571427,0.53125,0.6111126506180379,0.47875,-0.07986265061803788
Bulgaria,2023,3,3,0,1.0,0.0,,,,
CCAMLR,2023,4,3,0,1.0,0.0,,,,
COMNAP,2023,7,6,2,0.6666666666666666,0.19291666666666665,0.57875,0.622635220539709,0.4928735632183908,-0.043885220539709
Canada,2023,3,4,1,0.75,0.13541666666666669,0.5416666666666667,0.6551031687210694,0.4482758620689655,-0.1134365020544027
Chile,2023,11,10,0,1.0,0.0,,,,
China,2023,8,7,1,0.8571428571428571,0.08035714285714286,0.5625,0.6041021157977107,0.4375,-0.04160211579771067
Colombia,2023,8,7,0,1.0,0.0,,,,
Czechia,2023,3,4,2,0.5,0.26802884615384615,0.5360576923076923,0.6436833554376657,0.5,-0.10762566312997346
Ecuador,2023,8,6,1,0.8333333333333334,0.09375,0.5625,0.5979848918288987,0.4375,-0.03548489182889869
Estonia,2023,1,1,0,1.0,0.0,,,,
Finland,2023,6,6,1,0.8333333333333334,0.09615384615384615,0.5769230769230769,0.6450098250895933,0.5,-0.06808674816651639
France,2023,9,8,2,0.75,0.1371153846153846,0.5484615384615384,0.6104718375733462,0.5072121212121212,-0.062010299111807776
Germany,2023,10,9,1,0.8888888888888888,0.0718954248366013,0.6470588235294117,0.5804186695048483,0.4545454545454546,0.06664015402456336
IAATO,2023,6,6,0,1.0,0.0,,,,
ICAO,2023,1,1,0,1.0,0.0,,,,
IGP&I Clubs,2023,1,1,0,1.0,0.0,,,,
IHO,2023,1,2,1,0.5,0.35,0.7,0.7630243549553894,0.6146153846153847,-0.0630243549553895
IOPC Funds,2023,1,1,0,1.0,0.0,,,,
IUCN,2023,1,1,0,1.0,0.0,,,,
India,2023,6,7,3,0.5714285714285714,0.24854557207498382,0.5799396681749622,0.6117283659523103,0.5205146290491118,-0.03178869777734805
Italy,2023,10,11,1,0.9090909090909091,0.04363636363636363,0.48,0.5899916259450488,0.4375,-0.10999162594504885
Japan,2023,4,4,2,0.5,0.3072916666666667,0.6145833333333334,0.632157288454135,0.49461206896551724,-0.01757395512080162
Korea (ROK),2023,9,7,1,0.8571428571428571,0.05357142857142857,0.375,0.5989540446349789,0.4375,-0.22395404463497892
Malaysia,2023,1,2,1,0.5,0.1923076923076923,0.3846153846153846,0.790388041556145,0.5,-0.40577265694076037
Monaco,2023,3,3,0,1.0,0.0,,,,
Netherlands,2023,8,9,2,0.7777777777777778,0.11838383838383838,0.5327272727272727,0.592687004303168,0.5086157915360501,-0.05995973157589529
New Zealand,2023,9,14,5,0.6428571428571429,0.1739664502164502,0.4871060606060606,0.5875191248221014,0.5144093268800165,-0.10041306421604085
Norway,2023,13,13,3,0.7692307692307693,0.12130177514792899,0.5256410256410257,0.5739878325134411,0.4977040306718299,-0.04834680687241544
Peru,2023,5,6,1,0.8333333333333334,0.07291666666666667,0.4375,0.6505551826936276,0.4348557692307693,-0.21305518269362755
Poland,2023,7,7,2,0.7142857142857143,0.1449175824175824,0.5072115384615384,0.5946337215605024,0.49327412888835304,-0.08742218309896399
Portugal,2023,7,6,0,1.0,0.0,,,,
Romania,2023,4,3,0,1.0,0.0,,,,
Russian Federation,2023,8,7,1,0.8571428571428571,0.08035714285714286,0.5625,0.6218146699480371,0.4348557692307693,-0.059314669948037135
SCAR,2023,10,9,1,0.8888888888888888,0.06565656565656565,0.5909090909090908,0.6109250849724988,0.4375,-0.020015994063407927
South Africa,2023,5,6,1,0.8333333333333334,0.10256410256410257,0.6153846153846154,0.6382149835956364,0.46153846153846156,-0.022830368211021024
Spain,2023,11,11,2,0.8181818181818182,0.09808612440191387,0.5394736842105263,0.5736502346731889,0.4506009615384616,-0.03417655046266255
Sweden,2023,6,7,1,0.8571428571428571,0.07428571428571429,0.52,0.6173830365797152,0.48,-0.09738303657971514
Switzerland,2023,2,2,0,1.0,0.0,,,,
Türkiye,2023,5,5,1,0.8,0.096,0.48,0.6605283435462442,0.499,-0.18052834354624425
Ukraine,2023,8,7,1,0.8571428571428571,0.08270676691729324,0.5789473684210527,0.5919761172468683,0.4482758620689655,-0.013028748825815617
United Kingdom,2023,14,14,0,1.0,0.0,,,,
United States,2023,10,12,2,0.8333333333333334,0.07612179487179487,0.4567307692307692,0.5761887114870526,0.45227272727272727,-0.11945794225628342
Uruguay,2023,8,7,1,0.8571428571428571,0.07428571428571429,0.52,0.6419148196546522,0.4375,-0.12191481965465223
Venezuela,2023,2,2,0,1.0,0.0,,,,
WMO,2023,5,6,2,0.6666666666666666,0.2025641025641026,0.6076923076923078,0.6489835527977769,0.5415833333333333,-0.04129124510546911
ASOC,2024,8,7,1,0.8571428571428571,0.07692307692307691,0.5384615384615384,0.6153192808290425,0.48,-0.07685774236750409
Argentina,2024,12,12,2,0.8333333333333334,0.08653846153846152,0.5192307692307692,0.5906249499360408,0.485124806501548,-0.07139418070527159
Australia,2024,13,11,2,0.8181818181818182,0.10416666666666666,0.5729166666666666,0.5951150913565901,0.48642533936651583,-0.0221984246899235
Belarus,2024,7,6,0,1.0,0.0,,,,
Belgium,2024,6,6,1,0.8333333333333334,0.09803921568627451,0.5882352941176471,0.6019525022724687,0.3846153846153846,-0.01371720815482158
Brazil,2024,7,6,1,0.8333333333333334,0.09615384615384615,0.5769230769230769,0.5862620402510376,0.4375,-0.009338963327960692
Bulgaria,2024,3,5,2,0.6,0.25999999999999995,0.6499999999999999,0.7282271772767461,0.575,-0.07822717727674622
CCAMLR,2024,3,3,1,0.6666666666666666,0.26666666666666666,0.8,0.7007219735295959,0.5555555555555556,0.09927802647040418
COMNAP,2024,6,5,0,1.0,0.0,,,,
Canada,2024,4,4,1,0.75,0.16666666666666669,0.6666666666666667,0.6456331786030063,0.4482758620689655,0.021033488063660455
Chile,2024,10,7,1,0.8571428571428571,0.0625,0.4375,0.5924129367705352,0.3846153846153846,-0.1549129367705352
China,2024,7,6,1,0.8333333333333334,0.08,0.48,0.608095372392989,0.46153846153846156,-0.12809537239298907
Colombia,2024,7,6,0,1.0,0.0,,,,
Czechia,2024,4,3,0,1.0,0.0,,,,
Ecuador,2024,6,5,0,1.0,0.0,,,,
Estonia,2024,1,1,0,1.0,0.0,,,,
Finland,2024,6,8,3,0.625,0.2096153846153846,0.5589743589743589,0.6399953303586737,0.55590918547308,-0.08102097138431485
France,2024,8,9,1,0.8888888888888888,0.05555555555555555,0.5,0.6340744001687968,0.48,-0.1340744001687968
Germany,2024,9,8,1,0.875,0.09166666666666667,0.7333333333333334,0.6088950938171647,0.47058823529411764,0.12443823951616872
IAATO,2024,6,8,2,0.75,0.13161057692307693,0.5264423076923077,0.6618817129140565,0.5724391233766234,-0.1354394052217488
IHO,2024,2,2,0,1.0,0.0,,,,
IUCN,2024,1,3,2,0.3333333333333333,0.5064102564102564,0.7596153846153846,0.7274140485781967,0.5587044534412955,0.03220133603718789
India,2024,7,10,4,0.6,0.22596153846153846,0.5649038461538461,0.5842510170022631,0.49839077947914157,-0.019347170848416972
Italy,2024,11,9,1,0.8888888888888888,0.04861111111111111,0.4375,0.5969285934906878,0.4375,-0.15942859349068783
Japan,2024,4,4,0,1.0,0.0,,,,
Korea (ROK),2024,7,4,1,0.75,0.13541666666666669,0.5416666666666667,0.6113827173547067,0.4375,-0.06971605068803999
Malaysia,2024,2,2,0,1.0,0.0,,,,
Monaco,2024,3,2,0,1.0,0.0,,,,
Netherlands,2024,9,8,1,0.875,0.0625,0.5,0.6251172091262355,0.5,-0.12511720912623547
New Zealand,2024,14,11,1,0.9090909090909091,0.053030303030303025,0.5833333333333333,0.5807620887648524,0.4482758620689655,0.0025712445684809015
Norway,2024,13,12,2,0.8333333333333334,0.09208333333333334,0.5525,0.5849221743717921,0.4851960784313725,-0.03242217437179207
Peru,2024,6,7,2,0.7142857142857143,0.1380952380952381,0.48333333333333334,0.6111343632036089,0.45829022988505747,-0.12780102987027558
Poland,2024,7,7,1,0.8571428571428571,0.08791208791208792,0.6153846153846154,0.6132216574771622,0.4375,0.0021629579074532446
Portugal,2024,6,4,0,1.0,0.0,,,,
Romania,2024,3,1,0,1.0,0.0,,,,
Russian Federation,2024,7,8,2,0.75,0.13802083333333334,0.5520833333333334,0.6139687300762385,0.46018751152498616,-0.06188539674290516
SCAR,2024,9,9,2,0.7777777777777778,0.12268518518518519,0.5520833333333334,0.6066380308290424,0.4879807692307692,-0.05455469749570907
South Africa,2024,6,5,0,1.0,0.0,,,,
Spain,2024,11,10,2,0.8,0.10682352941176472,0.5341176470588236,0.6001742265956616,0.44934440559440564,-0.06605657953683797
Sweden,2024,7,6,0,1.0,0.0,,,,
Switzerland,2024,2,2,0,1.0,0.0,,,,
Türkiye,2024,5,5,1,0.8,0.1,0.5,0.6703074109798248,0.5172413793103448,-0.17030741097982482
Ukraine,2024,7,5,0,1.0,0.0,,,,
United Kingdom,2024,14,14,3,0.7857142857142857,0.11187770562770562,0.5220959595959596,0.5762012011153799,0.4981915445665446,-0.05410524151942031
United States,2024,12,12,1,0.9166666666666666,0.04545454545454545,0.5454545454545454,0.5952323450691391,0.45431818181818184,-0.04977779961459372
Uruguay,2024,7,8,2,0.75,0.14423076923076922,0.5769230769230769,0.6295099836818017,0.5121666666666668,-0.052586906758724794
Venezuela,2024,2,3,1,0.6666666666666666,0.1923076923076923,0.5769230769230769,0.7278544113932045,0.5,-0.15093133447012763
WMO,2024,6,6,0,1.0,0.0,,,,
ASOC,2025,7,8,1,0.875,0.08499999999999999,0.6799999999999999,0.599349244425284,0.4545454545454546,0.0806507555747159
Argentina,2025,12,12,0,1.0,0.0,,,,
Australia,2025,11,16,5,0.6875,0.16447368421052633,0.5263157894736843,0.5756137412845449,0.5126227375565611,-0.04929795181086061
Belarus,2025,6,6,0,1.0,0.0,,,,
Belgium,2025,6,7,2,0.7142857142857143,0.17035905271199386,0.5962566844919786,0.6259940018712739,0.4838647098515519,-0.029737317379295303
Brazil,2025,6,9,3,0.6666666666666666,0.16584110334110333,0.49752331002331,0.6239958470633313,0.5078007164404224,-0.12647253704002132
Bulgaria,2025,5,5,0,1.0,0.0,,,,
CCAMLR,2025,3,4,1,0.75,0.15,0.6,0.7391560668273758,0.6,-0.1391560668273758
COMNAP,2025,5,9,4,0.5555555555555556,0.23254273504273504,0.5232211538461539,0.6322356783429552,0.554264705882353,-0.10901452449680138
Canada,2025,4,4,0,1.0,0.0,,,,
Chile,2025,7,8,2,0.75,0.13141025641025642,0.5256410256410257,0.6090301278925071,0.46856424825174825,-0.08338910225148144
China,2025,6,9,3,0.6666666666666666,0.16666666666666666,0.5,0.6135039116736258,0.5244318181818182,-0.11350391167362583
Colombia,2025,6,6,0,1.0,0.0,,,,
Czechia,2025,3,3,0,1.0,0.0,,,,
Ecuador,2025,5,7,2,0.7142857142857143,0.16964285714285715,0.59375,0.6191591598090443,0.4997485632183908,-0.025409159809044346
Estonia,2025,1,1,0,1.0,0.0,,,,
Finland,2025,8,8,0,1.0,0.0,,,,
France,2025,9,10,1,0.9,0.054166666666666675,0.5416666666666667,0.619767154865703,0.4482758620689655,-0.07810048819903626
Germany,2025,8,11,3,0.7272727272727273,0.1607620320855615,0.5894607843137255,0.6116107435657412,0.5524613050348345,-0.022149959252015683
IAATO,2025,8,8,0,1.0,0.0,,,,
IHO,2025,2,2,0,1.0,0.0,,,,
IUCN,2025,3,3,0,1.0,0.0,,,,
India,2025,10,11,1,0.9090909090909091,0.056818181818181816,0.625,0.5748560994701716,0.4375,0.05014390052982842
Italy,2025,9,8,0,1.0,0.0,,,,
Japan,2025,4,4,0,1.0,0.0,,,,
Korea (ROK),2025,4,7,3,0.5714285714285714,0.19986263736263735,0.4663461538461538,0.6387240138365365,0.5503328834907781,-0.17237785999038274
Malaysia,2025,2,2,0,1.0,0.0,,,,
Monaco,2025,2,3,1,0.6666666666666666,0.25,0.75,0.6849966135484564,0.4375,0.06500338645154358
Netherlands,2025,8,7,1,0.8571428571428571,0.07142857142857142,0.5,0.6124860908023687,0.47058823529411764,-0.11248609080236871
New Zealand,2025,11,16,5,0.6875,0.1708096590909091,0.5465909090909091,0.5937767439319337,0.5413957153957154,-0.047185834841024565
Norway,2025,12,13,2,0.8461538461538461,0.07834319526627218,0.5092307692307692,0.5770408565535327,0.4641025641025641,-0.0678100873227635
Peru,2025,7,8,2,0.75,0.1532451923076923,0.6129807692307692,0.6008495887657412,0.45833333333333337,0.012131180465027924
Poland,2025,7,6,0,1.0,0.0,,,,
Portugal,2025,4,5,1,0.8,0.13333333333333336,0.6666666666666667,0.6526641846659088,0.48,0.014002482000757932
Romania,2025,1,1,0,1.0,0.0,,,,
Russian Federation,2025,8,9,1,0.8888888888888888,0.07602339181286549,0.6842105263157895,0.582666760592971,0.3846153846153846,0.10154376572281854
SCAR,2025,9,10,2,0.8,0.08875,0.44375,0.6087939574835239,0.4942307692307692,-0.16504395748352396
South Africa,2025,5,6,3,0.5,0.3086538461538461,0.6173076923076922,0.6331292044424919,0.5416666666666666,-0.015821512134799653
Spain,2025,10,8,0,1.0,0.0,,,,
Sweden,2025,6,7,1,0.8571428571428571,0.0773809523809524,0.5416666666666667,0.6219358863837311,0.48,-0.08026921971706436
Switzerland,2025,2,2,0,1.0,0.0,,,,
Türkiye,2025,5,3,0,1.0,0.0,,,,
Ukraine,2025,5,5,1,0.8,0.10769230769230768,0.5384615384615384,0.6240426316755852,0.44999999999999996,-0.08558109321404672
United Kingdom,2025,14,14,1,0.9285714285714286,0.04761904761904762,0.6666666666666667,0.5776706823827513,0.44999999999999996,0.08899598428391542
United States,2025,12,12,1,0.9166666666666666,0.049019607843137254,0.5882352941176471,0.5792471986963192,0.44999999999999996,0.008988095421327835
Uruguay,2025,8,8,1,0.875,0.058333333333333334,0.4666666666666667,0.6249893524525545,0.4375,-0.15832268578588782
Venezuela,2025,3,3,0,1.0,0.0,,,,
WMO,2025,6,5,0,1.0,0.0,,,,
