topic_i,topic_j,phi,label_cosine,divergence
Exchange of Information,Opening statements,0.5172413793103449,0.0,0.8020202020202021
Environmental Impact Assessment EIA Other EIA Matters,Science issues,0.5,0.0,0.7974747474747474
Educational issues,Opening statements,0.4827586206896552,0.0,0.7924242424242425
Environmental Protection General,Liability,0.48,0.0,0.7904040404040404
Inspections,Waste management and disposal,0.47368421052631576,0.0,0.788888888888889
Environmental Monitoring and Reporting,Science issues,0.4583333333333333,0.0,0.7838383838383838
Environmental Impact Assessment EIA Other EIA Matters,Inspections,0.45454545454545453,0.0,0.7777777777777777
Marine Protected Areas,Tourism and NG_Activities,0.45454545454545453,0.0,0.7777777777777777
Marine Protected Areas,Search and Rescue,0.45454545454545453,0.0,0.7777777777777777
Human Footprint and wilderness values,Operation of the CEP,0.45454545454545453,0.0,0.7777777777777777
Opening statements,Science issues,0.4482758620689655,0.0,0.7717171717171718
Marine living resources,Multiyear strategic workplan,0.4444444444444444,0.0,0.7707070707070707
Management Plans,Nonnative Species and Quarantine,0.4375,0.0,0.7656565656565657
Climate Change,Fauna and Flora_General,0.4375,0.0,0.7656565656565657
Biological Prospecting,CEP Strategy Discussions,0.42857142857142855,0.0,0.7611111111111111
Environmental Domains Analysis,Marine Acoustics,0.42857142857142855,0.0,0.7611111111111111
Drilling,Marine Acoustics,0.42857142857142855,0.0,0.7611111111111111
Operation of the Antarctic Treaty system General,Science issues,0.4230769230769231,0.0,0.7560606060606061
Human Footprint and wilderness values,Inspections,0.42105263157894735,0.0,0.747979797979798
Management Plans,Operational issues,0.42105263157894735,0.0,0.747979797979798
Inspections,Marine living resources,0.42105263157894735,0.0,0.747979797979798
Inspections,Liability,0.42105263157894735,0.0,0.747979797979798
Exchange of Information,Science issues,0.4166666666666667,0.0,0.7388888888888889
CEP Strategy Discussions,Human Footprint and wilderness values,0.4166666666666667,0.0,0.7388888888888889
Multiyear strategic workplan,Repair and remediation of environmental damage,0.4166666666666667,0.0,0.7388888888888889
Biological Prospecting,Exchange of Information,0.4090909090909091,0.0,0.7282828282828282
Environmental Protection General,Science issues,0.4,0.0,0.7181818181818183
Institutional and legal matters,Specially Protected Species,0.38461538461538464,0.0,0.7025252525252526
Inspections,Opening statements,0.3793103448275862,0.0,0.6924242424242424
Biological Prospecting,Climate Change,0.375,0.0,0.6868686868686869
International Polar Year,Science issues,0.375,0.0,0.6868686868686869
Fauna and Flora_General,Management Plans,0.375,0.0,0.6868686868686869
Fauna and Flora_General,Specially Protected Species,0.375,0.0,0.6868686868686869
Historic Sites and Monuments,Inspections,0.3684210526315789,0.0,0.6777777777777778
Environmental Monitoring and Reporting,Exchange of Information,0.36363636363636365,0.0,0.665151515151515
Exchange of Information,Liability,0.36363636363636365,0.0,0.665151515151515
Exchange of Information,Waste management and disposal,0.36363636363636365,0.0,0.665151515151515
Emergency report and contingency planning,Marine Protected Areas,0.36363636363636365,0.0,0.665151515151515
Emergency report and contingency planning,Marine Acoustics,0.36363636363636365,0.0,0.665151515151515
Environmental Protection General,Human Footprint and wilderness values,0.36,0.0,0.6545454545454545
Management Plans,Operation of the Antarctic Treaty system The Secretariat,0.35294117647058826,0.0,0.6479797979797979
Liability,Waste management and disposal,0.35294117647058826,0.0,0.6479797979797979
Liability,Marine Protected Areas,0.35294117647058826,0.0,0.6479797979797979
Environmental Monitoring and Reporting,Liability,0.35,0.0,0.6429292929292929
Liability,Opening statements,0.3448275862068966,0.0,0.6363636363636365
International Polar Year,Opening statements,0.3448275862068966,0.0,0.6363636363636365
Repair and remediation of environmental damage,Site Guidelines for Visitors,0.3333333333333333,0.0,0.6212121212121211
Safety and Operations in Antarctica,Science issues,0.3333333333333333,0.0,0.6212121212121211
Operation of the Antarctic Treaty system Reports,Science issues,0.3333333333333333,0.0,0.6212121212121211
Marine living resources,Operation of the CEP,0.3333333333333333,0.0,0.6212121212121211
CEP Strategy Discussions,Tourism and NG_Activities,0.3333333333333333,0.0,0.6212121212121211
Comprehensive Environmental Evaluations,Marine Protected Areas,0.3333333333333333,0.0,0.6212121212121211
Comprehensive Environmental Evaluations,Specially Protected Species,0.3333333333333333,0.0,0.6212121212121211
CEP Strategy Discussions,Specially Protected Species,0.3333333333333333,0.0,0.6212121212121211
Marine Protected Areas,Repair and remediation of environmental damage,0.3333333333333333,0.0,0.6212121212121211
Environmental Impact Assessment EIA Other EIA Matters,Liability,0.3181818181818182,0.0,0.6005050505050504
Exchange of Information,Management Plans,0.3181818181818182,0.0,0.6005050505050504
Emergency report and contingency planning,Environmental Impact Assessment EIA Other EIA Matters,0.3181818181818182,0.0,0.6005050505050504
Inspections,Mineral resources,0.3157894736842105,0.0,0.5909090909090908
Emergency report and contingency planning,Operational issues,0.3157894736842105,0.0,0.5909090909090908
Fauna and Flora_General,Inspections,0.3157894736842105,0.0,0.5909090909090908
Inspections,Multiyear strategic workplan,0.3157894736842105,0.0,0.5909090909090908
Inspections,Site Guidelines for Visitors,0.3157894736842105,0.0,0.5909090909090908
International Polar Year,Waste management and disposal,0.5,0.004663616627494219,0.5853535353535354
Biological Prospecting,Management Plans,0.3125,0.0,0.5772727272727272
International Polar Year,Management Plans,0.3125,0.0,0.5772727272727272
Management Plans,Mineral resources,0.3125,0.0,0.5772727272727272
Climate Change,Specially Protected Species,0.3125,0.0,0.5772727272727272
Management Plans,Operation of the CEP,0.3125,0.0,0.5772727272727272
Management Plans,Site Guidelines for Visitors,0.3125,0.0,0.5772727272727272
Area Protection and Management Plans General,Climate Change,0.3125,0.0,0.5772727272727272
Site Guidelines for Visitors,Tourism and NG_Activities,0.5,0.005369002303710051,0.5712121212121213
Environmental Impact Assessment EIA Other EIA Matters,Safety and Operations in Antarctica,0.45454545454545453,0.004868919057593078,0.5616161616161616
Educational issues,Environmental Impact Assessment EIA Other EIA Matters,0.4230769230769231,0.004035973674800556,0.5580808080808081
Drilling,Waste management and disposal,0.3076923076923077,0.0,0.555050505050505
Educational issues,Management Plans,0.3076923076923077,0.0,0.555050505050505
Climate Change,Educational issues,0.3076923076923077,0.0,0.555050505050505
Operation of the CEP,Waste management and disposal,0.3076923076923077,0.0,0.555050505050505
CEP Strategy Discussions,Historic Sites and Monuments,0.3076923076923077,0.0,0.555050505050505
Institutional and legal matters,Multiyear strategic workplan,0.3076923076923077,0.0,0.555050505050505
Drilling,Tourism and NG_Activities,0.3,0.0,0.5282828282828282
Drilling,Specially Protected Species,0.3,0.0,0.5282828282828282
Climate Change,Operation of the Antarctic Treaty system Reports,0.3,0.0,0.5282828282828282
Marine Acoustics,Tourism and NG_Activities,0.3,0.0,0.5282828282828282
Multiyear strategic workplan,Tourism and NG_Activities,0.3,0.0,0.5282828282828282
Marine Acoustics,Search and Rescue,0.3,0.0,0.5282828282828282
Environmental Monitoring and Reporting,Inspections,0.3,0.0,0.5282828282828282
Search and Rescue,Specially Protected Species,0.3,0.0,0.5282828282828282
Marine Acoustics,Specially Protected Species,0.3,0.0,0.5282828282828282
Prevention of marine pollution,Search and Rescue,0.3,0.0,0.5282828282828282
Operation of the CEP,Specially Protected Species,0.3,0.0,0.5282828282828282
Environmental Monitoring and Reporting,Specially Protected Species,0.3,0.0,0.5282828282828282
Operation of the CEP,Search and Rescue,0.3,0.0,0.5282828282828282
Environmental Impact Assessment EIA Other EIA Matters,Operational issues,0.4090909090909091,0.004732886494514629,0.5151515151515151
Emergency report and contingency planning,Liability,0.29411764705882354,0.0,0.5060606060606061
Human Footprint and wilderness values,Liability,0.29411764705882354,0.0,0.5060606060606061
Biological Prospecting,Liability,0.29411764705882354,0.0,0.5060606060606061
CEP Strategy Discussions,Liability,0.29411764705882354,0.0,0.5060606060606061
Comprehensive Environmental Evaluations,Liability,0.29411764705882354,0.0,0.5060606060606061
Liability,Tourism and NG_Activities,0.29411764705882354,0.0,0.5060606060606061
Institutional and legal matters,Liability,0.29411764705882354,0.0,0.5060606060606061
Drilling,Liability,0.29411764705882354,0.0,0.5060606060606061
Liability,Nonnative Species and Quarantine,0.29411764705882354,0.0,0.5060606060606061
Liability,Marine Acoustics,0.29411764705882354,0.0,0.5060606060606061
Institutional and legal matters,Science issues,0.2916666666666667,0.0,0.494949494949495
Biological Prospecting,Science issues,0.2916666666666667,0.0,0.494949494949495
Operation of the Antarctic Treaty system The Secretariat,Science issues,0.2916666666666667,0.0,0.494949494949495
Human Footprint and wilderness values,Marine Protected Areas,0.5454545454545454,0.009492189590940437,0.49242424242424243
Marine Acoustics,Multiyear strategic workplan,0.2857142857142857,0.0,0.48787878787878786
Biological Prospecting,Historic Sites and Monuments,0.2857142857142857,0.0,0.48787878787878786
Multiyear strategic workplan,Sub glacial Lakes,0.2857142857142857,0.0,0.48787878787878786
Drilling,Multiyear strategic workplan,0.2857142857142857,0.0,0.48787878787878786
Marine Acoustics,Sub glacial Lakes,0.2857142857142857,0.0,0.48787878787878786
Biological Prospecting,Site Guidelines for Visitors,0.2857142857142857,0.0,0.48787878787878786
Educational issues,Environmental Monitoring and Reporting,0.38461538461538464,0.0051451526764954405,0.4813131313131313
Climate Change,Environmental Protection General,0.28,0.0,0.4777777777777778
Environmental Protection General,Nonnative Species and Quarantine,0.28,0.0,0.4777777777777778
Environmental Impact Assessment EIA Other EIA Matters,Multiyear strategic workplan,0.2727272727272727,0.0,0.46060606060606063
Exchange of Information,Marine Protected Areas,0.2727272727272727,0.0,0.46060606060606063
Emergency report and contingency planning,Site Guidelines for Visitors,0.2727272727272727,0.0,0.46060606060606063
Emergency report and contingency planning,Specially Protected Species,0.2727272727272727,0.0,0.46060606060606063
Environmental Impact Assessment EIA Other EIA Matters,Exchange of Information,0.45454545454545453,0.009589736762269803,0.45858585858585854
Historic Sites and Monuments,Marine living resources,0.38461538461538464,0.006615362877420712,0.44494949494949493
Biological Prospecting,International Polar Year,0.35714285714285715,0.004655822412567031,0.44040404040404046
CEP Strategy Discussions,Environmental Protection General,0.36,0.004738772473511761,0.44040404040404035
Cooperation with Other Organisations,Fauna and Flora_General,0.375,0.006138221717415273,0.43939393939393945
Comprehensive Environmental Evaluations,Marine living resources,0.26666666666666666,0.0,0.4378787878787879
Comprehensive Environmental Evaluations,Search and Rescue,0.26666666666666666,0.0,0.4378787878787879
CEP Strategy Discussions,Repair and remediation of environmental damage,0.3333333333333333,0.0036092301849899055,0.43131313131313126
Historic Sites and Monuments,Mineral resources,0.38461538461538464,0.007486326629193654,0.42676767676767674
Climate Change,Operational issues,0.2631578947368421,0.0,0.42424242424242425
Operational issues,Search and Rescue,0.2631578947368421,0.0,0.42424242424242425
Climate Change,Inspections,0.2631578947368421,0.0,0.42424242424242425
Marine Protected Areas,Operational issues,0.2631578947368421,0.0,0.42424242424242425
Liability,Operational issues,0.2631578947368421,0.0,0.42424242424242425
Inspections,Search and Rescue,0.2631578947368421,0.0,0.42424242424242425
Drilling,Inspections,0.2631578947368421,0.0,0.42424242424242425
Operational issues,Waste management and disposal,0.3684210526315789,0.006605033006857322,0.4212121212121212
Marine Acoustics,Operation of the CEP,0.25,0.0,0.3924242424242424
Climate Change,Nonnative Species and Quarantine,0.25,0.0,0.3924242424242424
Management Plans,Operation of the Antarctic Treaty system Reports,0.25,0.0,0.3924242424242424
Management Plans,Search and Rescue,0.25,0.0,0.3924242424242424
CEP Strategy Discussions,Environmental Monitoring and Reporting,0.25,0.0,0.3924242424242424
Climate Change,Historic Sites and Monuments,0.25,0.0,0.3924242424242424
Climate Change,Environmental Monitoring and Reporting,0.25,0.0,0.3924242424242424
Environmental Domains Analysis,Operation of the CEP,0.25,0.0,0.3924242424242424
Fauna and Flora_General,Marine Protected Areas,0.25,0.0,0.3924242424242424
Management Plans,Specially Protected Species,0.25,0.0,0.3924242424242424
Climate Change,Human Footprint and wilderness values,0.25,0.0,0.3924242424242424
CEP Strategy Discussions,Fauna and Flora_General,0.25,0.0,0.3924242424242424
Climate Change,Science issues,0.25,0.0,0.3924242424242424
Climate Change,Cooperation with Other Organisations,0.25,0.0,0.3924242424242424
CEP Strategy Discussions,Marine living resources,0.25,0.0,0.3924242424242424
CEP Strategy Discussions,Marine Protected Areas,0.25,0.0,0.3924242424242424
Drilling,Operation of the CEP,0.25,0.0,0.3924242424242424
Drilling,Mineral resources,0.25,0.0,0.3924242424242424
Climate Change,Marine Acoustics,0.25,0.0,0.3924242424242424
Fauna and Flora_General,Site Guidelines for Visitors,0.25,0.0,0.3924242424242424
Operation of the Antarctic Treaty system Reports,Site Guidelines for Visitors,0.25,0.0,0.3924242424242424
Fauna and Flora_General,Marine Acoustics,0.25,0.0,0.3924242424242424
Comprehensive Environmental Evaluations,Science issues,0.25,0.0,0.3924242424242424
Mineral resources,Multiyear strategic workplan,0.25,0.0,0.3924242424242424
Repair and remediation of environmental damage,Specially Protected Species,0.25,0.0,0.3924242424242424
CEP Strategy Discussions,Marine Acoustics,0.25,0.0,0.3924242424242424
Emergency report and contingency planning,Mineral resources,0.36363636363636365,0.007873313147802331,0.3843434343434343
Human Footprint and wilderness values,Prevention of marine pollution,0.36363636363636365,0.007899015046555007,0.3823232323232323
Human Footprint and wilderness values,Marine living resources,0.45454545454545453,0.014412394505642037,0.3787878787878788
Fauna and Flora_General,Operation of the Antarctic Treaty system Reports,0.4,0.010613115771710712,0.37777777777777777
Environmental Monitoring and Reporting,Operation of the Antarctic Treaty system General,0.4230769230769231,0.013113701417671354,0.37424242424242427
Historic Sites and Monuments,Operational issues,0.3684210526315789,0.008729119619708674,0.3727272727272727
CEP Strategy Discussions,Climate Change,0.4375,0.014404690611864007,0.3676767676767677
Environmental Impact Assessment EIA Other EIA Matters,Operation of the Antarctic Treaty system General,0.4230769230769231,0.013507554379770314,0.36717171717171715
Exchange of Information,Nonnative Species and Quarantine,0.3181818181818182,0.005519891645415034,0.36717171717171715
Fauna and Flora_General,Opening statements,0.2413793103448276,0.0,0.3656565656565656
Management Plans,Safety and Operations in Antarctica,0.4117647058823529,0.012077200470264726,0.3651515151515151
Environmental Protection General,Marine living resources,0.24,0.0,0.3621212121212121
Environmental Protection General,Multiyear strategic workplan,0.24,0.0,0.3621212121212121
Biological Prospecting,Fauna and Flora_General,0.3125,0.004830007919684055,0.36212121212121207
Fauna and Flora_General,International Polar Year,0.3125,0.004983042773193563,0.35808080808080806
Marine living resources,Repair and remediation of environmental damage,0.4166666666666667,0.01313140311462343,0.3560606060606061
CEP Strategy Discussions,Institutional and legal matters,0.3076923076923077,0.004042656068801875,0.3560606060606061
Institutional and legal matters,Management Plans,0.375,0.010210385155739734,0.3545454545454546
Liability,Operation of the Antarctic Treaty system General,0.4230769230769231,0.014908346109740496,0.351010101010101
Liability,Specially Protected Species,0.23529411764705882,0.0,0.34747474747474744
Climate Change,Safety and Operations in Antarctica,0.23529411764705882,0.0,0.34747474747474744
Area Protection and Management Plans General,Liability,0.23529411764705882,0.0,0.34747474747474744
Climate Change,Liability,0.23529411764705882,0.0,0.34747474747474744
Liability,Search and Rescue,0.23529411764705882,0.0,0.34747474747474744
Marine Protected Areas,Safety and Operations in Antarctica,0.23529411764705882,0.0,0.34747474747474744
Historic Sites and Monuments,Liability,0.23529411764705882,0.0,0.34747474747474744
International Polar Year,Liability,0.23529411764705882,0.0,0.34747474747474744
Liability,Prevention of marine pollution,0.23529411764705882,0.0,0.34747474747474744
Cooperation with Other Organisations,Nonnative Species and Quarantine,0.3333333333333333,0.007568684720308729,0.34343434343434337
Marine Protected Areas,Site Guidelines for Visitors,0.36363636363636365,0.009721680677055646,0.34292929292929286
Multiyear strategic workplan,Operation of the CEP,0.375,0.011096388550419134,0.33838383838383845
Historic Sites and Monuments,Management Plans,0.5625,0.02476947221543785,0.33838383838383834
Nonnative Species and Quarantine,Operational issues,0.42105263157894735,0.015546931386217808,0.33585858585858586
Biological Prospecting,Operational issues,0.3157894736842105,0.006593994139178296,0.33535353535353535
Prevention of marine pollution,Site Guidelines for Visitors,0.3333333333333333,0.008089988217171447,0.3353535353535353
CEP Strategy Discussions,Environmental Domains Analysis,0.3333333333333333,0.008097894382801778,0.3343434343434343
Environmental Protection General,Opening statements,0.4827586206896552,0.02391369020284307,0.3257575757575758
Comprehensive Environmental Evaluations,Historic Sites and Monuments,0.4,0.014369128280842944,0.3212121212121213
Historic Sites and Monuments,Specially Protected Species,0.3076923076923077,0.005563425529020068,0.3207070707070707
Biological Prospecting,Educational issues,0.3076923076923077,0.005623035073492083,0.31868686868686874
Historic Sites and Monuments,Marine Protected Areas,0.23076923076923078,0.0,0.31767676767676767
Area Protection and Management Plans General,Site Guidelines for Visitors,0.23076923076923078,0.0,0.31767676767676767
Educational issues,Liability,0.23076923076923078,0.0,0.31767676767676767
Management Plans,Operation of the Antarctic Treaty system General,0.23076923076923078,0.0,0.31767676767676767
Drilling,Historic Sites and Monuments,0.23076923076923078,0.0,0.31767676767676767
Historic Sites and Monuments,Operation of the CEP,0.23076923076923078,0.0,0.31767676767676767
Specially Protected Species,Waste management and disposal,0.23076923076923078,0.0,0.31767676767676767
Multiyear strategic workplan,Waste management and disposal,0.23076923076923078,0.0,0.31767676767676767
Area Protection and Management Plans General,Nonnative Species and Quarantine,0.5333333333333333,0.027087981845464643,0.3151515151515152
Inspections,Management Plans,0.42105263157894735,0.01849682395344698,0.31060606060606066
Educational issues,Fauna and Flora_General,0.3076923076923077,0.006018233043156315,0.3106060606060606
Inspections,Marine Protected Areas,0.42105263157894735,0.018531091829616028,0.30959595959595965
Comprehensive Environmental Evaluations,Institutional and legal matters,0.4,0.01617490049926945,0.30000000000000004
Human Footprint and wilderness values,Multiyear strategic workplan,0.36363636363636365,0.011946023198019677,0.2994949494949495
Biological Prospecting,Repair and remediation of environmental damage,0.2857142857142857,0.0037999979827608834,0.29393939393939394
Exchange of Information,Fauna and Flora_General,0.22727272727272727,0.0,0.29343434343434344
Exchange of Information,Mineral resources,0.22727272727272727,0.0,0.29343434343434344
Drilling,Environmental Impact Assessment EIA Other EIA Matters,0.22727272727272727,0.0,0.29343434343434344
Exchange of Information,Human Footprint and wilderness values,0.22727272727272727,0.0,0.29343434343434344
Environmental Impact Assessment EIA Other EIA Matters,Search and Rescue,0.22727272727272727,0.0,0.29343434343434344
Environmental Impact Assessment EIA Other EIA Matters,Nonnative Species and Quarantine,0.22727272727272727,0.0,0.29343434343434344
CEP Strategy Discussions,Environmental Impact Assessment EIA Other EIA Matters,0.22727272727272727,0.0,0.29343434343434344
Environmental Impact Assessment EIA Other EIA Matters,Operation of the Antarctic Treaty system The Secretariat,0.36363636363636365,0.012238369061862495,0.2934343434343434
Mineral resources,Repair and remediation of environmental damage,0.4166666666666667,0.0196221577962115,0.29242424242424236
Environmental Domains Analysis,Site Guidelines for Visitors,0.2222222222222222,0.0,0.2823232323232323
Multiyear strategic workplan,Site Guidelines for Visitors,0.2222222222222222,0.0,0.2823232323232323
CEP Strategy Discussions,State of the Antarctic Environment Report SAER,0.4166666666666667,0.02191657357778591,0.2813131313131313
Fauna and Flora_General,Nonnative Species and Quarantine,0.5625,0.03159863431643515,0.28080808080808073
Inspections,Operation of the Antarctic Treaty system General,0.5,0.02992093884843533,0.27929292929292937
Marine Protected Areas,Mineral resources,0.36363636363636365,0.01341389263808359,0.27929292929292926
Comprehensive Environmental Evaluations,Waste management and disposal,0.4,0.01853372808620405,0.2787878787878788
Marine living resources,Specially Protected Species,0.3,0.0063475896220806915,0.2787878787878788
Environmental Protection General,Institutional and legal matters,0.44,0.027348057863262436,0.2772727272727272
Human Footprint and wilderness values,Repair and remediation of environmental damage,0.4166666666666667,0.02245132451997471,0.2772727272727272
Area Protection and Management Plans General,Marine living resources,0.3076923076923077,0.00778746299149188,0.2752525252525253
Biological Prospecting,Operation of the Antarctic Treaty system The Secretariat,0.29411764705882354,0.0055082024855904995,0.2737373737373737
Environmental Impact Assessment EIA Other EIA Matters,Fauna and Flora_General,0.2727272727272727,0.0034667727585090064,0.27171717171717175
International Polar Year,Specially Protected Species,0.21428571428571427,0.0,0.2712121212121212
Cooperation with Other Organisations,Search and Rescue,0.21428571428571427,0.0,0.2712121212121212
Historic Sites and Monuments,International Polar Year,0.21428571428571427,0.0,0.2712121212121212
International Polar Year,Marine Acoustics,0.21428571428571427,0.0,0.2712121212121212
Biological Prospecting,Cooperation with Other Organisations,0.21428571428571427,0.0,0.2712121212121212
Multiyear strategic workplan,State of the Antarctic Environment Report SAER,0.42857142857142855,0.027525268116271553,0.26717171717171717
Operation of the Antarctic Treaty system The Secretariat,Waste management and disposal,0.35294117647058826,0.012992514291583783,0.26717171717171717
Environmental Impact Assessment EIA Other EIA Matters,Operation of the Antarctic Treaty system Reports,0.3181818181818182,0.01027176172279112,0.26515151515151514
Emergency report and contingency planning,Inspections,0.21052631578947367,0.0,0.2590909090909091
Drilling,Operational issues,0.21052631578947367,0.0,0.2590909090909091
Mineral resources,Specially Protected Species,0.3,0.007183298951168611,0.2585858585858586
Marine living resources,Waste management and disposal,0.3076923076923077,0.008501897916003144,0.25808080808080813
Historic Sites and Monuments,Multiyear strategic workplan,0.3076923076923077,0.008586371406125363,0.2550505050505051
Operation of the Antarctic Treaty system General,Waste management and disposal,0.38461538461538464,0.019817704332684684,0.25505050505050497
Inspections,Science issues,0.20833333333333334,0.0,0.25303030303030305
Science issues,Waste management and disposal,0.20833333333333334,0.0,0.25303030303030305
Human Footprint and wilderness values,Specially Protected Species,0.2727272727272727,0.004623169669515669,0.2515151515151515
Nonnative Species and Quarantine,Opening statements,0.20689655172413793,0.0,0.25
Institutional and legal matters,Opening statements,0.20689655172413793,0.0,0.25
Inspections,Tourism and NG_Activities,0.3157894736842105,0.010732529144309355,0.2464646464646465
Marine Protected Areas,Waste management and disposal,0.3076923076923077,0.009052268780394425,0.245959595959596
Inspections,Repair and remediation of environmental damage,0.3684210526315789,0.01762036007927876,0.24343434343434345
Comprehensive Environmental Evaluations,Management Plans,0.4375,0.030535714894797915,0.2404040404040404
Emergency report and contingency planning,Institutional and legal matters,0.38461538461538464,0.02355270413449793,0.2378787878787878
Emergency report and contingency planning,Safety and Operations in Antarctica,0.4117647058823529,0.027968214263086662,0.23383838383838373
Comprehensive Environmental Evaluations,Exchange of Information,0.4090909090909091,0.027577176299428217,0.23333333333333328
Prevention of marine pollution,Tourism and NG_Activities,0.2,0.0,0.22878787878787876
Operation of the CEP,Tourism and NG_Activities,0.2,0.0,0.22878787878787876
Drilling,Search and Rescue,0.2,0.0,0.22878787878787876
CEP Strategy Discussions,Nonnative Species and Quarantine,0.2,0.0,0.22878787878787876
Comprehensive Environmental Evaluations,Tourism and NG_Activities,0.2,0.0,0.22878787878787876
Multiyear strategic workplan,Specially Protected Species,0.2,0.0,0.22878787878787876
Environmental Protection General,Search and Rescue,0.2,0.0,0.22878787878787876
Search and Rescue,Site Guidelines for Visitors,0.2,0.0,0.22878787878787876
Comprehensive Environmental Evaluations,Drilling,0.2,0.0,0.22878787878787876
State of the Antarctic Environment Report SAER,Sub glacial Lakes,0.2,0.0,0.22878787878787876
Specially Protected Species,State of the Antarctic Environment Report SAER,0.2,0.0,0.22878787878787876
Multiyear strategic workplan,Nonnative Species and Quarantine,0.2,0.0,0.22878787878787876
Environmental Domains Analysis,Specially Protected Species,0.2,0.0,0.22878787878787876
Comprehensive Environmental Evaluations,Multiyear strategic workplan,0.2,0.0,0.22878787878787876
Comprehensive Environmental Evaluations,Mineral resources,0.26666666666666666,0.004633502805377182,0.2277777777777778
Human Footprint and wilderness values,Search and Rescue,0.45454545454545453,0.03442203011912351,0.22323232323232323
Inspections,Operational issues,0.42105263157894735,0.030575950729468206,0.22171717171717176
Human Footprint and wilderness values,Institutional and legal matters,0.38461538461538464,0.0251474632182735,0.22171717171717165
Nonnative Species and Quarantine,Operation of the Antarctic Treaty system Reports,0.35,0.0163090018174942,0.22070707070707074
Area Protection and Management Plans General,Human Footprint and wilderness values,0.5384615384615384,0.04106162236891907,0.21313131313131317
Human Footprint and wilderness values,Mineral resources,0.2727272727272727,0.006221087714329812,0.21212121212121215
Marine living resources,Site Guidelines for Visitors,0.3333333333333333,0.015321054956033265,0.21212121212121204
Environmental Protection General,Exchange of Information,0.52,0.04103482555904754,0.21060606060606057
Management Plans,Marine living resources,0.3125,0.011987767968745499,0.21060606060606057
Human Footprint and wilderness values,Operation of the Antarctic Treaty system Reports,0.25,0.0031396805688250384,0.20757575757575758
Environmental Impact Assessment EIA Other EIA Matters,Opening statements,0.3793103448275862,0.026286564800303516,0.20656565656565662
Human Footprint and wilderness values,Management Plans,0.375,0.025550941714419836,0.20303030303030312
Opening statements,Operation of the Antarctic Treaty system General,0.5517241379310345,0.04342967989877917,0.203030303030303
Drilling,Operation of the Antarctic Treaty system General,0.19230769230769232,0.0,0.203030303030303
Marine living resources,Operation of the Antarctic Treaty system General,0.19230769230769232,0.0,0.203030303030303
Nonnative Species and Quarantine,Waste management and disposal,0.4,0.029573078761632392,0.202020202020202
Exchange of Information,Inspections,0.5,0.041180380428781665,0.20151515151515154
Environmental Protection General,Tourism and NG_Activities,0.28,0.007535973107180732,0.20101010101010103
Inspections,Operation of the Antarctic Treaty system The Secretariat,0.3684210526315789,0.02491293329611045,0.20101010101010097
Management Plans,Marine Protected Areas,0.3125,0.012763796837154005,0.1994949494949494
Fauna and Flora_General,Operation of the Antarctic Treaty system The Secretariat,0.29411764705882354,0.009023112726948163,0.198989898989899
Emergency report and contingency planning,Tourism and NG_Activities,0.36363636363636365,0.02398328733129495,0.19747474747474747
Educational issues,Exchange of Information,0.5,0.04193806675449801,0.19646464646464645
Comprehensive Environmental Evaluations,Fauna and Flora_General,0.25,0.003957404012295479,0.19646464646464645
Educational issues,Environmental Protection General,0.38461538461538464,0.028833627987247444,0.1934343434343434
Emergency report and contingency planning,Environmental Protection General,0.32,0.01566449929157914,0.19191919191919193
Environmental Monitoring and Reporting,International Polar Year,0.25,0.0042601400905774465,0.1904040404040404
Specially Protected Species,Tourism and NG_Activities,0.4,0.030966864883522238,0.1898989898989899
Mineral resources,Site Guidelines for Visitors,0.3333333333333333,0.017338190486295958,0.1898989898989899
Climate Change,Marine Protected Areas,0.1875,0.0,0.18737373737373736
Climate Change,Management Plans,0.1875,0.0,0.18737373737373736
Climate Change,Comprehensive Environmental Evaluations,0.1875,0.0,0.18737373737373736
Climate Change,Environmental Domains Analysis,0.1875,0.0,0.18737373737373736
Fauna and Flora_General,Marine living resources,0.1875,0.0,0.18737373737373736
Management Plans,Tourism and NG_Activities,0.1875,0.0,0.18737373737373736
Climate Change,Search and Rescue,0.1875,0.0,0.18737373737373736
Climate Change,International Polar Year,0.1875,0.0,0.18737373737373736
Management Plans,Repair and remediation of environmental damage,0.625,0.04816634220235145,0.18484848484848482
Institutional and legal matters,Tourism and NG_Activities,0.38461538461538464,0.029945731154247403,0.18333333333333335
Historic Sites and Monuments,Institutional and legal matters,0.38461538461538464,0.030261930419978024,0.18232323232323233
Comprehensive Environmental Evaluations,Operation of the Antarctic Treaty system The Secretariat,0.35294117647058826,0.024136813196774208,0.17828282828282827
Exchange of Information,Operational issues,0.5454545454545454,0.049179733502158,0.17222222222222217
Educational issues,Nonnative Species and Quarantine,0.3076923076923077,0.013257661233040084,0.17020202020202024
Area Protection and Management Plans General,Historic Sites and Monuments,0.46153846153846156,0.045529285916864864,0.17020202020202013
Historic Sites and Monuments,Nonnative Species and Quarantine,0.4,0.03398917743108858,0.16969696969696968
Environmental Domains Analysis,Sub glacial Lakes,0.25,0.005233541740359836,0.16919191919191917
Drilling,Marine Protected Areas,0.18181818181818182,0.0,0.16767676767676765
Marine Protected Areas,Operation of the CEP,0.18181818181818182,0.0,0.16767676767676765
Exchange of Information,Marine living resources,0.18181818181818182,0.0,0.16767676767676765
Exchange of Information,Tourism and NG_Activities,0.18181818181818182,0.0,0.16767676767676765
Exchange of Information,Historic Sites and Monuments,0.18181818181818182,0.0,0.16767676767676765
Exchange of Information,Search and Rescue,0.18181818181818182,0.0,0.16767676767676765
Exchange of Information,Specially Protected Species,0.18181818181818182,0.0,0.16767676767676765
Human Footprint and wilderness values,Operation of the Antarctic Treaty system The Secretariat,0.23529411764705882,0.002669309589049233,0.1646464646464646
Emergency report and contingency planning,Waste management and disposal,0.38461538461538464,0.03256682646170534,0.16414141414141414
Fauna and Flora_General,Operational issues,0.3157894736842105,0.0173763779978858,0.1585858585858586
Educational issues,Operation of the Antarctic Treaty system General,0.4230769230769231,0.041662641880127485,0.15808080808080804
Environmental Protection General,Operational issues,0.44,0.044471620585821145,0.15707070707070703
International Polar Year,Nonnative Species and Quarantine,0.4,0.036102211985864656,0.15454545454545454
Safety and Operations in Antarctica,Site Guidelines for Visitors,0.17647058823529413,0.0,0.147979797979798
Liability,Mineral resources,0.17647058823529413,0.0,0.147979797979798
Environmental Domains Analysis,Liability,0.17647058823529413,0.0,0.147979797979798
Safety and Operations in Antarctica,Specially Protected Species,0.17647058823529413,0.0,0.147979797979798
Liability,Management Plans,0.17647058823529413,0.0,0.147979797979798
Liability,Site Guidelines for Visitors,0.17647058823529413,0.0,0.147979797979798
Fauna and Flora_General,Liability,0.17647058823529413,0.0,0.147979797979798
Marine living resources,Safety and Operations in Antarctica,0.17647058823529413,0.0,0.147979797979798
Operation of the Antarctic Treaty system The Secretariat,Site Guidelines for Visitors,0.17647058823529413,0.0,0.147979797979798
Institutional and legal matters,Safety and Operations in Antarctica,0.5294117647058824,0.05854974670072459,0.14343434343434347
Educational issues,Operation of the Antarctic Treaty system Reports,0.38461538461538464,0.03566919622254461,0.1419191919191919
Human Footprint and wilderness values,Tourism and NG_Activities,0.36363636363636365,0.030375055386016515,0.14090909090909087
Environmental Protection General,International Polar Year,0.32,0.02387398436326607,0.14040404040404042
Mineral resources,Opening statements,0.1724137931034483,0.0,0.13737373737373737
Marine Acoustics,State of the Antarctic Environment Report SAER,0.2857142857142857,0.011469860701044585,0.1333333333333333
Comprehensive Environmental Evaluations,Emergency report and contingency planning,0.26666666666666666,0.00880953190047084,0.1318181818181819
Human Footprint and wilderness values,Operation of the Antarctic Treaty system General,0.23076923076923078,0.0032058950277827633,0.13181818181818183
Liability,Operation of the Antarctic Treaty system The Secretariat,0.29411764705882354,0.01241306745315296,0.13131313131313127
Drilling,State of the Antarctic Environment Report SAER,0.16666666666666666,0.0,0.1292929292929293
Drilling,Environmental Domains Analysis,0.16666666666666666,0.0,0.1292929292929293
Drilling,Sub glacial Lakes,0.16666666666666666,0.0,0.1292929292929293
CEP Strategy Discussions,Site Guidelines for Visitors,0.16666666666666666,0.0,0.1292929292929293
Repair and remediation of environmental damage,Science issues,0.16666666666666666,0.0,0.1292929292929293
CEP Strategy Discussions,Drilling,0.16666666666666666,0.0,0.1292929292929293
Management Plans,Science issues,0.16666666666666666,0.0,0.1292929292929293
Cooperation with Other Organisations,Science issues,0.16666666666666666,0.0,0.1292929292929293
Liability,Science issues,0.16666666666666666,0.0,0.1292929292929293
Drilling,Repair and remediation of environmental damage,0.16666666666666666,0.0,0.1292929292929293
CEP Strategy Discussions,Science issues,0.16666666666666666,0.0,0.1292929292929293
Area Protection and Management Plans General,Search and Rescue,0.38461538461538464,0.03915884604522609,0.12272727272727268
Emergency report and contingency planning,Prevention of marine pollution,0.2727272727272727,0.010549224304728632,0.12121212121212122
Drilling,Environmental Protection General,0.16,0.0,0.11919191919191918
Environmental Protection General,Site Guidelines for Visitors,0.16,0.0,0.11919191919191918
Environmental Protection General,Marine Acoustics,0.16,0.0,0.11919191919191918
Human Footprint and wilderness values,State of the Antarctic Environment Report SAER,0.2727272727272727,0.0106496436281208,0.11818181818181817
Inspections,Marine Acoustics,0.15789473684210525,0.0,0.11262626262626263
Marine Acoustics,Operational issues,0.15789473684210525,0.0,0.11262626262626263
Nonnative Species and Quarantine,Repair and remediation of environmental damage,0.3333333333333333,0.029190806745273606,0.108080808080808
Exchange of Information,Operation of the Antarctic Treaty system The Secretariat,0.45454545454545453,0.06464149358773874,0.10404040404040404
Historic Sites and Monuments,Repair and remediation of environmental damage,0.38461538461538464,0.04178477089960854,0.10353535353535348
Comprehensive Environmental Evaluations,Operation of the Antarctic Treaty system General,0.34615384615384615,0.032435252807204086,0.10252525252525257
Biological Prospecting,Operation of the Antarctic Treaty system General,0.2692307692307692,0.010821852026076178,0.10151515151515156
Inspections,Nonnative Species and Quarantine,0.42105263157894735,0.05251242989260834,0.10050505050505054
Operation of the Antarctic Treaty system General,Specially Protected Species,0.15384615384615385,0.0,0.097979797979798
Educational issues,Search and Rescue,0.15384615384615385,0.0,0.097979797979798
Educational issues,Emergency report and contingency planning,0.15384615384615385,0.0,0.097979797979798
Educational issues,Marine Protected Areas,0.15384615384615385,0.0,0.097979797979798
Area Protection and Management Plans General,Drilling,0.15384615384615385,0.0,0.097979797979798
Historic Sites and Monuments,Marine Acoustics,0.15384615384615385,0.0,0.097979797979798
Climate Change,Operation of the Antarctic Treaty system General,0.15384615384615385,0.0,0.097979797979798
Drilling,Institutional and legal matters,0.15384615384615385,0.0,0.097979797979798
Marine living resources,Operational issues,0.2631578947368421,0.009959487876478029,0.09797979797979794
Institutional and legal matters,Repair and remediation of environmental damage,0.38461538461538464,0.04287829632567885,0.09646464646464648
Environmental Impact Assessment EIA Other EIA Matters,Management Plans,0.45454545454545453,0.07136599778240607,0.09595959595959591
Exchange of Information,Operation of the Antarctic Treaty system General,0.46153846153846156,0.07763574661086672,0.08939393939393936
Emergency report and contingency planning,Fauna and Flora_General,0.375,0.0418917305388565,0.08686868686868687
Historic Sites and Monuments,Prevention of marine pollution,0.23076923076923078,0.00548391007744939,0.08636363636363636
Historic Sites and Monuments,Safety and Operations in Antarctica,0.35294117647058826,0.03593524332354151,0.08535353535353529
Area Protection and Management Plans General,Repair and remediation of environmental damage,0.46153846153846156,0.08703461003107456,0.08434343434343428
Environmental Monitoring and Reporting,Operation of the CEP,0.15,0.0,0.08181818181818179
Cooperation with Other Organisations,Environmental Monitoring and Reporting,0.15,0.0,0.08181818181818179
Operation of the Antarctic Treaty system Reports,Specially Protected Species,0.15,0.0,0.08181818181818179
Marine Protected Areas,Nonnative Species and Quarantine,0.3333333333333333,0.03288896122586098,0.07979797979797976
Comprehensive Environmental Evaluations,Human Footprint and wilderness values,0.3333333333333333,0.033131616987159926,0.07878787878787874
Marine Protected Areas,Operation of the Antarctic Treaty system General,0.2692307692307692,0.012174764309770787,0.07828282828282829
Mineral resources,Waste management and disposal,0.23076923076923078,0.005664653096779223,0.07828282828282829
Area Protection and Management Plans General,Comprehensive Environmental Evaluations,0.3333333333333333,0.03321987273715499,0.0767676767676767
Emergency report and contingency planning,Search and Rescue,0.36363636363636365,0.040350376013615775,0.07525252525252524
Biological Prospecting,Opening statements,0.3448275862068966,0.035847602674946,0.07474747474747478
Environmental Impact Assessment EIA Other EIA Matters,Waste management and disposal,0.4090909090909091,0.053858338286375346,0.07373737373737377
Cooperation with Other Organisations,Operation of the Antarctic Treaty system Reports,0.55,0.14897177351784738,0.07272727272727264
Opening statements,Operation of the Antarctic Treaty system The Secretariat,0.3448275862068966,0.036160654044660547,0.07070707070707072
Comprehensive Environmental Evaluations,Operational issues,0.3684210526315789,0.042946455000031664,0.07070707070707072
Environmental Monitoring and Reporting,Nonnative Species and Quarantine,0.35,0.037186873599064814,0.07020202020202027
Environmental Impact Assessment EIA Other EIA Matters,International Polar Year,0.2727272727272727,0.013882095566614256,0.0696969696969697
Marine living resources,Search and Rescue,0.4,0.052588596818362095,0.0696969696969697
Operation of the CEP,State of the Antarctic Environment Report SAER,0.5,0.13538362101931356,0.06717171717171722
Biological Prospecting,Operation of the CEP,0.14285714285714285,0.0,0.06616161616161614
Drilling,International Polar Year,0.14285714285714285,0.0,0.06616161616161614
Emergency report and contingency planning,International Polar Year,0.14285714285714285,0.0,0.06616161616161614
Cooperation with Other Organisations,Waste management and disposal,0.14285714285714285,0.0,0.06616161616161614
International Polar Year,Marine living resources,0.14285714285714285,0.0,0.06616161616161614
International Polar Year,State of the Antarctic Environment Report SAER,0.14285714285714285,0.0,0.06616161616161614
Biological Prospecting,Marine Acoustics,0.14285714285714285,0.0,0.06616161616161614
Cooperation with Other Organisations,Marine living resources,0.14285714285714285,0.0,0.06616161616161614
Cooperation with Other Organisations,Marine Acoustics,0.14285714285714285,0.0,0.06616161616161614
Environmental Domains Analysis,Multiyear strategic workplan,0.14285714285714285,0.0,0.06616161616161614
Environmental Monitoring and Reporting,Management Plans,0.3,0.02335224508110295,0.06464646464646462
Nonnative Species and Quarantine,Site Guidelines for Visitors,0.26666666666666666,0.012356103287010907,0.06414141414141417
Mineral resources,Operational issues,0.3157894736842105,0.03161575977388563,0.0575757575757575
Marine Protected Areas,Operation of the Antarctic Treaty system The Secretariat,0.29411764705882354,0.020274035696647055,0.05555555555555558
Mineral resources,Tourism and NG_Activities,0.3,0.024539063037596016,0.054545454545454564
Environmental Protection General,Inspections,0.48,0.1488691390640256,0.054040404040404
Human Footprint and wilderness values,Opening statements,0.13793103448275862,0.0,0.051515151515151514
Marine Protected Areas,Opening statements,0.13793103448275862,0.0,0.051515151515151514
Environmental Impact Assessment EIA Other EIA Matters,Human Footprint and wilderness values,0.2727272727272727,0.01545324256985774,0.0505050505050505
Area Protection and Management Plans General,Institutional and legal matters,0.38461538461538464,0.05335365105195532,0.04898989898989892
Environmental Domains Analysis,State of the Antarctic Environment Report SAER,0.6,0.22159604846325004,0.048484848484848464
Area Protection and Management Plans General,Specially Protected Species,0.46153846153846156,0.15299041579657582,0.0479797979797979
Drilling,Exchange of Information,0.13636363636363635,0.0,0.044949494949494934
Environmental Monitoring and Reporting,Opening statements,0.41379310344827586,0.07532895739471804,0.04141414141414146
Comprehensive Environmental Evaluations,Site Guidelines for Visitors,0.13333333333333333,0.0,0.0393939393939394
Drilling,Nonnative Species and Quarantine,0.13333333333333333,0.0,0.0393939393939394
Biological Prospecting,Comprehensive Environmental Evaluations,0.2,0.00369753404388694,0.03686868686868683
Comprehensive Environmental Evaluations,Opening statements,0.27586206896551724,0.017722465425167824,0.036363636363636376
Nonnative Species and Quarantine,Prevention of marine pollution,0.3333333333333333,0.03984085044950006,0.036363636363636265
International Polar Year,Sub glacial Lakes,0.21428571428571427,0.0055741080723332725,0.03585858585858581
Biological Prospecting,Safety and Operations in Antarctica,0.29411764705882354,0.024478103903984062,0.033333333333333326
Biological Prospecting,Mineral resources,0.21428571428571427,0.005655185868391717,0.03282828282828282
Environmental Protection General,Historic Sites and Monuments,0.28,0.01938888715251847,0.03232323232323231
Area Protection and Management Plans General,Multiyear strategic workplan,0.3076923076923077,0.030367597171162622,0.03181818181818186
Environmental Domains Analysis,Tourism and NG_Activities,0.2,0.003967320820149599,0.0318181818181818
Environmental Impact Assessment EIA Other EIA Matters,Marine Acoustics,0.22727272727272727,0.006820410844199,0.0318181818181818
Marine living resources,Operation of the Antarctic Treaty system The Secretariat,0.23529411764705882,0.00952069508870607,0.02929292929292926
Historic Sites and Monuments,Human Footprint and wilderness values,0.3076923076923077,0.030695787919148294,0.02777777777777779
Environmental Protection General,Safety and Operations in Antarctica,0.32,0.03817158789405209,0.027272727272727226
Climate Change,Tourism and NG_Activities,0.125,0.0,0.02474747474747474
Climate Change,Marine living resources,0.125,0.0,0.02474747474747474
Climate Change,Operation of the CEP,0.125,0.0,0.02474747474747474
Multiyear strategic workplan,Science issues,0.125,0.0,0.02474747474747474
Climate Change,Prevention of marine pollution,0.125,0.0,0.02474747474747474
Fauna and Flora_General,Science issues,0.125,0.0,0.02474747474747474
Operation of the CEP,Science issues,0.125,0.0,0.02474747474747474
Operation of the CEP,Sub glacial Lakes,0.125,0.0,0.02474747474747474
Fauna and Flora_General,Multiyear strategic workplan,0.125,0.0,0.02474747474747474
Drilling,Management Plans,0.125,0.0,0.02474747474747474
Nonnative Species and Quarantine,Operation of the Antarctic Treaty system General,0.2692307692307692,0.01665295137153755,0.023737373737373724
Environmental Impact Assessment EIA Other EIA Matters,Environmental Protection General,0.52,0.2639306785111674,0.020707070707070674
Institutional and legal matters,Marine Protected Areas,0.23076923076923078,0.008523480089933968,0.019696969696969713
Opening statements,Operational issues,0.3448275862068966,0.04630756908419748,0.01717171717171717
Educational issues,Science issues,0.6153846153846154,0.3356589922694323,0.01717171717171717
Area Protection and Management Plans General,Inspections,0.42105263157894735,0.13556115515015196,0.01666666666666672
Marine Protected Areas,Prevention of marine pollution,0.45454545454545453,0.21051277916633718,0.014141414141414121
Area Protection and Management Plans General,Marine Acoustics,0.23076923076923078,0.008718455375762543,0.013636363636363613
Area Protection and Management Plans General,Fauna and Flora_General,0.4375,0.19152680008208417,0.013131313131313105
Environmental Protection General,Operation of the Antarctic Treaty system General,0.5,0.2686117453187379,0.012626262626262652
Emergency report and contingency planning,Human Footprint and wilderness values,0.2727272727272727,0.020140394399135585,0.0121212121212122
Mineral resources,Nonnative Species and Quarantine,0.26666666666666666,0.01704884663700288,0.010606060606060619
Biological Prospecting,Tourism and NG_Activities,0.21428571428571427,0.006816388453065286,0.010606060606060563
Inspections,International Polar Year,0.3157894736842105,0.03958458349181965,0.009090909090909038
Site Guidelines for Visitors,Specially Protected Species,0.2,0.005206075558769865,0.006565656565656552
Environmental Impact Assessment EIA Other EIA Matters,Historic Sites and Monuments,0.2727272727272727,0.021312780847175795,0.005050505050505083
Marine living resources,Mineral resources,0.6666666666666666,0.5325723725239984,0.005050505050505083
Historic Sites and Monuments,Operation of the Antarctic Treaty system The Secretariat,0.23529411764705882,0.010731096132863839,0.004040404040403955
Liability,State of the Antarctic Environment Report SAER,0.11764705882352941,0.0,0.0035353535353535304
Climate Change,Operation of the Antarctic Treaty system The Secretariat,0.11764705882352941,0.0,0.0035353535353535304
Drilling,Safety and Operations in Antarctica,0.11764705882352941,0.0,0.0035353535353535304
Drilling,Operation of the Antarctic Treaty system The Secretariat,0.11764705882352941,0.0,0.0035353535353535304
Liability,Repair and remediation of environmental damage,0.11764705882352941,0.0,0.0035353535353535304
Liability,Operation of the CEP,0.11764705882352941,0.0,0.0035353535353535304
Liability,Multiyear strategic workplan,0.11764705882352941,0.0,0.0035353535353535304
Cooperation with Other Organisations,Liability,0.11764705882352941,0.0,0.0035353535353535304
Environmental Monitoring and Reporting,Waste management and disposal,0.35,0.05099841302992504,0.0005050505050505638
Marine Acoustics,Waste management and disposal,0.23076923076923078,0.009518301104088047,0.0005050505050505083
International Polar Year,Operation of the Antarctic Treaty system General,0.3076923076923077,0.034496292357605284,-0.0005050505050504528
Biological Prospecting,Institutional and legal matters,0.21428571428571427,0.0072065979208082815,-0.0005050505050505083
Area Protection and Management Plans General,Management Plans,0.5625,0.6496174276808954,-0.002020202020202033
Environmental Monitoring and Reporting,Prevention of marine pollution,0.25,0.014131774397120402,-0.002525252525252597
Liability,Operation of the Antarctic Treaty system Reports,0.25,0.014600429580017532,-0.008585858585858586
CEP Strategy Discussions,Operation of the CEP,0.4166666666666667,0.18421644232685488,-0.008585858585858586
Operation of the Antarctic Treaty system General,Site Guidelines for Visitors,0.11538461538461539,0.0,-0.008585858585858586
Climate Change,Site Guidelines for Visitors,0.25,0.014625956126738119,-0.009595959595959602
Fauna and Flora_General,Waste management and disposal,0.3125,0.04028021763052758,-0.011616161616161635
Historic Sites and Monuments,Tourism and NG_Activities,0.3076923076923077,0.036552705321253424,-0.011616161616161635
Climate Change,Institutional and legal matters,0.25,0.015188904004344545,-0.014646464646464685
Operation of the CEP,Site Guidelines for Visitors,0.1111111111111111,0.0,-0.015656565656565674
Operation of the Antarctic Treaty system Reports,Waste management and disposal,0.25,0.015281983337120827,-0.015656565656565702
Marine living resources,State of the Antarctic Environment Report SAER,0.2222222222222222,0.008536612565310244,-0.016666666666666663
Environmental Monitoring and Reporting,Operational issues,0.2,0.006033593273128679,-0.016666666666666663
Operational issues,Repair and remediation of environmental damage,0.3157894736842105,0.04413656248457288,-0.018181818181818188
Biological Prospecting,Environmental Impact Assessment EIA Other EIA Matters,0.18181818181818182,0.0032391209634347025,-0.019191919191919204
Environmental Domains Analysis,Human Footprint and wilderness values,0.18181818181818182,0.0033316286012823534,-0.02020202020202022
Inspections,Sub glacial Lakes,0.10526315789473684,0.0,-0.0207070707070707
Environmental Protection General,Management Plans,0.28,0.028215397546642956,-0.022222222222222143
Biological Prospecting,Operation of the Antarctic Treaty system Reports,0.2,0.0064788274781278285,-0.022727272727272763
Emergency report and contingency planning,Nonnative Species and Quarantine,0.3333333333333333,0.05157497925074565,-0.02323232323232327
Opening statements,Search and Rescue,0.10344827586206896,0.0,-0.02474747474747474
Opening statements,Site Guidelines for Visitors,0.10344827586206896,0.0,-0.02474747474747474
Opening statements,Specially Protected Species,0.10344827586206896,0.0,-0.02474747474747474
Comprehensive Environmental Evaluations,Environmental Impact Assessment EIA Other EIA Matters,0.4090909090909091,0.19375978755300305,-0.025252525252525304
Exchange of Information,International Polar Year,0.3181818181818182,0.04699124327897573,-0.025757575757575757
Environmental Protection General,Waste management and disposal,0.28,0.028472431086935274,-0.027272727272727226
Marine Acoustics,Safety and Operations in Antarctica,0.23529411764705882,0.012722490023760967,-0.02929292929292937
Environmental Impact Assessment EIA Other EIA Matters,Repair and remediation of environmental damage,0.4090909090909091,0.1991291474540653,-0.02929292929292937
Institutional and legal matters,Operation of the Antarctic Treaty system The Secretariat,0.23529411764705882,0.012849675417214348,-0.03131313131313129
Educational issues,Safety and Operations in Antarctica,0.3076923076923077,0.040171145522818856,-0.031818181818181746
Operational issues,Specially Protected Species,0.21052631578947367,0.008375786806356917,-0.0318181818181818
Environmental Impact Assessment EIA Other EIA Matters,Mineral resources,0.18181818181818182,0.004059050137981543,-0.032323232323232365
CEP Strategy Discussions,Operation of the Antarctic Treaty system General,0.23076923076923078,0.011175998896833782,-0.03282828282828282
Educational issues,Waste management and disposal,0.19230769230769232,0.005632448478906261,-0.03434343434343434
Environmental Impact Assessment EIA Other EIA Matters,Environmental Monitoring and Reporting,0.4090909090909091,0.21638570999395904,-0.036363636363636376
Comprehensive Environmental Evaluations,Inspections,0.3684210526315789,0.10110213738661511,-0.036363636363636376
Fauna and Flora_General,Search and Rescue,0.3125,0.04567952177079057,-0.03989898989898999
Biological Prospecting,Environmental Protection General,0.36,0.07662484789151251,-0.04141414141414146
Nonnative Species and Quarantine,Operation of the Antarctic Treaty system The Secretariat,0.23529411764705882,0.013865670084887097,-0.042424242424242475
Operational issues,Tourism and NG_Activities,0.21052631578947367,0.008637911254084899,-0.04292929292929293
Area Protection and Management Plans General,CEP Strategy Discussions,0.23076923076923078,0.011602955276923895,-0.042929292929292984
Operation of the Antarctic Treaty system Reports,Operational issues,0.4,0.218466919922813,-0.04747474747474745
Emergency report and contingency planning,Sub glacial Lakes,0.09090909090909091,0.0,-0.04797979797979798
Exchange of Information,Multiyear strategic workplan,0.09090909090909091,0.0,-0.04797979797979798
Exchange of Information,Marine Acoustics,0.09090909090909091,0.0,-0.04797979797979798
Environmental Domains Analysis,Marine Protected Areas,0.09090909090909091,0.0,-0.04797979797979798
Marine Protected Areas,Multiyear strategic workplan,0.09090909090909091,0.0,-0.04797979797979798
Drilling,Human Footprint and wilderness values,0.09090909090909091,0.0,-0.04797979797979798
Environmental Impact Assessment EIA Other EIA Matters,Specially Protected Species,0.09090909090909091,0.0,-0.04797979797979798
Environmental Impact Assessment EIA Other EIA Matters,Operation of the CEP,0.22727272727272727,0.01064440123288766,-0.04797979797979801
Management Plans,Prevention of marine pollution,0.25,0.018601894665691777,-0.04797979797979801
Human Footprint and wilderness values,Site Guidelines for Visitors,0.2727272727272727,0.02899216491297288,-0.04949494949494948
Search and Rescue,Waste management and disposal,0.3076923076923077,0.04275134430156895,-0.04999999999999993
Environmental Monitoring and Reporting,Operation of the Antarctic Treaty system The Secretariat,0.2,0.007714106825785076,-0.050000000000000044
Environmental Protection General,Operation of the Antarctic Treaty system Reports,0.32,0.055382058126042105,-0.0505050505050505
Marine Acoustics,Site Guidelines for Visitors,0.2222222222222222,0.010222175917094047,-0.05202020202020202
Marine living resources,Tourism and NG_Activities,0.3,0.03945803220172191,-0.05252525252525253
Institutional and legal matters,Site Guidelines for Visitors,0.23076923076923078,0.012192710755614834,-0.05303030303030304
Comprehensive Environmental Evaluations,Environmental Monitoring and Reporting,0.4,0.23761941577056656,-0.0565656565656566
Comprehensive Environmental Evaluations,Repair and remediation of environmental damage,0.4,0.2403052607997387,-0.0575757575757575
Human Footprint and wilderness values,Waste management and disposal,0.3076923076923077,0.04482868451862035,-0.058080808080808066
Institutional and legal matters,Nonnative Species and Quarantine,0.26666666666666666,0.02784556602746387,-0.05909090909090908
CEP Strategy Discussions,Mineral resources,0.08333333333333333,0.0,-0.059595959595959605
Marine Acoustics,Science issues,0.08333333333333333,0.0,-0.059595959595959605
Marine Acoustics,Repair and remediation of environmental damage,0.08333333333333333,0.0,-0.059595959595959605
CEP Strategy Discussions,Sub glacial Lakes,0.08333333333333333,0.0,-0.059595959595959605
Drilling,Science issues,0.08333333333333333,0.0,-0.059595959595959605
Prevention of marine pollution,Science issues,0.08333333333333333,0.0,-0.059595959595959605
CEP Strategy Discussions,Emergency report and contingency planning,0.08333333333333333,0.0,-0.059595959595959605
Nonnative Species and Quarantine,Tourism and NG_Activities,0.3333333333333333,0.07238510879139401,-0.0626262626262627
Human Footprint and wilderness values,Nonnative Species and Quarantine,0.26666666666666666,0.028244780732936885,-0.06313131313131304
Institutional and legal matters,Waste management and disposal,0.3076923076923077,0.04569256709886446,-0.06313131313131315
Search and Rescue,Tourism and NG_Activities,0.3,0.04098993408534543,-0.0636363636363636
CEP Strategy Discussions,Search and Rescue,0.25,0.021685948509764484,-0.06414141414141417
Marine living resources,Operation of the Antarctic Treaty system Reports,0.2,0.008407728004720057,-0.06414141414141417
Emergency report and contingency planning,Exchange of Information,0.22727272727272727,0.011539881057785441,-0.06515151515151518
Safety and Operations in Antarctica,Waste management and disposal,0.29411764705882354,0.03708783125968438,-0.06565656565656564
Prevention of marine pollution,Waste management and disposal,0.23076923076923078,0.013192731950125092,-0.06616161616161614
Multiyear strategic workplan,Operational issues,0.21052631578947367,0.009925919458212001,-0.0661616161616162
Mineral resources,Prevention of marine pollution,0.2222222222222222,0.011162497205304774,-0.06717171717171716
Educational issues,Marine Acoustics,0.07692307692307693,0.0,-0.07070707070707072
Operation of the Antarctic Treaty system The Secretariat,Operational issues,0.3684210526315789,0.1857373167290868,-0.07272727272727275
Educational issues,Operation of the Antarctic Treaty system The Secretariat,0.2692307692307692,0.030325418597009747,-0.07424242424242422
Liability,Safety and Operations in Antarctica,0.23529411764705882,0.0164432071217755,-0.0757575757575758
Environmental Impact Assessment EIA Other EIA Matters,Marine living resources,0.18181818181818182,0.006092099431239461,-0.0787878787878788
Historic Sites and Monuments,Waste management and disposal,0.3076923076923077,0.04970621901851874,-0.08434343434343428
Environmental Impact Assessment EIA Other EIA Matters,Marine Protected Areas,0.18181818181818182,0.006486471848205053,-0.0848484848484849
Cooperation with Other Organisations,Site Guidelines for Visitors,0.07142857142857142,0.0,-0.08585858585858587
International Polar Year,Site Guidelines for Visitors,0.07142857142857142,0.0,-0.08585858585858587
Cooperation with Other Organisations,Tourism and NG_Activities,0.07142857142857142,0.0,-0.08585858585858587
Cooperation with Other Organisations,Sub glacial Lakes,0.07142857142857142,0.0,-0.08585858585858587
Cooperation with Other Organisations,Marine Protected Areas,0.07142857142857142,0.0,-0.08585858585858587
Cooperation with Other Organisations,Specially Protected Species,0.07142857142857142,0.0,-0.08585858585858587
Biological Prospecting,Human Footprint and wilderness values,0.07142857142857142,0.0,-0.08585858585858587
Biological Prospecting,Search and Rescue,0.07142857142857142,0.0,-0.08585858585858587
Environmental Impact Assessment EIA Other EIA Matters,Institutional and legal matters,0.36363636363636365,0.1964539222035449,-0.09040404040404049
Area Protection and Management Plans General,Marine Protected Areas,0.38461538461538464,0.30436550434724696,-0.09141414141414139
Institutional and legal matters,State of the Antarctic Environment Report SAER,0.15384615384615385,0.0037279080235972924,-0.09494949494949495
Operation of the CEP,Repair and remediation of environmental damage,0.3333333333333333,0.10674178320159666,-0.09595959595959602
Repair and remediation of environmental damage,Tourism and NG_Activities,0.25,0.02673515504511726,-0.09646464646464648
Marine Acoustics,Opening statements,0.06896551724137931,0.0,-0.09898989898989899
Opening statements,Sub glacial Lakes,0.06896551724137931,0.0,-0.09898989898989899
Opening statements,Tourism and NG_Activities,0.06896551724137931,0.0,-0.09898989898989899
Operational issues,Safety and Operations in Antarctica,0.3684210526315789,0.24604048763494288,-0.09999999999999998
Opening statements,Waste management and disposal,0.3103448275862069,0.06348838352432902,-0.1010101010101011
Marine Protected Areas,Marine living resources,0.36363636363636365,0.2245584816118987,-0.10353535353535359
Comprehensive Environmental Evaluations,Marine Acoustics,0.06666666666666667,0.0,-0.10454545454545455
Area Protection and Management Plans General,Operation of the CEP,0.3076923076923077,0.06171805926234837,-0.11161616161616161
Educational issues,Operational issues,0.38461538461538464,0.6116435348775044,-0.11161616161616161
Fauna and Flora_General,Prevention of marine pollution,0.0625,0.0,-0.11161616161616163
Climate Change,Sub glacial Lakes,0.0625,0.0,-0.11161616161616163
Climate Change,Mineral resources,0.0625,0.0,-0.11161616161616163
Drilling,Fauna and Flora_General,0.0625,0.0,-0.11161616161616163
Emergency report and contingency planning,Marine living resources,0.2727272727272727,0.03779403881794924,-0.11515151515151512
Prevention of marine pollution,Safety and Operations in Antarctica,0.23529411764705882,0.022697347793645732,-0.11515151515151523
Environmental Monitoring and Reporting,Marine Protected Areas,0.2,0.01076913293215408,-0.11666666666666664
Marine Acoustics,Nonnative Species and Quarantine,0.26666666666666666,0.03458216316183902,-0.11868686868686862
CEP Strategy Discussions,Operation of the Antarctic Treaty system Reports,0.2,0.010945170153580206,-0.11868686868686867
Liability,Sub glacial Lakes,0.058823529411764705,0.0,-0.11868686868686869
Operation of the Antarctic Treaty system The Secretariat,Specially Protected Species,0.058823529411764705,0.0,-0.11868686868686869
Safety and Operations in Antarctica,Sub glacial Lakes,0.058823529411764705,0.0,-0.11868686868686869
Comprehensive Environmental Evaluations,Educational issues,0.2692307692307692,0.036622632299976594,-0.12070707070707065
Repair and remediation of environmental damage,Waste management and disposal,0.3076923076923077,0.0658506360711762,-0.12070707070707065
Inspections,Operation of the Antarctic Treaty system Reports,0.25,0.029302952682267396,-0.12171717171717178
Nonnative Species and Quarantine,Safety and Operations in Antarctica,0.29411764705882354,0.04751797068491428,-0.12222222222222223
International Polar Year,Operation of the Antarctic Treaty system Reports,0.25,0.02953377331648762,-0.1227272727272728
Operational issues,State of the Antarctic Environment Report SAER,0.05263157894736842,0.0,-0.12323232323232323
Drilling,Operation of the Antarctic Treaty system Reports,0.05,0.0,-0.12676767676767678
Environmental Monitoring and Reporting,Multiyear strategic workplan,0.05,0.0,-0.12676767676767678
Operation of the Antarctic Treaty system Reports,Sub glacial Lakes,0.05,0.0,-0.12676767676767678
Inspections,Operation of the CEP,0.2631578947368421,0.03418148122408471,-0.1272727272727272
Exchange of Information,Sub glacial Lakes,0.045454545454545456,0.0,-0.1297979797979798
Sub glacial Lakes,Waste management and disposal,0.15384615384615385,0.005411965855005305,-0.13030303030303025
International Polar Year,Operation of the Antarctic Treaty system The Secretariat,0.23529411764705882,0.025109173556470767,-0.1323232323232324
Marine living resources,Nonnative Species and Quarantine,0.26666666666666666,0.03697647534346335,-0.13282828282828274
Environmental Domains Analysis,Science issues,0.041666666666666664,0.0,-0.13333333333333333
Science issues,State of the Antarctic Environment Report SAER,0.041666666666666664,0.0,-0.13333333333333333
Area Protection and Management Plans General,Science issues,0.041666666666666664,0.0,-0.13333333333333333
Institutional and legal matters,Operation of the CEP,0.23076923076923078,0.0204752437244524,-0.13484848484848483
Marine Protected Areas,Operation of the Antarctic Treaty system Reports,0.2,0.011923307095881025,-0.13585858585858585
Biological Prospecting,Environmental Domains Analysis,0.14285714285714285,0.004371361411669368,-0.13686868686868686
Comprehensive Environmental Evaluations,Environmental Protection General,0.36,0.30197637308889297,-0.13737373737373748
CEP Strategy Discussions,International Polar Year,0.14285714285714285,0.004422090449421917,-0.13787878787878788
Nonnative Species and Quarantine,Search and Rescue,0.26666666666666666,0.038115212821343565,-0.13888888888888884
Drilling,Educational issues,0.038461538461538464,0.0,-0.1398989898989899
Educational issues,Multiyear strategic workplan,0.038461538461538464,0.0,-0.1398989898989899
Liability,Marine living resources,0.23529411764705882,0.026719015246479336,-0.14040404040404042
Environmental Monitoring and Reporting,Environmental Protection General,0.36,0.32379454191891754,-0.14141414141414144
Human Footprint and wilderness values,Operational issues,0.2631578947368421,0.03659384417709909,-0.14343434343434347
Operation of the Antarctic Treaty system The Secretariat,Tourism and NG_Activities,0.17647058823529413,0.008468726586353838,-0.14595959595959596
Mineral resources,Safety and Operations in Antarctica,0.17647058823529413,0.0085006526646187,-0.147979797979798
Environmental Protection General,Operation of the Antarctic Treaty system The Secretariat,0.28,0.04708499975602589,-0.14949494949494946
Comprehensive Environmental Evaluations,Nonnative Species and Quarantine,0.26666666666666666,0.040900228569821256,-0.15303030303030296
Emergency report and contingency planning,Historic Sites and Monuments,0.23076923076923078,0.02423652869664682,-0.15303030303030302
Fauna and Flora_General,Repair and remediation of environmental damage,0.25,0.033860947356525055,-0.1540404040404041
Area Protection and Management Plans General,International Polar Year,0.21428571428571427,0.01685189491192255,-0.1550505050505051
Biological Prospecting,Inspections,0.3157894736842105,0.18423725270048896,-0.1575757575757576
Human Footprint and wilderness values,Marine Acoustics,0.18181818181818182,0.009980870084121024,-0.16060606060606059
Cooperation with Other Organisations,Historic Sites and Monuments,0.0,0.0,-0.16262626262626262
International Polar Year,Marine Protected Areas,0.0,0.0,-0.16262626262626262
Cooperation with Other Organisations,Drilling,0.0,0.0,-0.16262626262626262
Prevention of marine pollution,Sub glacial Lakes,0.0,0.0,-0.16262626262626262
Operation of the Antarctic Treaty system The Secretariat,Sub glacial Lakes,0.0,0.0,-0.16262626262626262
Search and Rescue,Sub glacial Lakes,0.0,0.0,-0.16262626262626262
Environmental Domains Analysis,Marine living resources,0.0,0.0,-0.16262626262626262
Science issues,Search and Rescue,0.0,0.0,-0.16262626262626262
Environmental Domains Analysis,Exchange of Information,0.0,0.0,-0.16262626262626262
Emergency report and contingency planning,Operation of the CEP,0.0,0.0,-0.16262626262626262
Educational issues,State of the Antarctic Environment Report SAER,0.0,0.0,-0.16262626262626262
Multiyear strategic workplan,Prevention of marine pollution,0.0,0.0,-0.16262626262626262
Marine Protected Areas,Science issues,0.0,0.0,-0.16262626262626262
Drilling,Prevention of marine pollution,0.0,0.0,-0.16262626262626262
Climate Change,Drilling,0.0,0.0,-0.16262626262626262
Marine Protected Areas,State of the Antarctic Environment Report SAER,0.0,0.0,-0.16262626262626262
Management Plans,Sub glacial Lakes,0.0,0.0,-0.16262626262626262
Marine Protected Areas,Sub glacial Lakes,0.0,0.0,-0.16262626262626262
International Polar Year,Tourism and NG_Activities,0.0,0.0,-0.16262626262626262
International Polar Year,Operation of the CEP,0.2857142857142857,0.05284851700927594,-0.16262626262626267
CEP Strategy Discussions,Exchange of Information,0.13636363636363635,0.004600360820654061,-0.16313131313131315
Operation of the Antarctic Treaty system Reports,Prevention of marine pollution,0.3,0.0747902639300464,-0.16363636363636358
CEP Strategy Discussions,Operation of the Antarctic Treaty system The Secretariat,0.17647058823529413,0.009305420409586642,-0.16616161616161612
Environmental Monitoring and Reporting,Institutional and legal matters,0.25,0.035124576992583124,-0.16616161616161618
Repair and remediation of environmental damage,Safety and Operations in Antarctica,0.29411764705882354,0.06403663323369362,-0.16666666666666663
Educational issues,Inspections,0.23076923076923078,0.026073672455309522,-0.16717171717171714
International Polar Year,Operational issues,0.3157894736842105,0.20213671894036908,-0.16868686868686866
Nonnative Species and Quarantine,Specially Protected Species,0.3333333333333333,0.30391735392609587,-0.1717171717171717
Biological Prospecting,Nonnative Species and Quarantine,0.26666666666666666,0.04446856417525369,-0.17323232323232318
Opening statements,Safety and Operations in Antarctica,0.2413793103448276,0.03258141318533564,-0.17373737373737375
CEP Strategy Discussions,Operational issues,0.21052631578947367,0.017519652052749517,-0.1742424242424242
Environmental Monitoring and Reporting,Mineral resources,0.2,0.01471186713898038,-0.17424242424242425
CEP Strategy Discussions,Cooperation with Other Organisations,0.2857142857142857,0.05898234969493317,-0.17474747474747476
Educational issues,Historic Sites and Monuments,0.15384615384615385,0.007443765454794036,-0.17575757575757572
CEP Strategy Discussions,Management Plans,0.1875,0.01180738994035186,-0.17626262626262623
Fauna and Flora_General,State of the Antarctic Environment Report SAER,0.125,0.0042303612103547555,-0.1762626262626263
Area Protection and Management Plans General,Environmental Impact Assessment EIA Other EIA Matters,0.2727272727272727,0.04933249261896256,-0.17676767676767668
Historic Sites and Monuments,Operation of the Antarctic Treaty system General,0.19230769230769232,0.012888264394712176,-0.17676767676767674
Environmental Monitoring and Reporting,Fauna and Flora_General,0.25,0.03679534226148347,-0.17727272727272725
Operation of the Antarctic Treaty system General,Operation of the Antarctic Treaty system The Secretariat,0.34615384615384615,0.7216132514988355,-0.17727272727272725
Operational issues,Site Guidelines for Visitors,0.15789473684210525,0.008168430774294615,-0.17727272727272725
Institutional and legal matters,Operation of the Antarctic Treaty system Reports,0.2,0.01511397418592668,-0.1772727272727273
Emergency report and contingency planning,Operation of the Antarctic Treaty system The Secretariat,0.11764705882352941,0.002500031850074266,-0.1782828282828283
Biological Prospecting,Environmental Monitoring and Reporting,0.3,0.09023179567134987,-0.17878787878787872
Climate Change,Opening statements,0.20689655172413793,0.01715571212670556,-0.18030303030303024
Operational issues,Science issues,0.3333333333333333,0.3936189973669467,-0.18484848484848493
CEP Strategy Discussions,Comprehensive Environmental Evaluations,0.26666666666666666,0.04685408706936779,-0.1863636363636363
Emergency report and contingency planning,Operation of the Antarctic Treaty system Reports,0.3,0.10120691399590656,-0.18686868686868685
Institutional and legal matters,Marine living resources,0.15384615384615385,0.00800525916449273,-0.18686868686868685
Biological Prospecting,State of the Antarctic Environment Report SAER,0.14285714285714285,0.006578143349453511,-0.18737373737373736
Environmental Impact Assessment EIA Other EIA Matters,Tourism and NG_Activities,0.18181818181818182,0.011520653176120832,-0.18787878787878792
Institutional and legal matters,Marine Acoustics,0.23076923076923078,0.02850376399807971,-0.18838383838383838
Multiyear strategic workplan,Search and Rescue,0.2,0.016286333296932545,-0.19141414141414143
Climate Change,Environmental Impact Assessment EIA Other EIA Matters,0.18181818181818182,0.011558940384646707,-0.191919191919192
Historic Sites and Monuments,State of the Antarctic Environment Report SAER,0.23076923076923078,0.029069951048580712,-0.19444444444444448
Environmental Monitoring and Reporting,Operation of the Antarctic Treaty system Reports,0.3,0.12810785341373018,-0.1969696969696969
Environmental Monitoring and Reporting,Historic Sites and Monuments,0.3,0.1322559898451437,-0.19898989898989894
Environmental Impact Assessment EIA Other EIA Matters,Prevention of marine pollution,0.18181818181818182,0.01226446143038966,-0.2050505050505051
Climate Change,Emergency report and contingency planning,0.1875,0.013909536882979443,-0.2055555555555556
Area Protection and Management Plans General,Environmental Protection General,0.32,0.5259246227888361,-0.20606060606060606
Institutional and legal matters,Mineral resources,0.15384615384615385,0.009030827380344619,-0.21010101010101007
Nonnative Species and Quarantine,Sub glacial Lakes,0.13333333333333333,0.00658127324683465,-0.21515151515151512
Operation of the Antarctic Treaty system General,Operational issues,0.3076923076923077,0.23544957068647143,-0.2176767676767677
Inspections,State of the Antarctic Environment Report SAER,0.15789473684210525,0.010357407841348325,-0.22474747474747475
Operation of the Antarctic Treaty system General,Search and Rescue,0.19230769230769232,0.01714380011071115,-0.22626262626262633
Area Protection and Management Plans General,Environmental Monitoring and Reporting,0.25,0.04671289375844016,-0.22777777777777775
Management Plans,Multiyear strategic workplan,0.25,0.046746894213681375,-0.22878787878787876
Emergency report and contingency planning,Environmental Domains Analysis,0.09090909090909091,0.0031203490408135788,-0.23181818181818184
Exchange of Information,Operation of the Antarctic Treaty system Reports,0.2727272727272727,0.07603226024806686,-0.23333333333333328
Management Plans,Opening statements,0.27586206896551724,0.08951930709116027,-0.2333333333333334
Management Plans,Waste management and disposal,0.3125,0.465980445669281,-0.23383838383838385
CEP Strategy Discussions,Educational issues,0.11538461538461539,0.0053407470242285175,-0.23383838383838385
Area Protection and Management Plans General,Tourism and NG_Activities,0.23076923076923078,0.03538505175039693,-0.24191919191919192
Environmental Impact Assessment EIA Other EIA Matters,Sub glacial Lakes,0.09090909090909091,0.0038779851784747073,-0.2429292929292929
Area Protection and Management Plans General,Waste management and disposal,0.3076923076923077,0.3372393020522337,-0.24494949494949492
Environmental Domains Analysis,Prevention of marine pollution,0.1111111111111111,0.005473206293225127,-0.24494949494949494
Operation of the Antarctic Treaty system Reports,Tourism and NG_Activities,0.15,0.009961038770080534,-0.24545454545454543
Mineral resources,Operation of the Antarctic Treaty system The Secretariat,0.11764705882352941,0.0064171894290620994,-0.24696969696969698
Institutional and legal matters,International Polar Year,0.2857142857142857,0.14056775310058717,-0.24747474747474751
Area Protection and Management Plans General,Educational issues,0.19230769230769232,0.020352751404084834,-0.24848484848484848
Cooperation with Other Organisations,Emergency report and contingency planning,0.14285714285714285,0.009345369618614263,-0.24898989898989898
Repair and remediation of environmental damage,Search and Rescue,0.25,0.05124762891900523,-0.251010101010101
Cooperation with Other Organisations,Opening statements,0.13793103448275862,0.00865398306343166,-0.2515151515151515
Opening statements,Repair and remediation of environmental damage,0.20689655172413793,0.02827530870091259,-0.252020202020202
Environmental Monitoring and Reporting,Sub glacial Lakes,0.1,0.004943745283825418,-0.25202020202020203
Nonnative Species and Quarantine,Operation of the CEP,0.13333333333333333,0.008400968123543828,-0.2525252525252525
Exchange of Information,Site Guidelines for Visitors,0.18181818181818182,0.016290728736690654,-0.25353535353535356
Site Guidelines for Visitors,Waste management and disposal,0.15384615384615385,0.011324742007007555,-0.25555555555555554
Historic Sites and Monuments,Opening statements,0.27586206896551724,0.13461249812423293,-0.25757575757575757
Operation of the Antarctic Treaty system Reports,Search and Rescue,0.2,0.02659193942524555,-0.2580808080808081
Historic Sites and Monuments,Science issues,0.125,0.00797249694370993,-0.2590909090909091
Environmental Domains Analysis,Search and Rescue,0.1,0.005333001257893594,-0.2590909090909091
Multiyear strategic workplan,Safety and Operations in Antarctica,0.11764705882352941,0.006983749946458081,-0.26010101010101006
Search and Rescue,State of the Antarctic Environment Report SAER,0.2,0.02699957516538124,-0.2611111111111111
Environmental Monitoring and Reporting,Repair and remediation of environmental damage,0.3,0.2975978261023311,-0.26262626262626265
Repair and remediation of environmental damage,Sub glacial Lakes,0.08333333333333333,0.004549486117293489,-0.26666666666666666
International Polar Year,Safety and Operations in Antarctica,0.23529411764705882,0.045011423228169097,-0.2666666666666667
Environmental Impact Assessment EIA Other EIA Matters,Site Guidelines for Visitors,0.13636363636363635,0.009278800939888776,-0.2681818181818182
Marine Acoustics,Operation of the Antarctic Treaty system Reports,0.15,0.011296690377901186,-0.2696969696969697
Institutional and legal matters,Search and Rescue,0.23076923076923078,0.0402540225895124,-0.27020202020202017
Educational issues,Site Guidelines for Visitors,0.11538461538461539,0.006965637483107378,-0.2712121212121212
Environmental Protection General,Fauna and Flora_General,0.28,0.19536841630055113,-0.2767676767676768
Operational issues,Prevention of marine pollution,0.21052631578947367,0.03225946630993193,-0.2772727272727272
Fauna and Flora_General,Safety and Operations in Antarctica,0.23529411764705882,0.04688837412476564,-0.2777777777777778
Historic Sites and Monuments,Search and Rescue,0.23076923076923078,0.04142274993456854,-0.2792929292929293
Exchange of Information,Institutional and legal matters,0.22727272727272727,0.03726898689608388,-0.2803030303030303
Area Protection and Management Plans General,Operational issues,0.21052631578947367,0.03271310087552617,-0.2813131313131313
CEP Strategy Discussions,Inspections,0.2631578947368421,0.09003941771844273,-0.28181818181818186
Operation of the Antarctic Treaty system The Secretariat,Safety and Operations in Antarctica,0.29411764705882354,0.3188148838247865,-0.28888888888888886
Educational issues,Prevention of marine pollution,0.19230769230769232,0.027509292044273482,-0.28989898989898993
Operation of the Antarctic Treaty system General,Sub glacial Lakes,0.07692307692307693,0.005036031158051404,-0.2909090909090909
Biological Prospecting,Waste management and disposal,0.07142857142857142,0.004520391710531348,-0.2919191919191919
Comprehensive Environmental Evaluations,International Polar Year,0.2,0.030323209804121173,-0.2924242424242424
Environmental Protection General,Marine Protected Areas,0.28,0.2333971964527481,-0.29393939393939394
Opening statements,Operation of the Antarctic Treaty system Reports,0.2413793103448276,0.05808645975628113,-0.29393939393939394
Educational issues,International Polar Year,0.2692307692307692,0.17237228851767616,-0.2954545454545454
Environmental Domains Analysis,Nonnative Species and Quarantine,0.06666666666666667,0.00368908320456683,-0.29545454545454547
Science issues,Sub glacial Lakes,0.125,0.009834623819316655,-0.29949494949494954
Marine living resources,Sub glacial Lakes,0.1111111111111111,0.008160505521301585,-0.30353535353535355
Comprehensive Environmental Evaluations,Sub glacial Lakes,0.06666666666666667,0.004426812823900969,-0.3095959595959596
Emergency report and contingency planning,Multiyear strategic workplan,0.18181818181818182,0.02500135920182025,-0.31111111111111117
Biological Prospecting,Sub glacial Lakes,0.07142857142857142,0.005402920938061697,-0.31313131313131315
Inspections,Safety and Operations in Antarctica,0.2631578947368421,0.15627814098657145,-0.3161616161616162
Operation of the Antarctic Treaty system Reports,Repair and remediation of environmental damage,0.25,0.09585703078502021,-0.31666666666666665
Institutional and legal matters,Operational issues,0.2631578947368421,0.16420117191027425,-0.3171717171717171
Safety and Operations in Antarctica,Search and Rescue,0.23529411764705882,0.06104933148913656,-0.31818181818181823
Fauna and Flora_General,Human Footprint and wilderness values,0.1875,0.028536877053836666,-0.3207070707070707
Emergency report and contingency planning,Operation of the Antarctic Treaty system General,0.15384615384615385,0.016209197580070757,-0.32121212121212117
Nonnative Species and Quarantine,State of the Antarctic Environment Report SAER,0.13333333333333333,0.011792257224590028,-0.3232323232323232
CEP Strategy Discussions,Prevention of marine pollution,0.08333333333333333,0.007120423125205126,-0.32626262626262625
International Polar Year,Mineral resources,0.07142857142857142,0.0058343658108119725,-0.32727272727272727
Cooperation with Other Organisations,Multiyear strategic workplan,0.07142857142857142,0.005904430591451929,-0.3282828282828283
Climate Change,Exchange of Information,0.2727272727272727,0.2888599915971076,-0.3282828282828283
Area Protection and Management Plans General,State of the Antarctic Environment Report SAER,0.23076923076923078,0.05235816942996009,-0.3287878787878788
Exchange of Information,Safety and Operations in Antarctica,0.22727272727272727,0.04682599559396541,-0.32979797979797976
Area Protection and Management Plans General,Safety and Operations in Antarctica,0.23529411764705882,0.06727121885553583,-0.3303030303030303
Operation of the Antarctic Treaty system The Secretariat,Repair and remediation of environmental damage,0.23529411764705882,0.0687353033614005,-0.33131313131313134
Fauna and Flora_General,Operation of the CEP,0.125,0.011535759821390637,-0.33282828282828286
Science issues,Site Guidelines for Visitors,0.08333333333333333,0.0074604074889677565,-0.33434343434343433
Comprehensive Environmental Evaluations,Prevention of marine pollution,0.2,0.03615381912823667,-0.3358585858585859
Educational issues,Specially Protected Species,0.07692307692307693,0.007142460546091139,-0.3383838383838384
Historic Sites and Monuments,Sub glacial Lakes,0.07692307692307693,0.007152378690170672,-0.3393939393939394
Operation of the Antarctic Treaty system General,Tourism and NG_Activities,0.11538461538461539,0.010171112622614083,-0.33989898989898987
Cooperation with Other Organisations,Educational issues,0.23076923076923078,0.057504028237168506,-0.3409090909090909
Marine Protected Areas,Specially Protected Species,0.2727272727272727,0.3617505881942717,-0.3414141414141414
Mineral resources,Operation of the Antarctic Treaty system Reports,0.15,0.017062661581343223,-0.34646464646464653
Prevention of marine pollution,Specially Protected Species,0.1,0.009120750117135468,-0.346969696969697
Cooperation with Other Organisations,Environmental Domains Analysis,0.07142857142857142,0.007002833779182532,-0.3505050505050505
Climate Change,Multiyear strategic workplan,0.125,0.012701761994876088,-0.35101010101010105
Fauna and Flora_General,Sub glacial Lakes,0.0625,0.00578264885315939,-0.352020202020202
Comprehensive Environmental Evaluations,Safety and Operations in Antarctica,0.23529411764705882,0.08679158153908745,-0.3535353535353536
Site Guidelines for Visitors,State of the Antarctic Environment Report SAER,0.1111111111111111,0.01047863619865304,-0.35404040404040404
Environmental Domains Analysis,Operation of the Antarctic Treaty system Reports,0.1,0.00960531856541356,-0.35505050505050506
Environmental Domains Analysis,Historic Sites and Monuments,0.15384615384615385,0.020996926616775484,-0.35656565656565653
Environmental Monitoring and Reporting,Safety and Operations in Antarctica,0.2,0.04008615849445952,-0.35707070707070704
Opening statements,Prevention of marine pollution,0.06896551724137931,0.006763695392148365,-0.35858585858585856
Cooperation with Other Organisations,International Polar Year,0.21428571428571427,0.04761281762968422,-0.3590909090909091
Fauna and Flora_General,Tourism and NG_Activities,0.1875,0.03398186293458965,-0.36010101010101014
Management Plans,Marine Acoustics,0.125,0.013420907451462677,-0.3621212121212121
Institutional and legal matters,Operation of the Antarctic Treaty system General,0.15384615384615385,0.022149949116865165,-0.36262626262626263
Mineral resources,Operation of the CEP,0.125,0.013506575353060006,-0.36313131313131314
Multiyear strategic workplan,Operation of the Antarctic Treaty system The Secretariat,0.11764705882352941,0.012138066938382519,-0.3651515151515151
State of the Antarctic Environment Report SAER,Tourism and NG_Activities,0.1,0.010113734492894462,-0.3651515151515151
Fauna and Flora_General,Historic Sites and Monuments,0.1875,0.03434068002450237,-0.3651515151515151
Marine Acoustics,Operation of the Antarctic Treaty system General,0.11538461538461539,0.011534932525466406,-0.36515151515151517
CEP Strategy Discussions,Opening statements,0.1724137931034483,0.028306037617249816,-0.3656565656565656
Biological Prospecting,Marine Protected Areas,0.21428571428571427,0.04966220644910356,-0.36717171717171715
Drilling,Marine living resources,0.2222222222222222,0.05270357065486507,-0.3671717171717172
CEP Strategy Discussions,Multiyear strategic workplan,0.25,0.2064320701503538,-0.36818181818181817
Human Footprint and wilderness values,Safety and Operations in Antarctica,0.17647058823529413,0.029861948566304475,-0.3691919191919191
Marine Acoustics,Mineral resources,0.125,0.014104471730193854,-0.36919191919191924
Area Protection and Management Plans General,Prevention of marine pollution,0.23076923076923078,0.07377950896121435,-0.37121212121212116
Educational issues,Repair and remediation of environmental damage,0.19230769230769232,0.03763749764343209,-0.3717171717171717
Comprehensive Environmental Evaluations,Operation of the CEP,0.2,0.041970928762936885,-0.3732323232323233
Cooperation with Other Organisations,State of the Antarctic Environment Report SAER,0.14285714285714285,0.01878052894543348,-0.3762626262626263
Area Protection and Management Plans General,Sub glacial Lakes,0.0,0.004957185351254449,-0.3808080808080808
Operation of the Antarctic Treaty system The Secretariat,Search and Rescue,0.17647058823529413,0.031019294869480372,-0.3813131313131313
Area Protection and Management Plans General,Exchange of Information,0.18181818181818182,0.034054470254590845,-0.3828282828282829
Repair and remediation of environmental damage,State of the Antarctic Environment Report SAER,0.25,0.24038905021366136,-0.3843434343434343
Climate Change,Repair and remediation of environmental damage,0.125,0.015505531832868786,-0.3863636363636364
Environmental Protection General,Specially Protected Species,0.24,0.18434980716143476,-0.38737373737373737
Environmental Monitoring and Reporting,Marine Acoustics,0.1,0.011323553505193956,-0.38737373737373737
Mineral resources,Sub glacial Lakes,0.125,0.016005479072062213,-0.3914141414141414
Climate Change,Waste management and disposal,0.125,0.016131209327198786,-0.3924242424242424
Environmental Domains Analysis,Mineral resources,0.0,0.005477898275953482,-0.3929292929292929
Area Protection and Management Plans General,Emergency report and contingency planning,0.23076923076923078,0.0983074468960253,-0.39444444444444443
Mineral resources,Science issues,0.08333333333333333,0.010293807050210258,-0.39595959595959596
Area Protection and Management Plans General,Mineral resources,0.23076923076923078,0.10193696161731375,-0.3984848484848485
Historic Sites and Monuments,Site Guidelines for Visitors,0.23076923076923078,0.11657206777875376,-0.40252525252525256
Human Footprint and wilderness values,Sub glacial Lakes,0.0,0.0059435791946534,-0.40606060606060607
Exchange of Information,Repair and remediation of environmental damage,0.22727272727272727,0.0829991194139672,-0.4065656565656566
Fauna and Flora_General,Institutional and legal matters,0.1875,0.041084862427763005,-0.4075757575757576
Multiyear strategic workplan,Operation of the Antarctic Treaty system General,0.11538461538461539,0.014578064906482132,-0.40858585858585855
Biological Prospecting,Prevention of marine pollution,0.07142857142857142,0.009793993262581449,-0.4090909090909091
Exchange of Information,Prevention of marine pollution,0.22727272727272727,0.08793467230703556,-0.41060606060606064
Educational issues,Tourism and NG_Activities,0.038461538461538464,0.007365987430113796,-0.4126262626262626
Science issues,Tourism and NG_Activities,0.041666666666666664,0.007889194337278175,-0.41515151515151516
Site Guidelines for Visitors,Sub glacial Lakes,0.0,0.006692967074284287,-0.4212121212121212
Comprehensive Environmental Evaluations,Operation of the Antarctic Treaty system Reports,0.15,0.02839006898943636,-0.4222222222222222
Environmental Domains Analysis,Fauna and Flora_General,0.0625,0.009099804448287872,-0.42272727272727273
Operation of the Antarctic Treaty system Reports,Operation of the Antarctic Treaty system The Secretariat,0.25,0.7034688939872034,-0.42373737373737375
Area Protection and Management Plans General,Operation of the Antarctic Treaty system Reports,0.2,0.05328501403492952,-0.4237373737373738
Sub glacial Lakes,Tourism and NG_Activities,0.0,0.007077645292179438,-0.42828282828282827
Human Footprint and wilderness values,International Polar Year,0.14285714285714285,0.027812216304617467,-0.42979797979797985
Multiyear strategic workplan,Operation of the Antarctic Treaty system Reports,0.1,0.014276969994743583,-0.43080808080808075
Cooperation with Other Organisations,Mineral resources,0.0,0.0071869001646797815,-0.43333333333333335
Environmental Protection General,Repair and remediation of environmental damage,0.24,0.3301662481832221,-0.4348484848484848
Mineral resources,Search and Rescue,0.2,0.059512292832336985,-0.4348484848484849
Inspections,Institutional and legal matters,0.21052631578947367,0.08214479293509792,-0.4398989898989899
Biological Prospecting,Specially Protected Species,0.21428571428571427,0.09811093362958907,-0.4398989898989899
International Polar Year,Multiyear strategic workplan,0.21428571428571427,0.10001295602447749,-0.44191919191919193
Drilling,Emergency report and contingency planning,0.18181818181818182,0.04425812247714644,-0.44242424242424244
Marine living resources,Science issues,0.041666666666666664,0.009096219334291488,-0.44343434343434346
Inspections,Prevention of marine pollution,0.15789473684210525,0.03476209965901318,-0.44494949494949493
Cooperation with Other Organisations,Management Plans,0.0625,0.010210702339349098,-0.44494949494949493
Climate Change,State of the Antarctic Environment Report SAER,0.1875,0.04824795123568252,-0.445959595959596
Nonnative Species and Quarantine,Science issues,0.125,0.024299911689889084,-0.44696969696969696
Cooperation with Other Organisations,Human Footprint and wilderness values,0.07142857142857142,0.011715613281367807,-0.4474747474747474
Environmental Domains Analysis,Operation of the Antarctic Treaty system The Secretariat,0.0,0.008166298574165499,-0.4515151515151515
Environmental Domains Analysis,Institutional and legal matters,0.15384615384615385,0.03400212126447556,-0.45151515151515154
Safety and Operations in Antarctica,Tourism and NG_Activities,0.17647058823529413,0.042567395454786494,-0.456060606060606
Educational issues,Marine living resources,0.0,0.008492963211889333,-0.4575757575757576
Science issues,Specially Protected Species,0.125,0.025339640133563428,-0.45808080808080803
Inspections,Specially Protected Species,0.21052631578947367,0.10735241374021075,-0.4590909090909091
Operational issues,Sub glacial Lakes,0.10526315789473684,0.01866252279802321,-0.46212121212121215
Institutional and legal matters,Sub glacial Lakes,0.0,0.00862798278903626,-0.4636363636363636
International Polar Year,Repair and remediation of environmental damage,0.14285714285714285,0.03116350917092972,-0.4641414141414142
Environmental Protection General,Sub glacial Lakes,0.04,0.010113659595765634,-0.4656565656565656
Marine living resources,Prevention of marine pollution,0.2222222222222222,0.18686845728164553,-0.4691919191919192
Biological Prospecting,Marine living resources,0.14285714285714285,0.03316140814948554,-0.4772727272727273
Marine Acoustics,Prevention of marine pollution,0.2222222222222222,0.20920860975231437,-0.4803030303030303
Operation of the Antarctic Treaty system General,Repair and remediation of environmental damage,0.19230769230769232,0.0729773093553606,-0.48181818181818187
Emergency report and contingency planning,Science issues,0.125,0.028524824175110822,-0.4823232323232323
Mineral resources,State of the Antarctic Environment Report SAER,0.0,0.009660523716532463,-0.48383838383838385
Operation of the Antarctic Treaty system General,Safety and Operations in Antarctica,0.23076923076923078,0.3799275069792159,-0.4863636363636364
Management Plans,State of the Antarctic Environment Report SAER,0.1875,0.06572519507299217,-0.48737373737373735
Operation of the Antarctic Treaty system General,Prevention of marine pollution,0.19230769230769232,0.07636755714598864,-0.4919191919191919
Environmental Protection General,Mineral resources,0.2,0.12716529596400972,-0.4954545454545454
Educational issues,Mineral resources,0.07692307692307693,0.01665753973119153,-0.495959595959596
Environmental Domains Analysis,International Polar Year,0.07142857142857142,0.015580968021307002,-0.49898989898989893
Operation of the Antarctic Treaty system General,Operation of the Antarctic Treaty system Reports,0.23076923076923078,0.8042153786478037,-0.5005050505050506
Multiyear strategic workplan,Opening statements,0.10344827586206896,0.024959685877334624,-0.5025252525252526
Emergency report and contingency planning,Repair and remediation of environmental damage,0.16666666666666666,0.05042724760322216,-0.5111111111111111
Cooperation with Other Organisations,Environmental Protection General,0.16,0.04842409159807655,-0.5151515151515151
Cooperation with Other Organisations,Institutional and legal matters,0.07142857142857142,0.018446762568655947,-0.5222222222222223
Emergency report and contingency planning,Management Plans,0.1875,0.09604990341733624,-0.5227272727272727
CEP Strategy Discussions,Safety and Operations in Antarctica,0.17647058823529413,0.06670983705936269,-0.5287878787878788
Educational issues,Institutional and legal matters,0.19230769230769232,0.14002271298273133,-0.5313131313131314
Environmental Domains Analysis,Operation of the Antarctic Treaty system General,0.038461538461538464,0.013882410965739108,-0.5318181818181819
Marine living resources,Opening statements,0.13793103448275862,0.03969559049085074,-0.5323232323232323
Operation of the Antarctic Treaty system The Secretariat,Prevention of marine pollution,0.17647058823529413,0.07202118180284726,-0.5348484848484849
Fauna and Flora_General,Mineral resources,0.1875,0.11891136046420851,-0.5348484848484849
Fauna and Flora_General,Operation of the Antarctic Treaty system General,0.19230769230769232,0.17040997471245306,-0.5393939393939393
Educational issues,Human Footprint and wilderness values,0.11538461538461539,0.03120543708996591,-0.5398989898989899
CEP Strategy Discussions,Waste management and disposal,0.15384615384615385,0.0504775035342985,-0.5434343434343434
Environmental Monitoring and Reporting,Tourism and NG_Activities,0.1,0.029052027692584637,-0.545959595959596
Educational issues,Sub glacial Lakes,0.038461538461538464,0.015914484914329497,-0.555050505050505
Area Protection and Management Plans General,Cooperation with Other Organisations,0.14285714285714285,0.04681981263883586,-0.556060606060606
Prevention of marine pollution,Repair and remediation of environmental damage,0.16666666666666666,0.07374729914118752,-0.5585858585858586
Emergency report and contingency planning,Opening statements,0.1724137931034483,0.08769591191776954,-0.5656565656565657
Area Protection and Management Plans General,Operation of the Antarctic Treaty system General,0.19230769230769232,0.22772195785535576,-0.5666666666666667
Biological Prospecting,Multiyear strategic workplan,0.0,0.014811880978385176,-0.5666666666666667
Environmental Monitoring and Reporting,Human Footprint and wilderness values,0.1,0.03176361209140485,-0.5691919191919191
State of the Antarctic Environment Report SAER,Waste management and disposal,0.15384615384615385,0.06212950155227471,-0.5696969696969697
Environmental Protection General,Operation of the CEP,0.16,0.07436879143148639,-0.5717171717171716
Operation of the Antarctic Treaty system Reports,Safety and Operations in Antarctica,0.2,0.36778833036557457,-0.5742424242424242
Environmental Domains Analysis,Safety and Operations in Antarctica,0.058823529411764705,0.02204423001479655,-0.5772727272727273
Environmental Protection General,Prevention of marine pollution,0.16,0.08058831116916008,-0.5787878787878789
Operation of the Antarctic Treaty system Reports,Operation of the CEP,0.2,0.4093170739033303,-0.5803030303030303
Environmental Domains Analysis,Operational issues,0.05263157894736842,0.022067167239434225,-0.5828282828282828
Cooperation with Other Organisations,Repair and remediation of environmental damage,0.14285714285714285,0.054444099051432215,-0.5893939393939394
Institutional and legal matters,Prevention of marine pollution,0.15384615384615385,0.0743122145123932,-0.5919191919191918
Opening statements,Operation of the CEP,0.13793103448275862,0.051768179416216364,-0.593939393939394
Environmental Domains Analysis,Opening statements,0.034482758620689655,0.020952153667741055,-0.5969696969696969
Cooperation with Other Organisations,Prevention of marine pollution,0.14285714285714285,0.06323417528183425,-0.6035353535353536
Drilling,Environmental Monitoring and Reporting,0.15,0.07373608515748103,-0.6050505050505051
Human Footprint and wilderness values,Science issues,0.08333333333333333,0.033421962760347264,-0.6050505050505051
Drilling,Opening statements,0.13793103448275862,0.05697275133401887,-0.606060606060606
Tourism and NG_Activities,Waste management and disposal,0.07692307692307693,0.03180353615817252,-0.606060606060606
Educational issues,Environmental Domains Analysis,0.0,0.01881779885467365,-0.6060606060606061
International Polar Year,Search and Rescue,0.0,0.01895856959906414,-0.6070707070707071
Historic Sites and Monuments,Operation of the Antarctic Treaty system Reports,0.05,0.02523285496651027,-0.6085858585858587
Area Protection and Management Plans General,Opening statements,0.13793103448275862,0.05815330200033566,-0.6090909090909091
Marine Acoustics,Marine Protected Areas,0.18181818181818182,0.2514044822198592,-0.6111111111111112
Area Protection and Management Plans General,Operation of the Antarctic Treaty system The Secretariat,0.11764705882352941,0.045302124148664136,-0.6116161616161616
Marine Acoustics,Operation of the Antarctic Treaty system The Secretariat,0.0,0.02026317329476788,-0.6121212121212121
Environmental Monitoring and Reporting,Site Guidelines for Visitors,0.1,0.03960593233709744,-0.6176767676767677
Mineral resources,Operation of the Antarctic Treaty system General,0.15384615384615385,0.10890051197176379,-0.6212121212121212
Drilling,Site Guidelines for Visitors,0.0,0.024123290171360876,-0.6313131313131313
Exchange of Information,State of the Antarctic Environment Report SAER,0.0,0.02482194012438112,-0.6383838383838384
Cooperation with Other Organisations,Operational issues,0.15789473684210525,0.19988377112487404,-0.6459595959595958
Environmental Domains Analysis,Waste management and disposal,0.07692307692307693,0.03812752357809134,-0.6484848484848484
Operation of the Antarctic Treaty system The Secretariat,Operation of the CEP,0.17647058823529413,0.4046464010673605,-0.6590909090909092
Prevention of marine pollution,State of the Antarctic Environment Report SAER,0.0,0.027928007232496777,-0.6606060606060606
Environmental Protection General,State of the Antarctic Environment Report SAER,0.16,0.2558208671664657,-0.6606060606060606
Emergency report and contingency planning,Environmental Monitoring and Reporting,0.15,0.1829349312803613,-0.6636363636363636
Environmental Monitoring and Reporting,Search and Rescue,0.1,0.04887821361436667,-0.6702020202020202
Area Protection and Management Plans General,Environmental Domains Analysis,0.07692307692307693,0.04231578388246342,-0.6737373737373737
Cooperation with Other Organisations,Environmental Impact Assessment EIA Other EIA Matters,0.13636363636363635,0.1188067619633846,-0.6762626262626263
Environmental Domains Analysis,Inspections,0.05263157894736842,0.034395004851335495,-0.6767676767676767
Exchange of Information,Operation of the CEP,0.13636363636363635,0.13605414235134147,-0.6873737373737374
Specially Protected Species,Sub glacial Lakes,0.1,0.06276349545198093,-0.7035353535353536
Operation of the Antarctic Treaty system General,Operation of the CEP,0.15384615384615385,0.42491297889962026,-0.712121212121212
Biological Prospecting,Drilling,0.07142857142857142,0.04759462290457682,-0.7151515151515152
Environmental Monitoring and Reporting,Marine living resources,0.1,0.0699174914873184,-0.7156565656565657
Environmental Impact Assessment EIA Other EIA Matters,State of the Antarctic Environment Report SAER,0.13636363636363635,0.20658406224447803,-0.7166666666666667
Biological Prospecting,Emergency report and contingency planning,0.07142857142857142,0.04800275308731804,-0.7171717171717172
Cooperation with Other Organisations,Operation of the CEP,0.14285714285714285,0.2665740412609177,-0.7176767676767677
Cooperation with Other Organisations,Operation of the Antarctic Treaty system The Secretariat,0.11764705882352941,0.13089855325234712,-0.7227272727272727
Operation of the CEP,Prevention of marine pollution,0.1111111111111111,0.13383168121049835,-0.7439393939393939
Cooperation with Other Organisations,Inspections,0.10526315789473684,0.11985867891664824,-0.743939393939394
Cooperation with Other Organisations,Operation of the Antarctic Treaty system General,0.11538461538461539,0.15581887486201176,-0.747979797979798
Area Protection and Management Plans General,Biological Prospecting,0.07142857142857142,0.06072034398651233,-0.7505050505050506
Cooperation with Other Organisations,Safety and Operations in Antarctica,0.11764705882352941,0.198788264387484,-0.753030303030303
Environmental Domains Analysis,Management Plans,0.0625,0.053131212167459516,-0.7631313131313132
International Polar Year,Prevention of marine pollution,0.07142857142857142,0.07352837066832371,-0.7717171717171718
Operation of the CEP,Safety and Operations in Antarctica,0.11764705882352941,0.27505369768774207,-0.7823232323232323
Environmental Domains Analysis,Environmental Protection General,0.12,0.3427749920647387,-0.7888888888888889
Marine Acoustics,Marine living resources,0.1111111111111111,0.2361192862598297,-0.7893939393939394
Cooperation with Other Organisations,Exchange of Information,0.045454545454545456,0.06939499210486577,-0.8095959595959596
Educational issues,Operation of the CEP,0.038461538461538464,0.0638274054274666,-0.8116161616161616
Comprehensive Environmental Evaluations,Cooperation with Other Organisations,0.06666666666666667,0.09429590882229946,-0.8126262626262626
Environmental Domains Analysis,Environmental Impact Assessment EIA Other EIA Matters,0.09090909090909091,0.2290699824232236,-0.8186868686868687
Environmental Domains Analysis,Environmental Monitoring and Reporting,0.1,0.28470227423594063,-0.8227272727272728
Operation of the CEP,Operational issues,0.10526315789473684,0.3909304987811834,-0.8257575757575758
Environmental Monitoring and Reporting,State of the Antarctic Environment Report SAER,0.1,0.3301847526897035,-0.8328282828282828
Environmental Domains Analysis,Repair and remediation of environmental damage,0.08333333333333333,0.2619975281566379,-0.8414141414141414
Operation of the Antarctic Treaty system Reports,State of the Antarctic Environment Report SAER,0.1,0.40686609724952305,-0.842929292929293
Opening statements,State of the Antarctic Environment Report SAER,0.06896551724137931,0.17594430556080448,-0.8434343434343434
Comprehensive Environmental Evaluations,State of the Antarctic Environment Report SAER,0.06666666666666667,0.1841994454943027,-0.851010101010101
Operation of the Antarctic Treaty system General,State of the Antarctic Environment Report SAER,0.07692307692307693,0.29233149687933596,-0.8606060606060606
Comprehensive Environmental Evaluations,Environmental Domains Analysis,0.06666666666666667,0.2581496933309629,-0.8853535353535353
Safety and Operations in Antarctica,State of the Antarctic Environment Report SAER,0.058823529411764705,0.22272801151584798,-0.8863636363636364
Emergency report and contingency planning,State of the Antarctic Environment Report SAER,0.0,0.13786015890111492,-0.895959595959596
Operation of the Antarctic Treaty system The Secretariat,State of the Antarctic Environment Report SAER,0.058823529411764705,0.28107025848306433,-0.9055555555555556
