query_from,query_to,query_cat,query_topic,query_status,query_doc_type,result_page,result_index,arec_id,aatm_id,irec_no,instrument_no,year_meeting,meeting_no,meeting_city,subject,detail_url,title,legal_status,adoption_date,entry_into_force,approval_count,approval_countries,approval_dates,approval_text,characteristic_count,characteristic_links,characteristics_json,approvals_json,content,parse_error
01/01/1958,01/01/2158,0,0,0,2,1,0,839,98,M1,1,2025,ATCM 47 - CEP 27,Milan,"Antarctic Specially Protected Area No 162 (Mawson’s Huts, Cape Denison, Commonwealth Bay, George V Land, East Antarctica): Revised Management Plan",https://www.ats.aq/devAS/Meetings/Measure/839?s=1&iframe=1&from=01/01/1958&to=01/01/2158&cat=0&top=0&type=2&stat=0&txt=&curr=0,"Measure 1 (2025) - ATCM 47 - CEP 27, Milan",Effective 01/12/2025 (Fast Approval),,,0,,,Fast Approval: Entered into effect on 1 Dec 2025,6,https://documents.ats.aq/recatt/att791_e.pdf,"[{""Title"":""Subject"",""Text"":""Antarctic Specially Protected Area No 162 (Mawson’s Huts, Cape Denison, Commonwealth Bay, George V Land, East Antarctica): Revised Management Plan"",""Url"":null},{""Title"":""Status"",""Text"":""Effective 01/12/2025 (Fast Approval)"",""Url"":null},{""Title"":""Category"",""Text"":""Area protection and management"",""Url"":null},{""Title"":""Topics"",""Text"":""- Mawson's Huts (ASPA 162)"",""Url"":null},{""Title"":""Attachments"",""Text"":""Antarctic Specially Protected Area No 162 (Mawson’s Huts, Cape Denison, Commonwealth Bay, George V Land, East Antarctica): Revised Management Plan"",""Url"":""https://documents.ats.aq/recatt/att791_e.pdf""},{""Title"":""Relevant Final Report paragraph"",""Text"":""113"",""Url"":null}]",null,,
01/01/1958,01/01/2158,0,0,0,2,1,1,840,98,M2,2,2025,ATCM 47 - CEP 27,Milan,"Antarctic Specially Protected Area No 169 (Amanda Bay, Ingrid Christensen Coast, Princess Elizabeth Land, East Antarctica): Revised Management Plan",https://www.ats.aq/devAS/Meetings/Measure/840?s=1&iframe=1&from=01/01/1958&to=01/01/2158&cat=0&top=0&type=2&stat=0&txt=&curr=0,"Measure 2 (2025) - ATCM 47 - CEP 27, Milan",Effective 01/12/2025 (Fast Approval),,,0,,,Fast Approval: Entered into effect on 1 Dec 2025,6,https://documents.ats.aq/recatt/att792_e.pdf,"[{""Title"":""Subject"",""Text"":""Antarctic Specially Protected Area No 169 (Amanda Bay, Ingrid Christensen Coast, Princess Elizabeth Land, East Antarctica): Revised Management Plan"",""Url"":null},{""Title"":""Status"",""Text"":""Effective 01/12/2025 (Fast Approval)"",""Url"":null},{""Title"":""Category"",""Text"":""Area protection and management"",""Url"":null},{""Title"":""Topics"",""Text"":""- Amanda Bay (ASPA 169)"",""Url"":null},{""Title"":""Attachments"",""Text"":""Antarctic Specially Protected Area No 169 (Amanda Bay, Ingrid Christensen Coast, Princess Elizabeth Land, East Antarctica): Revised Management Plan"",""Url"":""https://documents.ats.aq/recatt/att792_e.pdf""},{""Title"":""Relevant Final Report paragraph"",""Text"":""113"",""Url"":null}]",null,,
01/01/1958,01/01/2158,0,0,0,2,1,2,841,98,M3,3,2025,ATCM 47 - CEP 27,Milan,"Antarctic Specially Protected Area No 143 (Marine Plain, Mule Peninsula, Vestfold Hills, Princess Elizabeth Land): Revised Management Plan",https://www.ats.aq/devAS/Meetings/Measure/841?s=1&iframe=1&from=01/01/1958&to=01/01/2158&cat=0&top=0&type=2&stat=0&txt=&curr=0,"Measure 3 (2025) - ATCM 47 - CEP 27, Milan",Effective 01/12/2025 (Fast Approval),,,0,,,Fast Approval: Entered into effect on 1 Dec 2025,6,https://documents.ats.aq/recatt/att793_e.pdf,"[{""Title"":""Subject"",""Text"":""Antarctic Specially Protected Area No 143 (Marine Plain, Mule Peninsula, Vestfold Hills, Princess Elizabeth Land): Revised Management Plan"",""Url"":null},{""Title"":""Status"",""Text"":""Effective 01/12/2025 (Fast Approval)"",""Url"":null},{""Title"":""Category"",""Text"":""Area protection and management"",""Url"":null},{""Title"":""Topics"",""Text"":""- Marine Plain (ASPA 143)"",""Url"":null},{""Title"":""Attachments"",""Text"":""Antarctic Specially Protected Area No 143 (Marine Plain, Mule Peninsula, Vestfold Hills, Princess Elizabeth Land): Revised Management Plan"",""Url"":""https://documents.ats.aq/recatt/att793_e.pdf""},{""Title"":""Relevant Final Report paragraph"",""Text"":""113"",""Url"":null}]",null,,
01/01/1958,01/01/2158,0,0,0,2,1,3,813,97,M1,1,2024,ATCM 46 - CEP 26,Kochi,"Antarctic Specially Protected Area No 116 (New College Valley, Caughley Beach, Cape Bird, Ross Island): Revised Management Plan",https://www.ats.aq/devAS/Meetings/Measure/813?s=1&iframe=1&from=01/01/1958&to=01/01/2158&cat=0&top=0&type=2&stat=0&txt=&curr=0,"Measure 1 (2024) - ATCM 46 - CEP 26, Kochi",Effective 28/10/2024 (Fast Approval),,,0,,,Fast Approval: Entered into effect on 28 Oct 2024,6,https://documents.ats.aq/recatt/att772_e.pdf,"[{""Title"":""Subject"",""Text"":""Antarctic Specially Protected Area No 116 (New College Valley, Caughley Beach, Cape Bird, Ross Island): Revised Management Plan"",""Url"":null},{""Title"":""Status"",""Text"":""Effective 28/10/2024 (Fast Approval)"",""Url"":null},{""Title"":""Category"",""Text"":""Area protection and management"",""Url"":null},{""Title"":""Topics"",""Text"":""- New College Valley (ASPA 116)"",""Url"":null},{""Title"":""Attachments"",""Text"":""Antarctic Specially Protected Area 116 (New College Valley, Caughley Beach, Cape Bird, Ross Island): Revised Management Plan"",""Url"":""https://documents.ats.aq/recatt/att772_e.pdf""},{""Title"":""Relevant Final Report paragraph"",""Text"":""92"",""Url"":null}]",null,,
01/01/1958,01/01/2158,0,0,0,2,1,4,814,97,M2,2,2024,ATCM 46 - CEP 26,Kochi,"Antarctic Specially Protected Area No 128 (Western shore of Admiralty Bay, King George Island, South Shetland Islands): Revised Management Plan",https://www.ats.aq/devAS/Meetings/Measure/814?s=1&iframe=1&from=01/01/1958&to=01/01/2158&cat=0&top=0&type=2&stat=0&txt=&curr=0,"Measure 2 (2024) - ATCM 46 - CEP 26, Kochi",Effective 28/10/2024 (Fast Approval),,,0,,,Fast Approval: Entered into effect on 28 Oct 2024,6,https://documents.ats.aq/recatt/att773_e.pdf,"[{""Title"":""Subject"",""Text"":""Antarctic Specially Protected Area No 128 (Western shore of Admiralty Bay, King George Island, South Shetland Islands): Revised Management Plan"",""Url"":null},{""Title"":""Status"",""Text"":""Effective 28/10/2024 (Fast Approval)"",""Url"":null},{""Title"":""Category"",""Text"":""Area protection and management"",""Url"":null},{""Title"":""Topics"",""Text"":""- Admiralty Bay (ASPA 128)"",""Url"":null},{""Title"":""Attachments"",""Text"":""Antarctic Specially Protected Area 128 (Western shore of Admiralty Bay, King George Island, South Shetland Islands): Revised Management Plan"",""Url"":""https://documents.ats.aq/recatt/att773_e.pdf""},{""Title"":""Relevant Final Report paragraph"",""Text"":""92"",""Url"":null}]",null,,
01/01/1958,01/01/2158,0,0,0,2,1,5,815,97,M3,3,2024,ATCM 46 - CEP 26,Kochi,"Antarctic Specially Protected Area No 135 (North-east Bailey Peninsula, Budd Coast, Wilkes Land): Revised Management Plan",https://www.ats.aq/devAS/Meetings/Measure/815?s=1&iframe=1&from=01/01/1958&to=01/01/2158&cat=0&top=0&type=2&stat=0&txt=&curr=0,"Measure 3 (2024) - ATCM 46 - CEP 26, Kochi",Effective 28/10/2024 (Fast Approval),,,0,,,Fast Approval: Entered into effect on 28 Oct 2024,6,https://documents.ats.aq/recatt/att774_e.pdf,"[{""Title"":""Subject"",""Text"":""Antarctic Specially Protected Area No 135 (North-east Bailey Peninsula, Budd Coast, Wilkes Land): Revised Management Plan"",""Url"":null},{""Title"":""Status"",""Text"":""Effective 28/10/2024 (Fast Approval)"",""Url"":null},{""Title"":""Category"",""Text"":""Area protection and management"",""Url"":null},{""Title"":""Topics"",""Text"":""- Bailey Peninsula (ASPA 135)"",""Url"":null},{""Title"":""Attachments"",""Text"":""Antarctic Specially Protected Area No 135 (North-east Bailey Peninsula, Budd Coast, Wilkes Land): Revised Management Plan"",""Url"":""https://documents.ats.aq/recatt/att774_e.pdf""},{""Title"":""Relevant Final Report paragraph"",""Text"":""92"",""Url"":null}]",null,,
01/01/1958,01/01/2158,0,0,0,2,1,6,816,97,M4,4,2024,ATCM 46 - CEP 26,Kochi,"Antarctic Specially Protected Area No 136 (Clark Peninsula, Budd Coast, Wilkes Land, East Antarctica): Revised Management Plan",https://www.ats.aq/devAS/Meetings/Measure/816?s=1&iframe=1&from=01/01/1958&to=01/01/2158&cat=0&top=0&type=2&stat=0&txt=&curr=0,"Measure 4 (2024) - ATCM 46 - CEP 26, Kochi",Effective 28/10/2024 (Fast Approval),,,0,,,Fast Approval: Entered into effect on 28 Oct 2024,6,https://documents.ats.aq/recatt/att775_e.pdf,"[{""Title"":""Subject"",""Text"":""Antarctic Specially Protected Area No 136 (Clark Peninsula, Budd Coast, Wilkes Land, East Antarctica): Revised Management Plan"",""Url"":null},{""Title"":""Status"",""Text"":""Effective 28/10/2024 (Fast Approval)"",""Url"":null},{""Title"":""Category"",""Text"":""Area protection and management"",""Url"":null},{""Title"":""Topics"",""Text"":""- Clark Peninsula (ASPA 136)"",""Url"":null},{""Title"":""Attachments"",""Text"":""Antarctic Specially Protected Area No 136 (Clark Peninsula, Budd Coast, Wilkes Land, East Antarctica): Revised Management Plan"",""Url"":""https://documents.ats.aq/recatt/att775_e.pdf""},{""Title"":""Relevant Final Report paragraph"",""Text"":""92"",""Url"":null}]",null,,
01/01/1958,01/01/2158,0,0,0,2,1,7,817,97,M5,5,2024,ATCM 46 - CEP 26,Kochi,"Antarctic Specially Protected Area No 137 (Northwest White Island, McMurdo Sound): Revised Management Plan",https://www.ats.aq/devAS/Meetings/Measure/817?s=1&iframe=1&from=01/01/1958&to=01/01/2158&cat=0&top=0&type=2&stat=0&txt=&curr=0,"Measure 5 (2024) - ATCM 46 - CEP 26, Kochi",Effective 28/10/2024 (Fast Approval),,,0,,,Fast Approval: Entered into effect on 28 Oct 2024,6,https://documents.ats.aq/recatt/att776_e.pdf,"[{""Title"":""Subject"",""Text"":""Antarctic Specially Protected Area No 137 (Northwest White Island, McMurdo Sound): Revised Management Plan"",""Url"":null},{""Title"":""Status"",""Text"":""Effective 28/10/2024 (Fast Approval)"",""Url"":null},{""Title"":""Category"",""Text"":""Area protection and management"",""Url"":null},{""Title"":""Topics"",""Text"":""- White Island (ASPA 137)"",""Url"":null},{""Title"":""Attachments"",""Text"":""Antarctic Specially Protected Area No 137 (Northwest White Island, McMurdo Sound): Revised Management Plan"",""Url"":""https://documents.ats.aq/recatt/att776_e.pdf""},{""Title"":""Relevant Final Report paragraph"",""Text"":""92"",""Url"":null}]",null,,
01/01/1958,01/01/2158,0,0,0,2,1,8,818,97,M6,6,2024,ATCM 46 - CEP 26,Kochi,"Antarctic Specially Protected Area No 141 (Yukidori Valley, Langhovde, Lützow-Holm Bay): Revised Management Plan",https://www.ats.aq/devAS/Meetings/Measure/818?s=1&iframe=1&from=01/01/1958&to=01/01/2158&cat=0&top=0&type=2&stat=0&txt=&curr=0,"Measure 6 (2024) - ATCM 46 - CEP 26, Kochi",Effective 28/10/2024 (Fast Approval),,,0,,,Fast Approval: Entered into effect on 28 Oct 2024,6,https://documents.ats.aq/recatt/att777_e.pdf,"[{""Title"":""Subject"",""Text"":""Antarctic Specially Protected Area No 141 (Yukidori Valley, Langhovde, Lützow-Holm Bay): Revised Management Plan"",""Url"":null},{""Title"":""Status"",""Text"":""Effective 28/10/2024 (Fast Approval)"",""Url"":null},{""Title"":""Category"",""Text"":""Area protection and management"",""Url"":null},{""Title"":""Topics"",""Text"":""- Yukidori Valley (ASPA 141)"",""Url"":null},{""Title"":""Attachments"",""Text"":""Antarctic Specially Protected Area No 141 (Yukidori Valley, Langhovde, Lützow-Holm Bay): Revised Management Plan"",""Url"":""https://documents.ats.aq/recatt/att777_e.pdf""},{""Title"":""Relevant Final Report paragraph"",""Text"":""92"",""Url"":null}]",null,,
01/01/1958,01/01/2158,0,0,0,2,1,9,819,97,M7,7,2024,ATCM 46 - CEP 26,Kochi,Antarctic Specially Protected Area No 142 (Svarthamaren): Revised Management Plan,https://www.ats.aq/devAS/Meetings/Measure/819?s=1&iframe=1&from=01/01/1958&to=01/01/2158&cat=0&top=0&type=2&stat=0&txt=&curr=0,"Measure 7 (2024) - ATCM 46 - CEP 26, Kochi",Effective 28/10/2024 (Fast Approval),,,0,,,Fast Approval: Entered into effect on 28 Oct 2024,6,https://documents.ats.aq/recatt/att778_e.pdf,"[{""Title"":""Subject"",""Text"":""Antarctic Specially Protected Area No 142 (Svarthamaren): Revised Management Plan"",""Url"":null},{""Title"":""Status"",""Text"":""Effective 28/10/2024 (Fast Approval)"",""Url"":null},{""Title"":""Category"",""Text"":""Area protection and management"",""Url"":null},{""Title"":""Topics"",""Text"":""- Svarthamaren (ASPA 142)"",""Url"":null},{""Title"":""Attachments"",""Text"":""Antarctic Specially Protected Area No 142 (Svarthamaren): Revised Management Plan"",""Url"":""https://documents.ats.aq/recatt/att778_e.pdf""},{""Title"":""Relevant Final Report paragraph"",""Text"":""92"",""Url"":null}]",null,,
01/01/1958,01/01/2158,0,0,0,2,1,10,820,97,M8,8,2024,ATCM 46 - CEP 26,Kochi,"Antarctic Specially Protected Area No 151 (Lions Rump, King George Island, South Shetland Islands): Revised Management Plan",https://www.ats.aq/devAS/Meetings/Measure/820?s=1&iframe=1&from=01/01/1958&to=01/01/2158&cat=0&top=0&type=2&stat=0&txt=&curr=0,"Measure 8 (2024) - ATCM 46 - CEP 26, Kochi",Effective 28/10/2024 (Fast Approval),,,0,,,Fast Approval: Entered into effect on 28 Oct 2024,6,https://documents.ats.aq/recatt/att779_e.pdf,"[{""Title"":""Subject"",""Text"":""Antarctic Specially Protected Area No 151 (Lions Rump, King George Island, South Shetland Islands): Revised Management Plan"",""Url"":null},{""Title"":""Status"",""Text"":""Effective 28/10/2024 (Fast Approval)"",""Url"":null},{""Title"":""Category"",""Text"":""Area protection and management"",""Url"":null},{""Title"":""Topics"",""Text"":""- Lions Rump (ASPA 151)"",""Url"":null},{""Title"":""Attachments"",""Text"":""Antarctic Specially Protected Area No 151 (Lions Rump, King George Island, South Shetland Islands): Revised Management Plan"",""Url"":""https://documents.ats.aq/recatt/att779_e.pdf""},{""Title"":""Relevant Final Report paragraph"",""Text"":""92"",""Url"":null}]",null,,
01/01/1958,01/01/2158,0,0,0,2,1,11,821,97,M9,9,2024,ATCM 46 - CEP 26,Kochi,"Antarctic Specially Protected Area No 154 (Botany Bay, Cape Geology, Victoria Land): Revised Management Plan",https://www.ats.aq/devAS/Meetings/Measure/821?s=1&iframe=1&from=01/01/1958&to=01/01/2158&cat=0&top=0&type=2&stat=0&txt=&curr=0,"Measure 9 (2024) - ATCM 46 - CEP 26, Kochi",Effective 28/10/2024 (Fast Approval),,,0,,,Fast Approval: Entered into effect on 28 Oct 2024,6,https://documents.ats.aq/recatt/att780_e.pdf,"[{""Title"":""Subject"",""Text"":""Antarctic Specially Protected Area No 154 (Botany Bay, Cape Geology, Victoria Land): Revised Management Plan"",""Url"":null},{""Title"":""Status"",""Text"":""Effective 28/10/2024 (Fast Approval)"",""Url"":null},{""Title"":""Category"",""Text"":""Area protection and management"",""Url"":null},{""Title"":""Topics"",""Text"":""- Botany Bay (ASPA 154)"",""Url"":null},{""Title"":""Attachments"",""Text"":""Antarctic Specially Protected Area No 154 (Botany Bay, Cape Geology, Victoria Land): Revised Management Plan"",""Url"":""https://documents.ats.aq/recatt/att780_e.pdf""},{""Title"":""Relevant Final Report paragraph"",""Text"":""92"",""Url"":null}]",null,,
01/01/1958,01/01/2158,0,0,0,2,1,12,822,97,M10,10,2024,ATCM 46 - CEP 26,Kochi,"Antarctic Specially Protected Area No 160 (Frazier Islands, Windmill Islands, Wilkes Land, East Antarctica): Revised Management Plan",https://www.ats.aq/devAS/Meetings/Measure/822?s=1&iframe=1&from=01/01/1958&to=01/01/2158&cat=0&top=0&type=2&stat=0&txt=&curr=0,"Measure 10 (2024) - ATCM 46 - CEP 26, Kochi",Effective 28/10/2024 (Fast Approval),,,0,,,Fast Approval: Entered into effect on 28 Oct 2024,6,https://documents.ats.aq/recatt/att781_e.pdf,"[{""Title"":""Subject"",""Text"":""Antarctic Specially Protected Area No 160 (Frazier Islands, Windmill Islands, Wilkes Land, East Antarctica): Revised Management Plan"",""Url"":null},{""Title"":""Status"",""Text"":""Effective 28/10/2024 (Fast Approval)"",""Url"":null},{""Title"":""Category"",""Text"":""Area protection and management"",""Url"":null},{""Title"":""Topics"",""Text"":""- Frazier Islands (ASPA 160)"",""Url"":null},{""Title"":""Attachments"",""Text"":""Antarctic Specially Protected Area No 160 (Frazier Islands, Windmill Islands, Wilkes Land, East Antarctica): Revised Management Plan"",""Url"":""https://documents.ats.aq/recatt/att781_e.pdf""},{""Title"":""Relevant Final Report paragraph"",""Text"":""92"",""Url"":null}]",null,,
01/01/1958,01/01/2158,0,0,0,2,1,13,823,97,M11,11,2024,ATCM 46 - CEP 26,Kochi,"Antarctic Specially Protected Area No 161 (Terra Nova Bay, Ross Sea): Revised Management Plan",https://www.ats.aq/devAS/Meetings/Measure/823?s=1&iframe=1&from=01/01/1958&to=01/01/2158&cat=0&top=0&type=2&stat=0&txt=&curr=0,"Measure 11 (2024) - ATCM 46 - CEP 26, Kochi",Effective 28/10/2024 (Fast Approval),,,0,,,Fast Approval: Entered into effect on 28 Oct 2024,6,https://documents.ats.aq/recatt/att782_e.pdf,"[{""Title"":""Subject"",""Text"":""Antarctic Specially Protected Area No 161 (Terra Nova Bay, Ross Sea): Revised Management Plan"",""Url"":null},{""Title"":""Status"",""Text"":""Effective 28/10/2024 (Fast Approval)"",""Url"":null},{""Title"":""Category"",""Text"":""Area protection and management"",""Url"":null},{""Title"":""Topics"",""Text"":""- Terra Nova Bay (ASPA 161)"",""Url"":null},{""Title"":""Attachments"",""Text"":""Antarctic Specially Protected Area No 161 (Terra Nova Bay, Ross Sea): Revised Management Plan"",""Url"":""https://documents.ats.aq/recatt/att782_e.pdf""},{""Title"":""Relevant Final Report paragraph"",""Text"":""92"",""Url"":null}]",null,,
01/01/1958,01/01/2158,0,0,0,2,1,14,824,97,M12,12,2024,ATCM 46 - CEP 26,Kochi,"Antarctic Specially Protected Area No 171 (Narębski Point, Barton Peninsula, King George Island): Revised Management Plan",https://www.ats.aq/devAS/Meetings/Measure/824?s=1&iframe=1&from=01/01/1958&to=01/01/2158&cat=0&top=0&type=2&stat=0&txt=&curr=0,"Measure 12 (2024) - ATCM 46 - CEP 26, Kochi",Effective 28/10/2024 (Fast Approval),,,0,,,Fast Approval: Entered into effect on 28 Oct 2024,6,https://documents.ats.aq/recatt/att783_e.pdf,"[{""Title"":""Subject"",""Text"":""Antarctic Specially Protected Area No 171 (Narębski Point, Barton Peninsula, King George Island): Revised Management Plan"",""Url"":null},{""Title"":""Status"",""Text"":""Effective 28/10/2024 (Fast Approval)"",""Url"":null},{""Title"":""Category"",""Text"":""Area protection and management"",""Url"":null},{""Title"":""Topics"",""Text"":""- Narębski Point (ASPA 171)"",""Url"":null},{""Title"":""Attachments"",""Text"":""Antarctic Specially Protected Area No 171 (Narębski Point, Barton Peninsula, King George Island): Revised Management Plan"",""Url"":""https://documents.ats.aq/recatt/att783_e.pdf""},{""Title"":""Relevant Final Report paragraph"",""Text"":""92"",""Url"":null}]",null,,
01/01/1958,01/01/2158,0,0,0,2,2,0,825,97,M13,13,2024,ATCM 46 - CEP 26,Kochi,"Antarctic Specially Protected Area No 173 (Cape Washington and Silverfish Bay, Terra Nova Bay, Ross Sea): Revised Management Plan",https://www.ats.aq/devAS/Meetings/Measure/825?s=1&iframe=1&from=01/01/1958&to=01/01/2158&cat=0&top=0&type=2&stat=0&txt=&curr=0,"Measure 13 (2024) - ATCM 46 - CEP 26, Kochi",Effective 28/10/2024 (Fast Approval),,,0,,,Fast Approval: Entered into effect on 28 Oct 2024,6,https://documents.ats.aq/recatt/att784_e.pdf,"[{""Title"":""Subject"",""Text"":""Antarctic Specially Protected Area No 173 (Cape Washington and Silverfish Bay, Terra Nova Bay, Ross Sea): Revised Management Plan"",""Url"":null},{""Title"":""Status"",""Text"":""Effective 28/10/2024 (Fast Approval)"",""Url"":null},{""Title"":""Category"",""Text"":""Area protection and management"",""Url"":null},{""Title"":""Topics"",""Text"":""- Cape Washington and Silverfish Bay, Terra Nova Bay, Ross Sea (ASPA 173)"",""Url"":null},{""Title"":""Attachments"",""Text"":""Antarctic Specially Protected Area No 173 (Cape Washington and Silverfish Bay, Terra Nova Bay, Ross Sea): Revised Management Plan"",""Url"":""https://documents.ats.aq/recatt/att784_e.pdf""},{""Title"":""Relevant Final Report paragraph"",""Text"":""92"",""Url"":null}]",null,,
01/01/1958,01/01/2158,0,0,0,2,2,1,826,97,M14,14,2024,ATCM 46 - CEP 26,Kochi,Antarctic Specially Protected Area No 175 (High Altitude Geothermal sites of the Ross Sea region): Revised Management Plan,https://www.ats.aq/devAS/Meetings/Measure/826?s=1&iframe=1&from=01/01/1958&to=01/01/2158&cat=0&top=0&type=2&stat=0&txt=&curr=0,"Measure 14 (2024) - ATCM 46 - CEP 26, Kochi",Effective 28/10/2024 (Fast Approval),,,0,,,Fast Approval: Entered into effect on 28 Oct 2024,6,https://documents.ats.aq/recatt/att785_e.pdf,"[{""Title"":""Subject"",""Text"":""Antarctic Specially Protected Area No 175 (High Altitude Geothermal sites of the Ross Sea region): Revised Management Plan"",""Url"":null},{""Title"":""Status"",""Text"":""Effective 28/10/2024 (Fast Approval)"",""Url"":null},{""Title"":""Category"",""Text"":""Area protection and management"",""Url"":null},{""Title"":""Topics"",""Text"":""- High Altitude Geothermal sites (ASPA 175)"",""Url"":null},{""Title"":""Attachments"",""Text"":""Antarctic Specially Protected Area No 175 (High Altitude Geothermal sites of the Ross Sea region): Revised Management Plan"",""Url"":""https://documents.ats.aq/recatt/att785_e.pdf""},{""Title"":""Relevant Final Report paragraph"",""Text"":""92"",""Url"":null}]",null,,
01/01/1958,01/01/2158,0,0,0,2,2,2,827,97,M15,15,2024,ATCM 46 - CEP 26,Kochi,"Antarctic Specially Protected Area No 180 (Danger Islands Archipelago, North-eastern Antarctic Peninsula): Management Plan",https://www.ats.aq/devAS/Meetings/Measure/827?s=1&iframe=1&from=01/01/1958&to=01/01/2158&cat=0&top=0&type=2&stat=0&txt=&curr=0,"Measure 15 (2024) - ATCM 46 - CEP 26, Kochi",Effective 28/10/2024 (Fast Approval),,,0,,,Fast Approval: Entered into effect on 28 Oct 2024,6,https://documents.ats.aq/recatt/att786_e.pdf,"[{""Title"":""Subject"",""Text"":""Antarctic Specially Protected Area No 180 (Danger Islands Archipelago, North-eastern Antarctic Peninsula): Management Plan"",""Url"":null},{""Title"":""Status"",""Text"":""Effective 28/10/2024 (Fast Approval)"",""Url"":null},{""Title"":""Category"",""Text"":""Area protection and management"",""Url"":null},{""Title"":""Topics"",""Text"":""- Danger Islands Archipelago (ASPA 180)"",""Url"":null},{""Title"":""Attachments"",""Text"":""Antarctic Specially Protected Area No 180 (Danger Islands Archipelago, North-eastern Antarctic Peninsula): Management Plan"",""Url"":""https://documents.ats.aq/recatt/att786_e.pdf""},{""Title"":""Relevant Final Report paragraph"",""Text"":""92"",""Url"":null}]",null,,
01/01/1958,01/01/2158,0,0,0,2,2,3,828,97,M16,16,2024,ATCM 46 - CEP 26,Kochi,"Antarctic Specially Protected Area No 181 (Farrier Col, Horseshoe Island, Marguerite Bay): Management Plan",https://www.ats.aq/devAS/Meetings/Measure/828?s=1&iframe=1&from=01/01/1958&to=01/01/2158&cat=0&top=0&type=2&stat=0&txt=&curr=0,"Measure 16 (2024) - ATCM 46 - CEP 26, Kochi",Effective 28/10/2024 (Fast Approval),,,0,,,Fast Approval: Entered into effect on 28 Oct 2024,6,https://documents.ats.aq/recatt/att787_e.pdf,"[{""Title"":""Subject"",""Text"":""Antarctic Specially Protected Area No 181 (Farrier Col, Horseshoe Island, Marguerite Bay): Management Plan"",""Url"":null},{""Title"":""Status"",""Text"":""Effective 28/10/2024 (Fast Approval)"",""Url"":null},{""Title"":""Category"",""Text"":""Area protection and management"",""Url"":null},{""Title"":""Topics"",""Text"":""- Farrier Col (ASPA 181)"",""Url"":null},{""Title"":""Attachments"",""Text"":""Antarctic Specially Protected Area No 181 (Farrier Col, Horseshoe Island, Marguerite Bay): Management Plan"",""Url"":""https://documents.ats.aq/recatt/att787_e.pdf""},{""Title"":""Relevant Final Report paragraph"",""Text"":""92"",""Url"":null}]",null,,
01/01/1958,01/01/2158,0,0,0,2,2,4,829,97,M17,17,2024,ATCM 46 - CEP 26,Kochi,Antarctic Specially Protected Area No 182 (Western Bransfield Strait and Eastern Dallmann Bay): Management Plan,https://www.ats.aq/devAS/Meetings/Measure/829?s=1&iframe=1&from=01/01/1958&to=01/01/2158&cat=0&top=0&type=2&stat=0&txt=&curr=0,"Measure 17 (2024) - ATCM 46 - CEP 26, Kochi",Effective 28/10/2024 (Fast Approval),,,0,,,Fast Approval: Entered into effect on 28 Oct 2024,6,https://documents.ats.aq/recatt/att788_e.pdf,"[{""Title"":""Subject"",""Text"":""Antarctic Specially Protected Area No 182 (Western Bransfield Strait and Eastern Dallmann Bay): Management Plan"",""Url"":null},{""Title"":""Status"",""Text"":""Effective 28/10/2024 (Fast Approval)"",""Url"":null},{""Title"":""Category"",""Text"":""Area protection and management"",""Url"":null},{""Title"":""Topics"",""Text"":""- Bransfield Strait (ASPA 152)\n                                - Dallmann Bay (ASPA 153)\n                                - Western Bransfield Strait and Eastern Dallman Bay (ASPA 182)"",""Url"":null},{""Title"":""Attachments"",""Text"":""Antarctic Specially Protected Area No 182 (Western Bransfield Strait and Eastern Dallmann Bay): Management Plan"",""Url"":""https://documents.ats.aq/recatt/att788_e.pdf""},{""Title"":""Relevant Final Report paragraph"",""Text"":""92"",""Url"":null}]",null,,
01/01/1958,01/01/2158,0,0,0,2,2,5,830,97,M18,18,2024,ATCM 46 - CEP 26,Kochi,"Revised List of Antarctic Historic Sites and Monuments: new Historic Sites and Monuments No 96 and updating information for Historic Sites and Monuments No 93, 63, 75, and 24",https://www.ats.aq/devAS/Meetings/Measure/830?s=1&iframe=1&from=01/01/1958&to=01/01/2158&cat=0&top=0&type=2&stat=0&txt=&curr=0,"Measure 18 (2024) - ATCM 46 - CEP 26, Kochi",Effective 28/10/2024 (Fast Approval),,,0,,,Fast Approval: Entered into effect on 28 Oct 2024,6,,"[{""Title"":""Subject"",""Text"":""Revised List of Antarctic Historic Sites and Monuments: new Historic Sites and Monuments No 96 and updating information for Historic Sites and Monuments No 93, 63, 75, and 24"",""Url"":null},{""Title"":""Status"",""Text"":""Effective 28/10/2024 (Fast Approval)"",""Url"":null},{""Title"":""Category"",""Text"":""Historic Sites and Monuments"",""Url"":null},{""Title"":""Topics"",""Text"":""- Amundsen’s cairn (HSM 24)\n                                - Base Y (HSM 63)\n                                - Commemorative plaque commemorating the first visit to the Lake Untersee area (HSM 96)\n                                - Endurance, Wreck of the vessel owned and used by Sir Ernest Shackleton during his 1914-15 Trans-Antarctic Expedition (HSM 93)\n                                - Hillary's TAE/IGY Hut 'A', Geomagnetic Huts ‘G’ and ‘H’ (HSM 75 )"",""Url"":null},{""Title"":""Attachments"",""Text"":"""",""Url"":null},{""Title"":""Relevant Final Report paragraph"",""Text"":""100"",""Url"":null}]",null,,
01/01/1958,01/01/2158,0,0,0,2,2,6,781,95,M1,1,2023,ATCM XLV - CEP XXV,Helsinki,"Antarctic Specially Managed Area No 1 (Admiralty Bay, King George Island): Revised Management Plan",https://www.ats.aq/devAS/Meetings/Measure/781?s=1&iframe=1&from=01/01/1958&to=01/01/2158&cat=0&top=0&type=2&stat=0&txt=&curr=0,"Measure 1 (2023) - ATCM XLV - CEP XXV, Helsinki",Effective 06/11/2023 (Fast Approval),,,0,,,Fast Approval: Entered into effect on 6 Nov 2023,6,https://documents.ats.aq/recatt/att737_e.pdf,"[{""Title"":""Subject"",""Text"":""Antarctic Specially Managed Area No 1 (Admiralty Bay, King George Island): Revised Management Plan"",""Url"":null},{""Title"":""Status"",""Text"":""Effective 06/11/2023 (Fast Approval)"",""Url"":null},{""Title"":""Category"",""Text"":""Area protection and management"",""Url"":null},{""Title"":""Topics"",""Text"":""- Admiralty Bay (ASMA 1)"",""Url"":null},{""Title"":""Attachments"",""Text"":""ASMA No 1 (Admiralty Bay, King George Island): Revised Management Plan"",""Url"":""https://documents.ats.aq/recatt/att737_e.pdf""},{""Title"":""Relevant Final Report paragraph"",""Text"":""88"",""Url"":null}]",null,,
01/01/1958,01/01/2158,0,0,0,2,2,7,782,95,M2,2,2023,ATCM XLV - CEP XXV,Helsinki,"Antarctic Specially Protected Area No 108 (Green Island, Berthelot Islands, Antarctic Peninsula): Revised Management Plan",https://www.ats.aq/devAS/Meetings/Measure/782?s=1&iframe=1&from=01/01/1958&to=01/01/2158&cat=0&top=0&type=2&stat=0&txt=&curr=0,"Measure 2 (2023) - ATCM XLV - CEP XXV, Helsinki",Effective 06/11/2023 (Fast Approval),,,0,,,Fast Approval: Entered into effect on 6 Nov 2023,6,https://documents.ats.aq/recatt/att738_e.pdf,"[{""Title"":""Subject"",""Text"":""Antarctic Specially Protected Area No 108 (Green Island, Berthelot Islands, Antarctic Peninsula): Revised Management Plan"",""Url"":null},{""Title"":""Status"",""Text"":""Effective 06/11/2023 (Fast Approval)"",""Url"":null},{""Title"":""Category"",""Text"":""Area protection and management"",""Url"":null},{""Title"":""Topics"",""Text"":""- Green Island (ASPA 108)"",""Url"":null},{""Title"":""Attachments"",""Text"":""ASPA No 108 (Green Island, Berthelot Islands, Antarctic Peninsula): Revised Management Plan"",""Url"":""https://documents.ats.aq/recatt/att738_e.pdf""},{""Title"":""Relevant Final Report paragraph"",""Text"":""88"",""Url"":null}]",null,,
01/01/1958,01/01/2158,0,0,0,2,2,8,783,95,M3,3,2023,ATCM XLV - CEP XXV,Helsinki,"Antarctic Specially Protected Area No 117 (Avian Island, Marguerite Bay, Antarctic Peninsula): Revised Management Plan",https://www.ats.aq/devAS/Meetings/Measure/783?s=1&iframe=1&from=01/01/1958&to=01/01/2158&cat=0&top=0&type=2&stat=0&txt=&curr=0,"Measure 3 (2023) - ATCM XLV - CEP XXV, Helsinki",Effective 06/11/2023 (Fast Approval),,,0,,,Fast Approval: Entered into effect on 6 Nov 2023,6,https://documents.ats.aq/recatt/att739_e.pdf,"[{""Title"":""Subject"",""Text"":""Antarctic Specially Protected Area No 117 (Avian Island, Marguerite Bay, Antarctic Peninsula): Revised Management Plan"",""Url"":null},{""Title"":""Status"",""Text"":""Effective 06/11/2023 (Fast Approval)"",""Url"":null},{""Title"":""Category"",""Text"":""Area protection and management"",""Url"":null},{""Title"":""Topics"",""Text"":""- Avian Island (ASPA 117)"",""Url"":null},{""Title"":""Attachments"",""Text"":""ASPA No 117 (Avian Island, Marguerite Bay, Antarctic Peninsula): Revised Management Plan"",""Url"":""https://documents.ats.aq/recatt/att739_e.pdf""},{""Title"":""Relevant Final Report paragraph"",""Text"":""88"",""Url"":null}]",null,,
01/01/1958,01/01/2158,0,0,0,2,2,9,784,95,M4,4,2023,ATCM XLV - CEP XXV,Helsinki,"Antarctic Specially Protected Area No 122 (Arrival Heights, Hut Point Peninsula, Ross Island): Revised Management Plan",https://www.ats.aq/devAS/Meetings/Measure/784?s=1&iframe=1&from=01/01/1958&to=01/01/2158&cat=0&top=0&type=2&stat=0&txt=&curr=0,"Measure 4 (2023) - ATCM XLV - CEP XXV, Helsinki",Effective 06/11/2023 (Fast Approval),,,0,,,Fast Approval: Entered into effect on 6 Nov 2023,6,https://documents.ats.aq/recatt/att740_e.pdf,"[{""Title"":""Subject"",""Text"":""Antarctic Specially Protected Area No 122 (Arrival Heights, Hut Point Peninsula, Ross Island): Revised Management Plan"",""Url"":null},{""Title"":""Status"",""Text"":""Effective 06/11/2023 (Fast Approval)"",""Url"":null},{""Title"":""Category"",""Text"":""Area protection and management"",""Url"":null},{""Title"":""Topics"",""Text"":""- Arrival Heights (ASPA 122)"",""Url"":null},{""Title"":""Attachments"",""Text"":""ASPA No 122 (Arrival Heights, Hut Point Peninsula, Ross Island): Revised Management Plan"",""Url"":""https://documents.ats.aq/recatt/att740_e.pdf""},{""Title"":""Relevant Final Report paragraph"",""Text"":""88"",""Url"":null}]",null,,
01/01/1958,01/01/2158,0,0,0,2,2,10,785,95,M5,5,2023,ATCM XLV - CEP XXV,Helsinki,"Antarctic Specially Protected Area No 123 (Barwick and Balham Valleys, Southern Victoria Land): Revised Management Plan",https://www.ats.aq/devAS/Meetings/Measure/785?s=1&iframe=1&from=01/01/1958&to=01/01/2158&cat=0&top=0&type=2&stat=0&txt=&curr=0,"Measure 5 (2023) - ATCM XLV - CEP XXV, Helsinki",Effective 06/11/2023 (Fast Approval),,,0,,,Fast Approval: Entered into effect on 6 Nov 2023,6,https://documents.ats.aq/recatt/att741_e.pdf,"[{""Title"":""Subject"",""Text"":""Antarctic Specially Protected Area No 123 (Barwick and Balham Valleys, Southern Victoria Land): Revised Management Plan"",""Url"":null},{""Title"":""Status"",""Text"":""Effective 06/11/2023 (Fast Approval)"",""Url"":null},{""Title"":""Category"",""Text"":""Area protection and management"",""Url"":null},{""Title"":""Topics"",""Text"":""- Barwick Valley (ASPA 123)"",""Url"":null},{""Title"":""Attachments"",""Text"":""ASPA No 123 (Barwick and Balham Valleys, Southern Victoria Land): Revised Management Plan"",""Url"":""https://documents.ats.aq/recatt/att741_e.pdf""},{""Title"":""Relevant Final Report paragraph"",""Text"":""88"",""Url"":null}]",null,,
01/01/1958,01/01/2158,0,0,0,2,2,11,786,95,M6,6,2023,ATCM XLV - CEP XXV,Helsinki,"Antarctic Specially Protected Area No 132 (Potter Peninsula, King George Island (Isla 25 de Mayo), South Shetland Islands): Revised Management Plan",https://www.ats.aq/devAS/Meetings/Measure/786?s=1&iframe=1&from=01/01/1958&to=01/01/2158&cat=0&top=0&type=2&stat=0&txt=&curr=0,"Measure 6 (2023) - ATCM XLV - CEP XXV, Helsinki",Effective 06/11/2023 (Fast Approval),,,0,,,Fast Approval: Entered into effect on 6 Nov 2023,6,https://documents.ats.aq/recatt/att742_e.pdf,"[{""Title"":""Subject"",""Text"":""Antarctic Specially Protected Area No 132 (Potter Peninsula, King George Island (Isla 25 de Mayo), South Shetland Islands): Revised Management Plan"",""Url"":null},{""Title"":""Status"",""Text"":""Effective 06/11/2023 (Fast Approval)"",""Url"":null},{""Title"":""Category"",""Text"":""Area protection and management"",""Url"":null},{""Title"":""Topics"",""Text"":""- Potter Peninsula (ASPA 132)"",""Url"":null},{""Title"":""Attachments"",""Text"":""ASPA No 132 (Potter Peninsula, King George Island (Isla 25 de Mayo), South Shetland Islands): Revised Management Plan"",""Url"":""https://documents.ats.aq/recatt/att742_e.pdf""},{""Title"":""Relevant Final Report paragraph"",""Text"":""88"",""Url"":null}]",null,,
01/01/1958,01/01/2158,0,0,0,2,2,12,787,95,M7,7,2023,ATCM XLV - CEP XXV,Helsinki,"Antarctic Specially Protected Area No 137 (Northwest White Island, McMurdo Sound): Revised Management Plan",https://www.ats.aq/devAS/Meetings/Measure/787?s=1&iframe=1&from=01/01/1958&to=01/01/2158&cat=0&top=0&type=2&stat=0&txt=&curr=0,"Measure 7 (2023) - ATCM XLV - CEP XXV, Helsinki",Effective 06/09/2023 (Fast Approval),,,0,,,Fast Approval: Entered into effect on 6 Sep 2023,6,https://documents.ats.aq/recatt/att743_e.pdf,"[{""Title"":""Subject"",""Text"":""Antarctic Specially Protected Area No 137 (Northwest White Island, McMurdo Sound): Revised Management Plan"",""Url"":null},{""Title"":""Status"",""Text"":""Effective 06/09/2023 (Fast Approval)"",""Url"":null},{""Title"":""Category"",""Text"":""Area protection and management"",""Url"":null},{""Title"":""Topics"",""Text"":""- White Island (ASPA 137)"",""Url"":null},{""Title"":""Attachments"",""Text"":""ASPA No 137 (Northwest White Island, McMurdo Sound): Revised Management Plan\n                                        . Replaced by M5 (2024)"",""Url"":""https://documents.ats.aq/recatt/att743_e.pdf""},{""Title"":""Relevant Final Report paragraph"",""Text"":""88"",""Url"":null}]",null,,
01/01/1958,01/01/2158,0,0,0,2,2,13,788,95,M8,8,2023,ATCM XLV - CEP XXV,Helsinki,"Antarctic Specially Protected Area No 138 (Linnaeus Terrace, Asgard Range, Victoria Land): Revised Management Plan",https://www.ats.aq/devAS/Meetings/Measure/788?s=1&iframe=1&from=01/01/1958&to=01/01/2158&cat=0&top=0&type=2&stat=0&txt=&curr=0,"Measure 8 (2023) - ATCM XLV - CEP XXV, Helsinki",Effective 06/11/2023 (Fast Approval),,,0,,,Fast Approval: Entered into effect on 6 Nov 2023,6,https://documents.ats.aq/recatt/att744_e.pdf,"[{""Title"":""Subject"",""Text"":""Antarctic Specially Protected Area No 138 (Linnaeus Terrace, Asgard Range, Victoria Land): Revised Management Plan"",""Url"":null},{""Title"":""Status"",""Text"":""Effective 06/11/2023 (Fast Approval)"",""Url"":null},{""Title"":""Category"",""Text"":""Area protection and management"",""Url"":null},{""Title"":""Topics"",""Text"":""- Linnaeus Terrace (ASPA 138)"",""Url"":null},{""Title"":""Attachments"",""Text"":""ASPA No 138 (Linnaeus Terrace, Asgard Range, Victoria Land): Revised Management Plan"",""Url"":""https://documents.ats.aq/recatt/att744_e.pdf""},{""Title"":""Relevant Final Report paragraph"",""Text"":""88"",""Url"":null}]",null,,
01/01/1958,01/01/2158,0,0,0,2,2,14,789,95,M9,9,2023,ATCM XLV - CEP XXV,Helsinki,"Antarctic Specially Protected Area No 144 (Chile Bay (Discovery Bay), Greenwich Islands, South Shetland Islands): Revoked Management Plan",https://www.ats.aq/devAS/Meetings/Measure/789?s=1&iframe=1&from=01/01/1958&to=01/01/2158&cat=0&top=0&type=2&stat=0&txt=&curr=0,"Measure 9 (2023) - ATCM XLV - CEP XXV, Helsinki",Effective 06/11/2023 (Fast Approval),,,0,,,Fast Approval: Entered into effect on 6 Nov 2023,6,,"[{""Title"":""Subject"",""Text"":""Antarctic Specially Protected Area No 144 (Chile Bay (Discovery Bay), Greenwich Islands, South Shetland Islands): Revoked Management Plan"",""Url"":null},{""Title"":""Status"",""Text"":""Effective 06/11/2023 (Fast Approval)"",""Url"":null},{""Title"":""Category"",""Text"":""Area protection and management"",""Url"":null},{""Title"":""Topics"",""Text"":""- Chile Bay (ASPA 144)"",""Url"":null},{""Title"":""Attachments"",""Text"":"""",""Url"":null},{""Title"":""Relevant Final Report paragraph"",""Text"":""88"",""Url"":null}]",null,,
01/01/1958,01/01/2158,0,0,0,2,3,0,790,95,M10,10,2023,ATCM XLV - CEP XXV,Helsinki,"Antarctic Specially Protected Area No 145 (Port Foster, Deception Island, South Shetland Islands): Revised Management Plan",https://www.ats.aq/devAS/Meetings/Measure/790?s=1&iframe=1&from=01/01/1958&to=01/01/2158&cat=0&top=0&type=2&stat=0&txt=&curr=0,"Measure 10 (2023) - ATCM XLV - CEP XXV, Helsinki",Effective 06/11/2023 (Fast Approval),,,0,,,Fast Approval: Entered into effect on 6 Nov 2023,6,https://documents.ats.aq/recatt/att745_e.pdf,"[{""Title"":""Subject"",""Text"":""Antarctic Specially Protected Area No 145 (Port Foster, Deception Island, South Shetland Islands): Revised Management Plan"",""Url"":null},{""Title"":""Status"",""Text"":""Effective 06/11/2023 (Fast Approval)"",""Url"":null},{""Title"":""Category"",""Text"":""Area protection and management"",""Url"":null},{""Title"":""Topics"",""Text"":""- Port Foster (ASPA 145)"",""Url"":null},{""Title"":""Attachments"",""Text"":""ASPA No 145 (Port Foster, Deception Island, South Shetland Islands): Revised Management Plan"",""Url"":""https://documents.ats.aq/recatt/att745_e.pdf""},{""Title"":""Relevant Final Report paragraph"",""Text"":""88"",""Url"":null}]",null,,
01/01/1958,01/01/2158,0,0,0,2,3,1,791,95,M11,11,2023,ATCM XLV - CEP XXV,Helsinki,"Antarctic Specially Protected Area No 147 (Ablation Valley and Ganymede Heights, Alexander Island): Revised Management Plan",https://www.ats.aq/devAS/Meetings/Measure/791?s=1&iframe=1&from=01/01/1958&to=01/01/2158&cat=0&top=0&type=2&stat=0&txt=&curr=0,"Measure 11 (2023) - ATCM XLV - CEP XXV, Helsinki",Effective 06/11/2023 (Fast Approval),,,0,,,Fast Approval: Entered into effect on 6 Nov 2023,6,https://documents.ats.aq/recatt/att746_e.pdf,"[{""Title"":""Subject"",""Text"":""Antarctic Specially Protected Area No 147 (Ablation Valley and Ganymede Heights, Alexander Island): Revised Management Plan"",""Url"":null},{""Title"":""Status"",""Text"":""Effective 06/11/2023 (Fast Approval)"",""Url"":null},{""Title"":""Category"",""Text"":""Area protection and management"",""Url"":null},{""Title"":""Topics"",""Text"":""- Ablation Point (ASPA 147)"",""Url"":null},{""Title"":""Attachments"",""Text"":""ASPA No 147 (Ablation Valley and Ganymede Heights, Alexander Island): Revised Management Plan"",""Url"":""https://documents.ats.aq/recatt/att746_e.pdf""},{""Title"":""Relevant Final Report paragraph"",""Text"":""88"",""Url"":null}]",null,,
01/01/1958,01/01/2158,0,0,0,2,3,2,792,95,M12,12,2023,ATCM XLV - CEP XXV,Helsinki,"Antarctic Specially Protected Area No 149 (Cape Shirreff and San Telmo Island, Livingston Island, South Shetland Islands): Revised Management Plan",https://www.ats.aq/devAS/Meetings/Measure/792?s=1&iframe=1&from=01/01/1958&to=01/01/2158&cat=0&top=0&type=2&stat=0&txt=&curr=0,"Measure 12 (2023) - ATCM XLV - CEP XXV, Helsinki",Effective 06/09/2023 (Fast Approval),,,0,,,Fast Approval: Entered into effect on 6 Sep 2023,6,https://documents.ats.aq/recatt/att747_e.pdf,"[{""Title"":""Subject"",""Text"":""Antarctic Specially Protected Area No 149 (Cape Shirreff and San Telmo Island, Livingston Island, South Shetland Islands): Revised Management Plan"",""Url"":null},{""Title"":""Status"",""Text"":""Effective 06/09/2023 (Fast Approval)"",""Url"":null},{""Title"":""Category"",""Text"":""Area protection and management"",""Url"":null},{""Title"":""Topics"",""Text"":""- Cape Shirreff (ASPA 149)"",""Url"":null},{""Title"":""Attachments"",""Text"":""ASPA No 149 (Cape Shirreff and San Telmo Island, Livingston Island, South Shetland Islands): Revised Management Plan"",""Url"":""https://documents.ats.aq/recatt/att747_e.pdf""},{""Title"":""Relevant Final Report paragraph"",""Text"":""88"",""Url"":null}]",null,,
01/01/1958,01/01/2158,0,0,0,2,3,3,793,95,M13,13,2023,ATCM XLV - CEP XXV,Helsinki,"Antarctic Specially Protected Area No 156 (Lewis Bay, Mount Erebus, Ross Island): Revised Management Plan",https://www.ats.aq/devAS/Meetings/Measure/793?s=1&iframe=1&from=01/01/1958&to=01/01/2158&cat=0&top=0&type=2&stat=0&txt=&curr=0,"Measure 13 (2023) - ATCM XLV - CEP XXV, Helsinki",Effective 06/11/2023 (Fast Approval),,,0,,,Fast Approval: Entered into effect on 6 Nov 2023,6,https://documents.ats.aq/recatt/att748_e.pdf,"[{""Title"":""Subject"",""Text"":""Antarctic Specially Protected Area No 156 (Lewis Bay, Mount Erebus, Ross Island): Revised Management Plan"",""Url"":null},{""Title"":""Status"",""Text"":""Effective 06/11/2023 (Fast Approval)"",""Url"":null},{""Title"":""Category"",""Text"":""Area protection and management"",""Url"":null},{""Title"":""Topics"",""Text"":""- Lewis Bay Tomb (ASPA 156)"",""Url"":null},{""Title"":""Attachments"",""Text"":""ASPA No 156 (Lewis Bay, Mount Erebus, Ross Island): Revised Management Plan"",""Url"":""https://documents.ats.aq/recatt/att748_e.pdf""},{""Title"":""Relevant Final Report paragraph"",""Text"":""88"",""Url"":null}]",null,,
01/01/1958,01/01/2158,0,0,0,2,3,4,794,95,M14,14,2023,ATCM XLV - CEP XXV,Helsinki,"Antarctic Specially Protected Area No 165 (Edmonson Point, Wood Bay, Ross Sea): Revised Management Plan",https://www.ats.aq/devAS/Meetings/Measure/794?s=1&iframe=1&from=01/01/1958&to=01/01/2158&cat=0&top=0&type=2&stat=0&txt=&curr=0,"Measure 14 (2023) - ATCM XLV - CEP XXV, Helsinki",Effective 06/09/2023 (Fast Approval),,,0,,,Fast Approval: Entered into effect on 6 Sep 2023,6,https://documents.ats.aq/recatt/att749_e.pdf,"[{""Title"":""Subject"",""Text"":""Antarctic Specially Protected Area No 165 (Edmonson Point, Wood Bay, Ross Sea): Revised Management Plan"",""Url"":null},{""Title"":""Status"",""Text"":""Effective 06/09/2023 (Fast Approval)"",""Url"":null},{""Title"":""Category"",""Text"":""Area protection and management"",""Url"":null},{""Title"":""Topics"",""Text"":""- Edmonson Point (ASPA 165)"",""Url"":null},{""Title"":""Attachments"",""Text"":""ASPA No 165 (Edmonson Point, Wood Bay, Ross Sea): Revised Management Plan"",""Url"":""https://documents.ats.aq/recatt/att749_e.pdf""},{""Title"":""Relevant Final Report paragraph"",""Text"":""88"",""Url"":null}]",null,,
01/01/1958,01/01/2158,0,0,0,2,3,5,795,95,M15,15,2023,ATCM XLV - CEP XXV,Helsinki,"Antarctic Specially Protected Area No 168 (Mount Harding, Grove Mountains, East Antarctica): Revised Management Plan",https://www.ats.aq/devAS/Meetings/Measure/795?s=1&iframe=1&from=01/01/1958&to=01/01/2158&cat=0&top=0&type=2&stat=0&txt=&curr=0,"Measure 15 (2023) - ATCM XLV - CEP XXV, Helsinki",Effective 06/11/2023 (Fast Approval),,,0,,,Fast Approval: Entered into effect on 6 Nov 2023,6,https://documents.ats.aq/recatt/att750_e.pdf,"[{""Title"":""Subject"",""Text"":""Antarctic Specially Protected Area No 168 (Mount Harding, Grove Mountains, East Antarctica): Revised Management Plan"",""Url"":null},{""Title"":""Status"",""Text"":""Effective 06/11/2023 (Fast Approval)"",""Url"":null},{""Title"":""Category"",""Text"":""Area protection and management"",""Url"":null},{""Title"":""Topics"",""Text"":""- Mount Harding (ASPA 168)"",""Url"":null},{""Title"":""Attachments"",""Text"":""ASPA No 168 (Mount Harding, Grove Mountains, East Antarctica): Revised Management Plan"",""Url"":""https://documents.ats.aq/recatt/att750_e.pdf""},{""Title"":""Relevant Final Report paragraph"",""Text"":""88"",""Url"":null}]",null,,
01/01/1958,01/01/2158,0,0,0,2,3,6,796,95,M16,16,2023,ATCM XLV - CEP XXV,Helsinki,"Antarctic Specially Protected Area No 170 (Marion Nunataks, Charcot Island, Antarctic Peninsula): Revised Management Plan",https://www.ats.aq/devAS/Meetings/Measure/796?s=1&iframe=1&from=01/01/1958&to=01/01/2158&cat=0&top=0&type=2&stat=0&txt=&curr=0,"Measure 16 (2023) - ATCM XLV - CEP XXV, Helsinki",Effective 06/11/2023 (Fast Approval),,,0,,,Fast Approval: Entered into effect on 6 Nov 2023,6,https://documents.ats.aq/recatt/att751_e.pdf,"[{""Title"":""Subject"",""Text"":""Antarctic Specially Protected Area No 170 (Marion Nunataks, Charcot Island, Antarctic Peninsula): Revised Management Plan"",""Url"":null},{""Title"":""Status"",""Text"":""Effective 06/11/2023 (Fast Approval)"",""Url"":null},{""Title"":""Category"",""Text"":""Area protection and management"",""Url"":null},{""Title"":""Topics"",""Text"":""- Marion Nunataks (ASPA 170)"",""Url"":null},{""Title"":""Attachments"",""Text"":""ASPA No 170 (Marion Nunataks, Charcot Island, Antarctic Peninsula): Revised Management Plan"",""Url"":""https://documents.ats.aq/recatt/att751_e.pdf""},{""Title"":""Relevant Final Report paragraph"",""Text"":""88"",""Url"":null}]",null,,
01/01/1958,01/01/2158,0,0,0,2,3,7,797,95,M17,17,2023,ATCM XLV - CEP XXV,Helsinki,"Antarctic Specially Protected Area No 172 (Lower Taylor Glacier and Blood Falls, McMurdo Dry Valleys, Victoria Land): Revised Management Plan",https://www.ats.aq/devAS/Meetings/Measure/797?s=1&iframe=1&from=01/01/1958&to=01/01/2158&cat=0&top=0&type=2&stat=0&txt=&curr=0,"Measure 17 (2023) - ATCM XLV - CEP XXV, Helsinki",Effective 06/11/2023 (Fast Approval),,,0,,,Fast Approval: Entered into effect on 6 Nov 2023,6,https://documents.ats.aq/recatt/att752_e.pdf,"[{""Title"":""Subject"",""Text"":""Antarctic Specially Protected Area No 172 (Lower Taylor Glacier and Blood Falls, McMurdo Dry Valleys, Victoria Land): Revised Management Plan"",""Url"":null},{""Title"":""Status"",""Text"":""Effective 06/11/2023 (Fast Approval)"",""Url"":null},{""Title"":""Category"",""Text"":""Area protection and management"",""Url"":null},{""Title"":""Topics"",""Text"":""- Lower Taylor Glacier and Blood Falls (ASPA 172)"",""Url"":null},{""Title"":""Attachments"",""Text"":""ASPA No 172 (Lower Taylor Glacier and Blood Falls, McMurdo Dry Valleys, Victoria Land): Revised Management Plan"",""Url"":""https://documents.ats.aq/recatt/att752_e.pdf""},{""Title"":""Relevant Final Report paragraph"",""Text"":""88"",""Url"":null}]",null,,
01/01/1958,01/01/2158,0,0,0,2,3,8,798,95,M18,18,2023,ATCM XLV - CEP XXV,Helsinki,"Antarctic Specially Protected Area No 179 (Parts of Western Sør Rondane Mountains, Dronning Maud Land, East Antarctica): Management Plan",https://www.ats.aq/devAS/Meetings/Measure/798?s=1&iframe=1&from=01/01/1958&to=01/01/2158&cat=0&top=0&type=2&stat=0&txt=&curr=0,"Measure 18 (2023) - ATCM XLV - CEP XXV, Helsinki",Effective 06/11/2023 (Fast Approval),,,0,,,Fast Approval: Entered into effect on 6 Nov 2023,6,https://documents.ats.aq/recatt/att753_e.pdf,"[{""Title"":""Subject"",""Text"":""Antarctic Specially Protected Area No 179 (Parts of Western Sør Rondane Mountains, Dronning Maud Land, East Antarctica): Management Plan"",""Url"":null},{""Title"":""Status"",""Text"":""Effective 06/11/2023 (Fast Approval)"",""Url"":null},{""Title"":""Category"",""Text"":""Area protection and management"",""Url"":null},{""Title"":""Topics"",""Text"":""- Parts of Western Sør Rondane Mountains (ASPA 179)"",""Url"":null},{""Title"":""Attachments"",""Text"":""ASPA No 179 (Parts of Western Sør Rondane Mountains, Dronning Maud Land, East Antarctica): Management Plan"",""Url"":""https://documents.ats.aq/recatt/att753_e.pdf""},{""Title"":""Relevant Final Report paragraph"",""Text"":""88"",""Url"":null}]",null,,
01/01/1958,01/01/2158,0,0,0,2,3,9,751,94,M1,1,2022,ATCM XLIV - CEP XXIV,Berlin,Antarctic Specially Managed Area No 7 (Southwest Anvers Island and Palmer Basin): Revised Management Plan,https://www.ats.aq/devAS/Meetings/Measure/751?s=1&iframe=1&from=01/01/1958&to=01/01/2158&cat=0&top=0&type=2&stat=0&txt=&curr=0,"Measure 1 (2022) - ATCM XLIV - CEP XXIV, Berlin",Effective 31/10/2022 (Fast Approval),,,0,,,Fast Approval: Entered into effect on 31 Oct 2022,6,https://documents.ats.aq/recatt/att711_e.pdf,"[{""Title"":""Subject"",""Text"":""Antarctic Specially Managed Area No 7 (Southwest Anvers Island and Palmer Basin): Revised Management Plan"",""Url"":null},{""Title"":""Status"",""Text"":""Effective 31/10/2022 (Fast Approval)"",""Url"":null},{""Title"":""Category"",""Text"":""Area protection and management"",""Url"":null},{""Title"":""Topics"",""Text"":""- Southwest Anvers island and Palmer Basin (ASMA 7)"",""Url"":null},{""Title"":""Attachments"",""Text"":""ASMA No 7 (Southwest Anvers Island and Palmer Basin): Revised Management Plan"",""Url"":""https://documents.ats.aq/recatt/att711_e.pdf""},{""Title"":""Relevant Final Report paragraph"",""Text"":""78"",""Url"":null}]",null,,
01/01/1958,01/01/2158,0,0,0,2,3,10,752,94,M2,2,2022,ATCM XLIV - CEP XXIV,Berlin,"Antarctic Specially Protected Area No 109 (Moe Island, South Orkney Islands): Revised Management Plan",https://www.ats.aq/devAS/Meetings/Measure/752?s=1&iframe=1&from=01/01/1958&to=01/01/2158&cat=0&top=0&type=2&stat=0&txt=&curr=0,"Measure 2 (2022) - ATCM XLIV - CEP XXIV, Berlin",Effective 31/10/2022 (Fast Approval),,,0,,,Fast Approval: Entered into effect on 31 Oct 2022,6,https://documents.ats.aq/recatt/att712_e.pdf,"[{""Title"":""Subject"",""Text"":""Antarctic Specially Protected Area No 109 (Moe Island, South Orkney Islands): Revised Management Plan"",""Url"":null},{""Title"":""Status"",""Text"":""Effective 31/10/2022 (Fast Approval)"",""Url"":null},{""Title"":""Category"",""Text"":""Area protection and management"",""Url"":null},{""Title"":""Topics"",""Text"":""- Moe Island (ASPA 109)"",""Url"":null},{""Title"":""Attachments"",""Text"":""ASPA No 109 (Moe Island, South Orkney Islands): Revised Management Plan"",""Url"":""https://documents.ats.aq/recatt/att712_e.pdf""},{""Title"":""Relevant Final Report paragraph"",""Text"":""78"",""Url"":null}]",null,,
01/01/1958,01/01/2158,0,0,0,2,3,11,753,94,M3,3,2022,ATCM XLIV - CEP XXIV,Berlin,"Antarctic Specially Protected Area No 110 (Lynch Island, South Orkney Islands): Revised Management Plan",https://www.ats.aq/devAS/Meetings/Measure/753?s=1&iframe=1&from=01/01/1958&to=01/01/2158&cat=0&top=0&type=2&stat=0&txt=&curr=0,"Measure 3 (2022) - ATCM XLIV - CEP XXIV, Berlin",Effective 31/10/2022 (Fast Approval),,,0,,,Fast Approval: Entered into effect on 31 Oct 2022,6,https://documents.ats.aq/recatt/att713_e.pdf,"[{""Title"":""Subject"",""Text"":""Antarctic Specially Protected Area No 110 (Lynch Island, South Orkney Islands): Revised Management Plan"",""Url"":null},{""Title"":""Status"",""Text"":""Effective 31/10/2022 (Fast Approval)"",""Url"":null},{""Title"":""Category"",""Text"":""Area protection and management"",""Url"":null},{""Title"":""Topics"",""Text"":""- Lynch Island (ASPA 110)"",""Url"":null},{""Title"":""Attachments"",""Text"":""ASPA No 110 (Lynch Island, South Orkney Islands): Revised Management Plan"",""Url"":""https://documents.ats.aq/recatt/att713_e.pdf""},{""Title"":""Relevant Final Report paragraph"",""Text"":""78"",""Url"":null}]",null,,
01/01/1958,01/01/2158,0,0,0,2,3,12,754,94,M4,4,2022,ATCM XLIV - CEP XXIV,Berlin,"Antarctic Specially Protected Area No 111 (Southern Powell Island and adjacent islands, South Orkney Islands): Revised Management Plan",https://www.ats.aq/devAS/Meetings/Measure/754?s=1&iframe=1&from=01/01/1958&to=01/01/2158&cat=0&top=0&type=2&stat=0&txt=&curr=0,"Measure 4 (2022) - ATCM XLIV - CEP XXIV, Berlin",Effective 31/10/2022 (Fast Approval),,,0,,,Fast Approval: Entered into effect on 31 Oct 2022,6,https://documents.ats.aq/recatt/att714_e.pdf,"[{""Title"":""Subject"",""Text"":""Antarctic Specially Protected Area No 111 (Southern Powell Island and adjacent islands, South Orkney Islands): Revised Management Plan"",""Url"":null},{""Title"":""Status"",""Text"":""Effective 31/10/2022 (Fast Approval)"",""Url"":null},{""Title"":""Category"",""Text"":""Area protection and management"",""Url"":null},{""Title"":""Topics"",""Text"":""- Powell Island (ASPA 111)"",""Url"":null},{""Title"":""Attachments"",""Text"":""ASPA No 111 (Southern Powell Island and adjacent islands, South Orkney Islands): Revised Management Plan"",""Url"":""https://documents.ats.aq/recatt/att714_e.pdf""},{""Title"":""Relevant Final Report paragraph"",""Text"":""78"",""Url"":null}]",null,,
01/01/1958,01/01/2158,0,0,0,2,3,13,755,94,M5,5,2022,ATCM XLIV - CEP XXIV,Berlin,"Antarctic Specially Protected Area No 113 (Litchfield Island, Arthur Harbor, Anvers Island, Palmer Archipelago): Revised Management Plan",https://www.ats.aq/devAS/Meetings/Measure/755?s=1&iframe=1&from=01/01/1958&to=01/01/2158&cat=0&top=0&type=2&stat=0&txt=&curr=0,"Measure 5 (2022) - ATCM XLIV - CEP XXIV, Berlin",Effective 31/10/2022 (Fast Approval),,,0,,,Fast Approval: Entered into effect on 31 Oct 2022,6,https://documents.ats.aq/recatt/att715_e.pdf,"[{""Title"":""Subject"",""Text"":""Antarctic Specially Protected Area No 113 (Litchfield Island, Arthur Harbor, Anvers Island, Palmer Archipelago): Revised Management Plan"",""Url"":null},{""Title"":""Status"",""Text"":""Effective 31/10/2022 (Fast Approval)"",""Url"":null},{""Title"":""Category"",""Text"":""Area protection and management"",""Url"":null},{""Title"":""Topics"",""Text"":""- Litchfield Island (ASPA 113)"",""Url"":null},{""Title"":""Attachments"",""Text"":""ASPA No 113 (Litchfield Island, Arthur Harbor, Anvers Island, Palmer Archipelago): Revised Management Plan"",""Url"":""https://documents.ats.aq/recatt/att715_e.pdf""},{""Title"":""Relevant Final Report paragraph"",""Text"":""78"",""Url"":null}]",null,,
01/01/1958,01/01/2158,0,0,0,2,3,14,756,94,M6,6,2022,ATCM XLIV - CEP XXIV,Berlin,"Antarctic Specially Protected Area No 115 (Lagotellerie Island, Marguerite Bay, Graham Land): Revised Management Plan",https://www.ats.aq/devAS/Meetings/Measure/756?s=1&iframe=1&from=01/01/1958&to=01/01/2158&cat=0&top=0&type=2&stat=0&txt=&curr=0,"Measure 6 (2022) - ATCM XLIV - CEP XXIV, Berlin",Effective 31/10/2022 (Fast Approval),,,0,,,Fast Approval: Entered into effect on 31 Oct 2022,6,https://documents.ats.aq/recatt/att716_e.pdf,"[{""Title"":""Subject"",""Text"":""Antarctic Specially Protected Area No 115 (Lagotellerie Island, Marguerite Bay, Graham Land): Revised Management Plan"",""Url"":null},{""Title"":""Status"",""Text"":""Effective 31/10/2022 (Fast Approval)"",""Url"":null},{""Title"":""Category"",""Text"":""Area protection and management"",""Url"":null},{""Title"":""Topics"",""Text"":""- Lagotellerie Island (ASPA 115)"",""Url"":null},{""Title"":""Attachments"",""Text"":""ASPA No 115 (Lagotellerie Island, Marguerite Bay, Graham Land): Revised Management Plan"",""Url"":""https://documents.ats.aq/recatt/att716_e.pdf""},{""Title"":""Relevant Final Report paragraph"",""Text"":""78"",""Url"":null}]",null,,
01/01/1958,01/01/2158,0,0,0,2,4,0,757,94,M7,7,2022,ATCM XLIV - CEP XXIV,Berlin,"Antarctic Specially Protected Area No 119 (Davis Valley and Forlidas Pond, Dufek Massif, Pensacola Mountains): Revised Management Plan",https://www.ats.aq/devAS/Meetings/Measure/757?s=1&iframe=1&from=01/01/1958&to=01/01/2158&cat=0&top=0&type=2&stat=0&txt=&curr=0,"Measure 7 (2022) - ATCM XLIV - CEP XXIV, Berlin",Effective 31/10/2022 (Fast Approval),,,0,,,Fast Approval: Entered into effect on 31 Oct 2022,6,https://documents.ats.aq/recatt/att717_e.pdf,"[{""Title"":""Subject"",""Text"":""Antarctic Specially Protected Area No 119 (Davis Valley and Forlidas Pond, Dufek Massif, Pensacola Mountains): Revised Management Plan"",""Url"":null},{""Title"":""Status"",""Text"":""Effective 31/10/2022 (Fast Approval)"",""Url"":null},{""Title"":""Category"",""Text"":""Area protection and management"",""Url"":null},{""Title"":""Topics"",""Text"":""- Davis Valley ponds and Forlidas Pond (ASPA 119)"",""Url"":null},{""Title"":""Attachments"",""Text"":""ASPA No 119 (Davis Valley and Forlidas Pond, Dufek Massif, Pensacola Mountains): Revised Management Plan"",""Url"":""https://documents.ats.aq/recatt/att717_e.pdf""},{""Title"":""Relevant Final Report paragraph"",""Text"":""78"",""Url"":null}]",null,,
01/01/1958,01/01/2158,0,0,0,2,4,1,758,94,M8,8,2022,ATCM XLIV - CEP XXIV,Berlin,"Antarctic Specially Protected Area No 122 (Arrival Heights, Hut Point Peninsula, Ross Island): Revised Management Plan",https://www.ats.aq/devAS/Meetings/Measure/758?s=1&iframe=1&from=01/01/1958&to=01/01/2158&cat=0&top=0&type=2&stat=0&txt=&curr=0,"Measure 8 (2022) - ATCM XLIV - CEP XXIV, Berlin",Effective 31/10/2022 (Fast Approval),,,0,,,Fast Approval: Entered into effect on 31 Oct 2022,7,https://documents.ats.aq/recatt/att718_e.pdf,"[{""Title"":""Subject"",""Text"":""Antarctic Specially Protected Area No 122 (Arrival Heights, Hut Point Peninsula, Ross Island): Revised Management Plan"",""Url"":null},{""Title"":""Status"",""Text"":""Effective 31/10/2022 (Fast Approval)"",""Url"":null},{""Title"":""Category"",""Text"":""Area protection and management"",""Url"":null},{""Title"":""Topics"",""Text"":""- Arrival Heights (ASPA 122)"",""Url"":null},{""Title"":""Attachments"",""Text"":""ASPA No 122 (Arrival Heights, Hut Point Peninsula, Ross Island): Revised Management Plan\n                                        . Replaced by M4 (2023)"",""Url"":""https://documents.ats.aq/recatt/att718_e.pdf""},{""Title"":""Relevant Final Report paragraph"",""Text"":""78"",""Url"":null},{""Title"":""Memo"",""Text"":""Management Plan for Antarctic Specially Protected Area No 122 annexed to this Measure revoked by Measure 4 (2023)"",""Url"":null}]",null,,
01/01/1958,01/01/2158,0,0,0,2,4,2,759,94,M9,9,2022,ATCM XLIV - CEP XXIV,Berlin,"Antarctic Specially Protected Area No 124 (Cape Crozier, Ross Island): Revised Management Plan",https://www.ats.aq/devAS/Meetings/Measure/759?s=1&iframe=1&from=01/01/1958&to=01/01/2158&cat=0&top=0&type=2&stat=0&txt=&curr=0,"Measure 9 (2022) - ATCM XLIV - CEP XXIV, Berlin",Effective 31/10/2022 (Fast Approval),,,0,,,Fast Approval: Entered into effect on 31 Oct 2022,6,https://documents.ats.aq/recatt/att719_e.pdf,"[{""Title"":""Subject"",""Text"":""Antarctic Specially Protected Area No 124 (Cape Crozier, Ross Island): Revised Management Plan"",""Url"":null},{""Title"":""Status"",""Text"":""Effective 31/10/2022 (Fast Approval)"",""Url"":null},{""Title"":""Category"",""Text"":""Area protection and management"",""Url"":null},{""Title"":""Topics"",""Text"":""- Cape Crozier (ASPA 124)"",""Url"":null},{""Title"":""Attachments"",""Text"":""ASPA No 124 (Cape Crozier, Ross Island): Revised Management Plan"",""Url"":""https://documents.ats.aq/recatt/att719_e.pdf""},{""Title"":""Relevant Final Report paragraph"",""Text"":""78"",""Url"":null}]",null,,
01/01/1958,01/01/2158,0,0,0,2,4,3,760,94,M10,10,2022,ATCM XLIV - CEP XXIV,Berlin,"Antarctic Specially Protected Area No 126 (Byers Peninsula, Livingston Island, South Shetland Islands): Revised Management Plan",https://www.ats.aq/devAS/Meetings/Measure/760?s=1&iframe=1&from=01/01/1958&to=01/01/2158&cat=0&top=0&type=2&stat=0&txt=&curr=0,"Measure 10 (2022) - ATCM XLIV - CEP XXIV, Berlin",Effective 31/10/2022 (Fast Approval),,,0,,,Fast Approval: Entered into effect on 31 Oct 2022,6,https://documents.ats.aq/recatt/att720_e.pdf,"[{""Title"":""Subject"",""Text"":""Antarctic Specially Protected Area No 126 (Byers Peninsula, Livingston Island, South Shetland Islands): Revised Management Plan"",""Url"":null},{""Title"":""Status"",""Text"":""Effective 31/10/2022 (Fast Approval)"",""Url"":null},{""Title"":""Category"",""Text"":""Area protection and management"",""Url"":null},{""Title"":""Topics"",""Text"":""- Byers Peninsula (ASPA 126)"",""Url"":null},{""Title"":""Attachments"",""Text"":""ASPA No 126 (Byers Peninsula, Livingston Island, South Shetland Islands): Revised Management Plan"",""Url"":""https://documents.ats.aq/recatt/att720_e.pdf""},{""Title"":""Relevant Final Report paragraph"",""Text"":""78"",""Url"":null}]",null,,
01/01/1958,01/01/2158,0,0,0,2,4,4,761,94,M11,11,2022,ATCM XLIV - CEP XXIV,Berlin,Antarctic Specially Protected Area No 127 (Haswell Island): Revised Management Plan,https://www.ats.aq/devAS/Meetings/Measure/761?s=1&iframe=1&from=01/01/1958&to=01/01/2158&cat=0&top=0&type=2&stat=0&txt=&curr=0,"Measure 11 (2022) - ATCM XLIV - CEP XXIV, Berlin",Effective 31/10/2022 (Fast Approval),,,0,,,Fast Approval: Entered into effect on 31 Oct 2022,6,https://documents.ats.aq/recatt/att721_e.pdf,"[{""Title"":""Subject"",""Text"":""Antarctic Specially Protected Area No 127 (Haswell Island): Revised Management Plan"",""Url"":null},{""Title"":""Status"",""Text"":""Effective 31/10/2022 (Fast Approval)"",""Url"":null},{""Title"":""Category"",""Text"":""Area protection and management"",""Url"":null},{""Title"":""Topics"",""Text"":""- Haswell Island (ASPA 127)"",""Url"":null},{""Title"":""Attachments"",""Text"":""ASPA No 127 (Haswell Island): Revised Management Plan"",""Url"":""https://documents.ats.aq/recatt/att721_e.pdf""},{""Title"":""Relevant Final Report paragraph"",""Text"":""78"",""Url"":null}]",null,,
01/01/1958,01/01/2158,0,0,0,2,4,5,762,94,M12,12,2022,ATCM XLIV - CEP XXIV,Berlin,"Antarctic Specially Protected Area No 129 (Rothera Point, Adelaide Island): Revised Management Plan",https://www.ats.aq/devAS/Meetings/Measure/762?s=1&iframe=1&from=01/01/1958&to=01/01/2158&cat=0&top=0&type=2&stat=0&txt=&curr=0,"Measure 12 (2022) - ATCM XLIV - CEP XXIV, Berlin",Effective 31/10/2022 (Fast Approval),,,0,,,Fast Approval: Entered into effect on 31 Oct 2022,6,https://documents.ats.aq/recatt/att722_e.pdf,"[{""Title"":""Subject"",""Text"":""Antarctic Specially Protected Area No 129 (Rothera Point, Adelaide Island): Revised Management Plan"",""Url"":null},{""Title"":""Status"",""Text"":""Effective 31/10/2022 (Fast Approval)"",""Url"":null},{""Title"":""Category"",""Text"":""Area protection and management"",""Url"":null},{""Title"":""Topics"",""Text"":""- Rothera Point (ASPA 129)"",""Url"":null},{""Title"":""Attachments"",""Text"":""ASPA No 129 (Rothera Point, Adelaide Island): Revised Management Plan"",""Url"":""https://documents.ats.aq/recatt/att722_e.pdf""},{""Title"":""Relevant Final Report paragraph"",""Text"":""78"",""Url"":null}]",null,,
01/01/1958,01/01/2158,0,0,0,2,4,6,763,94,M13,13,2022,ATCM XLIV - CEP XXIV,Berlin,"Antarctic Specially Protected Area No 133 (Harmony Point, Nelson Island, South Shetland Islands): Revised Management Plan",https://www.ats.aq/devAS/Meetings/Measure/763?s=1&iframe=1&from=01/01/1958&to=01/01/2158&cat=0&top=0&type=2&stat=0&txt=&curr=0,"Measure 13 (2022) - ATCM XLIV - CEP XXIV, Berlin",Effective 31/10/2022 (Fast Approval),,,0,,,Fast Approval: Entered into effect on 31 Oct 2022,6,https://documents.ats.aq/recatt/att723_e.pdf,"[{""Title"":""Subject"",""Text"":""Antarctic Specially Protected Area No 133 (Harmony Point, Nelson Island, South Shetland Islands): Revised Management Plan"",""Url"":null},{""Title"":""Status"",""Text"":""Effective 31/10/2022 (Fast Approval)"",""Url"":null},{""Title"":""Category"",""Text"":""Area protection and management"",""Url"":null},{""Title"":""Topics"",""Text"":""- Harmony Point (ASPA 133)"",""Url"":null},{""Title"":""Attachments"",""Text"":""ASPA No 133 (Harmony Point, Nelson Island, South Shetland Islands): Revised Management Plan"",""Url"":""https://documents.ats.aq/recatt/att723_e.pdf""},{""Title"":""Relevant Final Report paragraph"",""Text"":""78"",""Url"":null}]",null,,
01/01/1958,01/01/2158,0,0,0,2,4,7,764,94,M14,14,2022,ATCM XLIV - CEP XXIV,Berlin,"Antarctic Specially Protected Area No 139 (Biscoe Point, Anvers Island, Palmer Archipelago): Revised Management Plan",https://www.ats.aq/devAS/Meetings/Measure/764?s=1&iframe=1&from=01/01/1958&to=01/01/2158&cat=0&top=0&type=2&stat=0&txt=&curr=0,"Measure 14 (2022) - ATCM XLIV - CEP XXIV, Berlin",Effective 31/10/2022 (Fast Approval),,,0,,,Fast Approval: Entered into effect on 31 Oct 2022,6,https://documents.ats.aq/recatt/att724_e.pdf,"[{""Title"":""Subject"",""Text"":""Antarctic Specially Protected Area No 139 (Biscoe Point, Anvers Island, Palmer Archipelago): Revised Management Plan"",""Url"":null},{""Title"":""Status"",""Text"":""Effective 31/10/2022 (Fast Approval)"",""Url"":null},{""Title"":""Category"",""Text"":""Area protection and management"",""Url"":null},{""Title"":""Topics"",""Text"":""- Biscoe Point (ASPA 139)"",""Url"":null},{""Title"":""Attachments"",""Text"":""ASPA No 139 (Biscoe Point, Anvers Island, Palmer Archipelago): Revised Management Plan"",""Url"":""https://documents.ats.aq/recatt/att724_e.pdf""},{""Title"":""Relevant Final Report paragraph"",""Text"":""78"",""Url"":null}]",null,,
01/01/1958,01/01/2158,0,0,0,2,4,8,765,94,M15,15,2022,ATCM XLIV - CEP XXIV,Berlin,"Antarctic Specially Protected Area No 140 (Parts of Deception Island, South Shetland Islands): Revised Management Plan",https://www.ats.aq/devAS/Meetings/Measure/765?s=1&iframe=1&from=01/01/1958&to=01/01/2158&cat=0&top=0&type=2&stat=0&txt=&curr=0,"Measure 15 (2022) - ATCM XLIV - CEP XXIV, Berlin",Effective 31/10/2022 (Fast Approval),,,0,,,Fast Approval: Entered into effect on 31 Oct 2022,6,https://documents.ats.aq/recatt/att725_e.pdf,"[{""Title"":""Subject"",""Text"":""Antarctic Specially Protected Area No 140 (Parts of Deception Island, South Shetland Islands): Revised Management Plan"",""Url"":null},{""Title"":""Status"",""Text"":""Effective 31/10/2022 (Fast Approval)"",""Url"":null},{""Title"":""Category"",""Text"":""Area protection and management"",""Url"":null},{""Title"":""Topics"",""Text"":""- Deception Island (ASPA 140)"",""Url"":null},{""Title"":""Attachments"",""Text"":""ASPA No 140 (Parts of Deception Island, South Shetland Islands): Revised Management Plan"",""Url"":""https://documents.ats.aq/recatt/att725_e.pdf""},{""Title"":""Relevant Final Report paragraph"",""Text"":""78"",""Url"":null}]",null,,
01/01/1958,01/01/2158,0,0,0,2,4,9,766,94,M16,16,2022,ATCM XLIV - CEP XXIV,Berlin,"Antarctic Specially Protected Area No 149 (Cape Shirreff and San Telmo Island, Livingston Island, South Shetland Islands): Revised Management Plan",https://www.ats.aq/devAS/Meetings/Measure/766?s=1&iframe=1&from=01/01/1958&to=01/01/2158&cat=0&top=0&type=2&stat=0&txt=&curr=0,"Measure 16 (2022) - ATCM XLIV - CEP XXIV, Berlin",Effective 31/10/2022 (Fast Approval),,,0,,,Fast Approval: Entered into effect on 31 Oct 2022,7,https://documents.ats.aq/recatt/att726_e.pdf,"[{""Title"":""Subject"",""Text"":""Antarctic Specially Protected Area No 149 (Cape Shirreff and San Telmo Island, Livingston Island, South Shetland Islands): Revised Management Plan"",""Url"":null},{""Title"":""Status"",""Text"":""Effective 31/10/2022 (Fast Approval)"",""Url"":null},{""Title"":""Category"",""Text"":""Area protection and management"",""Url"":null},{""Title"":""Topics"",""Text"":""- Cape Shirreff (ASPA 149)"",""Url"":null},{""Title"":""Attachments"",""Text"":""ASPA No 149 (Cape Shirreff and San Telmo Island, Livingston Island, South Shetland Islands): Revised Management Plan\n                                        . Replaced by M12 (2023)"",""Url"":""https://documents.ats.aq/recatt/att726_e.pdf""},{""Title"":""Relevant Final Report paragraph"",""Text"":""78"",""Url"":null},{""Title"":""Memo"",""Text"":""Management Plan for Antarctic Specially Protected Area No 149 annexed to this Measure revoked by Measure 12 (2023)"",""Url"":null}]",null,,
01/01/1958,01/01/2158,0,0,0,2,4,10,767,94,M17,17,2022,ATCM XLIV - CEP XXIV,Berlin,"Antarctic Specially Protected Area No 164 (Scullin and Murray Monoliths, Mac.Robertson Land): Revised Management Plan",https://www.ats.aq/devAS/Meetings/Measure/767?s=1&iframe=1&from=01/01/1958&to=01/01/2158&cat=0&top=0&type=2&stat=0&txt=&curr=0,"Measure 17 (2022) - ATCM XLIV - CEP XXIV, Berlin",Effective 31/10/2022 (Fast Approval),,,0,,,Fast Approval: Entered into effect on 31 Oct 2022,6,https://documents.ats.aq/recatt/att727_e.pdf,"[{""Title"":""Subject"",""Text"":""Antarctic Specially Protected Area No 164 (Scullin and Murray Monoliths, Mac.Robertson Land): Revised Management Plan"",""Url"":null},{""Title"":""Status"",""Text"":""Effective 31/10/2022 (Fast Approval)"",""Url"":null},{""Title"":""Category"",""Text"":""Area protection and management"",""Url"":null},{""Title"":""Topics"",""Text"":""- Scullin and Murray Monolites (ASPA 164)"",""Url"":null},{""Title"":""Attachments"",""Text"":""ASPA No 164 (Scullin and Murray Monoliths, Mac.Robertson Land): Revised Management Plan"",""Url"":""https://documents.ats.aq/recatt/att727_e.pdf""},{""Title"":""Relevant Final Report paragraph"",""Text"":""78"",""Url"":null}]",null,,
01/01/1958,01/01/2158,0,0,0,2,4,11,768,94,M18,18,2022,ATCM XLIV - CEP XXIV,Berlin,"Revised List of Antarctic Historic Sites and Monuments: Updating information for Historic Sites and Monuments No 26, 29, 36, 38, 39, 40, 41, 42, 43 and 93",https://www.ats.aq/devAS/Meetings/Measure/768?s=1&iframe=1&from=01/01/1958&to=01/01/2158&cat=0&top=0&type=2&stat=0&txt=&curr=0,"Measure 18 (2022) - ATCM XLIV - CEP XXIV, Berlin",Effective 31/10/2022 (Fast Approval),,,0,,,Fast Approval: Entered into effect on 31 Oct 2022,6,,"[{""Title"":""Subject"",""Text"":""Revised List of Antarctic Historic Sites and Monuments: Updating information for Historic Sites and Monuments No 26, 29, 36, 38, 39, 40, 41, 42, 43 and 93"",""Url"":null},{""Title"":""Status"",""Text"":""Effective 31/10/2022 (Fast Approval)"",""Url"":null},{""Title"":""Category"",""Text"":""Area protection and management"",""Url"":null},{""Title"":""Topics"",""Text"":""- Belgrano station's cross (HSM 43)\n                                - Ceremonial facilities of the Esperanza Baset (HSM 40)\n                                - Ceremonial facilities of the San Martín Base (HSM 26)\n                                - Dallman Expedition Plaque (HSM 36)\n                                - Endurance, Wreck of the vessel owned and used by Sir Ernest Shackleton during his 1914-15 Trans-Antarctic Expedition (HSM 93)\n                                - Historic remains of Antarctic's crew in Paulet island (HSM 41)\n                                - Hope Bay stone hut (HSM 39)\n                                - Laurie island observatories (HSM 42)\n                                - Lighthouse ‘Primero de Mayo’ (HSM 29)\n                                - Snow hill Swedish hut (HSM 38)"",""Url"":null},{""Title"":""Attachments"",""Text"":"""",""Url"":null},{""Title"":""Relevant Final Report paragraph"",""Text"":""85"",""Url"":null}]",null,,
01/01/1958,01/01/2158,0,0,0,2,4,12,710,92,M1,1,2021,ATCM XLIII - CEP XXIII,Paris,"Antarctic Specially Managed Area No 6 (Larsemann Hills, East Antarctica): Revised Management Plan",https://www.ats.aq/devAS/Meetings/Measure/710?s=1&iframe=1&from=01/01/1958&to=01/01/2158&cat=0&top=0&type=2&stat=0&txt=&curr=0,"Measure 1 (2021) - ATCM XLIII - CEP XXIII, Paris",Effective 22/09/2021 (Fast Approval),,,0,,,Fast Approval: Entered into effect on 22 Sep 2021,6,https://documents.ats.aq/recatt/att674_e.pdf,"[{""Title"":""Subject"",""Text"":""Antarctic Specially Managed Area No 6 (Larsemann Hills, East Antarctica): Revised Management Plan"",""Url"":null},{""Title"":""Status"",""Text"":""Effective 22/09/2021 (Fast Approval)"",""Url"":null},{""Title"":""Category"",""Text"":""Area protection and management"",""Url"":null},{""Title"":""Topics"",""Text"":""- Larsemann Hills (ASMA 6)"",""Url"":null},{""Title"":""Attachments"",""Text"":""ASMAa No 6 (Larsemann Hills, East Antarctica): Revised Management Plan"",""Url"":""https://documents.ats.aq/recatt/att674_e.pdf""},{""Title"":""Relevant Final Report paragraph"",""Text"":""53"",""Url"":null}]",null,,
01/01/1958,01/01/2158,0,0,0,2,4,13,711,92,M2,2,2021,ATCM XLIII - CEP XXIII,Paris,"Antarctic Specially Protected Area No 101 (Taylor Rookery, Mac.Robertson Land): Revised Management Plan",https://www.ats.aq/devAS/Meetings/Measure/711?s=1&iframe=1&from=01/01/1958&to=01/01/2158&cat=0&top=0&type=2&stat=0&txt=&curr=0,"Measure 2 (2021) - ATCM XLIII - CEP XXIII, Paris",Effective 22/09/2021 (Fast Approval),,,0,,,Fast Approval: Entered into effect on 22 Sep 2021,6,https://documents.ats.aq/recatt/att675_e.pdf,"[{""Title"":""Subject"",""Text"":""Antarctic Specially Protected Area No 101 (Taylor Rookery, Mac.Robertson Land): Revised Management Plan"",""Url"":null},{""Title"":""Status"",""Text"":""Effective 22/09/2021 (Fast Approval)"",""Url"":null},{""Title"":""Category"",""Text"":""Area protection and management"",""Url"":null},{""Title"":""Topics"",""Text"":""- Taylor Rookery (ASPA 101)"",""Url"":null},{""Title"":""Attachments"",""Text"":""ASPA No 101 (Taylor Rookery, Mac.Robertson Land): Revised Management Plan"",""Url"":""https://documents.ats.aq/recatt/att675_e.pdf""},{""Title"":""Relevant Final Report paragraph"",""Text"":""53"",""Url"":null}]",null,,
01/01/1958,01/01/2158,0,0,0,2,4,14,712,92,M3,3,2021,ATCM XLIII - CEP XXIII,Paris,"Antarctic Specially Protected Area No 102 (Rookery Islands, Holme Bay, Mac.Robertson Land): Revised Management Plan",https://www.ats.aq/devAS/Meetings/Measure/712?s=1&iframe=1&from=01/01/1958&to=01/01/2158&cat=0&top=0&type=2&stat=0&txt=&curr=0,"Measure 3 (2021) - ATCM XLIII - CEP XXIII, Paris",Effective 22/09/2021 (Fast Approval),,,0,,,Fast Approval: Entered into effect on 22 Sep 2021,6,https://documents.ats.aq/recatt/att676_e.pdf,"[{""Title"":""Subject"",""Text"":""Antarctic Specially Protected Area No 102 (Rookery Islands, Holme Bay, Mac.Robertson Land): Revised Management Plan"",""Url"":null},{""Title"":""Status"",""Text"":""Effective 22/09/2021 (Fast Approval)"",""Url"":null},{""Title"":""Category"",""Text"":""Area protection and management"",""Url"":null},{""Title"":""Topics"",""Text"":""- Rookery Islands (ASPA 102)"",""Url"":null},{""Title"":""Attachments"",""Text"":""ASPA No 102 (Rookery Islands, Holme Bay, Mac.Robertson Land): Revised Management Plan"",""Url"":""https://documents.ats.aq/recatt/att676_e.pdf""},{""Title"":""Relevant Final Report paragraph"",""Text"":""53"",""Url"":null}]",null,,
01/01/1958,01/01/2158,0,0,0,2,5,0,713,92,M4,4,2021,ATCM XLIII - CEP XXIII,Paris,"Antarctic Specially Protected Area No 103 (Ardery Island and Odbert Island, Budd Coast, Wilkes Land, East Antarctica): Revised Management Plan",https://www.ats.aq/devAS/Meetings/Measure/713?s=1&iframe=1&from=01/01/1958&to=01/01/2158&cat=0&top=0&type=2&stat=0&txt=&curr=0,"Measure 4 (2021) - ATCM XLIII - CEP XXIII, Paris",Effective 22/09/2021 (Fast Approval),,,0,,,Fast Approval: Entered into effect on 22 Sep 2021,6,https://documents.ats.aq/recatt/att677_e.pdf,"[{""Title"":""Subject"",""Text"":""Antarctic Specially Protected Area No 103 (Ardery Island and Odbert Island, Budd Coast, Wilkes Land, East Antarctica): Revised Management Plan"",""Url"":null},{""Title"":""Status"",""Text"":""Effective 22/09/2021 (Fast Approval)"",""Url"":null},{""Title"":""Category"",""Text"":""Area protection and management"",""Url"":null},{""Title"":""Topics"",""Text"":""- Ardery and Odbert Islands (ASPA 103)"",""Url"":null},{""Title"":""Attachments"",""Text"":""ASPA No 103 (Ardery Island and Odbert Island, Budd Coast, Wilkes Land, East Antarctica): Revised Management Plan"",""Url"":""https://documents.ats.aq/recatt/att677_e.pdf""},{""Title"":""Relevant Final Report paragraph"",""Text"":""53"",""Url"":null}]",null,,
01/01/1958,01/01/2158,0,0,0,2,5,1,714,92,M5,5,2021,ATCM XLIII - CEP XXIII,Paris,"Antarctic Specially Protected Area No 104 (Sabrina Island, Balleny Islands): Revised Management Plan",https://www.ats.aq/devAS/Meetings/Measure/714?s=1&iframe=1&from=01/01/1958&to=01/01/2158&cat=0&top=0&type=2&stat=0&txt=&curr=0,"Measure 5 (2021) - ATCM XLIII - CEP XXIII, Paris",Effective 22/09/2021 (Fast Approval),,,0,,,Fast Approval: Entered into effect on 22 Sep 2021,6,https://documents.ats.aq/recatt/att678_e.pdf,"[{""Title"":""Subject"",""Text"":""Antarctic Specially Protected Area No 104 (Sabrina Island, Balleny Islands): Revised Management Plan"",""Url"":null},{""Title"":""Status"",""Text"":""Effective 22/09/2021 (Fast Approval)"",""Url"":null},{""Title"":""Category"",""Text"":""Area protection and management"",""Url"":null},{""Title"":""Topics"",""Text"":""- Sabrina Island (ASPA 104)"",""Url"":null},{""Title"":""Attachments"",""Text"":""ASPA No 104 (Sabrina Island, Balleny Islands): Revised Management Plan"",""Url"":""https://documents.ats.aq/recatt/att678_e.pdf""},{""Title"":""Relevant Final Report paragraph"",""Text"":""53"",""Url"":null}]",null,,
01/01/1958,01/01/2158,0,0,0,2,5,2,715,92,M6,6,2021,ATCM XLIII - CEP XXIII,Paris,"Antarctic Specially Protected Area No 105 (Beaufort Island, McMurdo Sound, Ross Sea): Revised Management Plan",https://www.ats.aq/devAS/Meetings/Measure/715?s=1&iframe=1&from=01/01/1958&to=01/01/2158&cat=0&top=0&type=2&stat=0&txt=&curr=0,"Measure 6 (2021) - ATCM XLIII - CEP XXIII, Paris",Effective 22/09/2021 (Fast Approval),,,0,,,Fast Approval: Entered into effect on 22 Sep 2021,6,https://documents.ats.aq/recatt/att679_e.pdf,"[{""Title"":""Subject"",""Text"":""Antarctic Specially Protected Area No 105 (Beaufort Island, McMurdo Sound, Ross Sea): Revised Management Plan"",""Url"":null},{""Title"":""Status"",""Text"":""Effective 22/09/2021 (Fast Approval)"",""Url"":null},{""Title"":""Category"",""Text"":""Area protection and management"",""Url"":null},{""Title"":""Topics"",""Text"":""- Beaufort Island (ASPA 105)"",""Url"":null},{""Title"":""Attachments"",""Text"":""ASPA No 105 (Beaufort Island, McMurdo Sound, Ross Sea): Revised Management Plan"",""Url"":""https://documents.ats.aq/recatt/att679_e.pdf""},{""Title"":""Relevant Final Report paragraph"",""Text"":""53"",""Url"":null}]",null,,
01/01/1958,01/01/2158,0,0,0,2,5,3,716,92,M7,7,2021,ATCM XLIII - CEP XXIII,Paris,"Antarctic Specially Protected Area No 106 (Cape Hallett, Northern Victoria Land, Ross Sea): Revised Management Plan",https://www.ats.aq/devAS/Meetings/Measure/716?s=1&iframe=1&from=01/01/1958&to=01/01/2158&cat=0&top=0&type=2&stat=0&txt=&curr=0,"Measure 7 (2021) - ATCM XLIII - CEP XXIII, Paris",Effective 22/09/2021 (Fast Approval),,,0,,,Fast Approval: Entered into effect on 22 Sep 2021,6,https://documents.ats.aq/recatt/att680_e.pdf,"[{""Title"":""Subject"",""Text"":""Antarctic Specially Protected Area No 106 (Cape Hallett, Northern Victoria Land, Ross Sea): Revised Management Plan"",""Url"":null},{""Title"":""Status"",""Text"":""Effective 22/09/2021 (Fast Approval)"",""Url"":null},{""Title"":""Category"",""Text"":""Area protection and management"",""Url"":null},{""Title"":""Topics"",""Text"":""- Cape Hallet (ASPA 106)"",""Url"":null},{""Title"":""Attachments"",""Text"":""ASPA No 106 (Cape Hallett, Northern Victoria Land, Ross Sea): Revised Management Plan"",""Url"":""https://documents.ats.aq/recatt/att680_e.pdf""},{""Title"":""Relevant Final Report paragraph"",""Text"":""53"",""Url"":null}]",null,,
01/01/1958,01/01/2158,0,0,0,2,5,4,717,92,M8,8,2021,ATCM XLIII - CEP XXIII,Paris,"Antarctic Specially Protected Area No 120 (Pointe-Géologie Archipelago, Terre Adélie): Revised Management Plan",https://www.ats.aq/devAS/Meetings/Measure/717?s=1&iframe=1&from=01/01/1958&to=01/01/2158&cat=0&top=0&type=2&stat=0&txt=&curr=0,"Measure 8 (2021) - ATCM XLIII - CEP XXIII, Paris",Effective 22/09/2021 (Fast Approval),,,0,,,Fast Approval: Entered into effect on 22 Sep 2021,6,https://documents.ats.aq/recatt/att681_e.pdf,"[{""Title"":""Subject"",""Text"":""Antarctic Specially Protected Area No 120 (Pointe-Géologie Archipelago, Terre Adélie): Revised Management Plan"",""Url"":null},{""Title"":""Status"",""Text"":""Effective 22/09/2021 (Fast Approval)"",""Url"":null},{""Title"":""Category"",""Text"":""Area protection and management"",""Url"":null},{""Title"":""Topics"",""Text"":""- Pointe-Geologie (ASPA 120)"",""Url"":null},{""Title"":""Attachments"",""Text"":""ASPA No 120 (Pointe-Géologie Archipelago, Terre Adélie): Revised Management Plan"",""Url"":""https://documents.ats.aq/recatt/att681_e.pdf""},{""Title"":""Relevant Final Report paragraph"",""Text"":""53"",""Url"":null}]",null,,
01/01/1958,01/01/2158,0,0,0,2,5,5,718,92,M9,9,2021,ATCM XLIII - CEP XXIII,Paris,"Antarctic Specially Protected Area No 121 (Cape Royds, Ross Island): Revised Management Plan",https://www.ats.aq/devAS/Meetings/Measure/718?s=1&iframe=1&from=01/01/1958&to=01/01/2158&cat=0&top=0&type=2&stat=0&txt=&curr=0,"Measure 9 (2021) - ATCM XLIII - CEP XXIII, Paris",Effective 22/09/2021 (Fast Approval),,,0,,,Fast Approval: Entered into effect on 22 Sep 2021,6,https://documents.ats.aq/recatt/att682_e.pdf,"[{""Title"":""Subject"",""Text"":""Antarctic Specially Protected Area No 121 (Cape Royds, Ross Island): Revised Management Plan"",""Url"":null},{""Title"":""Status"",""Text"":""Effective 22/09/2021 (Fast Approval)"",""Url"":null},{""Title"":""Category"",""Text"":""Area protection and management"",""Url"":null},{""Title"":""Topics"",""Text"":""- Cape Royds (ASPA 121)"",""Url"":null},{""Title"":""Attachments"",""Text"":""ASPA No 121 (Cape Royds, Ross Island): Revised Management Plan"",""Url"":""https://documents.ats.aq/recatt/att682_e.pdf""},{""Title"":""Relevant Final Report paragraph"",""Text"":""53"",""Url"":null}]",null,,
01/01/1958,01/01/2158,0,0,0,2,5,6,719,92,M10,10,2021,ATCM XLIII - CEP XXIII,Paris,"Antarctic Specially Protected Area No 131 (Canada Glacier, Lake Fryxell, Taylor Valley, Victoria Land): Revised Management Plan",https://www.ats.aq/devAS/Meetings/Measure/719?s=1&iframe=1&from=01/01/1958&to=01/01/2158&cat=0&top=0&type=2&stat=0&txt=&curr=0,"Measure 10 (2021) - ATCM XLIII - CEP XXIII, Paris",Effective 22/09/2021 (Fast Approval),,,0,,,Fast Approval: Entered into effect on 22 Sep 2021,6,https://documents.ats.aq/recatt/att683_e.pdf,"[{""Title"":""Subject"",""Text"":""Antarctic Specially Protected Area No 131 (Canada Glacier, Lake Fryxell, Taylor Valley, Victoria Land): Revised Management Plan"",""Url"":null},{""Title"":""Status"",""Text"":""Effective 22/09/2021 (Fast Approval)"",""Url"":null},{""Title"":""Category"",""Text"":""Area protection and management"",""Url"":null},{""Title"":""Topics"",""Text"":""- Canada Glacier (ASPA 131)"",""Url"":null},{""Title"":""Attachments"",""Text"":""ASPA No 131 (Canada Glacier, Lake Fryxell, Taylor Valley, Victoria Land): Revised Management Plan"",""Url"":""https://documents.ats.aq/recatt/att683_e.pdf""},{""Title"":""Relevant Final Report paragraph"",""Text"":""53"",""Url"":null}]",null,,
01/01/1958,01/01/2158,0,0,0,2,5,7,720,92,M11,11,2021,ATCM XLIII - CEP XXIII,Paris,"Antarctic Specially Protected Area No 134 (Cierva Point and offshore islands, Danco Coast, Antarctic Peninsula): Revised Management Plan",https://www.ats.aq/devAS/Meetings/Measure/720?s=1&iframe=1&from=01/01/1958&to=01/01/2158&cat=0&top=0&type=2&stat=0&txt=&curr=0,"Measure 11 (2021) - ATCM XLIII - CEP XXIII, Paris",Effective 22/09/2021 (Fast Approval),,,0,,,Fast Approval: Entered into effect on 22 Sep 2021,6,https://documents.ats.aq/recatt/att684_e.pdf,"[{""Title"":""Subject"",""Text"":""Antarctic Specially Protected Area No 134 (Cierva Point and offshore islands, Danco Coast, Antarctic Peninsula): Revised Management Plan"",""Url"":null},{""Title"":""Status"",""Text"":""Effective 22/09/2021 (Fast Approval)"",""Url"":null},{""Title"":""Category"",""Text"":""Area protection and management"",""Url"":null},{""Title"":""Topics"",""Text"":""- Cierva Point (ASPA 134)"",""Url"":null},{""Title"":""Attachments"",""Text"":""ASPA No 134 (Cierva Point and offshore islands, Danco Coast, Antarctic Peninsula): Revised Management Plan"",""Url"":""https://documents.ats.aq/recatt/att684_e.pdf""},{""Title"":""Relevant Final Report paragraph"",""Text"":""53"",""Url"":null}]",null,,
01/01/1958,01/01/2158,0,0,0,2,5,8,721,92,M12,12,2021,ATCM XLIII - CEP XXIII,Paris,"Antarctic Specially Protected Area No 148 (Mount Flora, Hope Bay, Antarctic Peninsula): Revised Management Plan",https://www.ats.aq/devAS/Meetings/Measure/721?s=1&iframe=1&from=01/01/1958&to=01/01/2158&cat=0&top=0&type=2&stat=0&txt=&curr=0,"Measure 12 (2021) - ATCM XLIII - CEP XXIII, Paris",Effective 22/09/2021 (Fast Approval),,,0,,,Fast Approval: Entered into effect on 22 Sep 2021,6,https://documents.ats.aq/recatt/att685_e.pdf,"[{""Title"":""Subject"",""Text"":""Antarctic Specially Protected Area No 148 (Mount Flora, Hope Bay, Antarctic Peninsula): Revised Management Plan"",""Url"":null},{""Title"":""Status"",""Text"":""Effective 22/09/2021 (Fast Approval)"",""Url"":null},{""Title"":""Category"",""Text"":""Area protection and management"",""Url"":null},{""Title"":""Topics"",""Text"":""- Mount Flora (ASPA 148)"",""Url"":null},{""Title"":""Attachments"",""Text"":""ASPA No 148 (Mount Flora, Hope Bay, Antarctic Peninsula): Revised Management Plan"",""Url"":""https://documents.ats.aq/recatt/att685_e.pdf""},{""Title"":""Relevant Final Report paragraph"",""Text"":""53"",""Url"":null}]",null,,
01/01/1958,01/01/2158,0,0,0,2,5,9,722,92,M13,13,2021,ATCM XLIII - CEP XXIII,Paris,"Antarctic Specially Protected Area No 155 (Cape Evans, Ross Island): Revised Management Plan",https://www.ats.aq/devAS/Meetings/Measure/722?s=1&iframe=1&from=01/01/1958&to=01/01/2158&cat=0&top=0&type=2&stat=0&txt=&curr=0,"Measure 13 (2021) - ATCM XLIII - CEP XXIII, Paris",Effective 22/09/2021 (Fast Approval),,,0,,,Fast Approval: Entered into effect on 22 Sep 2021,6,https://documents.ats.aq/recatt/att686_e.pdf,"[{""Title"":""Subject"",""Text"":""Antarctic Specially Protected Area No 155 (Cape Evans, Ross Island): Revised Management Plan"",""Url"":null},{""Title"":""Status"",""Text"":""Effective 22/09/2021 (Fast Approval)"",""Url"":null},{""Title"":""Category"",""Text"":""Area protection and management"",""Url"":null},{""Title"":""Topics"",""Text"":""- Cape Evans (ASPA 155)"",""Url"":null},{""Title"":""Attachments"",""Text"":""ASPA No 155 (Cape Evans, Ross Island): Revised Management Plan"",""Url"":""https://documents.ats.aq/recatt/att686_e.pdf""},{""Title"":""Relevant Final Report paragraph"",""Text"":""53"",""Url"":null}]",null,,
01/01/1958,01/01/2158,0,0,0,2,5,10,723,92,M14,14,2021,ATCM XLIII - CEP XXIII,Paris,"Antarctic Specially Protected Area No 157 (Backdoor Bay, Cape Royds, Ross Island): Revised Management Plan",https://www.ats.aq/devAS/Meetings/Measure/723?s=1&iframe=1&from=01/01/1958&to=01/01/2158&cat=0&top=0&type=2&stat=0&txt=&curr=0,"Measure 14 (2021) - ATCM XLIII - CEP XXIII, Paris",Effective 22/09/2021 (Fast Approval),,,0,,,Fast Approval: Entered into effect on 22 Sep 2021,6,https://documents.ats.aq/recatt/att687_e.pdf,"[{""Title"":""Subject"",""Text"":""Antarctic Specially Protected Area No 157 (Backdoor Bay, Cape Royds, Ross Island): Revised Management Plan"",""Url"":null},{""Title"":""Status"",""Text"":""Effective 22/09/2021 (Fast Approval)"",""Url"":null},{""Title"":""Category"",""Text"":""Area protection and management"",""Url"":null},{""Title"":""Topics"",""Text"":""- Backdoor Bay (ASPA 157)"",""Url"":null},{""Title"":""Attachments"",""Text"":""ASPA No 157 (Backdoor Bay, Cape Royds, Ross Island): Revised Management Plan"",""Url"":""https://documents.ats.aq/recatt/att687_e.pdf""},{""Title"":""Relevant Final Report paragraph"",""Text"":""53"",""Url"":null}]",null,,
01/01/1958,01/01/2158,0,0,0,2,5,11,724,92,M15,15,2021,ATCM XLIII - CEP XXIII,Paris,"Antarctic Specially Protected Area No 158 (Hut Point, Ross Island): Revised Management Plan",https://www.ats.aq/devAS/Meetings/Measure/724?s=1&iframe=1&from=01/01/1958&to=01/01/2158&cat=0&top=0&type=2&stat=0&txt=&curr=0,"Measure 15 (2021) - ATCM XLIII - CEP XXIII, Paris",Effective 22/09/2021 (Fast Approval),,,0,,,Fast Approval: Entered into effect on 22 Sep 2021,6,https://documents.ats.aq/recatt/att688_e.pdf,"[{""Title"":""Subject"",""Text"":""Antarctic Specially Protected Area No 158 (Hut Point, Ross Island): Revised Management Plan"",""Url"":null},{""Title"":""Status"",""Text"":""Effective 22/09/2021 (Fast Approval)"",""Url"":null},{""Title"":""Category"",""Text"":""Area protection and management"",""Url"":null},{""Title"":""Topics"",""Text"":""- Hut Point (ASPA 158)"",""Url"":null},{""Title"":""Attachments"",""Text"":""ASPA No 158 (Hut Point, Ross Island): Revised Management Plan"",""Url"":""https://documents.ats.aq/recatt/att688_e.pdf""},{""Title"":""Relevant Final Report paragraph"",""Text"":""53"",""Url"":null}]",null,,
01/01/1958,01/01/2158,0,0,0,2,5,12,725,92,M16,16,2021,ATCM XLIII - CEP XXIII,Paris,"Antarctic Specially Protected Area No 159 (Cape Adare, Borchgrevink Coast): Revised Management Plan",https://www.ats.aq/devAS/Meetings/Measure/725?s=1&iframe=1&from=01/01/1958&to=01/01/2158&cat=0&top=0&type=2&stat=0&txt=&curr=0,"Measure 16 (2021) - ATCM XLIII - CEP XXIII, Paris",Effective 22/09/2021 (Fast Approval),,,0,,,Fast Approval: Entered into effect on 22 Sep 2021,6,https://documents.ats.aq/recatt/att689_e.pdf,"[{""Title"":""Subject"",""Text"":""Antarctic Specially Protected Area No 159 (Cape Adare, Borchgrevink Coast): Revised Management Plan"",""Url"":null},{""Title"":""Status"",""Text"":""Effective 22/09/2021 (Fast Approval)"",""Url"":null},{""Title"":""Category"",""Text"":""Area protection and management"",""Url"":null},{""Title"":""Topics"",""Text"":""- Cape Adare (ASPA 159)"",""Url"":null},{""Title"":""Attachments"",""Text"":""ASPA No 159 (Cape Adare, Borchgrevink Coast): Revised Management Plan"",""Url"":""https://documents.ats.aq/recatt/att689_e.pdf""},{""Title"":""Relevant Final Report paragraph"",""Text"":""53"",""Url"":null}]",null,,
01/01/1958,01/01/2158,0,0,0,2,5,13,726,92,M17,17,2021,ATCM XLIII - CEP XXIII,Paris,"Antarctic Specially Protected Area No 163 (Dakshin Gangotri Glacier, Dronning Maud Land): Revised Management Plan",https://www.ats.aq/devAS/Meetings/Measure/726?s=1&iframe=1&from=01/01/1958&to=01/01/2158&cat=0&top=0&type=2&stat=0&txt=&curr=0,"Measure 17 (2021) - ATCM XLIII - CEP XXIII, Paris",Effective 22/09/2021 (Fast Approval),,,0,,,Fast Approval: Entered into effect on 22 Sep 2021,6,https://documents.ats.aq/recatt/att690_e.pdf,"[{""Title"":""Subject"",""Text"":""Antarctic Specially Protected Area No 163 (Dakshin Gangotri Glacier, Dronning Maud Land): Revised Management Plan"",""Url"":null},{""Title"":""Status"",""Text"":""Effective 22/09/2021 (Fast Approval)"",""Url"":null},{""Title"":""Category"",""Text"":""Area protection and management"",""Url"":null},{""Title"":""Topics"",""Text"":""- Dakshin Gangotri (ASPA 163)"",""Url"":null},{""Title"":""Attachments"",""Text"":""ASPA No 163 (Dakshin Gangotri Glacier, Dronning Maud Land): Revised Management Plan"",""Url"":""https://documents.ats.aq/recatt/att690_e.pdf""},{""Title"":""Relevant Final Report paragraph"",""Text"":""53"",""Url"":null}]",null,,
01/01/1958,01/01/2158,0,0,0,2,5,14,727,92,M18,18,2021,ATCM XLIII - CEP XXIII,Paris,"Antarctic Specially Protected Area No 167 (Hawker Island, Princess Elizabeth Land): Revised Management Plan",https://www.ats.aq/devAS/Meetings/Measure/727?s=1&iframe=1&from=01/01/1958&to=01/01/2158&cat=0&top=0&type=2&stat=0&txt=&curr=0,"Measure 18 (2021) - ATCM XLIII - CEP XXIII, Paris",Effective 22/09/2021 (Fast Approval),,,0,,,Fast Approval: Entered into effect on 22 Sep 2021,6,https://documents.ats.aq/recatt/att691_e.pdf,"[{""Title"":""Subject"",""Text"":""Antarctic Specially Protected Area No 167 (Hawker Island, Princess Elizabeth Land): Revised Management Plan"",""Url"":null},{""Title"":""Status"",""Text"":""Effective 22/09/2021 (Fast Approval)"",""Url"":null},{""Title"":""Category"",""Text"":""Area protection and management"",""Url"":null},{""Title"":""Topics"",""Text"":""- Hawker Island (ASPA 167)"",""Url"":null},{""Title"":""Attachments"",""Text"":""ASPA No 167 (Hawker Island, Princess Elizabeth Land): Revised Management Plan"",""Url"":""https://documents.ats.aq/recatt/att691_e.pdf""},{""Title"":""Relevant Final Report paragraph"",""Text"":""53"",""Url"":null}]",null,,
01/01/1958,01/01/2158,0,0,0,2,6,0,728,92,M19,19,2021,ATCM XLIII - CEP XXIII,Paris,"Antarctic Specially Protected Area No 176 (Rosenthal Islands, Anvers Island, Palmer Archipelago): Management Plan",https://www.ats.aq/devAS/Meetings/Measure/728?s=1&iframe=1&from=01/01/1958&to=01/01/2158&cat=0&top=0&type=2&stat=0&txt=&curr=0,"Measure 19 (2021) - ATCM XLIII - CEP XXIII, Paris",Effective 22/09/2021 (Fast Approval),,,0,,,Fast Approval: Entered into effect on 22 Sep 2021,6,https://documents.ats.aq/recatt/att692_e.pdf,"[{""Title"":""Subject"",""Text"":""Antarctic Specially Protected Area No 176 (Rosenthal Islands, Anvers Island, Palmer Archipelago): Management Plan"",""Url"":null},{""Title"":""Status"",""Text"":""Effective 22/09/2021 (Fast Approval)"",""Url"":null},{""Title"":""Category"",""Text"":""Area protection and management"",""Url"":null},{""Title"":""Topics"",""Text"":""- Rosenthal Islands (ASPA 176)"",""Url"":null},{""Title"":""Attachments"",""Text"":""ASPA No 176 (Rosenthal Islands, Anvers Island, Palmer Archipelago): Management Plan"",""Url"":""https://documents.ats.aq/recatt/att692_e.pdf""},{""Title"":""Relevant Final Report paragraph"",""Text"":""53"",""Url"":null}]",null,,
01/01/1958,01/01/2158,0,0,0,2,6,1,729,92,M20,20,2021,ATCM XLIII - CEP XXIII,Paris,"Antarctic Specially Protected Area No 177 (Léonie Islands and South-East Adelaide Island, Antarctic Peninsula): Management Plan",https://www.ats.aq/devAS/Meetings/Measure/729?s=1&iframe=1&from=01/01/1958&to=01/01/2158&cat=0&top=0&type=2&stat=0&txt=&curr=0,"Measure 20 (2021) - ATCM XLIII - CEP XXIII, Paris",Effective 22/09/2021 (Fast Approval),,,0,,,Fast Approval: Entered into effect on 22 Sep 2021,6,https://documents.ats.aq/recatt/att693_e.pdf,"[{""Title"":""Subject"",""Text"":""Antarctic Specially Protected Area No 177 (Léonie Islands and South-East Adelaide Island, Antarctic Peninsula): Management Plan"",""Url"":null},{""Title"":""Status"",""Text"":""Effective 22/09/2021 (Fast Approval)"",""Url"":null},{""Title"":""Category"",""Text"":""Area protection and management"",""Url"":null},{""Title"":""Topics"",""Text"":""- Léonie Islands and South-East Adelaide Island (ASPA 177)"",""Url"":null},{""Title"":""Attachments"",""Text"":""ASPA No 177 (Léonie Islands and South-East Adelaide Island, Antarctic Peninsula): Management Plan"",""Url"":""https://documents.ats.aq/recatt/att693_e.pdf""},{""Title"":""Relevant Final Report paragraph"",""Text"":""53"",""Url"":null}]",null,,
01/01/1958,01/01/2158,0,0,0,2,6,2,730,92,M21,21,2021,ATCM XLIII - CEP XXIII,Paris,"Antarctic Specially Protected Area No 178 (Inexpressible Island and Seaview Bay, Ross Sea): Management Plan",https://www.ats.aq/devAS/Meetings/Measure/730?s=1&iframe=1&from=01/01/1958&to=01/01/2158&cat=0&top=0&type=2&stat=0&txt=&curr=0,"Measure 21 (2021) - ATCM XLIII - CEP XXIII, Paris",Effective 22/09/2021 (Fast Approval),,,0,,,Fast Approval: Entered into effect on 22 Sep 2021,6,https://documents.ats.aq/recatt/att694_e.pdf,"[{""Title"":""Subject"",""Text"":""Antarctic Specially Protected Area No 178 (Inexpressible Island and Seaview Bay, Ross Sea): Management Plan"",""Url"":null},{""Title"":""Status"",""Text"":""Effective 22/09/2021 (Fast Approval)"",""Url"":null},{""Title"":""Category"",""Text"":""Area protection and management"",""Url"":null},{""Title"":""Topics"",""Text"":""- Inexpressible Island and Seaview Bay (ASPA 178)"",""Url"":null},{""Title"":""Attachments"",""Text"":""ASPA No 178 (Inexpressible Island and Seaview Bay, Ross Sea): Management Plan"",""Url"":""https://documents.ats.aq/recatt/att694_e.pdf""},{""Title"":""Relevant Final Report paragraph"",""Text"":""53"",""Url"":null}]",null,,
01/01/1958,01/01/2158,0,0,0,2,6,3,731,92,M22,22,2021,ATCM XLIII - CEP XXIII,Paris,Revised List of Antarctic Historic Sites and Monuments: San Telmo Wreck,https://www.ats.aq/devAS/Meetings/Measure/731?s=1&iframe=1&from=01/01/1958&to=01/01/2158&cat=0&top=0&type=2&stat=0&txt=&curr=0,"Measure 22 (2021) - ATCM XLIII - CEP XXIII, Paris",Effective 22/09/2021 (Fast Approval),,,0,,,Fast Approval: Entered into effect on 22 Sep 2021,6,,"[{""Title"":""Subject"",""Text"":""Revised List of Antarctic Historic Sites and Monuments: San Telmo Wreck"",""Url"":null},{""Title"":""Status"",""Text"":""Effective 22/09/2021 (Fast Approval)"",""Url"":null},{""Title"":""Category"",""Text"":""Area protection and management"",""Url"":null},{""Title"":""Topics"",""Text"":""- San Telmo Wreck (HSM 95)"",""Url"":null},{""Title"":""Attachments"",""Text"":"""",""Url"":null},{""Title"":""Relevant Final Report paragraph"",""Text"":""55"",""Url"":null}]",null,,
01/01/1958,01/01/2158,0,0,0,2,6,4,732,92,M23,23,2021,ATCM XLIII - CEP XXIII,Paris,Antarctic Protected Areas System: Reformatted List of Historic Sites and Monuments,https://www.ats.aq/devAS/Meetings/Measure/732?s=1&iframe=1&from=01/01/1958&to=01/01/2158&cat=0&top=0&type=2&stat=0&txt=&curr=0,"Measure 23 (2021) - ATCM XLIII - CEP XXIII, Paris",Effective 22/09/2021 (Fast Approval),,,0,,,Fast Approval: Entered into effect on 22 Sep 2021,7,https://documents.ats.aq/recatt/att695_e.pdf,"[{""Title"":""Subject"",""Text"":""Antarctic Protected Areas System: Reformatted List of Historic Sites and Monuments"",""Url"":null},{""Title"":""Status"",""Text"":""Effective 22/09/2021 (Fast Approval)"",""Url"":null},{""Title"":""Category"",""Text"":""Historic Sites and Monuments\n                                \nArea protection and management"",""Url"":null},{""Title"":""Topics"",""Text"":""- \""Operation 90\"" flag mast (HSM 1)\n                                - Aguirre Cerda Station ruins (HSM 76)\n                                - Amundsen’s cairn (HSM 24)\n                                - Amundsen's Tent (HSM 80)\n                                - Anatoly Shcheglov´s Monument (HSM 8)\n                                - Antarctic Message Post (HSM 65)\n                                - Base E (HSM 64)\n                                - Base F Wordie House (HSM 62)\n                                - Base Marret (HSM 47)\n                                - Base W, Detaille Island (HSM 83) \n                                - Base Y (HSM 63)\n                                - Belgrano station's cross (HSM 43)\n                                - Borchgrevink's 'Southern Cross' Hut - Cape Adare\nScott's Northern Party Hut (remnant) (HSM 22)\n                                - Bunger Hill Pillar (HSM 49)\n                                - Buromsky Island  (HSM 9)\n                                - Buromsky Island Cemetery (HSM 9)\n                                - Bust of Arturo Prat (HSM 34)\n                                - C.A. Larsen Multiexpedition cairn (HSM 94)\n                                - Cape Denison (HSM 77)\n                                - Ceremonial facilities of the Esperanza Baset (HSM 40)\n                                - Ceremonial facilities of the San Martín Base (HSM 26)\n                                - Charcot cairn (HSM 27)\n                                - Charcot's cairn of 1904 (HSM 28)\n                                - Corvette Uruguay Cairn (HSM 60)\n                                - Dakshin Gangotri (HSM 44)\n                                - Dallman Expedition Plaque (HSM 36)\n                                - De-listed (HSM 12)\n                                - De-listed (HSM 13)\n                                - De-listed (HSM 25)\n                                - De-listed (HSM 31)\n                                - De-listed (HSM 58)\n                                - Discovery's Message Post (HSM 69)\n                                - East Base (HSM 55)\n                                - Endurance Memorial Site (HSM 53)\n                                - Endurance, Wreck of the vessel owned and used by Sir Ernest Shackleton during his 1914-15 Trans-Antarctic Expedition (HSM 93)\n                                - Fukushima's Rock Cairn (HSM 2)\n                                - Gerlache Expedition Plaque (HSM 45)\n                                - Granite House (HSM 67)\n                                - Grave of Nicolai Hanson - Cape Adare (HSM 23)\n                                - Great Wall Station Monolith (HSM 52)\n                                - Hells Gate Moraine depot site (HSM 68)\n                                - Hillary's TAE/IGY Hut 'A', Geomagnetic Huts ‘G’ and ‘H’ (HSM 75 )\n                                - Historic remains of Antarctic's crew in Paulet island (HSM 41)\n                                - Hope Bay stone hut (HSM 39)\n                                - Hut at Damoy Point (HSM 84)\n                                - Hydrographic monolith (HSM 32)\n                                - Ivan Khmara's Stone (HSM 7)\n                                - Kharma's Stone (HSM 7)\n                                - Lame Dog Hut at the Bulgarian base St. Kliment Ohridski (HSM 91)\n                                - Landing Rock (HSM 81)\n                                - Laurie island observatories (HSM 42)\n                                - Lenin's Bust (HSM 4)\n                                - Lighthouse ‘Primero de Mayo’ (HSM 29)\n                                - Lillie Marleen Hut (HSM 79)\n                                - Location of the first permanently occupied German Antarctic research station “Georg Forster” at the Schirmacher Oasis, Dronning Maud Land (HSM 87) \n                                - MacFarlane's Plaque (HSM 57)\n                                - Mawson's Rock Cairn - Cape Bruce (HSM 5)\n                                - Mawson's Rock Cairn - Proclamation Island (HSM 3)\n                                - Mikkelsen Cairn (HSM 72)\n                                - Monument to the Antarctic Treaty (HSM 82)\n                                - Monument to the Antarctic Treaty and plaque (HSM 82)\n                                - Mount Erebus Cross (HSM 73)\n                                - Ninth Indian Expedition Plaque (HSM 78)\n                                - No.1 Building at Great Wall Station (HSM 86)\n                                - O´Higgins (HSM 37)\n                                - Oasis Station Observatory (HSM 10)\n                                - Observation Hill Cross - Observation Hill, Ross Island (HSM 20)\n                                - O'Higgins Historic site (HSM 37)\n                                - Oversnow heavy tractor \u003cKharkovchanka\u003e (HSM 92)\n                                - Plaque Commemorating the PM-3A Nuclear Power Plant at McMurdo Station (HSM 85)\n                                - Pole of Inaccessibility Station building (HSM 4)\n                                - Polish Eagle Plaque (HSM 50)\n                                - Port Lockroy (HSM 61)\n                                - Port-Martin, Terre-Adélie  (HSM 46)\n                                - Prestrud’s Cairn (HSM 66)\n                                - Professor Kudryashov’s Drilling Complex Building (HSM 88)\n                                - Prudhomme's Cross (HSM 48)\n                                - Puchalski Grave (HSM 51)\n                                - Richard Byrd's Bust (HSM 54)\n                                - Rock Hut - Cape Crozier, Ross Island (HSM 21)\n                                - San Telmo Cairn (HSM 59)\n                                - San Telmo Wreck (HSM 95)\n                                - Scott's 'Discovery' Hut - Hut Point, Ross Island (HSM 18)\n                                - Scott's Message Post (HSM 70)\n                                - Scott's 'Terra Nova' Hut - Cape Evans, Ross Island (HSM 16)\n                                - Shackleton's 'Nimrod' Hut - Cape Royds, Ross Island (HSM 15)\n                                - Shcheglov's Monument (HSM 8)\n                                - Shelter at Paradise Harbour (HSM 30)\n                                - Shelter González-Pacheco (HSM 33)\n                                - Site of Northern Party ice cave - Inexpressible Island (HSM 14)\n                                - Snow hill Swedish hut (HSM 38)\n                                - Soviet Expedition Cemetery  (HSM 9) \n                                - Soviet Oasis Station Observatory (HSM 10)\n                                - Statue of Virgen del Carmen (Our Lady of Carmel) and wooden cross (HSM 35)\n                                - Terra Nova Expedition 1910-12, Lower “Camp E” Site (HSM 90)\n                                - Terra Nova Expedition 1910-12, Upper “Summit Camp” (HSM 89)\n                                - Un-Named Cove (HSM 74)\n                                - Vince's Cross - Hut Point, Ross Island (HSM 19)\n                                - Vostok Station Tractor (HSM 11)\n                                - Waterboat Point Hut (HSM 56)\n                                - Whalers Bay (HSM 71)\n                                - Wilkins's Cairn (HSM 6)\n                                - Wind Vane Hill Cross - Cape Evans, Ross Island (HSM 17)"",""Url"":null},{""Title"":""Attachments"",""Text"":""Annex: Revised List of Historic Sites and Monuments"",""Url"":""https://documents.ats.aq/recatt/att695_e.pdf""},{""Title"":""Relevant Final Report paragraph"",""Text"":""59"",""Url"":null},{""Title"":""Memo"",""Text"":""An updated version of the List of Historic Sites and Monuments annexed to this Measure adopted by Measure 18 (2022)"",""Url"":null}]",null,,
01/01/1958,01/01/2158,0,0,0,2,6,5,682,87,M1,1,2019,ATCM XLII - CEP XXII,Prague,"Antarctic Specially Protected Area No 123 (Barwick and Balham Valleys, Southern Victoria Land): Revised Management Plan",https://www.ats.aq/devAS/Meetings/Measure/682?s=1&iframe=1&from=01/01/1958&to=01/01/2158&cat=0&top=0&type=2&stat=0&txt=&curr=0,"Measure 1 (2019) - ATCM XLII - CEP XXII, Prague",Effective 09/10/2019 (Fast Approval),,,0,,,Fast Approval: Entered into effect on 9 Oct 2019,7,https://documents.ats.aq/recatt/att647_e.pdf,"[{""Title"":""Subject"",""Text"":""Antarctic Specially Protected Area No 123 (Barwick and Balham Valleys, Southern Victoria Land): Revised Management Plan"",""Url"":null},{""Title"":""Status"",""Text"":""Effective 09/10/2019 (Fast Approval)"",""Url"":null},{""Title"":""Category"",""Text"":""Area protection and management"",""Url"":null},{""Title"":""Topics"",""Text"":""- Barwick Valley (ASPA 123)"",""Url"":null},{""Title"":""Attachments"",""Text"":""ASPA 123 Revised Management Plan\n                                        . Replaced by M5 (2023)"",""Url"":""https://documents.ats.aq/recatt/att647_e.pdf""},{""Title"":""Relevant Final Report paragraph"",""Text"":""58"",""Url"":null},{""Title"":""Memo"",""Text"":""Management Plan for Antarctic Specially Protected Area No 123 annexed to this Measure revoked by Measure 5 (2023)"",""Url"":null}]",null,,
01/01/1958,01/01/2158,0,0,0,2,6,6,683,87,M2,2,2019,ATCM XLII - CEP XXII,Prague,"Antarctic Specially Protected Area No 128 (Western shore of Admiralty Bay, King George Island, South Shetland Islands): Revised Management Plan",https://www.ats.aq/devAS/Meetings/Measure/683?s=1&iframe=1&from=01/01/1958&to=01/01/2158&cat=0&top=0&type=2&stat=0&txt=&curr=0,"Measure 2 (2019) - ATCM XLII - CEP XXII, Prague",Effective 09/10/2019 (Fast Approval),,,0,,,Fast Approval: Entered into effect on 9 Oct 2019,6,https://documents.ats.aq/recatt/att648_e.pdf,"[{""Title"":""Subject"",""Text"":""Antarctic Specially Protected Area No 128 (Western shore of Admiralty Bay, King George Island, South Shetland Islands): Revised Management Plan"",""Url"":null},{""Title"":""Status"",""Text"":""Effective 09/10/2019 (Fast Approval)"",""Url"":null},{""Title"":""Category"",""Text"":""Area protection and management"",""Url"":null},{""Title"":""Topics"",""Text"":""- Admiralty Bay (ASPA 128)"",""Url"":null},{""Title"":""Attachments"",""Text"":""ASPA 128 Revised Management Plan\n                                        . Replaced by M2 (2024)"",""Url"":""https://documents.ats.aq/recatt/att648_e.pdf""},{""Title"":""Relevant Final Report paragraph"",""Text"":""58"",""Url"":null}]",null,,
01/01/1958,01/01/2158,0,0,0,2,6,7,684,87,M3,3,2019,ATCM XLII - CEP XXII,Prague,"Antarctic Specially Protected Area No 141 (Yukidori Valley, Langhovde, Lützow-Holm Bay): Revised Management Plan",https://www.ats.aq/devAS/Meetings/Measure/684?s=1&iframe=1&from=01/01/1958&to=01/01/2158&cat=0&top=0&type=2&stat=0&txt=&curr=0,"Measure 3 (2019) - ATCM XLII - CEP XXII, Prague",Effective 09/10/2019 (Fast Approval),,,0,,,Fast Approval: Entered into effect on 9 Oct 2019,6,https://documents.ats.aq/recatt/att649_e.pdf,"[{""Title"":""Subject"",""Text"":""Antarctic Specially Protected Area No 141 (Yukidori Valley, Langhovde, Lützow-Holm Bay): Revised Management Plan"",""Url"":null},{""Title"":""Status"",""Text"":""Effective 09/10/2019 (Fast Approval)"",""Url"":null},{""Title"":""Category"",""Text"":""Area protection and management"",""Url"":null},{""Title"":""Topics"",""Text"":""- Yukidori Valley (ASPA 141)"",""Url"":null},{""Title"":""Attachments"",""Text"":""ASPA 141 Revised Management Plan\n                                        . Replaced by M6 (2024)"",""Url"":""https://documents.ats.aq/recatt/att649_e.pdf""},{""Title"":""Relevant Final Report paragraph"",""Text"":""58"",""Url"":null}]",null,,
01/01/1958,01/01/2158,0,0,0,2,6,8,685,87,M4,4,2019,ATCM XLII - CEP XXII,Prague,Antarctic Specially Protected Area No 142 (Svarthamaren): Revised Management Plan,https://www.ats.aq/devAS/Meetings/Measure/685?s=1&iframe=1&from=01/01/1958&to=01/01/2158&cat=0&top=0&type=2&stat=0&txt=&curr=0,"Measure 4 (2019) - ATCM XLII - CEP XXII, Prague",Effective 09/10/2019 (Fast Approval),,,0,,,Fast Approval: Entered into effect on 9 Oct 2019,6,https://documents.ats.aq/recatt/att650_e.pdf,"[{""Title"":""Subject"",""Text"":""Antarctic Specially Protected Area No 142 (Svarthamaren): Revised Management Plan"",""Url"":null},{""Title"":""Status"",""Text"":""Effective 09/10/2019 (Fast Approval)"",""Url"":null},{""Title"":""Category"",""Text"":""Area protection and management"",""Url"":null},{""Title"":""Topics"",""Text"":""- Svarthamaren (ASPA 142)"",""Url"":null},{""Title"":""Attachments"",""Text"":""ASPA 142 Revised Management Plan\n                                        . Replaced by M7 (2024)"",""Url"":""https://documents.ats.aq/recatt/att650_e.pdf""},{""Title"":""Relevant Final Report paragraph"",""Text"":""58"",""Url"":null}]",null,,
01/01/1958,01/01/2158,0,0,0,2,6,9,686,87,M5,5,2019,ATCM XLII - CEP XXII,Prague,"Antarctic Specially Protected Area No 151 (Lions Rump, King George Island, South Shetland Islands): Revised Management Plan",https://www.ats.aq/devAS/Meetings/Measure/686?s=1&iframe=1&from=01/01/1958&to=01/01/2158&cat=0&top=0&type=2&stat=0&txt=&curr=0,"Measure 5 (2019) - ATCM XLII - CEP XXII, Prague",Effective 09/10/2019 (Fast Approval),,,0,,,Fast Approval: Entered into effect on 9 Oct 2019,6,https://documents.ats.aq/recatt/att651_e.pdf,"[{""Title"":""Subject"",""Text"":""Antarctic Specially Protected Area No 151 (Lions Rump, King George Island, South Shetland Islands): Revised Management Plan"",""Url"":null},{""Title"":""Status"",""Text"":""Effective 09/10/2019 (Fast Approval)"",""Url"":null},{""Title"":""Category"",""Text"":""Area protection and management"",""Url"":null},{""Title"":""Topics"",""Text"":""- Lions Rump (ASPA 151)"",""Url"":null},{""Title"":""Attachments"",""Text"":""ASPA 151 Revised Management Plan\n                                        . Replaced by M8 (2024)"",""Url"":""https://documents.ats.aq/recatt/att651_e.pdf""},{""Title"":""Relevant Final Report paragraph"",""Text"":""58"",""Url"":null}]",null,,
01/01/1958,01/01/2158,0,0,0,2,6,10,687,87,M6,6,2019,ATCM XLII - CEP XXII,Prague,"Antarctic Specially Protected Area No 154 (Botany Bay, Cape Geology, Victoria Land): Revised Management Plan",https://www.ats.aq/devAS/Meetings/Measure/687?s=1&iframe=1&from=01/01/1958&to=01/01/2158&cat=0&top=0&type=2&stat=0&txt=&curr=0,"Measure 6 (2019) - ATCM XLII - CEP XXII, Prague",Effective 09/10/2019 (Fast Approval),,,0,,,Fast Approval: Entered into effect on 9 Oct 2019,6,https://documents.ats.aq/recatt/att652_e.pdf,"[{""Title"":""Subject"",""Text"":""Antarctic Specially Protected Area No 154 (Botany Bay, Cape Geology, Victoria Land): Revised Management Plan"",""Url"":null},{""Title"":""Status"",""Text"":""Effective 09/10/2019 (Fast Approval)"",""Url"":null},{""Title"":""Category"",""Text"":""Area protection and management"",""Url"":null},{""Title"":""Topics"",""Text"":""- Botany Bay (ASPA 154)"",""Url"":null},{""Title"":""Attachments"",""Text"":""ASPA 154 Revised Management Plan\n                                        . Replaced by M9 (2024)"",""Url"":""https://documents.ats.aq/recatt/att652_e.pdf""},{""Title"":""Relevant Final Report paragraph"",""Text"":""58"",""Url"":null}]",null,,
01/01/1958,01/01/2158,0,0,0,2,6,11,688,87,M7,7,2019,ATCM XLII - CEP XXII,Prague,"Antarctic Specially Protected Area No 161 (Terra Nova Bay, Ross Sea): Revised Management Plan",https://www.ats.aq/devAS/Meetings/Measure/688?s=1&iframe=1&from=01/01/1958&to=01/01/2158&cat=0&top=0&type=2&stat=0&txt=&curr=0,"Measure 7 (2019) - ATCM XLII - CEP XXII, Prague",Effective 09/10/2019 (Fast Approval),,,0,,,Fast Approval: Entered into effect on 9 Oct 2019,6,https://documents.ats.aq/recatt/att653_e.pdf,"[{""Title"":""Subject"",""Text"":""Antarctic Specially Protected Area No 161 (Terra Nova Bay, Ross Sea): Revised Management Plan"",""Url"":null},{""Title"":""Status"",""Text"":""Effective 09/10/2019 (Fast Approval)"",""Url"":null},{""Title"":""Category"",""Text"":""Area protection and management"",""Url"":null},{""Title"":""Topics"",""Text"":""- Terra Nova Bay (ASPA 161)"",""Url"":null},{""Title"":""Attachments"",""Text"":""ASPA 161 Revised Management Plan\n                                        . Replaced by M11 (2024)"",""Url"":""https://documents.ats.aq/recatt/att653_e.pdf""},{""Title"":""Relevant Final Report paragraph"",""Text"":""58"",""Url"":null}]",null,,
01/01/1958,01/01/2158,0,0,0,2,6,12,689,87,M8,8,2019,ATCM XLII - CEP XXII,Prague,"Antarctic Specially Protected Area No 171 (Narębski Point, Barton Peninsula, King George Island): Revised Management Plan",https://www.ats.aq/devAS/Meetings/Measure/689?s=1&iframe=1&from=01/01/1958&to=01/01/2158&cat=0&top=0&type=2&stat=0&txt=&curr=0,"Measure 8 (2019) - ATCM XLII - CEP XXII, Prague",Effective 09/10/2019 (Fast Approval),,,0,,,Fast Approval: Entered into effect on 9 Oct 2019,6,https://documents.ats.aq/recatt/att654_e.pdf,"[{""Title"":""Subject"",""Text"":""Antarctic Specially Protected Area No 171 (Narębski Point, Barton Peninsula, King George Island): Revised Management Plan"",""Url"":null},{""Title"":""Status"",""Text"":""Effective 09/10/2019 (Fast Approval)"",""Url"":null},{""Title"":""Category"",""Text"":""Area protection and management"",""Url"":null},{""Title"":""Topics"",""Text"":""- Narębski Point (ASPA 171)"",""Url"":null},{""Title"":""Attachments"",""Text"":""ASPA 171  Revised Management Plan\n                                        . Replaced by M12 (2024)"",""Url"":""https://documents.ats.aq/recatt/att654_e.pdf""},{""Title"":""Relevant Final Report paragraph"",""Text"":""58"",""Url"":null}]",null,,
01/01/1958,01/01/2158,0,0,0,2,6,13,690,87,M9,9,2019,ATCM XLII - CEP XXII,Prague,"Antarctic Specially Protected Area No 173 (Cape Washington and Silverfish Bay, Terra Nova Bay, Ross Sea): Revised Management Plan",https://www.ats.aq/devAS/Meetings/Measure/690?s=1&iframe=1&from=01/01/1958&to=01/01/2158&cat=0&top=0&type=2&stat=0&txt=&curr=0,"Measure 9 (2019) - ATCM XLII - CEP XXII, Prague",Effective 09/10/2019 (Fast Approval),,,0,,,Fast Approval: Entered into effect on 9 Oct 2019,6,https://documents.ats.aq/recatt/att655_e.pdf,"[{""Title"":""Subject"",""Text"":""Antarctic Specially Protected Area No 173 (Cape Washington and Silverfish Bay, Terra Nova Bay, Ross Sea): Revised Management Plan"",""Url"":null},{""Title"":""Status"",""Text"":""Effective 09/10/2019 (Fast Approval)"",""Url"":null},{""Title"":""Category"",""Text"":""Area protection and management"",""Url"":null},{""Title"":""Topics"",""Text"":""- Cape Washington and Silverfish Bay, Terra Nova Bay, Ross Sea (ASPA 173)"",""Url"":null},{""Title"":""Attachments"",""Text"":""ASPA 173 Revised Management Plan\n                                        . Replaced by M13 (2024)"",""Url"":""https://documents.ats.aq/recatt/att655_e.pdf""},{""Title"":""Relevant Final Report paragraph"",""Text"":""58"",""Url"":null}]",null,,
01/01/1958,01/01/2158,0,0,0,2,6,14,691,87,M10,10,2019,ATCM XLII - CEP XXII,Prague,Antarctic Specially Managed Area No 4 (Deception Island): Revised Management Plan,https://www.ats.aq/devAS/Meetings/Measure/691?s=1&iframe=1&from=01/01/1958&to=01/01/2158&cat=0&top=0&type=2&stat=0&txt=&curr=0,"Measure 10 (2019) - ATCM XLII - CEP XXII, Prague",Effective 09/10/2019 (Fast Approval),,,0,,,Fast Approval: Entered into effect on 9 Oct 2019,6,https://documents.ats.aq/recatt/att656_e.pdf,"[{""Title"":""Subject"",""Text"":""Antarctic Specially Managed Area No 4 (Deception Island): Revised Management Plan"",""Url"":null},{""Title"":""Status"",""Text"":""Effective 09/10/2019 (Fast Approval)"",""Url"":null},{""Title"":""Category"",""Text"":""Area protection and management"",""Url"":null},{""Title"":""Topics"",""Text"":""- Deception Island (ASMA 4)"",""Url"":null},{""Title"":""Attachments"",""Text"":""ASMA 4 Revised Management Plan"",""Url"":""https://documents.ats.aq/recatt/att656_e.pdf""},{""Title"":""Relevant Final Report paragraph"",""Text"":""58"",""Url"":null}]",null,,
01/01/1958,01/01/2158,0,0,0,2,7,0,692,87,M11,11,2019,ATCM XLII - CEP XXII,Prague,Antarctic Specially Managed Area No 7 (Southwest Anvers Island and Palmer Basin): Revised Management Plan,https://www.ats.aq/devAS/Meetings/Measure/692?s=1&iframe=1&from=01/01/1958&to=01/01/2158&cat=0&top=0&type=2&stat=0&txt=&curr=0,"Measure 11 (2019) - ATCM XLII - CEP XXII, Prague",Effective 09/10/2019 (Fast Approval),,,0,,,Fast Approval: Entered into effect on 9 Oct 2019,7,https://documents.ats.aq/recatt/att658_e.pdf,"[{""Title"":""Subject"",""Text"":""Antarctic Specially Managed Area No 7 (Southwest Anvers Island and Palmer Basin): Revised Management Plan"",""Url"":null},{""Title"":""Status"",""Text"":""Effective 09/10/2019 (Fast Approval)"",""Url"":null},{""Title"":""Category"",""Text"":""Area protection and management"",""Url"":null},{""Title"":""Topics"",""Text"":""- Southwest Anvers island and Palmer Basin (ASMA 7)"",""Url"":null},{""Title"":""Attachments"",""Text"":""ASMA 7 Management Plan\n                                        . Replaced by M1 (2022)"",""Url"":""https://documents.ats.aq/recatt/att658_e.pdf""},{""Title"":""Relevant Final Report paragraph"",""Text"":""58"",""Url"":null},{""Title"":""Memo"",""Text"":""Management Plan for Antarctic Specially Managed Area No 7 annexed to this Measure revoked by Measure 1 (2022)"",""Url"":null}]",null,,
01/01/1958,01/01/2158,0,0,0,2,7,1,693,87,M12,12,2019,ATCM XLII - CEP XXII,Prague,Revised List of Antarctic Historic Sites and Monuments: the Wreck of Sir Ernest Shackleton’s vessel Endurance and C.A. Larsen Multiexpedition cairn,https://www.ats.aq/devAS/Meetings/Measure/693?s=1&iframe=1&from=01/01/1958&to=01/01/2158&cat=0&top=0&type=2&stat=0&txt=&curr=0,"Measure 12 (2019) - ATCM XLII - CEP XXII, Prague",Effective 09/10/2019 (Fast Approval),,,0,,,Fast Approval: Entered into effect on 9 Oct 2019,7,https://documents.ats.aq/recatt/att659_e.pdf,"[{""Title"":""Subject"",""Text"":""Revised List of Antarctic Historic Sites and Monuments: the Wreck of Sir Ernest Shackleton’s vessel Endurance and C.A. Larsen Multiexpedition cairn"",""Url"":null},{""Title"":""Status"",""Text"":""Effective 09/10/2019 (Fast Approval)"",""Url"":null},{""Title"":""Category"",""Text"":""Area protection and management\n                                \nHistoric Sites and Monuments"",""Url"":null},{""Title"":""Topics"",""Text"":""- C.A. Larsen Multiexpedition cairn (HSM 94)\n                                - Endurance, Wreck of the vessel owned and used by Sir Ernest Shackleton during his 1914-15 Trans-Antarctic Expedition (HSM 93)\n                                - HSMs - general"",""Url"":null},{""Title"":""Attachments"",""Text"":""Revised List of Historic Sites and Monuments\n                                        . Replaced by M23 (2021)"",""Url"":""https://documents.ats.aq/recatt/att659_e.pdf""},{""Title"":""Relevant Final Report paragraph"",""Text"":""64"",""Url"":null},{""Title"":""Memo"",""Text"":""List of Historic Sites and Monuments revised and updated by Measure 23 (2021)"",""Url"":null}]",null,,
01/01/1958,01/01/2158,0,0,0,2,7,2,667,85,M1,1,2018,ATCM XLI - CEP XXI,Buenos Aires,"Antarctic Specially Protected Area No 108 (Green Island, Berthelot Islands, Antarctic Peninsula): Revised Management Plan",https://www.ats.aq/devAS/Meetings/Measure/667?s=1&iframe=1&from=01/01/1958&to=01/01/2158&cat=0&top=0&type=2&stat=0&txt=&curr=0,"Measure 1 (2018) - ATCM XLI - CEP XXI, Buenos Aires",Effective 16/08/2018 (Fast Approval),,,0,,,Fast Approval: Entered into effect on 16 Aug 2018,7,https://documents.ats.aq/recatt/att631_e.pdf,"[{""Title"":""Subject"",""Text"":""Antarctic Specially Protected Area No 108 (Green Island, Berthelot Islands, Antarctic Peninsula): Revised Management Plan"",""Url"":null},{""Title"":""Status"",""Text"":""Effective 16/08/2018 (Fast Approval)"",""Url"":null},{""Title"":""Category"",""Text"":""Area protection and management"",""Url"":null},{""Title"":""Topics"",""Text"":""- Green Island (ASPA 108)"",""Url"":null},{""Title"":""Attachments"",""Text"":""ASPA No 108 - Green Island, Berthelot Islands, Antarctic Peninsula\n                                        . Replaced by M2 (2023)"",""Url"":""https://documents.ats.aq/recatt/att631_e.pdf""},{""Title"":""Relevant Final Report paragraph"",""Text"":""103"",""Url"":null},{""Title"":""Memo"",""Text"":""Management Plan for Antarctic Specially Protected Area No 108 annexed to this Measure revoked by Measure 2 (2023)"",""Url"":null}]",null,,
01/01/1958,01/01/2158,0,0,0,2,7,3,668,85,M2,2,2018,ATCM XLI - CEP XXI,Buenos Aires,"Antarctic Specially Protected Area No 117 (Avian Island, Marguerite Bay, Antarctic Peninsula): Revised Management Plan",https://www.ats.aq/devAS/Meetings/Measure/668?s=1&iframe=1&from=01/01/1958&to=01/01/2158&cat=0&top=0&type=2&stat=0&txt=&curr=0,"Measure 2 (2018) - ATCM XLI - CEP XXI, Buenos Aires",Effective 16/08/2018 (Fast Approval),,,0,,,Fast Approval: Entered into effect on 16 Aug 2018,7,https://documents.ats.aq/recatt/att632_e.pdf,"[{""Title"":""Subject"",""Text"":""Antarctic Specially Protected Area No 117 (Avian Island, Marguerite Bay, Antarctic Peninsula): Revised Management Plan"",""Url"":null},{""Title"":""Status"",""Text"":""Effective 16/08/2018 (Fast Approval)"",""Url"":null},{""Title"":""Category"",""Text"":""Area protection and management"",""Url"":null},{""Title"":""Topics"",""Text"":""- Avian Island (ASPA 117)"",""Url"":null},{""Title"":""Attachments"",""Text"":""ASPA No 117 - Avian Island, Marguerite Bay, Antarctic Peninsula\n                                        . Replaced by M3 (2023)"",""Url"":""https://documents.ats.aq/recatt/att632_e.pdf""},{""Title"":""Relevant Final Report paragraph"",""Text"":""103"",""Url"":null},{""Title"":""Memo"",""Text"":""Management Plan for Antarctic Specially Protected Area No 117 annexed to this Measure revoked by Measure 3 (2023)"",""Url"":null}]",null,,
01/01/1958,01/01/2158,0,0,0,2,7,4,669,85,M3,3,2018,ATCM XLI - CEP XXI,Buenos Aires,"Antarctic Specially Protected Area No 132 (Potter Peninsula, King George Island (Isla 25 de Mayo), South Shetland Islands): Revised Management Plan",https://www.ats.aq/devAS/Meetings/Measure/669?s=1&iframe=1&from=01/01/1958&to=01/01/2158&cat=0&top=0&type=2&stat=0&txt=&curr=0,"Measure 3 (2018) - ATCM XLI - CEP XXI, Buenos Aires",Effective 16/08/2018 (Fast Approval),,,0,,,Fast Approval: Entered into effect on 16 Aug 2018,7,https://documents.ats.aq/recatt/att633_e.pdf,"[{""Title"":""Subject"",""Text"":""Antarctic Specially Protected Area No 132 (Potter Peninsula, King George Island (Isla 25 de Mayo), South Shetland Islands): Revised Management Plan"",""Url"":null},{""Title"":""Status"",""Text"":""Effective 16/08/2018 (Fast Approval)"",""Url"":null},{""Title"":""Category"",""Text"":""Area protection and management"",""Url"":null},{""Title"":""Topics"",""Text"":""- Potter Peninsula (ASPA 132)"",""Url"":null},{""Title"":""Attachments"",""Text"":""ASPA No 132 - Potter Peninsula, King George Island (Isla 25 de Mayo), South Shetland Islands\n                                        . Replaced by M6 (2023)"",""Url"":""https://documents.ats.aq/recatt/att633_e.pdf""},{""Title"":""Relevant Final Report paragraph"",""Text"":""103"",""Url"":null},{""Title"":""Memo"",""Text"":""Management Plan for Antarctic Specially Protected Area No 132 annexed to this Measure revoked by Measure 6 (2023)"",""Url"":null}]",null,,
01/01/1958,01/01/2158,0,0,0,2,7,5,670,85,M4,4,2018,ATCM XLI - CEP XXI,Buenos Aires,"Antarctic Specially Protected Area No 147 (Ablation Valley and Ganymede Heights, Alexander Island): Revised Management Plan",https://www.ats.aq/devAS/Meetings/Measure/670?s=1&iframe=1&from=01/01/1958&to=01/01/2158&cat=0&top=0&type=2&stat=0&txt=&curr=0,"Measure 4 (2018) - ATCM XLI - CEP XXI, Buenos Aires",Effective 16/08/2018 (Fast Approval),,,0,,,Fast Approval: Entered into effect on 16 Aug 2018,7,https://documents.ats.aq/recatt/att634_e.pdf,"[{""Title"":""Subject"",""Text"":""Antarctic Specially Protected Area No 147 (Ablation Valley and Ganymede Heights, Alexander Island): Revised Management Plan"",""Url"":null},{""Title"":""Status"",""Text"":""Effective 16/08/2018 (Fast Approval)"",""Url"":null},{""Title"":""Category"",""Text"":""Area protection and management"",""Url"":null},{""Title"":""Topics"",""Text"":""- Ablation Point (ASPA 147)"",""Url"":null},{""Title"":""Attachments"",""Text"":""ASPA No 147 - Ablation Valley and Ganymede Heights, Alexander Island\n                                        . Replaced by M11 (2023)"",""Url"":""https://documents.ats.aq/recatt/att634_e.pdf""},{""Title"":""Relevant Final Report paragraph"",""Text"":""103"",""Url"":null},{""Title"":""Memo"",""Text"":""Management Plan for Antarctic Specially Protected Area No 147 annexed to this Measure revoked by Measure 11 (2023)"",""Url"":null}]",null,,
01/01/1958,01/01/2158,0,0,0,2,7,6,671,85,M5,5,2018,ATCM XLI - CEP XXI,Buenos Aires,"Antarctic Specially Protected Area No 170 (Marion Nunataks, Charcot Island, Antarctic Peninsula): Revised Management Plan",https://www.ats.aq/devAS/Meetings/Measure/671?s=1&iframe=1&from=01/01/1958&to=01/01/2158&cat=0&top=0&type=2&stat=0&txt=&curr=0,"Measure 5 (2018) - ATCM XLI - CEP XXI, Buenos Aires",Effective 16/08/2018 (Fast Approval),,,0,,,Fast Approval: Entered into effect on 16 Aug 2018,7,https://documents.ats.aq/recatt/att635_e.pdf,"[{""Title"":""Subject"",""Text"":""Antarctic Specially Protected Area No 170 (Marion Nunataks, Charcot Island, Antarctic Peninsula): Revised Management Plan"",""Url"":null},{""Title"":""Status"",""Text"":""Effective 16/08/2018 (Fast Approval)"",""Url"":null},{""Title"":""Category"",""Text"":""Area protection and management"",""Url"":null},{""Title"":""Topics"",""Text"":""- Marion Nunataks (ASPA 170)"",""Url"":null},{""Title"":""Attachments"",""Text"":""ASPA No 170 - Marion Nunataks, Charcot Island, Antarctic Peninsula\n                                        . Replaced by M16 (2023)"",""Url"":""https://documents.ats.aq/recatt/att635_e.pdf""},{""Title"":""Relevant Final Report paragraph"",""Text"":""103"",""Url"":null},{""Title"":""Memo"",""Text"":""Management Plan for Antarctic Specially Protected Area No 170 annexed to this Measure revoked by Measure 16 (2023)"",""Url"":null}]",null,,
01/01/1958,01/01/2158,0,0,0,2,7,7,672,85,M6,6,2018,ATCM XLI - CEP XXI,Buenos Aires,"Antarctic Specially Protected Area No 172 (Lower Taylor Glacier and Blood Falls, McMurdo Dry Valleys, Victoria Land): Revised Management Plan",https://www.ats.aq/devAS/Meetings/Measure/672?s=1&iframe=1&from=01/01/1958&to=01/01/2158&cat=0&top=0&type=2&stat=0&txt=&curr=0,"Measure 6 (2018) - ATCM XLI - CEP XXI, Buenos Aires",Effective 16/08/2018 (Fast Approval),,,0,,,Fast Approval: Entered into effect on 16 Aug 2018,7,https://documents.ats.aq/recatt/att636_e.pdf,"[{""Title"":""Subject"",""Text"":""Antarctic Specially Protected Area No 172 (Lower Taylor Glacier and Blood Falls, McMurdo Dry Valleys, Victoria Land): Revised Management Plan"",""Url"":null},{""Title"":""Status"",""Text"":""Effective 16/08/2018 (Fast Approval)"",""Url"":null},{""Title"":""Category"",""Text"":""Area protection and management"",""Url"":null},{""Title"":""Topics"",""Text"":""- Lower Taylor Glacier and Blood Falls (ASPA 172)"",""Url"":null},{""Title"":""Attachments"",""Text"":""ASPA No 172 - Lower Taylor Glacier and Blood Falls, McMurdo Dry Valleys, Victoria Land\n                                        . Replaced by M17 (2023)"",""Url"":""https://documents.ats.aq/recatt/att636_e.pdf""},{""Title"":""Relevant Final Report paragraph"",""Text"":""103"",""Url"":null},{""Title"":""Memo"",""Text"":""Management Plan for Antarctic Specially Protected Area No 172 annexed to this Measure revoked by Measure 17 (2023)"",""Url"":null}]",null,,
01/01/1958,01/01/2158,0,0,0,2,7,8,644,82,M1,1,2017,ATCM XL - CEP XX,Beijing,"Antarctic Specially Protected Area No 109 (Moe Island, South Orkney Islands): Revised Management Plan",https://www.ats.aq/devAS/Meetings/Measure/644?s=1&iframe=1&from=01/01/1958&to=01/01/2158&cat=0&top=0&type=2&stat=0&txt=&curr=0,"Measure 1 (2017) - ATCM XL - CEP XX, Beijing",Effective 30/08/2017 (Fast Approval),,,0,,,Fast Approval: Entered into effect on 30 Aug 2017,7,https://documents.ats.aq/recatt/att610_e.pdf,"[{""Title"":""Subject"",""Text"":""Antarctic Specially Protected Area No 109 (Moe Island, South Orkney Islands): Revised Management Plan"",""Url"":null},{""Title"":""Status"",""Text"":""Effective 30/08/2017 (Fast Approval)"",""Url"":null},{""Title"":""Category"",""Text"":""Area protection and management"",""Url"":null},{""Title"":""Topics"",""Text"":""- Moe Island (ASPA 109)"",""Url"":null},{""Title"":""Attachments"",""Text"":""ASPA No. 109 - Moe Island, South Orkney Islands\n                                        . Replaced by M2 (2022)"",""Url"":""https://documents.ats.aq/recatt/att610_e.pdf""},{""Title"":""Relevant Final Report paragraph"",""Text"":""57"",""Url"":null},{""Title"":""Memo"",""Text"":""Management Plan for Antarctic Specially Protected Area No 109 annexed to this Measure revoked by Measure 2 (2022)"",""Url"":null}]",null,,
01/01/1958,01/01/2158,0,0,0,2,7,9,645,82,M2,2,2017,ATCM XL - CEP XX,Beijing,"Antarctic Specially Protected Area No 110 (Lynch Island, South Orkney Islands): Revised Management Plan",https://www.ats.aq/devAS/Meetings/Measure/645?s=1&iframe=1&from=01/01/1958&to=01/01/2158&cat=0&top=0&type=2&stat=0&txt=&curr=0,"Measure 2 (2017) - ATCM XL - CEP XX, Beijing",Effective 30/08/2017 (Fast Approval),,,0,,,Fast Approval: Entered into effect on 30 Aug 2017,7,https://documents.ats.aq/recatt/att611_e.pdf,"[{""Title"":""Subject"",""Text"":""Antarctic Specially Protected Area No 110 (Lynch Island, South Orkney Islands): Revised Management Plan"",""Url"":null},{""Title"":""Status"",""Text"":""Effective 30/08/2017 (Fast Approval)"",""Url"":null},{""Title"":""Category"",""Text"":""Area protection and management"",""Url"":null},{""Title"":""Topics"",""Text"":""- Lynch Island (ASPA 110)"",""Url"":null},{""Title"":""Attachments"",""Text"":""ASPA No. 110: Lynch Island, South Orkney Islands\n                                        . Replaced by M3 (2022)"",""Url"":""https://documents.ats.aq/recatt/att611_e.pdf""},{""Title"":""Relevant Final Report paragraph"",""Text"":""57"",""Url"":null},{""Title"":""Memo"",""Text"":""Management Plan for Antarctic Specially Protected Area No 110 annexed to this Measure revoked by Measure 3 (2022)"",""Url"":null}]",null,,
01/01/1958,01/01/2158,0,0,0,2,7,10,646,82,M3,3,2017,ATCM XL - CEP XX,Beijing,"Antarctic Specially Protected Area No 111 (Southern Powell Island and adjacent islands, South Orkney Islands): Revised Management Plan",https://www.ats.aq/devAS/Meetings/Measure/646?s=1&iframe=1&from=01/01/1958&to=01/01/2158&cat=0&top=0&type=2&stat=0&txt=&curr=0,"Measure 3 (2017) - ATCM XL - CEP XX, Beijing",Effective 30/08/2017 (Fast Approval),,,0,,,Fast Approval: Entered into effect on 30 Aug 2017,7,https://documents.ats.aq/recatt/att612_e.pdf,"[{""Title"":""Subject"",""Text"":""Antarctic Specially Protected Area No 111 (Southern Powell Island and adjacent islands, South Orkney Islands): Revised Management Plan"",""Url"":null},{""Title"":""Status"",""Text"":""Effective 30/08/2017 (Fast Approval)"",""Url"":null},{""Title"":""Category"",""Text"":""Area protection and management"",""Url"":null},{""Title"":""Topics"",""Text"":""- Powell Island (ASPA 111)"",""Url"":null},{""Title"":""Attachments"",""Text"":""ASPA No. 111: Southern Powell Island and adjacent islands, South Orkney Islands\n                                        . Replaced by M4 (2022)"",""Url"":""https://documents.ats.aq/recatt/att612_e.pdf""},{""Title"":""Relevant Final Report paragraph"",""Text"":""57"",""Url"":null},{""Title"":""Memo"",""Text"":""Management Plan for Antarctic Specially Protected Area No 111 annexed to this Measure revoked by Measure 4 (2022)"",""Url"":null}]",null,,
01/01/1958,01/01/2158,0,0,0,2,7,11,647,82,M4,4,2017,ATCM XL - CEP XX,Beijing,"Antarctic Specially Protected Area No 115 (Lagotellerie Island, Marguerite Bay, Graham Land): Revised Management Plan",https://www.ats.aq/devAS/Meetings/Measure/647?s=1&iframe=1&from=01/01/1958&to=01/01/2158&cat=0&top=0&type=2&stat=0&txt=&curr=0,"Measure 4 (2017) - ATCM XL - CEP XX, Beijing",Effective 30/08/2017 (Fast Approval),,,0,,,Fast Approval: Entered into effect on 30 Aug 2017,7,https://documents.ats.aq/recatt/att613_e.pdf,"[{""Title"":""Subject"",""Text"":""Antarctic Specially Protected Area No 115 (Lagotellerie Island, Marguerite Bay, Graham Land): Revised Management Plan"",""Url"":null},{""Title"":""Status"",""Text"":""Effective 30/08/2017 (Fast Approval)"",""Url"":null},{""Title"":""Category"",""Text"":""Area protection and management"",""Url"":null},{""Title"":""Topics"",""Text"":""- Lagotellerie Island (ASPA 115)"",""Url"":null},{""Title"":""Attachments"",""Text"":""ASPA No. 115: Lagotellerie Island, Marguerite Bay, Graham Land\n                                        . Replaced by M6 (2022)"",""Url"":""https://documents.ats.aq/recatt/att613_e.pdf""},{""Title"":""Relevant Final Report paragraph"",""Text"":""57"",""Url"":null},{""Title"":""Memo"",""Text"":""Management Plan for Antarctic Specially Protected Area No 115 annexed to this Measure revoked by Measure 6 (2022)"",""Url"":null}]",null,,
01/01/1958,01/01/2158,0,0,0,2,7,12,648,82,M5,5,2017,ATCM XL - CEP XX,Beijing,"Antarctic Specially Protected Area No 129 (Rothera Point, Adelaide Island): Revised Management Plan",https://www.ats.aq/devAS/Meetings/Measure/648?s=1&iframe=1&from=01/01/1958&to=01/01/2158&cat=0&top=0&type=2&stat=0&txt=&curr=0,"Measure 5 (2017) - ATCM XL - CEP XX, Beijing",Effective 30/08/2017 (Fast Approval),,,0,,,Fast Approval: Entered into effect on 30 Aug 2017,7,https://documents.ats.aq/recatt/att614_e.pdf,"[{""Title"":""Subject"",""Text"":""Antarctic Specially Protected Area No 129 (Rothera Point, Adelaide Island): Revised Management Plan"",""Url"":null},{""Title"":""Status"",""Text"":""Effective 30/08/2017 (Fast Approval)"",""Url"":null},{""Title"":""Category"",""Text"":""Area protection and management"",""Url"":null},{""Title"":""Topics"",""Text"":""- Rothera Point (ASPA 129)"",""Url"":null},{""Title"":""Attachments"",""Text"":""ASPA No. 129: Rothera Point, Adelaide Island\n                                        . Replaced by M12 (2022)"",""Url"":""https://documents.ats.aq/recatt/att614_e.pdf""},{""Title"":""Relevant Final Report paragraph"",""Text"":""57"",""Url"":null},{""Title"":""Memo"",""Text"":""Management Plan for Antarctic Specially Protected Area No 129 annexed to this Measure revoked by Measure 12 (2022)"",""Url"":null}]",null,,
01/01/1958,01/01/2158,0,0,0,2,7,13,649,82,M6,6,2017,ATCM XL - CEP XX,Beijing,"Antarctic Specially Protected Area No 140 (Parts of Deception Island, South Shetland Islands): Revised Management Plan",https://www.ats.aq/devAS/Meetings/Measure/649?s=1&iframe=1&from=01/01/1958&to=01/01/2158&cat=0&top=0&type=2&stat=0&txt=&curr=0,"Measure 6 (2017) - ATCM XL - CEP XX, Beijing",Effective 30/08/2017 (Fast Approval),,,0,,,Fast Approval: Entered into effect on 30 Aug 2017,7,https://documents.ats.aq/recatt/att615_e.pdf,"[{""Title"":""Subject"",""Text"":""Antarctic Specially Protected Area No 140 (Parts of Deception Island, South Shetland Islands): Revised Management Plan"",""Url"":null},{""Title"":""Status"",""Text"":""Effective 30/08/2017 (Fast Approval)"",""Url"":null},{""Title"":""Category"",""Text"":""Area protection and management"",""Url"":null},{""Title"":""Topics"",""Text"":""- Deception Island (ASPA 140)"",""Url"":null},{""Title"":""Attachments"",""Text"":""ASPA No. 140: Parts of Deception Island, South Shetland Islands\n                                        . Replaced by M15 (2022)"",""Url"":""https://documents.ats.aq/recatt/att615_e.pdf""},{""Title"":""Relevant Final Report paragraph"",""Text"":""57"",""Url"":null},{""Title"":""Memo"",""Text"":""Management Plan for Antarctic Specially Protected Area No 140 annexed to this Measure revoked by Measure 15 (2022)"",""Url"":null}]",null,,
01/01/1958,01/01/2158,0,0,0,2,7,14,650,82,M7,7,2017,ATCM XL - CEP XX,Beijing,"Antarctic Specially Protected Area No 165 (Edmonson Point, Wood Bay, Ross Sea): Revised Management Plan",https://www.ats.aq/devAS/Meetings/Measure/650?s=1&iframe=1&from=01/01/1958&to=01/01/2158&cat=0&top=0&type=2&stat=0&txt=&curr=0,"Measure 7 (2017) - ATCM XL - CEP XX, Beijing",Effective 30/08/2017 (Fast Approval),,,0,,,Fast Approval: Entered into effect on 30 Aug 2017,7,https://documents.ats.aq/recatt/att616_e.pdf,"[{""Title"":""Subject"",""Text"":""Antarctic Specially Protected Area No 165 (Edmonson Point, Wood Bay, Ross Sea): Revised Management Plan"",""Url"":null},{""Title"":""Status"",""Text"":""Effective 30/08/2017 (Fast Approval)"",""Url"":null},{""Title"":""Category"",""Text"":""Area protection and management"",""Url"":null},{""Title"":""Topics"",""Text"":""- Edmonson Point (ASPA 165)"",""Url"":null},{""Title"":""Attachments"",""Text"":""ASPA No. 165: Edmonson Point, Wood Bay, Ross Sea\n                                        . Replaced by M14 (2023)"",""Url"":""https://documents.ats.aq/recatt/att616_e.pdf""},{""Title"":""Relevant Final Report paragraph"",""Text"":""57"",""Url"":null},{""Title"":""Memo"",""Text"":""Management Plan for Antarctic Specially Protected Area No 165 annexed to this Measure revoked by Measure 14 (2023)"",""Url"":null}]",null,,
01/01/1958,01/01/2158,0,0,0,2,8,0,651,82,M8,8,2017,ATCM XL - CEP XX,Beijing,"Antarctic Specially Managed Area No 5 (Amundsen-Scott South Pole Station, South Pole): Revised Management Plan",https://www.ats.aq/devAS/Meetings/Measure/651?s=1&iframe=1&from=01/01/1958&to=01/01/2158&cat=0&top=0&type=2&stat=0&txt=&curr=0,"Measure 8 (2017) - ATCM XL - CEP XX, Beijing",Effective 30/08/2017 (Fast Approval),,,0,,,Fast Approval: Entered into effect on 30 Aug 2017,6,https://documents.ats.aq/recatt/att617_e.pdf,"[{""Title"":""Subject"",""Text"":""Antarctic Specially Managed Area No 5 (Amundsen-Scott South Pole Station, South Pole): Revised Management Plan"",""Url"":null},{""Title"":""Status"",""Text"":""Effective 30/08/2017 (Fast Approval)"",""Url"":null},{""Title"":""Category"",""Text"":""Area protection and management"",""Url"":null},{""Title"":""Topics"",""Text"":""- Amundsen Scott South Pole Station (ASMA 5)"",""Url"":null},{""Title"":""Attachments"",""Text"":""ASMA No. 5:Amundsen-Scott South Pole Station, South Pole"",""Url"":""https://documents.ats.aq/recatt/att617_e.pdf""},{""Title"":""Relevant Final Report paragraph"",""Text"":""57"",""Url"":null}]",null,,
01/01/1958,01/01/2158,0,0,0,2,8,1,622,81,M1,1,2016,ATCM XXXIX - CEP XIX,Santiago,"Antarctic Specially Protected Area No 116 (New College Valley, Caughley Beach, Cape Bird, Ross Island): Revised Management Plan",https://www.ats.aq/devAS/Meetings/Measure/622?s=1&iframe=1&from=01/01/1958&to=01/01/2158&cat=0&top=0&type=2&stat=0&txt=&curr=0,"Measure 1 (2016) - ATCM XXXIX - CEP XIX, Santiago",Effective 30/08/2016 (Fast Approval),,,0,,,Fast Approval: Entered into effect on 30 Aug 2016,6,https://documents.ats.aq/recatt/att588_e.pdf,"[{""Title"":""Subject"",""Text"":""Antarctic Specially Protected Area No 116 (New College Valley, Caughley Beach, Cape Bird, Ross Island): Revised Management Plan"",""Url"":null},{""Title"":""Status"",""Text"":""Effective 30/08/2016 (Fast Approval)"",""Url"":null},{""Title"":""Category"",""Text"":""Area protection and management"",""Url"":null},{""Title"":""Topics"",""Text"":""- New College Valley (ASPA 116)"",""Url"":null},{""Title"":""Attachments"",""Text"":""ASPA No 116 - New College Valley, Caughley Beach, Cape Bird, Ross Island\n                                        . Replaced by M1 (2024)"",""Url"":""https://documents.ats.aq/recatt/att588_e.pdf""},{""Title"":""Relevant Final Report paragraph"",""Text"":""67"",""Url"":null}]",null,,
01/01/1958,01/01/2158,0,0,0,2,8,2,621,81,M2,2,2016,ATCM XXXIX - CEP XIX,Santiago,"Antarctic Specially Protected Area No 120 (Pointe-Géologie Archipelago, Terre Adélie): Revised Management Plan",https://www.ats.aq/devAS/Meetings/Measure/621?s=1&iframe=1&from=01/01/1958&to=01/01/2158&cat=0&top=0&type=2&stat=0&txt=&curr=0,"Measure 2 (2016) - ATCM XXXIX - CEP XIX, Santiago",Effective 30/08/2016 (Fast Approval),,,0,,,Fast Approval: Entered into effect on 30 Aug 2016,7,https://documents.ats.aq/recatt/att589_e.pdf,"[{""Title"":""Subject"",""Text"":""Antarctic Specially Protected Area No 120 (Pointe-Géologie Archipelago, Terre Adélie): Revised Management Plan"",""Url"":null},{""Title"":""Status"",""Text"":""Effective 30/08/2016 (Fast Approval)"",""Url"":null},{""Title"":""Category"",""Text"":""Area protection and management"",""Url"":null},{""Title"":""Topics"",""Text"":""- Pointe-Geologie (ASPA 120)"",""Url"":null},{""Title"":""Attachments"",""Text"":""ASPA No 120 - Pointe-Géologie Archipelago, Terre Adélie\n                                        . Replaced by M8 (2021)"",""Url"":""https://documents.ats.aq/recatt/att589_e.pdf""},{""Title"":""Relevant Final Report paragraph"",""Text"":""67"",""Url"":null},{""Title"":""Memo"",""Text"":""Management Plan for Antarctic Specially Protected Area No 120 annexed to this Measure revoked by Measure 8 (2021)."",""Url"":null}]",null,,
01/01/1958,01/01/2158,0,0,0,2,8,3,623,81,M3,3,2016,ATCM XXXIX - CEP XIX,Santiago,"Antarctic Specially Protected Area No 122 (Arrival Heights, Hut Point Peninsula, Ross Island): Revised Management Plan",https://www.ats.aq/devAS/Meetings/Measure/623?s=1&iframe=1&from=01/01/1958&to=01/01/2158&cat=0&top=0&type=2&stat=0&txt=&curr=0,"Measure 3 (2016) - ATCM XXXIX - CEP XIX, Santiago",Effective 30/08/2016 (Fast Approval),,,0,,,Fast Approval: Entered into effect on 30 Aug 2016,7,https://documents.ats.aq/recatt/att590_e.pdf,"[{""Title"":""Subject"",""Text"":""Antarctic Specially Protected Area No 122 (Arrival Heights, Hut Point Peninsula, Ross Island): Revised Management Plan"",""Url"":null},{""Title"":""Status"",""Text"":""Effective 30/08/2016 (Fast Approval)"",""Url"":null},{""Title"":""Category"",""Text"":""Area protection and management"",""Url"":null},{""Title"":""Topics"",""Text"":""- Arrival Heights (ASPA 122)"",""Url"":null},{""Title"":""Attachments"",""Text"":""ASPA No 122 - Arrival Heights, Hut Point Peninsula, Ross Island\n                                        . Replaced by M8 (2022)"",""Url"":""https://documents.ats.aq/recatt/att590_e.pdf""},{""Title"":""Relevant Final Report paragraph"",""Text"":""67"",""Url"":null},{""Title"":""Memo"",""Text"":""Management Plan for Antarctic Specially Protected Area No 122 annexed to this Measure revoked by Measure 8 (2022)"",""Url"":null}]",null,,
01/01/1958,01/01/2158,0,0,0,2,8,4,624,81,M4,4,2016,ATCM XXXIX - CEP XIX,Santiago,"Antarctic Specially Protected Area No 126 (Byers Peninsula, Livingston Island, South Shetland Islands): Revised Management Plan",https://www.ats.aq/devAS/Meetings/Measure/624?s=1&iframe=1&from=01/01/1958&to=01/01/2158&cat=0&top=0&type=2&stat=0&txt=&curr=0,"Measure 4 (2016) - ATCM XXXIX - CEP XIX, Santiago",Effective 30/08/2016 (Fast Approval),,,0,,,Fast Approval: Entered into effect on 30 Aug 2016,7,https://documents.ats.aq/recatt/att591_e.pdf,"[{""Title"":""Subject"",""Text"":""Antarctic Specially Protected Area No 126 (Byers Peninsula, Livingston Island, South Shetland Islands): Revised Management Plan"",""Url"":null},{""Title"":""Status"",""Text"":""Effective 30/08/2016 (Fast Approval)"",""Url"":null},{""Title"":""Category"",""Text"":""Area protection and management"",""Url"":null},{""Title"":""Topics"",""Text"":""- Byers Peninsula (ASPA 126)"",""Url"":null},{""Title"":""Attachments"",""Text"":""ASPA No 126 - Byers Peninsula, Livingston Island, South Shetland Islands\n                                        . Replaced by M4 (2022)"",""Url"":""https://documents.ats.aq/recatt/att591_e.pdf""},{""Title"":""Relevant Final Report paragraph"",""Text"":""67"",""Url"":null},{""Title"":""Memo"",""Text"":""Management Plan for Antarctic Specially Protected Area No 126 annexed to this Measure revoked by Measure 10 (2022)"",""Url"":null}]",null,,
01/01/1958,01/01/2158,0,0,0,2,8,5,625,81,M5,5,2016,ATCM XXXIX - CEP XIX,Santiago,Antarctic Specially Protected Area No 127 (Haswell Island): Revised Management Plan,https://www.ats.aq/devAS/Meetings/Measure/625?s=1&iframe=1&from=01/01/1958&to=01/01/2158&cat=0&top=0&type=2&stat=0&txt=&curr=0,"Measure 5 (2016) - ATCM XXXIX - CEP XIX, Santiago",Effective 30/08/2016 (Fast Approval),,,0,,,Fast Approval: Entered into effect on 30 Aug 2016,7,https://documents.ats.aq/recatt/att592_e.pdf,"[{""Title"":""Subject"",""Text"":""Antarctic Specially Protected Area No 127 (Haswell Island): Revised Management Plan"",""Url"":null},{""Title"":""Status"",""Text"":""Effective 30/08/2016 (Fast Approval)"",""Url"":null},{""Title"":""Category"",""Text"":""Area protection and management"",""Url"":null},{""Title"":""Topics"",""Text"":""- Haswell Island (ASPA 127)"",""Url"":null},{""Title"":""Attachments"",""Text"":""ASPA No 127 - Haswell Island\n                                        . Replaced by M11 (2022)"",""Url"":""https://documents.ats.aq/recatt/att592_e.pdf""},{""Title"":""Relevant Final Report paragraph"",""Text"":""67"",""Url"":null},{""Title"":""Memo"",""Text"":""Management Plan for Antarctic Specially Protected Area No 127 annexed to this Measure revoked by Measure 11 (2022)"",""Url"":null}]",null,,
01/01/1958,01/01/2158,0,0,0,2,8,6,626,81,M6,6,2016,ATCM XXXIX - CEP XIX,Santiago,"Antarctic Specially Protected Area No 131 (Canada Glacier, Lake Fryxell, Taylor Valley, Victoria Land): Revised Management Plan",https://www.ats.aq/devAS/Meetings/Measure/626?s=1&iframe=1&from=01/01/1958&to=01/01/2158&cat=0&top=0&type=2&stat=0&txt=&curr=0,"Measure 6 (2016) - ATCM XXXIX - CEP XIX, Santiago",Effective 30/08/2016 (Fast Approval),,,0,,,Fast Approval: Entered into effect on 30 Aug 2016,7,https://documents.ats.aq/recatt/att593_e.pdf,"[{""Title"":""Subject"",""Text"":""Antarctic Specially Protected Area No 131 (Canada Glacier, Lake Fryxell, Taylor Valley, Victoria Land): Revised Management Plan"",""Url"":null},{""Title"":""Status"",""Text"":""Effective 30/08/2016 (Fast Approval)"",""Url"":null},{""Title"":""Category"",""Text"":""Area protection and management"",""Url"":null},{""Title"":""Topics"",""Text"":""- Canada Glacier (ASPA 131)"",""Url"":null},{""Title"":""Attachments"",""Text"":""ASPA No 131 - Canada Glacier, Lake Fryxell, Taylor Valley, Victoria Land\n                                        . Replaced by M10 (2021)"",""Url"":""https://documents.ats.aq/recatt/att593_e.pdf""},{""Title"":""Relevant Final Report paragraph"",""Text"":""67"",""Url"":null},{""Title"":""Memo"",""Text"":""Management Plan for Antarctic Specially Protected Area No 131 annexed to this Measure revoked by Measure 10 (2021)."",""Url"":null}]",null,,
01/01/1958,01/01/2158,0,0,0,2,8,7,627,81,M7,7,2016,ATCM XXXIX - CEP XIX,Santiago,"Antarctic Specially Protected Area No 149 (Cape Shirreff and San Telmo Island, Livingston Island, South Shetland Islands): Revised Management Plan",https://www.ats.aq/devAS/Meetings/Measure/627?s=1&iframe=1&from=01/01/1958&to=01/01/2158&cat=0&top=0&type=2&stat=0&txt=&curr=0,"Measure 7 (2016) - ATCM XXXIX - CEP XIX, Santiago",Effective 30/08/2016 (Fast Approval),,,0,,,Fast Approval: Entered into effect on 30 Aug 2016,7,https://documents.ats.aq/recatt/att594_e.pdf,"[{""Title"":""Subject"",""Text"":""Antarctic Specially Protected Area No 149 (Cape Shirreff and San Telmo Island, Livingston Island, South Shetland Islands): Revised Management Plan"",""Url"":null},{""Title"":""Status"",""Text"":""Effective 30/08/2016 (Fast Approval)"",""Url"":null},{""Title"":""Category"",""Text"":""Area protection and management"",""Url"":null},{""Title"":""Topics"",""Text"":""- Cape Shirreff (ASPA 149)"",""Url"":null},{""Title"":""Attachments"",""Text"":""ASPA No 149 - Cape Shirreff and San Telmo Island, Livingston Island, South Shetland Islands\n                                        . Replaced by M16 (2022)"",""Url"":""https://documents.ats.aq/recatt/att594_e.pdf""},{""Title"":""Relevant Final Report paragraph"",""Text"":""67"",""Url"":null},{""Title"":""Memo"",""Text"":""Management Plan for Antarctic Specially Protected Area No 149 annexed to this Measure revoked by Measure 16 (2022)"",""Url"":null}]",null,,
01/01/1958,01/01/2158,0,0,0,2,8,8,628,81,M8,8,2016,ATCM XXXIX - CEP XIX,Santiago,"Antarctic Specially Protected Area No 167 (Hawker Island, Princess Elizabeth Land): Revised Management Plan",https://www.ats.aq/devAS/Meetings/Measure/628?s=1&iframe=1&from=01/01/1958&to=01/01/2158&cat=0&top=0&type=2&stat=0&txt=&curr=0,"Measure 8 (2016) - ATCM XXXIX - CEP XIX, Santiago",Effective 30/08/2016 (Fast Approval),,,0,,,Fast Approval: Entered into effect on 30 Aug 2016,7,https://documents.ats.aq/recatt/att595_e.pdf,"[{""Title"":""Subject"",""Text"":""Antarctic Specially Protected Area No 167 (Hawker Island, Princess Elizabeth Land): Revised Management Plan"",""Url"":null},{""Title"":""Status"",""Text"":""Effective 30/08/2016 (Fast Approval)"",""Url"":null},{""Title"":""Category"",""Text"":""Area protection and management"",""Url"":null},{""Title"":""Topics"",""Text"":""- Hawker Island (ASPA 167)"",""Url"":null},{""Title"":""Attachments"",""Text"":""ASPA No 167 - Hawker Island, Princess Elizabeth Land\n                                        . Replaced by M18 (2021)"",""Url"":""https://documents.ats.aq/recatt/att595_e.pdf""},{""Title"":""Relevant Final Report paragraph"",""Text"":""67"",""Url"":null},{""Title"":""Memo"",""Text"":""Management Plan for Antarctic Specially Protected Area No 167 annexed to this Measure revoked by Measure 18 (2021)."",""Url"":null}]",null,,
01/01/1958,01/01/2158,0,0,0,2,8,9,629,81,M9,9,2016,ATCM XXXIX - CEP XIX,Santiago,"Revised List of Antarctic Historic Sites and Monuments: Incorporation of a historic wooden pole to Historic Site and Monument No 60 (Corvette Uruguay Cairn), in Seymour Island (Marambio), Antarctic Peninsula",https://www.ats.aq/devAS/Meetings/Measure/629?s=1&iframe=1&from=01/01/1958&to=01/01/2158&cat=0&top=0&type=2&stat=0&txt=&curr=0,"Measure 9 (2016) - ATCM XXXIX - CEP XIX, Santiago",Effective 30/08/2016 (Fast Approval),,,0,,,Fast Approval: Entered into effect on 30 Aug 2016,7,https://documents.ats.aq/recatt/att596_e.pdf,"[{""Title"":""Subject"",""Text"":""Revised List of Antarctic Historic Sites and Monuments: Incorporation of a historic wooden pole to Historic Site and Monument No 60 (Corvette Uruguay Cairn), in Seymour Island (Marambio), Antarctic Peninsula"",""Url"":null},{""Title"":""Status"",""Text"":""Effective 30/08/2016 (Fast Approval)"",""Url"":null},{""Title"":""Category"",""Text"":""Area protection and management"",""Url"":null},{""Title"":""Topics"",""Text"":""- Corvette Uruguay Cairn (HSM 60)\n                                - HSMs - general"",""Url"":null},{""Title"":""Attachments"",""Text"":""Annex: Revised List of Historic Sites and Monuments\n                                        . Replaced by M12 (2019)"",""Url"":""https://documents.ats.aq/recatt/att596_e.pdf""},{""Title"":""Relevant Final Report paragraph"",""Text"":""70"",""Url"":null},{""Title"":""Memo"",""Text"":""List of Historic Sites and Monuments annexed to this Measure revised and updated by Measure 12 (2019)"",""Url"":null}]",null,,
01/01/1958,01/01/2158,0,0,0,2,8,10,587,80,M1,1,2015,ATCM XXXVIII - CEP XVIII,Sofia,"Antarctic Specially Protected Area No 101 (Taylor Rookery, Mac.Robertson Land): Revised Management Plan",https://www.ats.aq/devAS/Meetings/Measure/587?s=1&iframe=1&from=01/01/1958&to=01/01/2158&cat=0&top=0&type=2&stat=0&txt=&curr=0,"Measure 1 (2015) - ATCM XXXVIII - CEP XVIII, Sofia",Effective 31/10/2015 (Fast Approval),,,0,,,Fast Approval: Entered into effect on 31 Oct 2015,7,https://documents.ats.aq/recatt/att562_e.pdf,"[{""Title"":""Subject"",""Text"":""Antarctic Specially Protected Area No 101 (Taylor Rookery, Mac.Robertson Land): Revised Management Plan"",""Url"":null},{""Title"":""Status"",""Text"":""Effective 31/10/2015 (Fast Approval)"",""Url"":null},{""Title"":""Category"",""Text"":""Area protection and management"",""Url"":null},{""Title"":""Topics"",""Text"":""- Taylor Rookery (ASPA 101)"",""Url"":null},{""Title"":""Attachments"",""Text"":""ASPA No 101 - Taylor Rookery, Mac.Robertson Land\n                                        . Replaced by M2 (2021)"",""Url"":""https://documents.ats.aq/recatt/att562_e.pdf""},{""Title"":""Relevant Final Report paragraph"",""Text"":""144"",""Url"":null},{""Title"":""Memo"",""Text"":""Management Plan for Antarctic Specially Protected Area 101 annexed to this Measure revoked by Measure 2 (2021)"",""Url"":null}]",null,,
01/01/1958,01/01/2158,0,0,0,2,8,11,588,80,M2,2,2015,ATCM XXXVIII - CEP XVIII,Sofia,"Antarctic Specially Protected Area No 102 (Rookery Islands, Holme Bay, Mac.Robertson Land): Revised Management Plan",https://www.ats.aq/devAS/Meetings/Measure/588?s=1&iframe=1&from=01/01/1958&to=01/01/2158&cat=0&top=0&type=2&stat=0&txt=&curr=0,"Measure 2 (2015) - ATCM XXXVIII - CEP XVIII, Sofia",Effective 31/10/2015 (Fast Approval),,,0,,,Fast Approval: Entered into effect on 31 Oct 2015,7,https://documents.ats.aq/recatt/att563_e.pdf,"[{""Title"":""Subject"",""Text"":""Antarctic Specially Protected Area No 102 (Rookery Islands, Holme Bay, Mac.Robertson Land): Revised Management Plan"",""Url"":null},{""Title"":""Status"",""Text"":""Effective 31/10/2015 (Fast Approval)"",""Url"":null},{""Title"":""Category"",""Text"":""Area protection and management"",""Url"":null},{""Title"":""Topics"",""Text"":""- Rookery Islands (ASPA 102)"",""Url"":null},{""Title"":""Attachments"",""Text"":""ASPA No 102 - Rookery Islands, Holme Bay, Mac.Robertson Land\n                                        . Replaced by M3 (2021)"",""Url"":""https://documents.ats.aq/recatt/att563_e.pdf""},{""Title"":""Relevant Final Report paragraph"",""Text"":""144"",""Url"":null},{""Title"":""Memo"",""Text"":""Management Plan for Antarctic Specially Protected Area No 102 annexed to this Measure revoked by Measure 3 (2021)"",""Url"":null}]",null,,
01/01/1958,01/01/2158,0,0,0,2,8,12,589,80,M3,3,2015,ATCM XXXVIII - CEP XVIII,Sofia,"Antarctic Specially Protected Area No 103 (Ardery Island and Odbert Island, Budd Coast, Wilkes Land, East Antarctica): Revised Management Plan",https://www.ats.aq/devAS/Meetings/Measure/589?s=1&iframe=1&from=01/01/1958&to=01/01/2158&cat=0&top=0&type=2&stat=0&txt=&curr=0,"Measure 3 (2015) - ATCM XXXVIII - CEP XVIII, Sofia",Effective 31/10/2015 (Fast Approval),,,0,,,Fast Approval: Entered into effect on 31 Oct 2015,7,https://documents.ats.aq/recatt/att564_e.pdf,"[{""Title"":""Subject"",""Text"":""Antarctic Specially Protected Area No 103 (Ardery Island and Odbert Island, Budd Coast, Wilkes Land, East Antarctica): Revised Management Plan"",""Url"":null},{""Title"":""Status"",""Text"":""Effective 31/10/2015 (Fast Approval)"",""Url"":null},{""Title"":""Category"",""Text"":""Area protection and management"",""Url"":null},{""Title"":""Topics"",""Text"":""- Ardery and Odbert Islands (ASPA 103)"",""Url"":null},{""Title"":""Attachments"",""Text"":""ASPA No 103 - Ardery Island and Odbert island\n                                        . Replaced by M4 (2021)"",""Url"":""https://documents.ats.aq/recatt/att564_e.pdf""},{""Title"":""Relevant Final Report paragraph"",""Text"":""144"",""Url"":null},{""Title"":""Memo"",""Text"":""Management Plan for Antarctic Specially Protected Area No 103 annexed to this Measure revoked by Measure 4 (2021)."",""Url"":null}]",null,,
01/01/1958,01/01/2158,0,0,0,2,8,13,590,80,M4,4,2015,ATCM XXXVIII - CEP XVIII,Sofia,"Antarctic Specially Protected Area No 104 (Sabrina Island, Balleny Islands): Revised Management Plan",https://www.ats.aq/devAS/Meetings/Measure/590?s=1&iframe=1&from=01/01/1958&to=01/01/2158&cat=0&top=0&type=2&stat=0&txt=&curr=0,"Measure 4 (2015) - ATCM XXXVIII - CEP XVIII, Sofia",Effective 31/10/2015 (Fast Approval),,,0,,,Fast Approval: Entered into effect on 31 Oct 2015,7,https://documents.ats.aq/recatt/att565_e.pdf,"[{""Title"":""Subject"",""Text"":""Antarctic Specially Protected Area No 104 (Sabrina Island, Balleny Islands): Revised Management Plan"",""Url"":null},{""Title"":""Status"",""Text"":""Effective 31/10/2015 (Fast Approval)"",""Url"":null},{""Title"":""Category"",""Text"":""Area protection and management"",""Url"":null},{""Title"":""Topics"",""Text"":""- Sabrina Island (ASPA 104)"",""Url"":null},{""Title"":""Attachments"",""Text"":""ASPA No. 104 - Sabrina Island, Balleny Islands\n                                        . Replaced by M5 (2021)"",""Url"":""https://documents.ats.aq/recatt/att565_e.pdf""},{""Title"":""Relevant Final Report paragraph"",""Text"":""144"",""Url"":null},{""Title"":""Memo"",""Text"":""Management Plan for Antarctic Specially Protected Area No 104 annexed to this Measure revoked by Measure 5 (2021)."",""Url"":null}]",null,,
01/01/1958,01/01/2158,0,0,0,2,8,14,591,80,M5,5,2015,ATCM XXXVIII - CEP XVIII,Sofia,"Antarctic Specially Protected Area No 105 (Beaufort Island, McMurdo Sound, Ross Sea): Revised Management Plan",https://www.ats.aq/devAS/Meetings/Measure/591?s=1&iframe=1&from=01/01/1958&to=01/01/2158&cat=0&top=0&type=2&stat=0&txt=&curr=0,"Measure 5 (2015) - ATCM XXXVIII - CEP XVIII, Sofia",Effective 31/10/2015 (Fast Approval),,,0,,,Fast Approval: Entered into effect on 31 Oct 2015,7,https://documents.ats.aq/recatt/att566_e.pdf,"[{""Title"":""Subject"",""Text"":""Antarctic Specially Protected Area No 105 (Beaufort Island, McMurdo Sound, Ross Sea): Revised Management Plan"",""Url"":null},{""Title"":""Status"",""Text"":""Effective 31/10/2015 (Fast Approval)"",""Url"":null},{""Title"":""Category"",""Text"":""Area protection and management"",""Url"":null},{""Title"":""Topics"",""Text"":""- Beaufort Island (ASPA 105)"",""Url"":null},{""Title"":""Attachments"",""Text"":""ASPA No. 105 - Beaufort Island, McMurdo Sound, Ross Sea\n                                        . Replaced by M6 (2021)"",""Url"":""https://documents.ats.aq/recatt/att566_e.pdf""},{""Title"":""Relevant Final Report paragraph"",""Text"":""144"",""Url"":null},{""Title"":""Memo"",""Text"":""Management Plan for Antarctic Specially Protected Area No 105 annexed to this Measure revoked by Measure 6 (2021)."",""Url"":null}]",null,,
01/01/1958,01/01/2158,0,0,0,2,9,0,592,80,M6,6,2015,ATCM XXXVIII - CEP XVIII,Sofia,"Antarctic Specially Protected Area No 106 (Cape Hallett, Northern Victoria Land, Ross Sea): Revised Management Plan",https://www.ats.aq/devAS/Meetings/Measure/592?s=1&iframe=1&from=01/01/1958&to=01/01/2158&cat=0&top=0&type=2&stat=0&txt=&curr=0,"Measure 6 (2015) - ATCM XXXVIII - CEP XVIII, Sofia",Effective 31/10/2015 (Fast Approval),,,0,,,Fast Approval: Entered into effect on 31 Oct 2015,7,https://documents.ats.aq/recatt/att567_e.pdf,"[{""Title"":""Subject"",""Text"":""Antarctic Specially Protected Area No 106 (Cape Hallett, Northern Victoria Land, Ross Sea): Revised Management Plan"",""Url"":null},{""Title"":""Status"",""Text"":""Effective 31/10/2015 (Fast Approval)"",""Url"":null},{""Title"":""Category"",""Text"":""Area protection and management"",""Url"":null},{""Title"":""Topics"",""Text"":""- Cape Hallet (ASPA 106)"",""Url"":null},{""Title"":""Attachments"",""Text"":""ASPA No. 106 - Cape Hallett, Northern Victoria Land, Ross Sea\n                                        . Replaced by M7 (2021)"",""Url"":""https://documents.ats.aq/recatt/att567_e.pdf""},{""Title"":""Relevant Final Report paragraph"",""Text"":""144"",""Url"":null},{""Title"":""Memo"",""Text"":""Management Plan for Antarctic Specially Protected Area No 106 annexed to this Measure revoked by Measure 7 (2021)."",""Url"":null}]",null,,
01/01/1958,01/01/2158,0,0,0,2,9,1,593,80,M7,7,2015,ATCM XXXVIII - CEP XVIII,Sofia,"Antarctic Specially Protected Area No 119 (Davis Valley and Forlidas Pond, Dufek Massif, Pensacola Mountains): Revised Management Plan",https://www.ats.aq/devAS/Meetings/Measure/593?s=1&iframe=1&from=01/01/1958&to=01/01/2158&cat=0&top=0&type=2&stat=0&txt=&curr=0,"Measure 7 (2015) - ATCM XXXVIII - CEP XVIII, Sofia",Effective 31/10/2015 (Fast Approval),,,0,,,Fast Approval: Entered into effect on 31 Oct 2015,7,https://documents.ats.aq/recatt/att568_e.pdf,"[{""Title"":""Subject"",""Text"":""Antarctic Specially Protected Area No 119 (Davis Valley and Forlidas Pond, Dufek Massif, Pensacola Mountains): Revised Management Plan"",""Url"":null},{""Title"":""Status"",""Text"":""Effective 31/10/2015 (Fast Approval)"",""Url"":null},{""Title"":""Category"",""Text"":""Area protection and management"",""Url"":null},{""Title"":""Topics"",""Text"":""- Davis Valley ponds and Forlidas Pond (ASPA 119)"",""Url"":null},{""Title"":""Attachments"",""Text"":""ASPA No. 119 - Davis Valley and Forlidas Pond, Dufek Massif, Pensacola Mountains\n                                        . Replaced by M7 (2022)"",""Url"":""https://documents.ats.aq/recatt/att568_e.pdf""},{""Title"":""Relevant Final Report paragraph"",""Text"":""144"",""Url"":null},{""Title"":""Memo"",""Text"":""Management Plan for Antarctic Specially Protected Area No 119 annexed to this Measure revoked by Measure 7 (2022)"",""Url"":null}]",null,,
01/01/1958,01/01/2158,0,0,0,2,9,2,594,80,M8,8,2015,ATCM XXXVIII - CEP XVIII,Sofia,"Antarctic Specially Protected Area No 148 (Mount Flora, Hope Bay, Antarctic Peninsula): Revised Management Plan",https://www.ats.aq/devAS/Meetings/Measure/594?s=1&iframe=1&from=01/01/1958&to=01/01/2158&cat=0&top=0&type=2&stat=0&txt=&curr=0,"Measure 8 (2015) - ATCM XXXVIII - CEP XVIII, Sofia",Effective 31/10/2015 (Fast Approval),,,0,,,Fast Approval: Entered into effect on 31 Oct 2015,7,https://documents.ats.aq/recatt/att569_e.pdf,"[{""Title"":""Subject"",""Text"":""Antarctic Specially Protected Area No 148 (Mount Flora, Hope Bay, Antarctic Peninsula): Revised Management Plan"",""Url"":null},{""Title"":""Status"",""Text"":""Effective 31/10/2015 (Fast Approval)"",""Url"":null},{""Title"":""Category"",""Text"":""Area protection and management"",""Url"":null},{""Title"":""Topics"",""Text"":""- Mount Flora (ASPA 148)"",""Url"":null},{""Title"":""Attachments"",""Text"":""ASPA No. 148 - Mount Flora, Hope Bay, Antarctic Peninsula\n                                        . Replaced by M11 (2021)"",""Url"":""https://documents.ats.aq/recatt/att569_e.pdf""},{""Title"":""Relevant Final Report paragraph"",""Text"":""144"",""Url"":null},{""Title"":""Memo"",""Text"":""Management Plan for Antarctic Specially Protected Area No 148 annexed to this Measure revoked by Measure 11 (2021)"",""Url"":null}]",null,,
01/01/1958,01/01/2158,0,0,0,2,9,3,595,80,M9,9,2015,ATCM XXXVIII - CEP XVIII,Sofia,Antarctic Specially Protected Area No 152 (Western Bransfield Strait): Revised Management Plan,https://www.ats.aq/devAS/Meetings/Measure/595?s=1&iframe=1&from=01/01/1958&to=01/01/2158&cat=0&top=0&type=2&stat=0&txt=&curr=0,"Measure 9 (2015) - ATCM XXXVIII - CEP XVIII, Sofia",Effective 31/10/2015 (Fast Approval),,,0,,,Fast Approval: Entered into effect on 31 Oct 2015,6,https://documents.ats.aq/recatt/att570_e.pdf,"[{""Title"":""Subject"",""Text"":""Antarctic Specially Protected Area No 152 (Western Bransfield Strait): Revised Management Plan"",""Url"":null},{""Title"":""Status"",""Text"":""Effective 31/10/2015 (Fast Approval)"",""Url"":null},{""Title"":""Category"",""Text"":""Area protection and management"",""Url"":null},{""Title"":""Topics"",""Text"":""- Bransfield Strait (ASPA 152)"",""Url"":null},{""Title"":""Attachments"",""Text"":""ASPA No. 152 - Western Bransfield Strait\n                                        . Terminated by M17 (2024)"",""Url"":""https://documents.ats.aq/recatt/att570_e.pdf""},{""Title"":""Relevant Final Report paragraph"",""Text"":""144"",""Url"":null}]",null,,
01/01/1958,01/01/2158,0,0,0,2,9,4,596,80,M10,10,2015,ATCM XXXVIII - CEP XVIII,Sofia,Antarctic Specially Protected Area No 153 (Eastern Dallmann Bay): Revised Management Plan,https://www.ats.aq/devAS/Meetings/Measure/596?s=1&iframe=1&from=01/01/1958&to=01/01/2158&cat=0&top=0&type=2&stat=0&txt=&curr=0,"Measure 10 (2015) - ATCM XXXVIII - CEP XVIII, Sofia",Effective 31/10/2015 (Fast Approval),,,0,,,Fast Approval: Entered into effect on 31 Oct 2015,6,https://documents.ats.aq/recatt/att571_e.pdf,"[{""Title"":""Subject"",""Text"":""Antarctic Specially Protected Area No 153 (Eastern Dallmann Bay): Revised Management Plan"",""Url"":null},{""Title"":""Status"",""Text"":""Effective 31/10/2015 (Fast Approval)"",""Url"":null},{""Title"":""Category"",""Text"":""Area protection and management"",""Url"":null},{""Title"":""Topics"",""Text"":""- Dallmann Bay (ASPA 153)"",""Url"":null},{""Title"":""Attachments"",""Text"":""ASPA No. 153 - Eastern Dallmann Bay\n                                        . Terminated by M17 (2024)"",""Url"":""https://documents.ats.aq/recatt/att571_e.pdf""},{""Title"":""Relevant Final Report paragraph"",""Text"":""144"",""Url"":null}]",null,,
01/01/1958,01/01/2158,0,0,0,2,9,5,597,80,M11,11,2015,ATCM XXXVIII - CEP XVIII,Sofia,"Antarctic Specially Protected Area No 155 (Cape Evans, Ross Island): Revised Management Plan",https://www.ats.aq/devAS/Meetings/Measure/597?s=1&iframe=1&from=01/01/1958&to=01/01/2158&cat=0&top=0&type=2&stat=0&txt=&curr=0,"Measure 11 (2015) - ATCM XXXVIII - CEP XVIII, Sofia",Effective 31/10/2015 (Fast Approval),,,0,,,Fast Approval: Entered into effect on 31 Oct 2015,7,https://documents.ats.aq/recatt/att572_e.pdf,"[{""Title"":""Subject"",""Text"":""Antarctic Specially Protected Area No 155 (Cape Evans, Ross Island): Revised Management Plan"",""Url"":null},{""Title"":""Status"",""Text"":""Effective 31/10/2015 (Fast Approval)"",""Url"":null},{""Title"":""Category"",""Text"":""Area protection and management"",""Url"":null},{""Title"":""Topics"",""Text"":""- Cape Evans (ASPA 155)"",""Url"":null},{""Title"":""Attachments"",""Text"":""ASPA No. 155 - Cape Evans, Ross Island\n                                        . Replaced by M13 (2021)"",""Url"":""https://documents.ats.aq/recatt/att572_e.pdf""},{""Title"":""Relevant Final Report paragraph"",""Text"":""144"",""Url"":null},{""Title"":""Memo"",""Text"":""Management Plan for Antarctic Specially Protected Area No 155 annexed to this Measure revoked by Measure 13 (2021)"",""Url"":null}]",null,,
01/01/1958,01/01/2158,0,0,0,2,9,6,598,80,M12,12,2015,ATCM XXXVIII - CEP XVIII,Sofia,"Antarctic Specially Protected Area No 157 (Backdoor Bay, Cape Royds, Ross Island): Revised Management Plan",https://www.ats.aq/devAS/Meetings/Measure/598?s=1&iframe=1&from=01/01/1958&to=01/01/2158&cat=0&top=0&type=2&stat=0&txt=&curr=0,"Measure 12 (2015) - ATCM XXXVIII - CEP XVIII, Sofia",Effective 31/10/2015 (Fast Approval),,,0,,,Fast Approval: Entered into effect on 31 Oct 2015,7,https://documents.ats.aq/recatt/att573_e.pdf,"[{""Title"":""Subject"",""Text"":""Antarctic Specially Protected Area No 157 (Backdoor Bay, Cape Royds, Ross Island): Revised Management Plan"",""Url"":null},{""Title"":""Status"",""Text"":""Effective 31/10/2015 (Fast Approval)"",""Url"":null},{""Title"":""Category"",""Text"":""Area protection and management"",""Url"":null},{""Title"":""Topics"",""Text"":""- Backdoor Bay (ASPA 157)"",""Url"":null},{""Title"":""Attachments"",""Text"":""ASPA No. 157 - Backdoor Bay, Cape Royds, Ross Island\n                                        . Replaced by M14 (2021)"",""Url"":""https://documents.ats.aq/recatt/att573_e.pdf""},{""Title"":""Relevant Final Report paragraph"",""Text"":""144"",""Url"":null},{""Title"":""Memo"",""Text"":""Management Plan for Antarctic Specially Protected Area No 157 annexed to this Measure revoked by Measure 14 (2021)."",""Url"":null}]",null,,
01/01/1958,01/01/2158,0,0,0,2,9,7,599,80,M13,13,2015,ATCM XXXVIII - CEP XVIII,Sofia,"Antarctic Specially Protected Area No 158 (Hut Point, Ross Island): Revised Management Plan",https://www.ats.aq/devAS/Meetings/Measure/599?s=1&iframe=1&from=01/01/1958&to=01/01/2158&cat=0&top=0&type=2&stat=0&txt=&curr=0,"Measure 13 (2015) - ATCM XXXVIII - CEP XVIII, Sofia",Effective 31/10/2015 (Fast Approval),,,0,,,Fast Approval: Entered into effect on 31 Oct 2015,7,https://documents.ats.aq/recatt/att574_e.pdf,"[{""Title"":""Subject"",""Text"":""Antarctic Specially Protected Area No 158 (Hut Point, Ross Island): Revised Management Plan"",""Url"":null},{""Title"":""Status"",""Text"":""Effective 31/10/2015 (Fast Approval)"",""Url"":null},{""Title"":""Category"",""Text"":""Area protection and management"",""Url"":null},{""Title"":""Topics"",""Text"":""- Hut Point (ASPA 158)"",""Url"":null},{""Title"":""Attachments"",""Text"":""ASPA No. 158 - Hut Point, Ross Island\n                                        . Replaced by M15 (2021)"",""Url"":""https://documents.ats.aq/recatt/att574_e.pdf""},{""Title"":""Relevant Final Report paragraph"",""Text"":""144"",""Url"":null},{""Title"":""Memo"",""Text"":""Management Plan for Antarctic Specially Protected Area No 158 annexed to this Measure revoked by Measure 15 (2021)."",""Url"":null}]",null,,
01/01/1958,01/01/2158,0,0,0,2,9,8,600,80,M14,14,2015,ATCM XXXVIII - CEP XVIII,Sofia,"Antarctic Specially Protected Area No 159 (Cape Adare, Borchgrevink Coast): Revised Management Plan",https://www.ats.aq/devAS/Meetings/Measure/600?s=1&iframe=1&from=01/01/1958&to=01/01/2158&cat=0&top=0&type=2&stat=0&txt=&curr=0,"Measure 14 (2015) - ATCM XXXVIII - CEP XVIII, Sofia",Effective 31/10/2015 (Fast Approval),,,0,,,Fast Approval: Entered into effect on 31 Oct 2015,7,https://documents.ats.aq/recatt/att575_e.pdf,"[{""Title"":""Subject"",""Text"":""Antarctic Specially Protected Area No 159 (Cape Adare, Borchgrevink Coast): Revised Management Plan"",""Url"":null},{""Title"":""Status"",""Text"":""Effective 31/10/2015 (Fast Approval)"",""Url"":null},{""Title"":""Category"",""Text"":""Area protection and management"",""Url"":null},{""Title"":""Topics"",""Text"":""- Cape Adare (ASPA 159)"",""Url"":null},{""Title"":""Attachments"",""Text"":""ASPA No. 159 - Cape Adare, Borchgrevink Coast\n                                        . Replaced by M16 (2021)"",""Url"":""https://documents.ats.aq/recatt/att575_e.pdf""},{""Title"":""Relevant Final Report paragraph"",""Text"":""144"",""Url"":null},{""Title"":""Memo"",""Text"":""Management Plan for Antarctic Specially Protected Area No 159 annexed to this Measure revoked by Measure 16 (2021)."",""Url"":null}]",null,,
01/01/1958,01/01/2158,0,0,0,2,9,9,601,80,M15,15,2015,ATCM XXXVIII - CEP XVIII,Sofia,"Antarctic Specially Protected Area No 163 (Dakshin Gangotri Glacier, Dronning Maud Land): Revised Management Plan",https://www.ats.aq/devAS/Meetings/Measure/601?s=1&iframe=1&from=01/01/1958&to=01/01/2158&cat=0&top=0&type=2&stat=0&txt=&curr=0,"Measure 15 (2015) - ATCM XXXVIII - CEP XVIII, Sofia",Effective 31/10/2015 (Fast Approval),,,0,,,Fast Approval: Entered into effect on 31 Oct 2015,7,https://documents.ats.aq/recatt/att576_e.pdf,"[{""Title"":""Subject"",""Text"":""Antarctic Specially Protected Area No 163 (Dakshin Gangotri Glacier, Dronning Maud Land): Revised Management Plan"",""Url"":null},{""Title"":""Status"",""Text"":""Effective 31/10/2015 (Fast Approval)"",""Url"":null},{""Title"":""Category"",""Text"":""Area protection and management"",""Url"":null},{""Title"":""Topics"",""Text"":""- Dakshin Gangotri (ASPA 163)"",""Url"":null},{""Title"":""Attachments"",""Text"":""ASPA No 163 - Dakshin Gangotri Glacier, Dronning Maud Land\n                                        . Replaced by M17 (2021)"",""Url"":""https://documents.ats.aq/recatt/att576_e.pdf""},{""Title"":""Relevant Final Report paragraph"",""Text"":""144"",""Url"":null},{""Title"":""Memo"",""Text"":""Management Plan for Antarctic Specially Protected Area No 163 annexed to this Measure revoked by Measure 17 (2021)."",""Url"":null}]",null,,
01/01/1958,01/01/2158,0,0,0,2,9,10,602,80,M16,16,2015,ATCM XXXVIII - CEP XVIII,Sofia,"Antarctic Specially Protected Area No 164 (Scullin and Murray Monoliths, Mac.Robertson Land): Revised Management Plan",https://www.ats.aq/devAS/Meetings/Measure/602?s=1&iframe=1&from=01/01/1958&to=01/01/2158&cat=0&top=0&type=2&stat=0&txt=&curr=0,"Measure 16 (2015) - ATCM XXXVIII - CEP XVIII, Sofia",Effective 31/10/2015 (Fast Approval),,,0,,,Fast Approval: Entered into effect on 31 Oct 2015,7,https://documents.ats.aq/recatt/att577_e.pdf,"[{""Title"":""Subject"",""Text"":""Antarctic Specially Protected Area No 164 (Scullin and Murray Monoliths, Mac.Robertson Land): Revised Management Plan"",""Url"":null},{""Title"":""Status"",""Text"":""Effective 31/10/2015 (Fast Approval)"",""Url"":null},{""Title"":""Category"",""Text"":""Area protection and management"",""Url"":null},{""Title"":""Topics"",""Text"":""- Scullin and Murray Monolites (ASPA 164)"",""Url"":null},{""Title"":""Attachments"",""Text"":""ASPA No. 164 - Scullin and Murray Monoliths, Mac.Robertson Land\n                                        . Replaced by M17 (2022)"",""Url"":""https://documents.ats.aq/recatt/att577_e.pdf""},{""Title"":""Relevant Final Report paragraph"",""Text"":""144"",""Url"":null},{""Title"":""Memo"",""Text"":""Management Plan for Antarctic Specially Protected Area No 164 annexed to this Measure revoked by Measure 17 (2022)"",""Url"":null}]",null,,
01/01/1958,01/01/2158,0,0,0,2,9,11,603,80,M17,17,2015,ATCM XXXVIII - CEP XVIII,Sofia,"Antarctic Specially Protected Area No 168 (Mount Harding, Grove Mountains, East Antarctica): Revised Management Plan",https://www.ats.aq/devAS/Meetings/Measure/603?s=1&iframe=1&from=01/01/1958&to=01/01/2158&cat=0&top=0&type=2&stat=0&txt=&curr=0,"Measure 17 (2015) - ATCM XXXVIII - CEP XVIII, Sofia",Effective 31/10/2015 (Fast Approval),,,0,,,Fast Approval: Entered into effect on 31 Oct 2015,7,https://documents.ats.aq/recatt/att578_e.pdf,"[{""Title"":""Subject"",""Text"":""Antarctic Specially Protected Area No 168 (Mount Harding, Grove Mountains, East Antarctica): Revised Management Plan"",""Url"":null},{""Title"":""Status"",""Text"":""Effective 31/10/2015 (Fast Approval)"",""Url"":null},{""Title"":""Category"",""Text"":""Area protection and management"",""Url"":null},{""Title"":""Topics"",""Text"":""- Mount Harding (ASPA 168)"",""Url"":null},{""Title"":""Attachments"",""Text"":""ASPA No. 168 - Mount Harding, Grove Mountains, East Antarctica\n                                        . Replaced by M15 (2023)"",""Url"":""https://documents.ats.aq/recatt/att578_e.pdf""},{""Title"":""Relevant Final Report paragraph"",""Text"":""144"",""Url"":null},{""Title"":""Memo"",""Text"":""Management Plan for Antarctic Specially Protected Area No 168 annexed to this Measure revoked by Measure 15 (2023)"",""Url"":null}]",null,,
01/01/1958,01/01/2158,0,0,0,2,9,12,604,80,M18,18,2015,ATCM XXXVIII - CEP XVIII,Sofia,"Antarctic Specially Managed Area No 2 (McMurdo Dry Valleys, Southern Victoria Land): Revised Management Plan",https://www.ats.aq/devAS/Meetings/Measure/604?s=1&iframe=1&from=01/01/1958&to=01/01/2158&cat=0&top=0&type=2&stat=0&txt=&curr=0,"Measure 18 (2015) - ATCM XXXVIII - CEP XVIII, Sofia",Effective 31/10/2015 (Fast Approval),,,0,,,Fast Approval: Entered into effect on 31 Oct 2015,6,https://documents.ats.aq/recatt/att579_e.pdf,"[{""Title"":""Subject"",""Text"":""Antarctic Specially Managed Area No 2 (McMurdo Dry Valleys, Southern Victoria Land): Revised Management Plan"",""Url"":null},{""Title"":""Status"",""Text"":""Effective 31/10/2015 (Fast Approval)"",""Url"":null},{""Title"":""Category"",""Text"":""Area protection and management"",""Url"":null},{""Title"":""Topics"",""Text"":""- McMurdo Dry Valleys (ASMA 2)"",""Url"":null},{""Title"":""Attachments"",""Text"":""ASMA No. 2 - McMurdo Dry Valleys"",""Url"":""https://documents.ats.aq/recatt/att579_e.pdf""},{""Title"":""Relevant Final Report paragraph"",""Text"":""144"",""Url"":null}]",null,,
01/01/1958,01/01/2158,0,0,0,2,9,13,605,80,M19,19,2015,ATCM XXXVIII - CEP XVIII,Sofia,"Revised List of Antarctic Historic Sites and Monuments: Lame Dog Hut at the Bulgarian base St. Kliment Ohridski, Livingston Island and Oversnow heavy tractor “Kharkovchanka” that was used in Antarctica from 1959 to 2010",https://www.ats.aq/devAS/Meetings/Measure/605?s=1&iframe=1&from=01/01/1958&to=01/01/2158&cat=0&top=0&type=2&stat=0&txt=&curr=0,"Measure 19 (2015) - ATCM XXXVIII - CEP XVIII, Sofia",Effective 31/10/2015 (Fast Approval),,,0,,,Fast Approval: Entered into effect on 31 Oct 2015,7,https://documents.ats.aq/recatt/att580_e.pdf,"[{""Title"":""Subject"",""Text"":""Revised List of Antarctic Historic Sites and Monuments: Lame Dog Hut at the Bulgarian base St. Kliment Ohridski, Livingston Island and Oversnow heavy tractor “Kharkovchanka” that was used in Antarctica from 1959 to 2010"",""Url"":null},{""Title"":""Status"",""Text"":""Effective 31/10/2015 (Fast Approval)"",""Url"":null},{""Title"":""Category"",""Text"":""Area protection and management"",""Url"":null},{""Title"":""Topics"",""Text"":""- HSMs - general\n                                - Lame Dog Hut at the Bulgarian base St. Kliment Ohridski (HSM 91)\n                                - Oversnow heavy tractor \u003cKharkovchanka\u003e (HSM 92)"",""Url"":null},{""Title"":""Attachments"",""Text"":""Annex: Revised List of Historic Sites and Monuments\n                                        . Replaced by M9 (2016)"",""Url"":""https://documents.ats.aq/recatt/att580_e.pdf""},{""Title"":""Relevant Final Report paragraph"",""Text"":""147"",""Url"":null},{""Title"":""Memo"",""Text"":""List of Historic Sites and Monuments annexed to this Measure revised and updated by Measure 9 (2016)"",""Url"":null}]",null,,
01/01/1958,01/01/2158,0,0,0,2,9,14,561,79,M1,1,2014,ATCM XXXVII - CEP XVII,Brasilia,"Antarctic Specially Protected Area No 113 (Litchfield Island, Arthur Harbor, Anvers Island, Palmer Archipelago): Revised Management Plan",https://www.ats.aq/devAS/Meetings/Measure/561?s=1&iframe=1&from=01/01/1958&to=01/01/2158&cat=0&top=0&type=2&stat=0&txt=&curr=0,"Measure 1 (2014) - ATCM XXXVII - CEP XVII, Brasilia",Effective 05/08/2014 (Fast Approval),,,0,,,Fast Approval: Entered into effect on 5 Aug 2014,7,https://documents.ats.aq/recatt/att541_e.pdf,"[{""Title"":""Subject"",""Text"":""Antarctic Specially Protected Area No 113 (Litchfield Island, Arthur Harbor, Anvers Island, Palmer Archipelago): Revised Management Plan"",""Url"":null},{""Title"":""Status"",""Text"":""Effective 05/08/2014 (Fast Approval)"",""Url"":null},{""Title"":""Category"",""Text"":""Area protection and management"",""Url"":null},{""Title"":""Topics"",""Text"":""- ASPAs (Antarctic Specially Protected Areas)\n                                - Litchfield Island (ASPA 113)"",""Url"":null},{""Title"":""Attachments"",""Text"":""ASPA No 113 – Litchfield Island\n                                        . Replaced by M5 (2022)"",""Url"":""https://documents.ats.aq/recatt/att541_e.pdf""},{""Title"":""Relevant Final Report paragraph"",""Text"":""127"",""Url"":null},{""Title"":""Memo"",""Text"":""Management Plan for Antarctic Specially Protected Area No 113 annexed to this Measure revoked by Measure 5 (2022)"",""Url"":null}]",null,,
01/01/1958,01/01/2158,0,0,0,2,10,0,562,79,M2,2,2014,ATCM XXXVII - CEP XVII,Brasilia,"Antarctic Specially Protected Area No 121 (Cape Royds, Ross Island): Revised Management Plan",https://www.ats.aq/devAS/Meetings/Measure/562?s=1&iframe=1&from=01/01/1958&to=01/01/2158&cat=0&top=0&type=2&stat=0&txt=&curr=0,"Measure 2 (2014) - ATCM XXXVII - CEP XVII, Brasilia",Effective 05/08/2014 (Fast Approval),,,0,,,Fast Approval: Entered into effect on 5 Aug 2014,7,https://documents.ats.aq/recatt/att542_e.pdf,"[{""Title"":""Subject"",""Text"":""Antarctic Specially Protected Area No 121 (Cape Royds, Ross Island): Revised Management Plan"",""Url"":null},{""Title"":""Status"",""Text"":""Effective 05/08/2014 (Fast Approval)"",""Url"":null},{""Title"":""Category"",""Text"":""Area protection and management"",""Url"":null},{""Title"":""Topics"",""Text"":""- ASPAs (Antarctic Specially Protected Areas)\n                                - Cape Royds (ASPA 121)"",""Url"":null},{""Title"":""Attachments"",""Text"":""ASPA No 121 - Cape Royds\n                                        . Replaced by M9 (2021)"",""Url"":""https://documents.ats.aq/recatt/att542_e.pdf""},{""Title"":""Relevant Final Report paragraph"",""Text"":""127"",""Url"":null},{""Title"":""Memo"",""Text"":""Management Plan for Antarctic Specially Protected Area No 121 annexed to this Measure revoked by Measure 9 (2021)."",""Url"":null}]",null,,
01/01/1958,01/01/2158,0,0,0,2,10,1,563,79,M3,3,2014,ATCM XXXVII - CEP XVII,Brasilia,"Antarctic Specially Protected Area No 124 (Cape Crozier, Ross Island): Revised Management Plan",https://www.ats.aq/devAS/Meetings/Measure/563?s=1&iframe=1&from=01/01/1958&to=01/01/2158&cat=0&top=0&type=2&stat=0&txt=&curr=0,"Measure 3 (2014) - ATCM XXXVII - CEP XVII, Brasilia",Effective 05/08/2014 (Fast Approval),,,0,,,Fast Approval: Entered into effect on 5 Aug 2014,7,https://documents.ats.aq/recatt/att543_e.pdf,"[{""Title"":""Subject"",""Text"":""Antarctic Specially Protected Area No 124 (Cape Crozier, Ross Island): Revised Management Plan"",""Url"":null},{""Title"":""Status"",""Text"":""Effective 05/08/2014 (Fast Approval)"",""Url"":null},{""Title"":""Category"",""Text"":""Area protection and management"",""Url"":null},{""Title"":""Topics"",""Text"":""- ASPAs (Antarctic Specially Protected Areas)\n                                - Cape Crozier (ASPA 124)"",""Url"":null},{""Title"":""Attachments"",""Text"":""ASPA No 124 - Cape Crozier\n                                        . Replaced by M9 (2022)"",""Url"":""https://documents.ats.aq/recatt/att543_e.pdf""},{""Title"":""Relevant Final Report paragraph"",""Text"":""127"",""Url"":null},{""Title"":""Memo"",""Text"":""Management Plan for Antarctic Specially Protected Area No 124 annexed to this Measure revoked by Measure 9 (2022)"",""Url"":null}]",null,,
01/01/1958,01/01/2158,0,0,0,2,10,2,564,79,M4,4,2014,ATCM XXXVII - CEP XVII,Brasilia,"Antarctic Specially Protected Area No 128 (Western shore of Admiralty Bay, King George Island, South Shetland Islands): Revised Management Plan",https://www.ats.aq/devAS/Meetings/Measure/564?s=1&iframe=1&from=01/01/1958&to=01/01/2158&cat=0&top=0&type=2&stat=0&txt=&curr=0,"Measure 4 (2014) - ATCM XXXVII - CEP XVII, Brasilia",Effective 05/08/2014 (Fast Approval),,,0,,,Fast Approval: Entered into effect on 5 Aug 2014,7,https://documents.ats.aq/recatt/att544_e.pdf,"[{""Title"":""Subject"",""Text"":""Antarctic Specially Protected Area No 128 (Western shore of Admiralty Bay, King George Island, South Shetland Islands): Revised Management Plan"",""Url"":null},{""Title"":""Status"",""Text"":""Effective 05/08/2014 (Fast Approval)"",""Url"":null},{""Title"":""Category"",""Text"":""Area protection and management"",""Url"":null},{""Title"":""Topics"",""Text"":""- Admiralty Bay (ASPA 128)\n                                - ASPAs (Antarctic Specially Protected Areas)"",""Url"":null},{""Title"":""Attachments"",""Text"":""ASPA 128  Revised Management Plan\n                                        . Replaced by M2 (2019)"",""Url"":""https://documents.ats.aq/recatt/att544_e.pdf""},{""Title"":""Relevant Final Report paragraph"",""Text"":""127"",""Url"":null},{""Title"":""Memo"",""Text"":""Management Plan for ASPA No 128 annexed to this Measure revoked by Measure 2 (2019)"",""Url"":null}]",null,,
01/01/1958,01/01/2158,0,0,0,2,10,3,565,79,M5,5,2014,ATCM XXXVII - CEP XVII,Brasilia,"Antarctic Specially Protected Area No 136 (Clark Peninsula, Budd Coast, Wilkes Land, East Antarctica): Revised Management Plan",https://www.ats.aq/devAS/Meetings/Measure/565?s=1&iframe=1&from=01/01/1958&to=01/01/2158&cat=0&top=0&type=2&stat=0&txt=&curr=0,"Measure 5 (2014) - ATCM XXXVII - CEP XVII, Brasilia",Effective 05/08/2014 (Fast Approval),,,0,,,Fast Approval: Entered into effect on 5 Aug 2014,6,https://documents.ats.aq/recatt/att545_e.pdf,"[{""Title"":""Subject"",""Text"":""Antarctic Specially Protected Area No 136 (Clark Peninsula, Budd Coast, Wilkes Land, East Antarctica): Revised Management Plan"",""Url"":null},{""Title"":""Status"",""Text"":""Effective 05/08/2014 (Fast Approval)"",""Url"":null},{""Title"":""Category"",""Text"":""Area protection and management"",""Url"":null},{""Title"":""Topics"",""Text"":""- ASPAs (Antarctic Specially Protected Areas)\n                                - Clark Peninsula (ASPA 136)"",""Url"":null},{""Title"":""Attachments"",""Text"":""ASPA No 136 - Clark Peninsula\n                                        . Replaced by M4 (2024)"",""Url"":""https://documents.ats.aq/recatt/att545_e.pdf""},{""Title"":""Relevant Final Report paragraph"",""Text"":""127"",""Url"":null}]",null,,
01/01/1958,01/01/2158,0,0,0,2,10,4,566,79,M6,6,2014,ATCM XXXVII - CEP XVII,Brasilia,"Antarctic Specially Protected Area No 139 (Biscoe Point, Anvers Island, Palmer Archipelago): Revised Management Plan",https://www.ats.aq/devAS/Meetings/Measure/566?s=1&iframe=1&from=01/01/1958&to=01/01/2158&cat=0&top=0&type=2&stat=0&txt=&curr=0,"Measure 6 (2014) - ATCM XXXVII - CEP XVII, Brasilia",Effective 05/08/2014 (Fast Approval),,,0,,,Fast Approval: Entered into effect on 5 Aug 2014,7,https://documents.ats.aq/recatt/att546_e.pdf,"[{""Title"":""Subject"",""Text"":""Antarctic Specially Protected Area No 139 (Biscoe Point, Anvers Island, Palmer Archipelago): Revised Management Plan"",""Url"":null},{""Title"":""Status"",""Text"":""Effective 05/08/2014 (Fast Approval)"",""Url"":null},{""Title"":""Category"",""Text"":""Area protection and management"",""Url"":null},{""Title"":""Topics"",""Text"":""- ASPAs (Antarctic Specially Protected Areas)\n                                - Biscoe Point (ASPA 139)"",""Url"":null},{""Title"":""Attachments"",""Text"":""ASPA No 139 - Biscoe Point\n                                        . Replaced by M14 (2022)"",""Url"":""https://documents.ats.aq/recatt/att546_e.pdf""},{""Title"":""Relevant Final Report paragraph"",""Text"":""127"",""Url"":null},{""Title"":""Memo"",""Text"":""Management Plan for Antarctic Specially Protected Area No 139 annexed to this Measure revoked by Measure 14 (2022)"",""Url"":null}]",null,,
01/01/1958,01/01/2158,0,0,0,2,10,5,567,79,M7,7,2014,ATCM XXXVII - CEP XVII,Brasilia,"Antarctic Specially Protected Area No 141 (Yukidori Valley, Langhovde, Lützow-Holm Bay): Revised Management Plan",https://www.ats.aq/devAS/Meetings/Measure/567?s=1&iframe=1&from=01/01/1958&to=01/01/2158&cat=0&top=0&type=2&stat=0&txt=&curr=0,"Measure 7 (2014) - ATCM XXXVII - CEP XVII, Brasilia",Effective 05/08/2014 (Fast Approval),,,0,,,Fast Approval: Entered into effect on 5 Aug 2014,7,https://documents.ats.aq/recatt/att547_e.pdf,"[{""Title"":""Subject"",""Text"":""Antarctic Specially Protected Area No 141 (Yukidori Valley, Langhovde, Lützow-Holm Bay): Revised Management Plan"",""Url"":null},{""Title"":""Status"",""Text"":""Effective 05/08/2014 (Fast Approval)"",""Url"":null},{""Title"":""Category"",""Text"":""Area protection and management"",""Url"":null},{""Title"":""Topics"",""Text"":""- ASPAs (Antarctic Specially Protected Areas)\n                                - Yukidori Valley (ASPA 141)"",""Url"":null},{""Title"":""Attachments"",""Text"":""ASPA No 141 - Yukidori Valley\n                                        . Replaced by M3 (2019)"",""Url"":""https://documents.ats.aq/recatt/att547_e.pdf""},{""Title"":""Relevant Final Report paragraph"",""Text"":""127"",""Url"":null},{""Title"":""Memo"",""Text"":""Management Plan for ASPA No 141 annexed to this Measure revoked by Measure 3 (2019)"",""Url"":null}]",null,,
01/01/1958,01/01/2158,0,0,0,2,10,6,568,79,M8,8,2014,ATCM XXXVII - CEP XVII,Brasilia,Antarctic Specially Protected Area No 142 (Svarthamaren): Revised Management Plan,https://www.ats.aq/devAS/Meetings/Measure/568?s=1&iframe=1&from=01/01/1958&to=01/01/2158&cat=0&top=0&type=2&stat=0&txt=&curr=0,"Measure 8 (2014) - ATCM XXXVII - CEP XVII, Brasilia",Effective 05/08/2014 (Fast Approval),,,0,,,Fast Approval: Entered into effect on 5 Aug 2014,7,https://documents.ats.aq/recatt/att548_e.pdf,"[{""Title"":""Subject"",""Text"":""Antarctic Specially Protected Area No 142 (Svarthamaren): Revised Management Plan"",""Url"":null},{""Title"":""Status"",""Text"":""Effective 05/08/2014 (Fast Approval)"",""Url"":null},{""Title"":""Category"",""Text"":""Area protection and management"",""Url"":null},{""Title"":""Topics"",""Text"":""- ASPAs (Antarctic Specially Protected Areas)\n                                - Svarthamaren (ASPA 142)"",""Url"":null},{""Title"":""Attachments"",""Text"":""ASPA No 142 - Svarthamaren\n                                        . Replaced by M4 (2019)"",""Url"":""https://documents.ats.aq/recatt/att548_e.pdf""},{""Title"":""Relevant Final Report paragraph"",""Text"":""127"",""Url"":null},{""Title"":""Memo"",""Text"":""Management Plan for ASPA No 142 annexed to this Measure revoked by Measure 4 (2019)"",""Url"":null}]",null,,
01/01/1958,01/01/2158,0,0,0,2,10,7,569,79,M9,9,2014,ATCM XXXVII - CEP XVII,Brasilia,"Antarctic Specially Protected Area No 162 (Mawson’s Huts, Cape Denison, Commonwealth Bay, George V Land, East Antarctica): Revised Management Plan",https://www.ats.aq/devAS/Meetings/Measure/569?s=1&iframe=1&from=01/01/1958&to=01/01/2158&cat=0&top=0&type=2&stat=0&txt=&curr=0,"Measure 9 (2014) - ATCM XXXVII - CEP XVII, Brasilia",Effective 05/08/2014 (Fast Approval),,,0,,,Fast Approval: Entered into effect on 5 Aug 2014,7,https://documents.ats.aq/recatt/att549_e.pdf,"[{""Title"":""Subject"",""Text"":""Antarctic Specially Protected Area No 162 (Mawson’s Huts, Cape Denison, Commonwealth Bay, George V Land, East Antarctica): Revised Management Plan"",""Url"":null},{""Title"":""Status"",""Text"":""Effective 05/08/2014 (Fast Approval)"",""Url"":null},{""Title"":""Category"",""Text"":""Area protection and management"",""Url"":null},{""Title"":""Topics"",""Text"":""- ASPA/ASMA De-designation\n                                - ASPAs (Antarctic Specially Protected Areas)\n                                - Cape Denison (ASMA 3)\n                                - Mawson's Huts (ASPA 162)"",""Url"":null},{""Title"":""Attachments"",""Text"":""ASPA No 162 - Mawson´s Huts\n                                        . Replaced by M1 (2025)"",""Url"":""https://documents.ats.aq/recatt/att549_e.pdf""},{""Title"":""Relevant Final Report paragraph"",""Text"":""127"",""Url"":null},{""Title"":""Memo"",""Text"":""Management Plan for Antarctic Specially Protected Area No 162 annexed to Measure 9 (2014) revoked by Measure 1 (2025)"",""Url"":null}]",null,,
01/01/1958,01/01/2158,0,0,0,2,10,8,570,79,M10,10,2014,ATCM XXXVII - CEP XVII,Brasilia,"Antarctic Specially Protected Area No 169 (Amanda Bay, Ingrid Christensen Coast, Princess Elizabeth Land, East Antarctica): Revised Management Plan",https://www.ats.aq/devAS/Meetings/Measure/570?s=1&iframe=1&from=01/01/1958&to=01/01/2158&cat=0&top=0&type=2&stat=0&txt=&curr=0,"Measure 10 (2014) - ATCM XXXVII - CEP XVII, Brasilia",Effective 05/08/2014 (Fast Approval),,,0,,,Fast Approval: Entered into effect on 5 Aug 2014,7,https://documents.ats.aq/recatt/att550_e.pdf,"[{""Title"":""Subject"",""Text"":""Antarctic Specially Protected Area No 169 (Amanda Bay, Ingrid Christensen Coast, Princess Elizabeth Land, East Antarctica): Revised Management Plan"",""Url"":null},{""Title"":""Status"",""Text"":""Effective 05/08/2014 (Fast Approval)"",""Url"":null},{""Title"":""Category"",""Text"":""Area protection and management"",""Url"":null},{""Title"":""Topics"",""Text"":""- Amanda Bay (ASPA 169)\n                                - ASPAs (Antarctic Specially Protected Areas)"",""Url"":null},{""Title"":""Attachments"",""Text"":""ASPA No 169 - Amanda Bay\n                                        . Replaced by M2 (2025)"",""Url"":""https://documents.ats.aq/recatt/att550_e.pdf""},{""Title"":""Relevant Final Report paragraph"",""Text"":""127"",""Url"":null},{""Title"":""Memo"",""Text"":""Management Plan for Antarctic Specially Protected Area No 169 annexed to Measure 10 (2014) revoked by Measure 2 (2025)"",""Url"":null}]",null,,
01/01/1958,01/01/2158,0,0,0,2,10,9,571,79,M11,11,2014,ATCM XXXVII - CEP XVII,Brasilia,"Antarctic Specially Protected Area No 171 (Narębski Point, Barton Peninsula, King George Island): Revised Management Plan",https://www.ats.aq/devAS/Meetings/Measure/571?s=1&iframe=1&from=01/01/1958&to=01/01/2158&cat=0&top=0&type=2&stat=0&txt=&curr=0,"Measure 11 (2014) - ATCM XXXVII - CEP XVII, Brasilia",Effective 05/08/2014 (Fast Approval),,,0,,,Fast Approval: Entered into effect on 5 Aug 2014,7,https://documents.ats.aq/recatt/att551_e.pdf,"[{""Title"":""Subject"",""Text"":""Antarctic Specially Protected Area No 171 (Narębski Point, Barton Peninsula, King George Island): Revised Management Plan"",""Url"":null},{""Title"":""Status"",""Text"":""Effective 05/08/2014 (Fast Approval)"",""Url"":null},{""Title"":""Category"",""Text"":""Area protection and management"",""Url"":null},{""Title"":""Topics"",""Text"":""- ASPAs (Antarctic Specially Protected Areas)\n                                - Narębski Point (ASPA 171)"",""Url"":null},{""Title"":""Attachments"",""Text"":""ASPA No 171- Narębski Point\n                                        . Replaced by M8 (2019)"",""Url"":""https://documents.ats.aq/recatt/att551_e.pdf""},{""Title"":""Relevant Final Report paragraph"",""Text"":""127"",""Url"":null},{""Title"":""Memo"",""Text"":""Management Plan for ASPA No 171 annexed to this Measure revoked by Measure 8 (2019)"",""Url"":null}]",null,,
01/01/1958,01/01/2158,0,0,0,2,10,10,572,79,M12,12,2014,ATCM XXXVII - CEP XVII,Brasilia,"Antarctic Specially Protected Area No 174 (Stornes, Larsemann Hills, Princess Elizabeth Land): Management Plan",https://www.ats.aq/devAS/Meetings/Measure/572?s=1&iframe=1&from=01/01/1958&to=01/01/2158&cat=0&top=0&type=2&stat=0&txt=&curr=0,"Measure 12 (2014) - ATCM XXXVII - CEP XVII, Brasilia",Effective 05/08/2014 (Fast Approval),,,0,,,Fast Approval: Entered into effect on 5 Aug 2014,6,https://documents.ats.aq/recatt/att552_e.pdf,"[{""Title"":""Subject"",""Text"":""Antarctic Specially Protected Area No 174 (Stornes, Larsemann Hills, Princess Elizabeth Land): Management Plan"",""Url"":null},{""Title"":""Status"",""Text"":""Effective 05/08/2014 (Fast Approval)"",""Url"":null},{""Title"":""Category"",""Text"":""Area protection and management"",""Url"":null},{""Title"":""Topics"",""Text"":""- ASPAs (Antarctic Specially Protected Areas)\n                                - Stornes, Larsemann Hills, Princess Elizabeth (ASPA 174)"",""Url"":null},{""Title"":""Attachments"",""Text"":""ASPA No 174 - Stornes, Larsemann Hills"",""Url"":""https://documents.ats.aq/recatt/att552_e.pdf""},{""Title"":""Relevant Final Report paragraph"",""Text"":""127"",""Url"":null}]",null,,
01/01/1958,01/01/2158,0,0,0,2,10,11,573,79,M13,13,2014,ATCM XXXVII - CEP XVII,Brasilia,Antarctic Specially Protected Area No 175 (High Altitude Geothermal sites of the Ross Sea region): Management Plan,https://www.ats.aq/devAS/Meetings/Measure/573?s=1&iframe=1&from=01/01/1958&to=01/01/2158&cat=0&top=0&type=2&stat=0&txt=&curr=0,"Measure 13 (2014) - ATCM XXXVII - CEP XVII, Brasilia",Effective 05/08/2014 (Fast Approval),,,0,,,Fast Approval: Entered into effect on 5 Aug 2014,6,https://documents.ats.aq/recatt/att553_e.pdf,"[{""Title"":""Subject"",""Text"":""Antarctic Specially Protected Area No 175 (High Altitude Geothermal sites of the Ross Sea region): Management Plan"",""Url"":null},{""Title"":""Status"",""Text"":""Effective 05/08/2014 (Fast Approval)"",""Url"":null},{""Title"":""Category"",""Text"":""Area protection and management"",""Url"":null},{""Title"":""Topics"",""Text"":""- ASPA/ASMA De-designation\n                                - ASPAs (Antarctic Specially Protected Areas)\n                                - High Altitude Geothermal sites (ASPA 175)\n                                - Summit of Mount Melbourne (ASPA 118)\n                                - Tramway Ridge (ASPA 130)"",""Url"":null},{""Title"":""Attachments"",""Text"":""ASPA No 175 - High Altitude Geothermal sites\n                                        . Replaced by M14 (2024)"",""Url"":""https://documents.ats.aq/recatt/att553_e.pdf""},{""Title"":""Relevant Final Report paragraph"",""Text"":""127"",""Url"":null}]",null,,
01/01/1958,01/01/2158,0,0,0,2,10,12,574,79,M14,14,2014,ATCM XXXVII - CEP XVII,Brasilia,"Antarctic Specially Managed Area No 1 (Admiralty Bay, King George Island): Revised Management Plan",https://www.ats.aq/devAS/Meetings/Measure/574?s=1&iframe=1&from=01/01/1958&to=01/01/2158&cat=0&top=0&type=2&stat=0&txt=&curr=0,"Measure 14 (2014) - ATCM XXXVII - CEP XVII, Brasilia",Effective 05/08/2014 (Fast Approval),,,0,,,Fast Approval: Entered into effect on 5 Aug 2014,7,https://documents.ats.aq/recatt/att554_e.pdf,"[{""Title"":""Subject"",""Text"":""Antarctic Specially Managed Area No 1 (Admiralty Bay, King George Island): Revised Management Plan"",""Url"":null},{""Title"":""Status"",""Text"":""Effective 05/08/2014 (Fast Approval)"",""Url"":null},{""Title"":""Category"",""Text"":""Area protection and management"",""Url"":null},{""Title"":""Topics"",""Text"":""- Admiralty Bay (ASMA 1)\n                                - ASMAs (Antarctic Specially Managed Areas)"",""Url"":null},{""Title"":""Attachments"",""Text"":""ASMA No 1 - Admiralty Bay\n                                        . Replaced by M1 (2023)"",""Url"":""https://documents.ats.aq/recatt/att554_e.pdf""},{""Title"":""Relevant Final Report paragraph"",""Text"":""127"",""Url"":null},{""Title"":""Memo"",""Text"":""Management Plan for Antarctic Specially Managed Area No 1 annexed to this Measure revoked by Measure 1 (2023)"",""Url"":null}]",null,,
01/01/1958,01/01/2158,0,0,0,2,10,13,575,79,M15,15,2014,ATCM XXXVII - CEP XVII,Brasilia,"Antarctic Specially Managed Area No 6 (Larsemann Hills, East Antarctica): Revised Management Plan",https://www.ats.aq/devAS/Meetings/Measure/575?s=1&iframe=1&from=01/01/1958&to=01/01/2158&cat=0&top=0&type=2&stat=0&txt=&curr=0,"Measure 15 (2014) - ATCM XXXVII - CEP XVII, Brasilia",Effective 05/08/2014 (Fast Approval),,,0,,,Fast Approval: Entered into effect on 5 Aug 2014,7,https://documents.ats.aq/recatt/att555_e.pdf,"[{""Title"":""Subject"",""Text"":""Antarctic Specially Managed Area No 6 (Larsemann Hills, East Antarctica): Revised Management Plan"",""Url"":null},{""Title"":""Status"",""Text"":""Effective 05/08/2014 (Fast Approval)"",""Url"":null},{""Title"":""Category"",""Text"":""Area protection and management"",""Url"":null},{""Title"":""Topics"",""Text"":""- ASMAs (Antarctic Specially Managed Areas)\n                                - Larsemann Hills (ASMA 6)"",""Url"":null},{""Title"":""Attachments"",""Text"":""ASMA No 6 - Larsemann Hills\n                                        . Replaced by M1 (2021)"",""Url"":""https://documents.ats.aq/recatt/att555_e.pdf""},{""Title"":""Relevant Final Report paragraph"",""Text"":""127"",""Url"":null},{""Title"":""Memo"",""Text"":""Management Plan for ASMA No 6 annexed to this Measure revoked by Measure 1 (2021)"",""Url"":null}]",null,,
01/01/1958,01/01/2158,0,0,0,2,10,14,576,79,M16,16,2014,ATCM XXXVII - CEP XVII,Brasilia,"Antarctic Specially Protected Area No 114 (Northern Coronation Island, South Orkney Islands): Revoked Management Plan",https://www.ats.aq/devAS/Meetings/Measure/576?s=1&iframe=1&from=01/01/1958&to=01/01/2158&cat=0&top=0&type=2&stat=0&txt=&curr=0,"Measure 16 (2014) - ATCM XXXVII - CEP XVII, Brasilia",Effective 05/08/2014 (Fast Approval),,,0,,,Fast Approval: Entered into effect on 5 Aug 2014,6,,"[{""Title"":""Subject"",""Text"":""Antarctic Specially Protected Area No 114 (Northern Coronation Island, South Orkney Islands): Revoked Management Plan"",""Url"":null},{""Title"":""Status"",""Text"":""Effective 05/08/2014 (Fast Approval)"",""Url"":null},{""Title"":""Category"",""Text"":""Area protection and management"",""Url"":null},{""Title"":""Topics"",""Text"":""- ASPA/ASMA De-designation\n                                - Coronation Island (ASPA 114)"",""Url"":null},{""Title"":""Attachments"",""Text"":"""",""Url"":null},{""Title"":""Relevant Final Report paragraph"",""Text"":""134"",""Url"":null}]",null,,
01/01/1958,01/01/2158,0,0,0,2,11,0,526,78,M1,1,2013,ATCM XXXVI - CEP XVI,Brussels,"Antarctic Specially Protected Area No 108 (Green Island, Berthelot Islands, Antarctic Peninsula): Revised Management Plan",https://www.ats.aq/devAS/Meetings/Measure/526?s=1&iframe=1&from=01/01/1958&to=01/01/2158&cat=0&top=0&type=2&stat=0&txt=&curr=0,"Measure 1 (2013) - ATCM XXXVI - CEP XVI, Brussels",Effective 27/08/2013 (Fast Approval),,,0,,,Fast Approval: Entered into effect on 27 Aug 2013,7,https://documents.ats.aq/recatt/att514_e.pdf,"[{""Title"":""Subject"",""Text"":""Antarctic Specially Protected Area No 108 (Green Island, Berthelot Islands, Antarctic Peninsula): Revised Management Plan"",""Url"":null},{""Title"":""Status"",""Text"":""Effective 27/08/2013 (Fast Approval)"",""Url"":null},{""Title"":""Category"",""Text"":""Area protection and management"",""Url"":null},{""Title"":""Topics"",""Text"":""- ASPAs (Antarctic Specially Protected Areas)\n                                - Green Island (ASPA 108)"",""Url"":null},{""Title"":""Attachments"",""Text"":""ASPA N° 108 - Green Island\n                                        . Replaced by M1 (2018)"",""Url"":""https://documents.ats.aq/recatt/att514_e.pdf""},{""Title"":""Relevant Final Report paragraph"",""Text"":""125"",""Url"":null},{""Title"":""Memo"",""Text"":""Management Plan for ASPA No 108 annexed to this Measure revoked by Measure 1 (2018)"",""Url"":null}]",null,,
01/01/1958,01/01/2158,0,0,0,2,11,1,527,78,M2,2,2013,ATCM XXXVI - CEP XVI,Brussels,"Antarctic Specially Protected Area No 117 (Avian Island, Marguerite Bay, Antarctic Peninsula): Revised Management Plan",https://www.ats.aq/devAS/Meetings/Measure/527?s=1&iframe=1&from=01/01/1958&to=01/01/2158&cat=0&top=0&type=2&stat=0&txt=&curr=0,"Measure 2 (2013) - ATCM XXXVI - CEP XVI, Brussels",Effective 27/08/2013 (Fast Approval),,,0,,,Fast Approval: Entered into effect on 27 Aug 2013,7,https://documents.ats.aq/recatt/att515_e.pdf,"[{""Title"":""Subject"",""Text"":""Antarctic Specially Protected Area No 117 (Avian Island, Marguerite Bay, Antarctic Peninsula): Revised Management Plan"",""Url"":null},{""Title"":""Status"",""Text"":""Effective 27/08/2013 (Fast Approval)"",""Url"":null},{""Title"":""Category"",""Text"":""Area protection and management"",""Url"":null},{""Title"":""Topics"",""Text"":""- ASPAs (Antarctic Specially Protected Areas)\n                                - Avian Island (ASPA 117)"",""Url"":null},{""Title"":""Attachments"",""Text"":""ASPA N° 117 - Avian Island"",""Url"":""https://documents.ats.aq/recatt/att515_e.pdf""},{""Title"":""Relevant Final Report paragraph"",""Text"":""125"",""Url"":null},{""Title"":""Memo"",""Text"":""Management Plan for ASPA No 117 annexed to this Measure revoked by Measure 2 (2018)"",""Url"":null}]",null,,
01/01/1958,01/01/2158,0,0,0,2,11,2,528,78,M3,3,2013,ATCM XXXVI - CEP XVI,Brussels,"Antarctic Specially Protected Area No 123 (Barwick and Balham Valleys, Southern Victoria Land): Revised Management Plan",https://www.ats.aq/devAS/Meetings/Measure/528?s=1&iframe=1&from=01/01/1958&to=01/01/2158&cat=0&top=0&type=2&stat=0&txt=&curr=0,"Measure 3 (2013) - ATCM XXXVI - CEP XVI, Brussels",Effective 27/08/2013 (Fast Approval),,,0,,,Fast Approval: Entered into effect on 27 Aug 2013,7,https://documents.ats.aq/recatt/att516_e.pdf,"[{""Title"":""Subject"",""Text"":""Antarctic Specially Protected Area No 123 (Barwick and Balham Valleys, Southern Victoria Land): Revised Management Plan"",""Url"":null},{""Title"":""Status"",""Text"":""Effective 27/08/2013 (Fast Approval)"",""Url"":null},{""Title"":""Category"",""Text"":""Area protection and management"",""Url"":null},{""Title"":""Topics"",""Text"":""- ASPAs (Antarctic Specially Protected Areas)\n                                - Barwick Valley (ASPA 123)"",""Url"":null},{""Title"":""Attachments"",""Text"":""ASPA N° 123 - Barwick and Balham Valleys"",""Url"":""https://documents.ats.aq/recatt/att516_e.pdf""},{""Title"":""Relevant Final Report paragraph"",""Text"":""125"",""Url"":null},{""Title"":""Memo"",""Text"":""Management Plan for ASPA No 123 annexed to this Measure revoked by Measure 1 (2019)"",""Url"":null}]",null,,
01/01/1958,01/01/2158,0,0,0,2,11,3,529,78,M4,4,2013,ATCM XXXVI - CEP XVI,Brussels,"Antarctic Specially Protected Area No 132 (Potter Peninsula, King George Island (Isla 25 de Mayo), South Shetland Islands): Revised Management Plan",https://www.ats.aq/devAS/Meetings/Measure/529?s=1&iframe=1&from=01/01/1958&to=01/01/2158&cat=0&top=0&type=2&stat=0&txt=&curr=0,"Measure 4 (2013) - ATCM XXXVI - CEP XVI, Brussels",Effective 27/08/2013 (Fast Approval),,,0,,,Fast Approval: Entered into effect on 27 Aug 2013,7,https://documents.ats.aq/recatt/att517_e.pdf,"[{""Title"":""Subject"",""Text"":""Antarctic Specially Protected Area No 132 (Potter Peninsula, King George Island (Isla 25 de Mayo), South Shetland Islands): Revised Management Plan"",""Url"":null},{""Title"":""Status"",""Text"":""Effective 27/08/2013 (Fast Approval)"",""Url"":null},{""Title"":""Category"",""Text"":""Area protection and management"",""Url"":null},{""Title"":""Topics"",""Text"":""- Potter Peninsula (ASPA 132)"",""Url"":null},{""Title"":""Attachments"",""Text"":""ASPA N° 132 - Potter Peninsula"",""Url"":""https://documents.ats.aq/recatt/att517_e.pdf""},{""Title"":""Relevant Final Report paragraph"",""Text"":""125"",""Url"":null},{""Title"":""Memo"",""Text"":""Management Plan for ASPA No 132 annexed to this Measure revoked by Measure 3 (2018)"",""Url"":null}]",null,,
01/01/1958,01/01/2158,0,0,0,2,11,4,530,78,M5,5,2013,ATCM XXXVI - CEP XVI,Brussels,"Antarctic Specially Protected Area No 134 (Cierva Point and offshore islands, Danco Coast, Antarctic Peninsula): Revised Management Plan",https://www.ats.aq/devAS/Meetings/Measure/530?s=1&iframe=1&from=01/01/1958&to=01/01/2158&cat=0&top=0&type=2&stat=0&txt=&curr=0,"Measure 5 (2013) - ATCM XXXVI - CEP XVI, Brussels",Effective 27/08/2013 (Fast Approval),,,0,,,Fast Approval: Entered into effect on 27 Aug 2013,7,https://documents.ats.aq/recatt/att518_e.pdf,"[{""Title"":""Subject"",""Text"":""Antarctic Specially Protected Area No 134 (Cierva Point and offshore islands, Danco Coast, Antarctic Peninsula): Revised Management Plan"",""Url"":null},{""Title"":""Status"",""Text"":""Effective 27/08/2013 (Fast Approval)"",""Url"":null},{""Title"":""Category"",""Text"":""Area protection and management"",""Url"":null},{""Title"":""Topics"",""Text"":""- Cierva Point (ASPA 134)"",""Url"":null},{""Title"":""Attachments"",""Text"":""ASPA N° 134 - Cierva Point and offshore islands"",""Url"":""https://documents.ats.aq/recatt/att518_e.pdf""},{""Title"":""Relevant Final Report paragraph"",""Text"":""125"",""Url"":null},{""Title"":""Memo"",""Text"":""Management Plan for the ASPA 134 annexed to this Measure revoked by Measure 11 (2021)."",""Url"":null}]",null,,
01/01/1958,01/01/2158,0,0,0,2,11,5,531,78,M6,6,2013,ATCM XXXVI - CEP XVI,Brussels,"Antarctic Specially Protected Area No 135 (North-east Bailey Peninsula, Budd Coast, Wilkes Land): Revised Management Plan",https://www.ats.aq/devAS/Meetings/Measure/531?s=1&iframe=1&from=01/01/1958&to=01/01/2158&cat=0&top=0&type=2&stat=0&txt=&curr=0,"Measure 6 (2013) - ATCM XXXVI - CEP XVI, Brussels",Effective 27/08/2013 (Fast Approval),,,0,,,Fast Approval: Entered into effect on 27 Aug 2013,6,https://documents.ats.aq/recatt/att519_e.pdf,"[{""Title"":""Subject"",""Text"":""Antarctic Specially Protected Area No 135 (North-east Bailey Peninsula, Budd Coast, Wilkes Land): Revised Management Plan"",""Url"":null},{""Title"":""Status"",""Text"":""Effective 27/08/2013 (Fast Approval)"",""Url"":null},{""Title"":""Category"",""Text"":""Area protection and management"",""Url"":null},{""Title"":""Topics"",""Text"":""- ASPAs (Antarctic Specially Protected Areas)\n                                - Bailey Peninsula (ASPA 135)"",""Url"":null},{""Title"":""Attachments"",""Text"":""ASPA N° 135 - North-east Bailey Peninsula\n                                        . Replaced by M3 (2024)"",""Url"":""https://documents.ats.aq/recatt/att519_e.pdf""},{""Title"":""Relevant Final Report paragraph"",""Text"":""125"",""Url"":null}]",null,,
01/01/1958,01/01/2158,0,0,0,2,11,6,532,78,M7,7,2013,ATCM XXXVI - CEP XVI,Brussels,"Antarctic Specially Protected Area No 137 (Northwest White Island, McMurdo Sound): Revised Management Plan",https://www.ats.aq/devAS/Meetings/Measure/532?s=1&iframe=1&from=01/01/1958&to=01/01/2158&cat=0&top=0&type=2&stat=0&txt=&curr=0,"Measure 7 (2013) - ATCM XXXVI - CEP XVI, Brussels",Effective 27/08/2013 (Fast Approval),,,0,,,Fast Approval: Entered into effect on 27 Aug 2013,7,https://documents.ats.aq/recatt/att520_e.pdf,"[{""Title"":""Subject"",""Text"":""Antarctic Specially Protected Area No 137 (Northwest White Island, McMurdo Sound): Revised Management Plan"",""Url"":null},{""Title"":""Status"",""Text"":""Effective 27/08/2013 (Fast Approval)"",""Url"":null},{""Title"":""Category"",""Text"":""Area protection and management"",""Url"":null},{""Title"":""Topics"",""Text"":""- ASPAs (Antarctic Specially Protected Areas)\n                                - White Island (ASPA 137)"",""Url"":null},{""Title"":""Attachments"",""Text"":""ASPA N° 137 - Northwest White Island"",""Url"":""https://documents.ats.aq/recatt/att520_e.pdf""},{""Title"":""Relevant Final Report paragraph"",""Text"":""125"",""Url"":null},{""Title"":""Memo"",""Text"":""Management Plan for Antarctic Specially Protected Area No 137 annexed to this Measure revoked by Measure 7 (2023)"",""Url"":null}]",null,,
01/01/1958,01/01/2158,0,0,0,2,11,7,533,78,M8,8,2013,ATCM XXXVI - CEP XVI,Brussels,"Antarctic Specially Protected Area No 138 (Linnaeus Terrace, Asgard Range, Victoria Land): Revised Management Plan",https://www.ats.aq/devAS/Meetings/Measure/533?s=1&iframe=1&from=01/01/1958&to=01/01/2158&cat=0&top=0&type=2&stat=0&txt=&curr=0,"Measure 8 (2013) - ATCM XXXVI - CEP XVI, Brussels",Effective 27/08/2013 (Fast Approval),,,0,,,Fast Approval: Entered into effect on 27 Aug 2013,7,https://documents.ats.aq/recatt/att521_e.pdf,"[{""Title"":""Subject"",""Text"":""Antarctic Specially Protected Area No 138 (Linnaeus Terrace, Asgard Range, Victoria Land): Revised Management Plan"",""Url"":null},{""Title"":""Status"",""Text"":""Effective 27/08/2013 (Fast Approval)"",""Url"":null},{""Title"":""Category"",""Text"":""Area protection and management"",""Url"":null},{""Title"":""Topics"",""Text"":""- Linnaeus Terrace (ASPA 138)"",""Url"":null},{""Title"":""Attachments"",""Text"":""ASPA N° 138 - Linnaeus Terrace"",""Url"":""https://documents.ats.aq/recatt/att521_e.pdf""},{""Title"":""Relevant Final Report paragraph"",""Text"":""125"",""Url"":null},{""Title"":""Memo"",""Text"":""Management Plan for Antarctic Specially Protected Area No 138 annexed to this Measure revoked by Measure 8 (2023)"",""Url"":null}]",null,,
01/01/1958,01/01/2158,0,0,0,2,11,8,534,78,M9,9,2013,ATCM XXXVI - CEP XVI,Brussels,"Antarctic Specially Protected Area No 143 (Marine Plain, Mule Peninsula, Vestfold Hills, Princess Elizabeth Land): Revised Management Plan",https://www.ats.aq/devAS/Meetings/Measure/534?s=1&iframe=1&from=01/01/1958&to=01/01/2158&cat=0&top=0&type=2&stat=0&txt=&curr=0,"Measure 9 (2013) - ATCM XXXVI - CEP XVI, Brussels",Effective 27/08/2013 (Fast Approval),,,0,,,Fast Approval: Entered into effect on 27 Aug 2013,7,https://documents.ats.aq/recatt/att522_e.pdf,"[{""Title"":""Subject"",""Text"":""Antarctic Specially Protected Area No 143 (Marine Plain, Mule Peninsula, Vestfold Hills, Princess Elizabeth Land): Revised Management Plan"",""Url"":null},{""Title"":""Status"",""Text"":""Effective 27/08/2013 (Fast Approval)"",""Url"":null},{""Title"":""Category"",""Text"":""Area protection and management"",""Url"":null},{""Title"":""Topics"",""Text"":""- ASPAs (Antarctic Specially Protected Areas)\n                                - Marine Plain (ASPA 143)"",""Url"":null},{""Title"":""Attachments"",""Text"":""ASPA N° 143 - Marine Plain\n                                        . Replaced by M3 (2025)"",""Url"":""https://documents.ats.aq/recatt/att522_e.pdf""},{""Title"":""Relevant Final Report paragraph"",""Text"":""125"",""Url"":null},{""Title"":""Memo"",""Text"":""Management Plan for Antarctic Specially Protected Area No 143 annexed to Measure 9 (2013) revoked by Measure 3 (2025)"",""Url"":null}]",null,,
01/01/1958,01/01/2158,0,0,0,2,11,9,535,78,M10,10,2013,ATCM XXXVI - CEP XVI,Brussels,"Antarctic Specially Protected Area No 147 (Ablation Valley and Ganymede Heights, Alexander Island): Revised Management Plan",https://www.ats.aq/devAS/Meetings/Measure/535?s=1&iframe=1&from=01/01/1958&to=01/01/2158&cat=0&top=0&type=2&stat=0&txt=&curr=0,"Measure 10 (2013) - ATCM XXXVI - CEP XVI, Brussels",Effective 27/08/2013 (Fast Approval),,,0,,,Fast Approval: Entered into effect on 27 Aug 2013,7,https://documents.ats.aq/recatt/att523_e.pdf,"[{""Title"":""Subject"",""Text"":""Antarctic Specially Protected Area No 147 (Ablation Valley and Ganymede Heights, Alexander Island): Revised Management Plan"",""Url"":null},{""Title"":""Status"",""Text"":""Effective 27/08/2013 (Fast Approval)"",""Url"":null},{""Title"":""Category"",""Text"":""Area protection and management"",""Url"":null},{""Title"":""Topics"",""Text"":""- Ablation Point (ASPA 147)\n                                - ASPAs (Antarctic Specially Protected Areas)"",""Url"":null},{""Title"":""Attachments"",""Text"":""ASPA N° 147 - Ablation Valley and Ganymede Heights"",""Url"":""https://documents.ats.aq/recatt/att523_e.pdf""},{""Title"":""Relevant Final Report paragraph"",""Text"":""125"",""Url"":null},{""Title"":""Memo"",""Text"":""Management Plan for ASPA No 147 annexed to this Measure revoked by Measure 10 (2013)"",""Url"":null}]",null,,
01/01/1958,01/01/2158,0,0,0,2,11,10,536,78,M11,11,2013,ATCM XXXVI - CEP XVI,Brussels,"Antarctic Specially Protected Area No 151 (Lions Rump, King George Island (Isla 25 de Mayo), South Shetland Islands): Revised Management Plan",https://www.ats.aq/devAS/Meetings/Measure/536?s=1&iframe=1&from=01/01/1958&to=01/01/2158&cat=0&top=0&type=2&stat=0&txt=&curr=0,"Measure 11 (2013) - ATCM XXXVI - CEP XVI, Brussels",Effective 27/08/2013 (Fast Approval),,,0,,,Fast Approval: Entered into effect on 27 Aug 2013,7,https://documents.ats.aq/recatt/att524_e.pdf,"[{""Title"":""Subject"",""Text"":""Antarctic Specially Protected Area No 151 (Lions Rump, King George Island (Isla 25 de Mayo), South Shetland Islands): Revised Management Plan"",""Url"":null},{""Title"":""Status"",""Text"":""Effective 27/08/2013 (Fast Approval)"",""Url"":null},{""Title"":""Category"",""Text"":""Area protection and management"",""Url"":null},{""Title"":""Topics"",""Text"":""- ASPAs (Antarctic Specially Protected Areas)\n                                - Lions Rump (ASPA 151)"",""Url"":null},{""Title"":""Attachments"",""Text"":""ASPA N° 151 - Lions Rump"",""Url"":""https://documents.ats.aq/recatt/att524_e.pdf""},{""Title"":""Relevant Final Report paragraph"",""Text"":""125"",""Url"":null},{""Title"":""Memo"",""Text"":""Management Plan for ASPA No 151 annexed to this Measure revoked by Measure 5 (2019)"",""Url"":null}]",null,,
01/01/1958,01/01/2158,0,0,0,2,11,11,537,78,M12,12,2013,ATCM XXXVI - CEP XVI,Brussels,"Antarctic Specially Protected Area No 154 (Botany Bay, Cape Geology, Victoria Land): Revised Management Plan",https://www.ats.aq/devAS/Meetings/Measure/537?s=1&iframe=1&from=01/01/1958&to=01/01/2158&cat=0&top=0&type=2&stat=0&txt=&curr=0,"Measure 12 (2013) - ATCM XXXVI - CEP XVI, Brussels",Effective 27/08/2013 (Fast Approval),,,0,,,Fast Approval: Entered into effect on 27 Aug 2013,7,https://documents.ats.aq/recatt/att525_e.pdf,"[{""Title"":""Subject"",""Text"":""Antarctic Specially Protected Area No 154 (Botany Bay, Cape Geology, Victoria Land): Revised Management Plan"",""Url"":null},{""Title"":""Status"",""Text"":""Effective 27/08/2013 (Fast Approval)"",""Url"":null},{""Title"":""Category"",""Text"":""Area protection and management"",""Url"":null},{""Title"":""Topics"",""Text"":""- ASPAs (Antarctic Specially Protected Areas)\n                                - Botany Bay (ASPA 154)"",""Url"":null},{""Title"":""Attachments"",""Text"":""ASPA N° 154 - Botany Bay"",""Url"":""https://documents.ats.aq/recatt/att525_e.pdf""},{""Title"":""Relevant Final Report paragraph"",""Text"":""125"",""Url"":null},{""Title"":""Memo"",""Text"":""Management Plan for ASPA No 154 annexed to this Measure revoked by Measure 6 (2019)"",""Url"":null}]",null,,
01/01/1958,01/01/2158,0,0,0,2,11,12,538,78,M13,13,2013,ATCM XXXVI - CEP XVI,Brussels,"Antarctic Specially Protected Area No 156 (Lewis Bay, Mount Erebus, Ross Island): Revised Management Plan",https://www.ats.aq/devAS/Meetings/Measure/538?s=1&iframe=1&from=01/01/1958&to=01/01/2158&cat=0&top=0&type=2&stat=0&txt=&curr=0,"Measure 13 (2013) - ATCM XXXVI - CEP XVI, Brussels",Effective 27/08/2013 (Fast Approval),,,0,,,Fast Approval: Entered into effect on 27 Aug 2013,7,https://documents.ats.aq/recatt/att526_e.pdf,"[{""Title"":""Subject"",""Text"":""Antarctic Specially Protected Area No 156 (Lewis Bay, Mount Erebus, Ross Island): Revised Management Plan"",""Url"":null},{""Title"":""Status"",""Text"":""Effective 27/08/2013 (Fast Approval)"",""Url"":null},{""Title"":""Category"",""Text"":""Area protection and management"",""Url"":null},{""Title"":""Topics"",""Text"":""- ASPAs (Antarctic Specially Protected Areas)\n                                - Lewis Bay Tomb (ASPA 156)"",""Url"":null},{""Title"":""Attachments"",""Text"":""ASPA N° 156 - Lewis Bay"",""Url"":""https://documents.ats.aq/recatt/att526_e.pdf""},{""Title"":""Relevant Final Report paragraph"",""Text"":""125"",""Url"":null},{""Title"":""Memo"",""Text"":""Management Plan for ASPA No. 156 extended by ATCM XLI\nManagement Plan for Antarctic Specially Protected Area No 156 annexed to this Measure revoked by Measure 13 (2023)"",""Url"":null}]",null,,
01/01/1958,01/01/2158,0,0,0,2,11,13,539,78,M14,14,2013,ATCM XXXVI - CEP XVI,Brussels,"Antarctic Specially Protected Area No 160 (Frazier Islands, Windmill Islands, Wilkes Land, East Antarctica): Revised Management Plan",https://www.ats.aq/devAS/Meetings/Measure/539?s=1&iframe=1&from=01/01/1958&to=01/01/2158&cat=0&top=0&type=2&stat=0&txt=&curr=0,"Measure 14 (2013) - ATCM XXXVI - CEP XVI, Brussels",Effective 27/08/2013 (Fast Approval),,,0,,,Fast Approval: Entered into effect on 27 Aug 2013,6,https://documents.ats.aq/recatt/att527_e.pdf,"[{""Title"":""Subject"",""Text"":""Antarctic Specially Protected Area No 160 (Frazier Islands, Windmill Islands, Wilkes Land, East Antarctica): Revised Management Plan"",""Url"":null},{""Title"":""Status"",""Text"":""Effective 27/08/2013 (Fast Approval)"",""Url"":null},{""Title"":""Category"",""Text"":""Area protection and management"",""Url"":null},{""Title"":""Topics"",""Text"":""- ASPAs (Antarctic Specially Protected Areas)\n                                - Frazier Islands (ASPA 160)"",""Url"":null},{""Title"":""Attachments"",""Text"":""ASPA N° 160 - Frazier Islands\n                                        . Replaced by M10 (2024)"",""Url"":""https://documents.ats.aq/recatt/att527_e.pdf""},{""Title"":""Relevant Final Report paragraph"",""Text"":""125"",""Url"":null}]",null,,
01/01/1958,01/01/2158,0,0,0,2,11,14,540,78,M15,15,2013,ATCM XXXVI - CEP XVI,Brussels,"Antarctic Specially Protected Area No 161 (Terra Nova Bay, Ross Sea): Revised Management Plan",https://www.ats.aq/devAS/Meetings/Measure/540?s=1&iframe=1&from=01/01/1958&to=01/01/2158&cat=0&top=0&type=2&stat=0&txt=&curr=0,"Measure 15 (2013) - ATCM XXXVI - CEP XVI, Brussels",Effective 27/08/2013 (Fast Approval),,,0,,,Fast Approval: Entered into effect on 27 Aug 2013,7,https://documents.ats.aq/recatt/att528_e.pdf,"[{""Title"":""Subject"",""Text"":""Antarctic Specially Protected Area No 161 (Terra Nova Bay, Ross Sea): Revised Management Plan"",""Url"":null},{""Title"":""Status"",""Text"":""Effective 27/08/2013 (Fast Approval)"",""Url"":null},{""Title"":""Category"",""Text"":""Area protection and management"",""Url"":null},{""Title"":""Topics"",""Text"":""- ASPAs (Antarctic Specially Protected Areas)\n                                - Terra Nova Bay (ASPA 161)"",""Url"":null},{""Title"":""Attachments"",""Text"":""ASPA N° 161 - Terra Nova Bay"",""Url"":""https://documents.ats.aq/recatt/att528_e.pdf""},{""Title"":""Relevant Final Report paragraph"",""Text"":""125"",""Url"":null},{""Title"":""Memo"",""Text"":""Management Plan for ASPA No 161 annexed to this Measure revoked by Measure 7 (2019)"",""Url"":null}]",null,,
01/01/1958,01/01/2158,0,0,0,2,12,0,541,78,M16,16,2013,ATCM XXXVI - CEP XVI,Brussels,"Antarctic Specially Protected Area No 170 (Marion Nunataks, Charcot Island, Antarctic Peninsula): Revised Management Plan",https://www.ats.aq/devAS/Meetings/Measure/541?s=1&iframe=1&from=01/01/1958&to=01/01/2158&cat=0&top=0&type=2&stat=0&txt=&curr=0,"Measure 16 (2013) - ATCM XXXVI - CEP XVI, Brussels",Effective 27/08/2013 (Fast Approval),,,0,,,Fast Approval: Entered into effect on 27 Aug 2013,7,https://documents.ats.aq/recatt/att529_e.pdf,"[{""Title"":""Subject"",""Text"":""Antarctic Specially Protected Area No 170 (Marion Nunataks, Charcot Island, Antarctic Peninsula): Revised Management Plan"",""Url"":null},{""Title"":""Status"",""Text"":""Effective 27/08/2013 (Fast Approval)"",""Url"":null},{""Title"":""Category"",""Text"":""Area protection and management"",""Url"":null},{""Title"":""Topics"",""Text"":""- ASPAs (Antarctic Specially Protected Areas)\n                                - Marion Nunataks (ASPA 170)"",""Url"":null},{""Title"":""Attachments"",""Text"":""ASPA N° 170 - Marion Nunataks"",""Url"":""https://documents.ats.aq/recatt/att529_e.pdf""},{""Title"":""Relevant Final Report paragraph"",""Text"":""125"",""Url"":null},{""Title"":""Memo"",""Text"":""Management Plan for ASPA No 170 annexed to this Measure revoked by Measure 5 (2018)"",""Url"":null}]",null,,
01/01/1958,01/01/2158,0,0,0,2,12,1,542,78,M17,17,2013,ATCM XXXVI - CEP XVI,Brussels,"Antarctic Specially Protected Area No 173 (Cape Washington and Silverfish Bay, Terra Nova Bay, Ross Sea): Management Plan",https://www.ats.aq/devAS/Meetings/Measure/542?s=1&iframe=1&from=01/01/1958&to=01/01/2158&cat=0&top=0&type=2&stat=0&txt=&curr=0,"Measure 17 (2013) - ATCM XXXVI - CEP XVI, Brussels",Effective 27/08/2013 (Fast Approval),,,0,,,Fast Approval: Entered into effect on 27 Aug 2013,7,https://documents.ats.aq/recatt/att530_e.pdf,"[{""Title"":""Subject"",""Text"":""Antarctic Specially Protected Area No 173 (Cape Washington and Silverfish Bay, Terra Nova Bay, Ross Sea): Management Plan"",""Url"":null},{""Title"":""Status"",""Text"":""Effective 27/08/2013 (Fast Approval)"",""Url"":null},{""Title"":""Category"",""Text"":""Area protection and management"",""Url"":null},{""Title"":""Topics"",""Text"":""- ASPAs (Antarctic Specially Protected Areas)\n                                - Cape Washington and Silverfish Bay, Terra Nova Bay, Ross Sea (ASPA 173)"",""Url"":null},{""Title"":""Attachments"",""Text"":""ASPA N° 173 - Cape Washington and Silverfish Bay"",""Url"":""https://documents.ats.aq/recatt/att530_e.pdf""},{""Title"":""Relevant Final Report paragraph"",""Text"":""125"",""Url"":null},{""Title"":""Memo"",""Text"":""Management Plan for ASPA No 173 annexed to this Measure revoked by Measure 9 (2019)"",""Url"":null}]",null,,
01/01/1958,01/01/2158,0,0,0,2,12,2,543,78,M18,18,2013,ATCM XXXVI - CEP XVI,Brussels,"Antarctic Historic Sites and Monuments: Location of the first permanently occupied German Antarctic research station “Georg Forster” at the Schirmacher Oasis, Dronning Maud Land",https://www.ats.aq/devAS/Meetings/Measure/543?s=1&iframe=1&from=01/01/1958&to=01/01/2158&cat=0&top=0&type=2&stat=0&txt=&curr=0,"Measure 18 (2013) - ATCM XXXVI - CEP XVI, Brussels",Effective 27/08/2013 (Fast Approval),,,0,,,Fast Approval: Entered into effect on 27 Aug 2013,6,,"[{""Title"":""Subject"",""Text"":""Antarctic Historic Sites and Monuments: Location of the first permanently occupied German Antarctic research station “Georg Forster” at the Schirmacher Oasis, Dronning Maud Land"",""Url"":null},{""Title"":""Status"",""Text"":""Effective 27/08/2013 (Fast Approval)"",""Url"":null},{""Title"":""Category"",""Text"":""Historic Sites and Monuments"",""Url"":null},{""Title"":""Topics"",""Text"":""- HSMs - general\n                                - Location of the first permanently occupied German Antarctic research station “Georg Forster” at the Schirmacher Oasis, Dronning Maud Land (HSM 87)"",""Url"":null},{""Title"":""Attachments"",""Text"":"""",""Url"":null},{""Title"":""Relevant Final Report paragraph"",""Text"":""132"",""Url"":null}]",null,,
01/01/1958,01/01/2158,0,0,0,2,12,3,544,78,M19,19,2013,ATCM XXXVI - CEP XVI,Brussels,"Antarctic Historic Sites and Monuments: Professor Kudryashov’s Drilling Complex Building, Vostok Station",https://www.ats.aq/devAS/Meetings/Measure/544?s=1&iframe=1&from=01/01/1958&to=01/01/2158&cat=0&top=0&type=2&stat=0&txt=&curr=0,"Measure 19 (2013) - ATCM XXXVI - CEP XVI, Brussels",Effective 27/08/2013 (Fast Approval),,,0,,,Fast Approval: Entered into effect on 27 Aug 2013,6,,"[{""Title"":""Subject"",""Text"":""Antarctic Historic Sites and Monuments: Professor Kudryashov’s Drilling Complex Building, Vostok Station"",""Url"":null},{""Title"":""Status"",""Text"":""Effective 27/08/2013 (Fast Approval)"",""Url"":null},{""Title"":""Category"",""Text"":""Historic Sites and Monuments"",""Url"":null},{""Title"":""Topics"",""Text"":""- HSMs - general\n                                - Professor Kudryashov’s Drilling Complex Building (HSM 88)"",""Url"":null},{""Title"":""Attachments"",""Text"":"""",""Url"":null},{""Title"":""Relevant Final Report paragraph"",""Text"":""132"",""Url"":null}]",null,,
01/01/1958,01/01/2158,0,0,0,2,12,4,545,78,M20,20,2013,ATCM XXXVI - CEP XVI,Brussels,"Antarctic Historic Sites and Monuments: Upper “Summit Camp”, Mount Erebus",https://www.ats.aq/devAS/Meetings/Measure/545?s=1&iframe=1&from=01/01/1958&to=01/01/2158&cat=0&top=0&type=2&stat=0&txt=&curr=0,"Measure 20 (2013) - ATCM XXXVI - CEP XVI, Brussels",Effective 27/08/2013 (Fast Approval),,,0,,,Fast Approval: Entered into effect on 27 Aug 2013,6,,"[{""Title"":""Subject"",""Text"":""Antarctic Historic Sites and Monuments: Upper “Summit Camp”, Mount Erebus"",""Url"":null},{""Title"":""Status"",""Text"":""Effective 27/08/2013 (Fast Approval)"",""Url"":null},{""Title"":""Category"",""Text"":""Historic Sites and Monuments"",""Url"":null},{""Title"":""Topics"",""Text"":""- HSMs - general\n                                - Terra Nova Expedition 1910-12, Upper “Summit Camp” (HSM 89)"",""Url"":null},{""Title"":""Attachments"",""Text"":"""",""Url"":null},{""Title"":""Relevant Final Report paragraph"",""Text"":""132"",""Url"":null}]",null,,
01/01/1958,01/01/2158,0,0,0,2,12,5,546,78,M21,21,2013,ATCM XXXVI - CEP XVI,Brussels,"Antarctic Historic Sites and Monuments: Lower “Camp E”, Mount Erebus",https://www.ats.aq/devAS/Meetings/Measure/546?s=1&iframe=1&from=01/01/1958&to=01/01/2158&cat=0&top=0&type=2&stat=0&txt=&curr=0,"Measure 21 (2013) - ATCM XXXVI - CEP XVI, Brussels",Effective 27/08/2013 (Fast Approval),,,0,,,Fast Approval: Entered into effect on 27 Aug 2013,6,,"[{""Title"":""Subject"",""Text"":""Antarctic Historic Sites and Monuments: Lower “Camp E”, Mount Erebus"",""Url"":null},{""Title"":""Status"",""Text"":""Effective 27/08/2013 (Fast Approval)"",""Url"":null},{""Title"":""Category"",""Text"":""Historic Sites and Monuments"",""Url"":null},{""Title"":""Topics"",""Text"":""- HSMs - general\n                                - Terra Nova Expedition 1910-12, Lower “Camp E” Site (HSM 90)"",""Url"":null},{""Title"":""Attachments"",""Text"":"""",""Url"":null},{""Title"":""Relevant Final Report paragraph"",""Text"":""132"",""Url"":null}]",null,,
01/01/1958,01/01/2158,0,0,0,2,12,6,500,77,M1,1,2012,ATCM XXXV - CEP XV,Hobart,"Antarctic Specially Protected Area No 109 (Moe Island, South Orkney Islands): Revised Management Plan",https://www.ats.aq/devAS/Meetings/Measure/500?s=1&iframe=1&from=01/01/1958&to=01/01/2158&cat=0&top=0&type=2&stat=0&txt=&curr=0,"Measure 1 (2012) - ATCM XXXV - CEP XV, Hobart",Effective 31/10/2012 (Fast Approval),,,0,,,Fast Approval: Entered into effect on 31 Oct 2012,7,https://documents.ats.aq/recatt/att499_e.pdf,"[{""Title"":""Subject"",""Text"":""Antarctic Specially Protected Area No 109 (Moe Island, South Orkney Islands): Revised Management Plan"",""Url"":null},{""Title"":""Status"",""Text"":""Effective 31/10/2012 (Fast Approval)"",""Url"":null},{""Title"":""Category"",""Text"":""Area protection and management"",""Url"":null},{""Title"":""Topics"",""Text"":""- ASPAs (Antarctic Specially Protected Areas)\n                                - Moe Island (ASPA 109)"",""Url"":null},{""Title"":""Attachments"",""Text"":""ASPA No 109 - Moe Island"",""Url"":""https://documents.ats.aq/recatt/att499_e.pdf""},{""Title"":""Relevant Final Report paragraph"",""Text"":""103"",""Url"":null},{""Title"":""Memo"",""Text"":""Management Plan for ASPA No 109 annexed to this Measure revoked by Measure 1 (2017)"",""Url"":null}]",null,,
01/01/1958,01/01/2158,0,0,0,2,12,7,501,77,M2,2,2012,ATCM XXXV - CEP XV,Hobart,"Antarctic Specially Protected Area  No 110 (Lynch Island, South Orkney Islands): Revised Management Plan",https://www.ats.aq/devAS/Meetings/Measure/501?s=1&iframe=1&from=01/01/1958&to=01/01/2158&cat=0&top=0&type=2&stat=0&txt=&curr=0,"Measure 2 (2012) - ATCM XXXV - CEP XV, Hobart",Effective 31/10/2012 (Fast Approval),,,0,,,Fast Approval: Entered into effect on 31 Oct 2012,7,https://documents.ats.aq/recatt/att501_e.pdf,"[{""Title"":""Subject"",""Text"":""Antarctic Specially Protected Area  No 110 (Lynch Island, South Orkney Islands): Revised Management Plan"",""Url"":null},{""Title"":""Status"",""Text"":""Effective 31/10/2012 (Fast Approval)"",""Url"":null},{""Title"":""Category"",""Text"":""Area protection and management"",""Url"":null},{""Title"":""Topics"",""Text"":""- ASPAs (Antarctic Specially Protected Areas)\n                                - Lynch Island (ASPA 110)"",""Url"":null},{""Title"":""Attachments"",""Text"":""ASPA No 110 - Lynch Island"",""Url"":""https://documents.ats.aq/recatt/att501_e.pdf""},{""Title"":""Relevant Final Report paragraph"",""Text"":""103"",""Url"":null},{""Title"":""Memo"",""Text"":""Management Plan for ASPA No 110 annexed to this Measure revoked by Measure 2 (2017)"",""Url"":null}]",null,,
01/01/1958,01/01/2158,0,0,0,2,12,8,502,77,M3,3,2012,ATCM XXXV - CEP XV,Hobart,"Antarctic Specially Protected Area No 111 (Southern Powell Island and adjacent islands, South Orkney Islands): Revised Management Plan",https://www.ats.aq/devAS/Meetings/Measure/502?s=1&iframe=1&from=01/01/1958&to=01/01/2158&cat=0&top=0&type=2&stat=0&txt=&curr=0,"Measure 3 (2012) - ATCM XXXV - CEP XV, Hobart",Effective 31/10/2012 (Fast Approval),,,0,,,Fast Approval: Entered into effect on 31 Oct 2012,7,https://documents.ats.aq/recatt/att502_e.pdf,"[{""Title"":""Subject"",""Text"":""Antarctic Specially Protected Area No 111 (Southern Powell Island and adjacent islands, South Orkney Islands): Revised Management Plan"",""Url"":null},{""Title"":""Status"",""Text"":""Effective 31/10/2012 (Fast Approval)"",""Url"":null},{""Title"":""Category"",""Text"":""Area protection and management"",""Url"":null},{""Title"":""Topics"",""Text"":""- ASPAs (Antarctic Specially Protected Areas)\n                                - Powell Island (ASPA 111)"",""Url"":null},{""Title"":""Attachments"",""Text"":""ASPA No 111 - Southern Powell Island and adjacent islands"",""Url"":""https://documents.ats.aq/recatt/att502_e.pdf""},{""Title"":""Relevant Final Report paragraph"",""Text"":""103"",""Url"":null},{""Title"":""Memo"",""Text"":""Management Plan for ASPA No 111 annexed to this Measure revoked by Measure 3 (2017)"",""Url"":null}]",null,,
01/01/1958,01/01/2158,0,0,0,2,12,9,503,77,M4,4,2012,ATCM XXXV - CEP XV,Hobart,"Antarctic Specially Protected Area No 112 (Coppermine Peninsula, Robert Island, South Shetland Islands): Revised Management Plan",https://www.ats.aq/devAS/Meetings/Measure/503?s=1&iframe=1&from=01/01/1958&to=01/01/2158&cat=0&top=0&type=2&stat=0&txt=&curr=0,"Measure 4 (2012) - ATCM XXXV - CEP XV, Hobart",Effective 31/10/2012 (Fast Approval),,,0,,,Fast Approval: Entered into effect on 31 Oct 2012,6,https://documents.ats.aq/recatt/att506_e.pdf,"[{""Title"":""Subject"",""Text"":""Antarctic Specially Protected Area No 112 (Coppermine Peninsula, Robert Island, South Shetland Islands): Revised Management Plan"",""Url"":null},{""Title"":""Status"",""Text"":""Effective 31/10/2012 (Fast Approval)"",""Url"":null},{""Title"":""Category"",""Text"":""Area protection and management"",""Url"":null},{""Title"":""Topics"",""Text"":""- ASPAs (Antarctic Specially Protected Areas)\n                                - Coppermine Peninsula (ASPA 112)"",""Url"":null},{""Title"":""Attachments"",""Text"":""ASPA No 112 - Coppermine Peninsula"",""Url"":""https://documents.ats.aq/recatt/att506_e.pdf""},{""Title"":""Relevant Final Report paragraph"",""Text"":""103"",""Url"":null}]",null,,
01/01/1958,01/01/2158,0,0,0,2,12,10,504,77,M5,5,2012,ATCM XXXV - CEP XV,Hobart,"Antarctic Specially Protected Area No 115 (Lagotellerie Island, Marguerite Bay, Graham Land): Revised Management Plan",https://www.ats.aq/devAS/Meetings/Measure/504?s=1&iframe=1&from=01/01/1958&to=01/01/2158&cat=0&top=0&type=2&stat=0&txt=&curr=0,"Measure 5 (2012) - ATCM XXXV - CEP XV, Hobart",Effective 31/10/2012 (Fast Approval),,,0,,,Fast Approval: Entered into effect on 31 Oct 2012,7,https://documents.ats.aq/recatt/att508_e.pdf,"[{""Title"":""Subject"",""Text"":""Antarctic Specially Protected Area No 115 (Lagotellerie Island, Marguerite Bay, Graham Land): Revised Management Plan"",""Url"":null},{""Title"":""Status"",""Text"":""Effective 31/10/2012 (Fast Approval)"",""Url"":null},{""Title"":""Category"",""Text"":""Area protection and management"",""Url"":null},{""Title"":""Topics"",""Text"":""- ASPAs (Antarctic Specially Protected Areas)\n                                - Lagotellerie Island (ASPA 115)"",""Url"":null},{""Title"":""Attachments"",""Text"":""ASPA No 115 - Lagotellerie Island"",""Url"":""https://documents.ats.aq/recatt/att508_e.pdf""},{""Title"":""Relevant Final Report paragraph"",""Text"":""103"",""Url"":null},{""Title"":""Memo"",""Text"":""Management Plan for ASPA No 115 annexed to this Measure revoked by Measure 4 (2017)"",""Url"":null}]",null,,
01/01/1958,01/01/2158,0,0,0,2,12,11,505,77,M6,6,2012,ATCM XXXV - CEP XV,Hobart,"Antarctic Specially Protected Area No 129 (Rothera Point, Adelaide Island): Revised Management Plan",https://www.ats.aq/devAS/Meetings/Measure/505?s=1&iframe=1&from=01/01/1958&to=01/01/2158&cat=0&top=0&type=2&stat=0&txt=&curr=0,"Measure 6 (2012) - ATCM XXXV - CEP XV, Hobart",Effective 31/10/2012 (Fast Approval),,,0,,,Fast Approval: Entered into effect on 31 Oct 2012,7,https://documents.ats.aq/recatt/att509_e.pdf,"[{""Title"":""Subject"",""Text"":""Antarctic Specially Protected Area No 129 (Rothera Point, Adelaide Island): Revised Management Plan"",""Url"":null},{""Title"":""Status"",""Text"":""Effective 31/10/2012 (Fast Approval)"",""Url"":null},{""Title"":""Category"",""Text"":""Area protection and management"",""Url"":null},{""Title"":""Topics"",""Text"":""- ASPAs (Antarctic Specially Protected Areas)\n                                - Rothera Point (ASPA 129)"",""Url"":null},{""Title"":""Attachments"",""Text"":""ASPA No 129 - Rothera Point"",""Url"":""https://documents.ats.aq/recatt/att509_e.pdf""},{""Title"":""Relevant Final Report paragraph"",""Text"":""103"",""Url"":null},{""Title"":""Memo"",""Text"":""Management Plan for ASPA No 129 annexed to this Measure revoked by Measure 5 (2017)"",""Url"":null}]",null,,
01/01/1958,01/01/2158,0,0,0,2,12,12,506,77,M7,7,2012,ATCM XXXV - CEP XV,Hobart,"Antarctic Specially Protected Area No 133 (Harmony Point, Nelson Island, South Shetland Islands): Revised Management Plan",https://www.ats.aq/devAS/Meetings/Measure/506?s=1&iframe=1&from=01/01/1958&to=01/01/2158&cat=0&top=0&type=2&stat=0&txt=&curr=0,"Measure 7 (2012) - ATCM XXXV - CEP XV, Hobart",Effective 31/10/2012 (Fast Approval),,,0,,,Fast Approval: Entered into effect on 31 Oct 2012,7,https://documents.ats.aq/recatt/att510_e.pdf,"[{""Title"":""Subject"",""Text"":""Antarctic Specially Protected Area No 133 (Harmony Point, Nelson Island, South Shetland Islands): Revised Management Plan"",""Url"":null},{""Title"":""Status"",""Text"":""Effective 31/10/2012 (Fast Approval)"",""Url"":null},{""Title"":""Category"",""Text"":""Area protection and management"",""Url"":null},{""Title"":""Topics"",""Text"":""- ASPAs (Antarctic Specially Protected Areas)\n                                - Harmony Point (ASPA 133)"",""Url"":null},{""Title"":""Attachments"",""Text"":""ASPA No 133 - Harmony Point"",""Url"":""https://documents.ats.aq/recatt/att510_e.pdf""},{""Title"":""Relevant Final Report paragraph"",""Text"":""103"",""Url"":null},{""Title"":""Memo"",""Text"":""Management Plan for Antarctic Specially Protected Area No 133 annexed to this Measure revoked by Measure 13 (2022)"",""Url"":null}]",null,,
01/01/1958,01/01/2158,0,0,0,2,12,13,507,77,M8,8,2012,ATCM XXXV - CEP XV,Hobart,Antarctic Specially Protected Area No 140 (Parts of Deception Island): Revised Management Plan,https://www.ats.aq/devAS/Meetings/Measure/507?s=1&iframe=1&from=01/01/1958&to=01/01/2158&cat=0&top=0&type=2&stat=0&txt=&curr=0,"Measure 8 (2012) - ATCM XXXV - CEP XV, Hobart",Effective 31/10/2012 (Fast Approval),,,0,,,Fast Approval: Entered into effect on 31 Oct 2012,7,https://documents.ats.aq/recatt/att511_e.pdf,"[{""Title"":""Subject"",""Text"":""Antarctic Specially Protected Area No 140 (Parts of Deception Island): Revised Management Plan"",""Url"":null},{""Title"":""Status"",""Text"":""Effective 31/10/2012 (Fast Approval)"",""Url"":null},{""Title"":""Category"",""Text"":""Area protection and management"",""Url"":null},{""Title"":""Topics"",""Text"":""- ASPAs (Antarctic Specially Protected Areas)\n                                - Deception Island (ASPA 140)"",""Url"":null},{""Title"":""Attachments"",""Text"":""ASPA No 140 - Parts of Deception Island"",""Url"":""https://documents.ats.aq/recatt/att511_e.pdf""},{""Title"":""Relevant Final Report paragraph"",""Text"":""103"",""Url"":null},{""Title"":""Memo"",""Text"":""Management Plan for ASPA No 140 annexed to this Measure revoked by Measure 6 (2017)"",""Url"":null}]",null,,
01/01/1958,01/01/2158,0,0,0,2,12,14,508,77,M9,9,2012,ATCM XXXV - CEP XV,Hobart,"Antarctic Specially Protected Area No 172 (Lower Taylor Glacier and Blood Falls,Taylor Valley, McMurdo Dry Valleys, Victoria Land):  Management Plan",https://www.ats.aq/devAS/Meetings/Measure/508?s=1&iframe=1&from=01/01/1958&to=01/01/2158&cat=0&top=0&type=2&stat=0&txt=&curr=0,"Measure 9 (2012) - ATCM XXXV - CEP XV, Hobart",Effective 31/10/2012 (Fast Approval),,,0,,,Fast Approval: Entered into effect on 31 Oct 2012,7,https://documents.ats.aq/recatt/att513_e.pdf,"[{""Title"":""Subject"",""Text"":""Antarctic Specially Protected Area No 172 (Lower Taylor Glacier and Blood Falls,Taylor Valley, McMurdo Dry Valleys, Victoria Land):  Management Plan"",""Url"":null},{""Title"":""Status"",""Text"":""Effective 31/10/2012 (Fast Approval)"",""Url"":null},{""Title"":""Category"",""Text"":""Area protection and management"",""Url"":null},{""Title"":""Topics"",""Text"":""- ASPAs (Antarctic Specially Protected Areas)\n                                - Lower Taylor Glacier and Blood Falls (ASPA 172)"",""Url"":null},{""Title"":""Attachments"",""Text"":""ASPA 172 Lower Taylor Glacier and Blood Falls"",""Url"":""https://documents.ats.aq/recatt/att513_e.pdf""},{""Title"":""Relevant Final Report paragraph"",""Text"":""103"",""Url"":null},{""Title"":""Memo"",""Text"":""Management Plan for ASPA No 172 annexed to this Measure revoked by Measure 6 (2018)"",""Url"":null}]",null,,
01/01/1958,01/01/2158,0,0,0,2,13,0,509,77,M10,10,2012,ATCM XXXV - CEP XV,Hobart,Antarctic Specially Managed Area No 4 (Deception Island): Revised Management Plan,https://www.ats.aq/devAS/Meetings/Measure/509?s=1&iframe=1&from=01/01/1958&to=01/01/2158&cat=0&top=0&type=2&stat=0&txt=&curr=0,"Measure 10 (2012) - ATCM XXXV - CEP XV, Hobart",Effective 31/10/2012 (Fast Approval),,,0,,,Fast Approval: Entered into effect on 31 Oct 2012,7,https://documents.ats.aq/recatt/att512_e.pdf,"[{""Title"":""Subject"",""Text"":""Antarctic Specially Managed Area No 4 (Deception Island): Revised Management Plan"",""Url"":null},{""Title"":""Status"",""Text"":""Effective 31/10/2012 (Fast Approval)"",""Url"":null},{""Title"":""Category"",""Text"":""Area protection and management"",""Url"":null},{""Title"":""Topics"",""Text"":""- ASMAs (Antarctic Specially Managed Areas)\n                                - Deception Island (ASMA 4)"",""Url"":null},{""Title"":""Attachments"",""Text"":""ASMA No 4 - Deception Island"",""Url"":""https://documents.ats.aq/recatt/att512_e.pdf""},{""Title"":""Relevant Final Report paragraph"",""Text"":""103"",""Url"":null},{""Title"":""Memo"",""Text"":""Management Plan for ASMA No 4 annexed to this Measure revoked by Measure 10 (2019)"",""Url"":null}]",null,,
01/01/1958,01/01/2158,0,0,0,2,13,1,510,77,M11,11,2012,ATCM XXXV - CEP XV,Hobart,"Antarctic Historic Sites and Monuments: No 4 Pole of Inaccessibility Station building, No 7 Ivan Khmara's Stone, No 8 Anatoly Shcheglov's Monument, No 9 Buromsky Island Cemetery, No 10 Soviet Oasis Station Observatory, No 11 Vostok Station Tractor, No 37 O'Higgins Historic Site",https://www.ats.aq/devAS/Meetings/Measure/510?s=1&iframe=1&from=01/01/1958&to=01/01/2158&cat=0&top=0&type=2&stat=0&txt=&curr=0,"Measure 11 (2012) - ATCM XXXV - CEP XV, Hobart",Effective 31/10/2012 (Fast Approval),,,0,,,Fast Approval: Entered into effect on 31 Oct 2012,6,,"[{""Title"":""Subject"",""Text"":""Antarctic Historic Sites and Monuments: No 4 Pole of Inaccessibility Station building, No 7 Ivan Khmara's Stone, No 8 Anatoly Shcheglov's Monument, No 9 Buromsky Island Cemetery, No 10 Soviet Oasis Station Observatory, No 11 Vostok Station Tractor, No 37 O'Higgins Historic Site"",""Url"":null},{""Title"":""Status"",""Text"":""Effective 31/10/2012 (Fast Approval)"",""Url"":null},{""Title"":""Category"",""Text"":""Area protection and management"",""Url"":null},{""Title"":""Topics"",""Text"":""- Anatoly Shcheglov´s Monument (HSM 8)\n                                - Buromsky Island Cemetery (HSM 9)\n                                - HSMs - general\n                                - Ivan Khmara's Stone (HSM 7)\n                                - Kharma's Stone (HSM 7)\n                                - Lenin's Bust (HSM 4)\n                                - O´Higgins (HSM 37)\n                                - Oasis Station Observatory (HSM 10)\n                                - O'Higgins Historic site (HSM 37)\n                                - Pole of Inaccessibility Station building (HSM 4)\n                                - Shcheglov's Monument (HSM 8)\n                                - Soviet Expedition Cemetery  (HSM 9) \n                                - Soviet Oasis Station Observatory (HSM 10)\n                                - Vostok Station Tractor (HSM 11)"",""Url"":null},{""Title"":""Attachments"",""Text"":"""",""Url"":null},{""Title"":""Relevant Final Report paragraph"",""Text"":""109"",""Url"":null}]",null,,
01/01/1958,01/01/2158,0,0,0,2,13,2,479,76,M1,1,2011,ATCM XXXIV - CEP XIV,Buenos Aires,"ASPA No 116 (New College Valley, Caughley Beach, Cape Bird, Ross Island): Revised Management Plan",https://www.ats.aq/devAS/Meetings/Measure/479?s=1&iframe=1&from=01/01/1958&to=01/01/2158&cat=0&top=0&type=2&stat=0&txt=&curr=0,"Measure 1 (2011) - ATCM XXXIV - CEP XIV, Buenos Aires",Effective 29/09/2011 (Fast Approval),,,0,,,Fast Approval: Entered into effect on 29 Sep 2011,7,https://documents.ats.aq/recatt/att467_e.pdf,"[{""Title"":""Subject"",""Text"":""ASPA No 116 (New College Valley, Caughley Beach, Cape Bird, Ross Island): Revised Management Plan"",""Url"":null},{""Title"":""Status"",""Text"":""Effective 29/09/2011 (Fast Approval)"",""Url"":null},{""Title"":""Category"",""Text"":""Area protection and management"",""Url"":null},{""Title"":""Topics"",""Text"":""- ASPAs (Antarctic Specially Protected Areas)\n                                - New College Valley (ASPA 116)"",""Url"":null},{""Title"":""Attachments"",""Text"":""ASPA No 116 - New College Valley"",""Url"":""https://documents.ats.aq/recatt/att467_e.pdf""},{""Title"":""Relevant Final Report paragraph"",""Text"":""114"",""Url"":null},{""Title"":""Memo"",""Text"":""Management Plan for ASPA No 116 annexed to this Measure revoked by Measure 1 (2016)"",""Url"":null}]",null,,
01/01/1958,01/01/2158,0,0,0,2,13,3,480,76,M2,2,2011,ATCM XXXIV - CEP XIV,Buenos Aires,"ASPA No 120 (Pointe-Géologie Archipelago, Terre Adélie): Revised Management Plan",https://www.ats.aq/devAS/Meetings/Measure/480?s=1&iframe=1&from=01/01/1958&to=01/01/2158&cat=0&top=0&type=2&stat=0&txt=&curr=0,"Measure 2 (2011) - ATCM XXXIV - CEP XIV, Buenos Aires",Effective 29/09/2011 (Fast Approval),,,0,,,Fast Approval: Entered into effect on 29 Sep 2011,7,https://documents.ats.aq/recatt/att472_e.pdf,"[{""Title"":""Subject"",""Text"":""ASPA No 120 (Pointe-Géologie Archipelago, Terre Adélie): Revised Management Plan"",""Url"":null},{""Title"":""Status"",""Text"":""Effective 29/09/2011 (Fast Approval)"",""Url"":null},{""Title"":""Category"",""Text"":""Area protection and management"",""Url"":null},{""Title"":""Topics"",""Text"":""- ASPAs (Antarctic Specially Protected Areas)\n                                - Pointe-Geologie (ASPA 120)"",""Url"":null},{""Title"":""Attachments"",""Text"":""ASPA No 120  - Pointe-Géologie Archipelago"",""Url"":""https://documents.ats.aq/recatt/att472_e.pdf""},{""Title"":""Relevant Final Report paragraph"",""Text"":""114"",""Url"":null},{""Title"":""Memo"",""Text"":""Management Plan for ASPA No 120 annexed to this Measure revoked by Measure 2 (2016)"",""Url"":null}]",null,,
01/01/1958,01/01/2158,0,0,0,2,13,4,481,76,M3,3,2011,ATCM XXXIV - CEP XIV,Buenos Aires,"ASPA No 122 (Arrival Heights, Hut Point Peninsula, Ross Island): Revised Management Plan",https://www.ats.aq/devAS/Meetings/Measure/481?s=1&iframe=1&from=01/01/1958&to=01/01/2158&cat=0&top=0&type=2&stat=0&txt=&curr=0,"Measure 3 (2011) - ATCM XXXIV - CEP XIV, Buenos Aires",Effective 29/09/2011 (Fast Approval),,,0,,,Fast Approval: Entered into effect on 29 Sep 2011,7,https://documents.ats.aq/recatt/att473_e.pdf,"[{""Title"":""Subject"",""Text"":""ASPA No 122 (Arrival Heights, Hut Point Peninsula, Ross Island): Revised Management Plan"",""Url"":null},{""Title"":""Status"",""Text"":""Effective 29/09/2011 (Fast Approval)"",""Url"":null},{""Title"":""Category"",""Text"":""Area protection and management"",""Url"":null},{""Title"":""Topics"",""Text"":""- Arrival Heights (ASPA 122)\n                                - ASPAs (Antarctic Specially Protected Areas)"",""Url"":null},{""Title"":""Attachments"",""Text"":""ASPA No 122  - Arrival Heights"",""Url"":""https://documents.ats.aq/recatt/att473_e.pdf""},{""Title"":""Relevant Final Report paragraph"",""Text"":""114"",""Url"":null},{""Title"":""Memo"",""Text"":""Management Plan for ASPA No 122 annexed to this Measure revoked by Measure 3 (2016)"",""Url"":null}]",null,,
01/01/1958,01/01/2158,0,0,0,2,13,5,482,76,M4,4,2011,ATCM XXXIV - CEP XIV,Buenos Aires,"ASPA No 126 (Byers Peninsula, Livingston Island, South Shetland Islands): Revised Management Plan",https://www.ats.aq/devAS/Meetings/Measure/482?s=1&iframe=1&from=01/01/1958&to=01/01/2158&cat=0&top=0&type=2&stat=0&txt=&curr=0,"Measure 4 (2011) - ATCM XXXIV - CEP XIV, Buenos Aires",Effective 29/09/2011 (Fast Approval),,,0,,,Fast Approval: Entered into effect on 29 Sep 2011,7,https://documents.ats.aq/recatt/att474_e.pdf,"[{""Title"":""Subject"",""Text"":""ASPA No 126 (Byers Peninsula, Livingston Island, South Shetland Islands): Revised Management Plan"",""Url"":null},{""Title"":""Status"",""Text"":""Effective 29/09/2011 (Fast Approval)"",""Url"":null},{""Title"":""Category"",""Text"":""Area protection and management"",""Url"":null},{""Title"":""Topics"",""Text"":""- ASPAs (Antarctic Specially Protected Areas)\n                                - Byers Peninsula (ASPA 126)"",""Url"":null},{""Title"":""Attachments"",""Text"":""ASPA No 126 - Byers Peninsula"",""Url"":""https://documents.ats.aq/recatt/att474_e.pdf""},{""Title"":""Relevant Final Report paragraph"",""Text"":""114"",""Url"":null},{""Title"":""Memo"",""Text"":""Management Plan for ASPA No 126 annexed to this Measure revoked by Measure 4 (2016)"",""Url"":null}]",null,,
01/01/1958,01/01/2158,0,0,0,2,13,6,483,76,M5,5,2011,ATCM XXXIV - CEP XIV,Buenos Aires,ASPA No 127 (Haswell Island): Revised Management Plan,https://www.ats.aq/devAS/Meetings/Measure/483?s=1&iframe=1&from=01/01/1958&to=01/01/2158&cat=0&top=0&type=2&stat=0&txt=&curr=0,"Measure 5 (2011) - ATCM XXXIV - CEP XIV, Buenos Aires",Effective 29/09/2011 (Fast Approval),,,0,,,Fast Approval: Entered into effect on 29 Sep 2011,7,https://documents.ats.aq/recatt/att475_e.pdf,"[{""Title"":""Subject"",""Text"":""ASPA No 127 (Haswell Island): Revised Management Plan"",""Url"":null},{""Title"":""Status"",""Text"":""Effective 29/09/2011 (Fast Approval)"",""Url"":null},{""Title"":""Category"",""Text"":""Area protection and management"",""Url"":null},{""Title"":""Topics"",""Text"":""- ASPAs (Antarctic Specially Protected Areas)\n                                - Haswell Island (ASPA 127)"",""Url"":null},{""Title"":""Attachments"",""Text"":""ASPA No 127 - Haswell Island"",""Url"":""https://documents.ats.aq/recatt/att475_e.pdf""},{""Title"":""Relevant Final Report paragraph"",""Text"":""114"",""Url"":null},{""Title"":""Memo"",""Text"":""Management Plan for ASPA No 127 annexed to this Measure revoked by Measure 5 (2016)"",""Url"":null}]",null,,
01/01/1958,01/01/2158,0,0,0,2,13,7,484,76,M6,6,2011,ATCM XXXIV - CEP XIV,Buenos Aires,"ASPA No 131 (Canada Glacier, Lake Fryxell, Taylor Valley, Victoria Land): Revised Management Plan",https://www.ats.aq/devAS/Meetings/Measure/484?s=1&iframe=1&from=01/01/1958&to=01/01/2158&cat=0&top=0&type=2&stat=0&txt=&curr=0,"Measure 6 (2011) - ATCM XXXIV - CEP XIV, Buenos Aires",Effective 29/09/2011 (Fast Approval),,,0,,,Fast Approval: Entered into effect on 29 Sep 2011,7,https://documents.ats.aq/recatt/att478_e.pdf,"[{""Title"":""Subject"",""Text"":""ASPA No 131 (Canada Glacier, Lake Fryxell, Taylor Valley, Victoria Land): Revised Management Plan"",""Url"":null},{""Title"":""Status"",""Text"":""Effective 29/09/2011 (Fast Approval)"",""Url"":null},{""Title"":""Category"",""Text"":""Area protection and management"",""Url"":null},{""Title"":""Topics"",""Text"":""- ASPAs (Antarctic Specially Protected Areas)\n                                - Canada Glacier (ASPA 131)"",""Url"":null},{""Title"":""Attachments"",""Text"":""ASPA No 131 - Canada Glacier"",""Url"":""https://documents.ats.aq/recatt/att478_e.pdf""},{""Title"":""Relevant Final Report paragraph"",""Text"":""114"",""Url"":null},{""Title"":""Memo"",""Text"":""Management Plan for ASPA No 131 annexed to this Measure revoked by Measure 6 (2016)"",""Url"":null}]",null,,
01/01/1958,01/01/2158,0,0,0,2,13,8,485,76,M7,7,2011,ATCM XXXIV - CEP XIV,Buenos Aires,"ASPA No 149 (Cape Shirreff and San Telmo Island, Livingston Island, South Shetland Islands): Revised Management Plan",https://www.ats.aq/devAS/Meetings/Measure/485?s=1&iframe=1&from=01/01/1958&to=01/01/2158&cat=0&top=0&type=2&stat=0&txt=&curr=0,"Measure 7 (2011) - ATCM XXXIV - CEP XIV, Buenos Aires",Effective 29/09/2011 (Fast Approval),,,0,,,Fast Approval: Entered into effect on 29 Sep 2011,7,https://documents.ats.aq/recatt/att479_e.pdf,"[{""Title"":""Subject"",""Text"":""ASPA No 149 (Cape Shirreff and San Telmo Island, Livingston Island, South Shetland Islands): Revised Management Plan"",""Url"":null},{""Title"":""Status"",""Text"":""Effective 29/09/2011 (Fast Approval)"",""Url"":null},{""Title"":""Category"",""Text"":""Area protection and management"",""Url"":null},{""Title"":""Topics"",""Text"":""- ASPAs (Antarctic Specially Protected Areas)\n                                - Cape Shirreff (ASPA 149)"",""Url"":null},{""Title"":""Attachments"",""Text"":""ASPA No 149 - Cape Shirreff and San Telmo Island"",""Url"":""https://documents.ats.aq/recatt/att479_e.pdf""},{""Title"":""Relevant Final Report paragraph"",""Text"":""114"",""Url"":null},{""Title"":""Memo"",""Text"":""Management Plan for ASPA No 149 annexed to this Measure revoked by Measure 7 (2016)"",""Url"":null}]",null,,
01/01/1958,01/01/2158,0,0,0,2,13,9,486,76,M8,8,2011,ATCM XXXIV - CEP XIV,Buenos Aires,"ASPA No 165 (Edmonson Point, Wood Bay, Ross Sea): Revised Management Plan",https://www.ats.aq/devAS/Meetings/Measure/486?s=1&iframe=1&from=01/01/1958&to=01/01/2158&cat=0&top=0&type=2&stat=0&txt=&curr=0,"Measure 8 (2011) - ATCM XXXIV - CEP XIV, Buenos Aires",Effective 29/09/2011 (Fast Approval),,,0,,,Fast Approval: Entered into effect on 29 Sep 2011,7,https://documents.ats.aq/recatt/att480_e.pdf,"[{""Title"":""Subject"",""Text"":""ASPA No 165 (Edmonson Point, Wood Bay, Ross Sea): Revised Management Plan"",""Url"":null},{""Title"":""Status"",""Text"":""Effective 29/09/2011 (Fast Approval)"",""Url"":null},{""Title"":""Category"",""Text"":""Area protection and management"",""Url"":null},{""Title"":""Topics"",""Text"":""- ASPAs (Antarctic Specially Protected Areas)\n                                - Edmonson Point (ASPA 165)"",""Url"":null},{""Title"":""Attachments"",""Text"":""ASPA No 165 - Edmonson Point"",""Url"":""https://documents.ats.aq/recatt/att480_e.pdf""},{""Title"":""Relevant Final Report paragraph"",""Text"":""114"",""Url"":null},{""Title"":""Memo"",""Text"":""Management Plan for ASPA No 165 annexed to this Measure revoked by Measure 7 (2017)"",""Url"":null}]",null,,
01/01/1958,01/01/2158,0,0,0,2,13,10,487,76,M9,9,2011,ATCM XXXIV - CEP XIV,Buenos Aires,"ASPA No 167 (Hawker Island, Vestfold Hills, Ingrid Christensen Coast, Princess Elizabeth Land, East Antarctica): Revised Management Plan",https://www.ats.aq/devAS/Meetings/Measure/487?s=1&iframe=1&from=01/01/1958&to=01/01/2158&cat=0&top=0&type=2&stat=0&txt=&curr=0,"Measure 9 (2011) - ATCM XXXIV - CEP XIV, Buenos Aires",Effective 29/09/2011 (Fast Approval),,,0,,,Fast Approval: Entered into effect on 29 Sep 2011,7,https://documents.ats.aq/recatt/att481_e.pdf,"[{""Title"":""Subject"",""Text"":""ASPA No 167 (Hawker Island, Vestfold Hills, Ingrid Christensen Coast, Princess Elizabeth Land, East Antarctica): Revised Management Plan"",""Url"":null},{""Title"":""Status"",""Text"":""Effective 29/09/2011 (Fast Approval)"",""Url"":null},{""Title"":""Category"",""Text"":""Area protection and management"",""Url"":null},{""Title"":""Topics"",""Text"":""- ASPAs (Antarctic Specially Protected Areas)\n                                - Hawker Island (ASPA 167)"",""Url"":null},{""Title"":""Attachments"",""Text"":""ASPA No. 167 - Hawker Island"",""Url"":""https://documents.ats.aq/recatt/att481_e.pdf""},{""Title"":""Relevant Final Report paragraph"",""Text"":""114"",""Url"":null},{""Title"":""Memo"",""Text"":""Management Plan for ASPA No 167 annexed to this Measure revoked by Measure 8 (2016)"",""Url"":null}]",null,,
01/01/1958,01/01/2158,0,0,0,2,13,11,488,76,M10,10,2011,ATCM XXXIV - CEP XIV,Buenos Aires,"ASMA No 2 (McMurdo Dry Valleys, Southern Victoria Land): Revised Management Plan",https://www.ats.aq/devAS/Meetings/Measure/488?s=1&iframe=1&from=01/01/1958&to=01/01/2158&cat=0&top=0&type=2&stat=0&txt=&curr=0,"Measure 10 (2011) - ATCM XXXIV - CEP XIV, Buenos Aires",Effective 29/09/2011 (Fast Approval),,,0,,,Fast Approval: Entered into effect on 29 Sep 2011,7,https://documents.ats.aq/recatt/att482_e.pdf,"[{""Title"":""Subject"",""Text"":""ASMA No 2 (McMurdo Dry Valleys, Southern Victoria Land): Revised Management Plan"",""Url"":null},{""Title"":""Status"",""Text"":""Effective 29/09/2011 (Fast Approval)"",""Url"":null},{""Title"":""Category"",""Text"":""Area protection and management"",""Url"":null},{""Title"":""Topics"",""Text"":""- ASMAs (Antarctic Specially Managed Areas)\n                                - McMurdo Dry Valleys (ASMA 2)"",""Url"":null},{""Title"":""Attachments"",""Text"":""ASMA No 2 - McMurdo Dry Valleys"",""Url"":""https://documents.ats.aq/recatt/att482_e.pdf""},{""Title"":""Relevant Final Report paragraph"",""Text"":""114"",""Url"":null},{""Title"":""Memo"",""Text"":""Management Plan for ASMA No 2 annexed to this Measure revoked by Measure 18 (2015)"",""Url"":null}]",null,,
01/01/1958,01/01/2158,0,0,0,2,13,12,489,76,M11,11,2011,ATCM XXXIV - CEP XIV,Buenos Aires,HSM: Monument to the Antarctic Treaty and Plaque,https://www.ats.aq/devAS/Meetings/Measure/489?s=1&iframe=1&from=01/01/1958&to=01/01/2158&cat=0&top=0&type=2&stat=0&txt=&curr=0,"Measure 11 (2011) - ATCM XXXIV - CEP XIV, Buenos Aires",Effective 29/09/2011 (Fast Approval),,,0,,,Fast Approval: Entered into effect on 29 Sep 2011,6,,"[{""Title"":""Subject"",""Text"":""HSM: Monument to the Antarctic Treaty and Plaque"",""Url"":null},{""Title"":""Status"",""Text"":""Effective 29/09/2011 (Fast Approval)"",""Url"":null},{""Title"":""Category"",""Text"":""Area protection and management"",""Url"":null},{""Title"":""Topics"",""Text"":""- HSMs - general\n                                - Monument to the Antarctic Treaty and plaque (HSM 82)"",""Url"":null},{""Title"":""Attachments"",""Text"":"""",""Url"":null},{""Title"":""Relevant Final Report paragraph"",""Text"":""122"",""Url"":null}]",null,,
01/01/1958,01/01/2158,0,0,0,2,13,13,490,76,M12,12,2011,ATCM XXXIV - CEP XIV,Buenos Aires,HSM: No.1 Building at Great Wall Station,https://www.ats.aq/devAS/Meetings/Measure/490?s=1&iframe=1&from=01/01/1958&to=01/01/2158&cat=0&top=0&type=2&stat=0&txt=&curr=0,"Measure 12 (2011) - ATCM XXXIV - CEP XIV, Buenos Aires",Effective 29/09/2011 (Fast Approval),,,0,,,Fast Approval: Entered into effect on 29 Sep 2011,6,,"[{""Title"":""Subject"",""Text"":""HSM: No.1 Building at Great Wall Station"",""Url"":null},{""Title"":""Status"",""Text"":""Effective 29/09/2011 (Fast Approval)"",""Url"":null},{""Title"":""Category"",""Text"":""Area protection and management"",""Url"":null},{""Title"":""Topics"",""Text"":""- HSMs - general\n                                - No.1 Building at Great Wall Station (HSM 86)"",""Url"":null},{""Title"":""Attachments"",""Text"":"""",""Url"":null},{""Title"":""Relevant Final Report paragraph"",""Text"":""122"",""Url"":null}]",null,,
01/01/1958,01/01/2158,0,0,0,2,13,14,451,73,M1,1,2010,ATCM XXXIII - CEP XIII,Punta del Este,"ASPA No. 101 (Taylor Rookery, Mac.Robertson Land): Revised Management Plan",https://www.ats.aq/devAS/Meetings/Measure/451?s=1&iframe=1&from=01/01/1958&to=01/01/2158&cat=0&top=0&type=2&stat=0&txt=&curr=0,"Measure 1 (2010) - ATCM XXXIII - CEP XIII, Punta del Este",Effective 12/08/2010 (Fast Approval),,,0,,,Fast Approval: Entered into effect on 12 Aug 2010,7,https://documents.ats.aq/recatt/att439_e.pdf,"[{""Title"":""Subject"",""Text"":""ASPA No. 101 (Taylor Rookery, Mac.Robertson Land): Revised Management Plan"",""Url"":null},{""Title"":""Status"",""Text"":""Effective 12/08/2010 (Fast Approval)"",""Url"":null},{""Title"":""Category"",""Text"":""Area protection and management"",""Url"":null},{""Title"":""Topics"",""Text"":""- ASPAs (Antarctic Specially Protected Areas)\n                                - Taylor Rookery (ASPA 101)"",""Url"":null},{""Title"":""Attachments"",""Text"":""ASPA 101 - Management Plan"",""Url"":""https://documents.ats.aq/recatt/att439_e.pdf""},{""Title"":""Relevant Final Report paragraph"",""Text"":""128"",""Url"":null},{""Title"":""Memo"",""Text"":""Management Plan for ASPA No 101 annexed to this Measure revoked by Measure 1 (2015)"",""Url"":null}]",null,,
01/01/1958,01/01/2158,0,0,0,2,14,0,452,73,M2,2,2010,ATCM XXXIII - CEP XIII,Punta del Este,"ASPA No. 102 (Rookery Islands, Holme Bay, Mac.Robertson Land): Revised Management Plan",https://www.ats.aq/devAS/Meetings/Measure/452?s=1&iframe=1&from=01/01/1958&to=01/01/2158&cat=0&top=0&type=2&stat=0&txt=&curr=0,"Measure 2 (2010) - ATCM XXXIII - CEP XIII, Punta del Este",Effective 12/08/2010 (Fast Approval),,,0,,,Fast Approval: Entered into effect on 12 Aug 2010,7,https://documents.ats.aq/recatt/att440_e.pdf,"[{""Title"":""Subject"",""Text"":""ASPA No. 102 (Rookery Islands, Holme Bay, Mac.Robertson Land): Revised Management Plan"",""Url"":null},{""Title"":""Status"",""Text"":""Effective 12/08/2010 (Fast Approval)"",""Url"":null},{""Title"":""Category"",""Text"":""Area protection and management"",""Url"":null},{""Title"":""Topics"",""Text"":""- Annex V (Area Protection and Management)\n                                - Rookery Islands (ASPA 102)"",""Url"":null},{""Title"":""Attachments"",""Text"":""ASPA 102 - Management Plan"",""Url"":""https://documents.ats.aq/recatt/att440_e.pdf""},{""Title"":""Relevant Final Report paragraph"",""Text"":""128"",""Url"":null},{""Title"":""Memo"",""Text"":""Management Plan for ASPA No 102 annexed to this Measure revoked by Measure 2 (2015)"",""Url"":null}]",null,,
01/01/1958,01/01/2158,0,0,0,2,14,1,453,73,M3,3,2010,ATCM XXXIII - CEP XIII,Punta del Este,"ASPA No. 103 (Ardery Island and Odbert Island, Budd Coast, Wilkes Land): Revised Management Plan",https://www.ats.aq/devAS/Meetings/Measure/453?s=1&iframe=1&from=01/01/1958&to=01/01/2158&cat=0&top=0&type=2&stat=0&txt=&curr=0,"Measure 3 (2010) - ATCM XXXIII - CEP XIII, Punta del Este",Effective 12/08/2010 (Fast Approval),,,0,,,Fast Approval: Entered into effect on 12 Aug 2010,7,https://documents.ats.aq/recatt/att441_e.pdf,"[{""Title"":""Subject"",""Text"":""ASPA No. 103 (Ardery Island and Odbert Island, Budd Coast, Wilkes Land): Revised Management Plan"",""Url"":null},{""Title"":""Status"",""Text"":""Effective 12/08/2010 (Fast Approval)"",""Url"":null},{""Title"":""Category"",""Text"":""Area protection and management"",""Url"":null},{""Title"":""Topics"",""Text"":""- Annex V (Area Protection and Management)\n                                - Ardery and Odbert Islands (ASPA 103)"",""Url"":null},{""Title"":""Attachments"",""Text"":""ASPA 103 - Management Plan"",""Url"":""https://documents.ats.aq/recatt/att441_e.pdf""},{""Title"":""Relevant Final Report paragraph"",""Text"":""128"",""Url"":null},{""Title"":""Memo"",""Text"":""Management Plan for ASPA No 103 annexed to this Measure revoked by Measure 3 (2015)"",""Url"":null}]",null,,
01/01/1958,01/01/2158,0,0,0,2,14,2,454,73,M4,4,2010,ATCM XXXIII - CEP XIII,Punta del Este,"ASPA No. 105 (Beaufort Island, McMurdo Sound, Ross Sea): Revised Management Plan",https://www.ats.aq/devAS/Meetings/Measure/454?s=1&iframe=1&from=01/01/1958&to=01/01/2158&cat=0&top=0&type=2&stat=0&txt=&curr=0,"Measure 4 (2010) - ATCM XXXIII - CEP XIII, Punta del Este",Effective 12/08/2010 (Fast Approval),,,0,,,Fast Approval: Entered into effect on 12 Aug 2010,7,https://documents.ats.aq/recatt/att442_e.pdf,"[{""Title"":""Subject"",""Text"":""ASPA No. 105 (Beaufort Island, McMurdo Sound, Ross Sea): Revised Management Plan"",""Url"":null},{""Title"":""Status"",""Text"":""Effective 12/08/2010 (Fast Approval)"",""Url"":null},{""Title"":""Category"",""Text"":""Area protection and management"",""Url"":null},{""Title"":""Topics"",""Text"":""- Annex V (Area Protection and Management)\n                                - Beaufort Island (ASPA 105)"",""Url"":null},{""Title"":""Attachments"",""Text"":""ASPA 105 - Management Plan"",""Url"":""https://documents.ats.aq/recatt/att442_e.pdf""},{""Title"":""Relevant Final Report paragraph"",""Text"":""128"",""Url"":null},{""Title"":""Memo"",""Text"":""Management Plan for ASPA No 105 annexed to this Measure revoked by Measure 5 (2015)"",""Url"":null}]",null,,
01/01/1958,01/01/2158,0,0,0,2,14,3,455,73,M5,5,2010,ATCM XXXIII - CEP XIII,Punta del Este,"ASPA No. 106 (Cape Hallett, Northern Victoria Land, Ross Sea): Revised Management Plan",https://www.ats.aq/devAS/Meetings/Measure/455?s=1&iframe=1&from=01/01/1958&to=01/01/2158&cat=0&top=0&type=2&stat=0&txt=&curr=0,"Measure 5 (2010) - ATCM XXXIII - CEP XIII, Punta del Este",Effective 12/08/2010 (Fast Approval),,,0,,,Fast Approval: Entered into effect on 12 Aug 2010,7,https://documents.ats.aq/recatt/att443_e.pdf,"[{""Title"":""Subject"",""Text"":""ASPA No. 106 (Cape Hallett, Northern Victoria Land, Ross Sea): Revised Management Plan"",""Url"":null},{""Title"":""Status"",""Text"":""Effective 12/08/2010 (Fast Approval)"",""Url"":null},{""Title"":""Category"",""Text"":""Area protection and management"",""Url"":null},{""Title"":""Topics"",""Text"":""- Annex V (Area Protection and Management)\n                                - Cape Hallet (ASPA 106)"",""Url"":null},{""Title"":""Attachments"",""Text"":""ASPA 106 - Management Plan"",""Url"":""https://documents.ats.aq/recatt/att443_e.pdf""},{""Title"":""Relevant Final Report paragraph"",""Text"":""128"",""Url"":null},{""Title"":""Memo"",""Text"":""Management Plan for ASPA No 106 annexed to this Measure revoked by Measure 6 (2015)"",""Url"":null}]",null,,
01/01/1958,01/01/2158,0,0,0,2,14,4,456,73,M6,6,2010,ATCM XXXIII - CEP XIII,Punta del Este,"ASPA No. 119 (Davis Valley and Forlidas Pond, Dufek Massif, Pensacola Mountains): Revised Management Plan",https://www.ats.aq/devAS/Meetings/Measure/456?s=1&iframe=1&from=01/01/1958&to=01/01/2158&cat=0&top=0&type=2&stat=0&txt=&curr=0,"Measure 6 (2010) - ATCM XXXIII - CEP XIII, Punta del Este",Effective 12/08/2010 (Fast Approval),,,0,,,Fast Approval: Entered into effect on 12 Aug 2010,7,https://documents.ats.aq/recatt/att445_e.pdf,"[{""Title"":""Subject"",""Text"":""ASPA No. 119 (Davis Valley and Forlidas Pond, Dufek Massif, Pensacola Mountains): Revised Management Plan"",""Url"":null},{""Title"":""Status"",""Text"":""Effective 12/08/2010 (Fast Approval)"",""Url"":null},{""Title"":""Category"",""Text"":""Area protection and management"",""Url"":null},{""Title"":""Topics"",""Text"":""- Annex V (Area Protection and Management)\n                                - Davis Valley ponds and Forlidas Pond (ASPA 119)"",""Url"":null},{""Title"":""Attachments"",""Text"":""ASPA 119 - Management Plan"",""Url"":""https://documents.ats.aq/recatt/att445_e.pdf""},{""Title"":""Relevant Final Report paragraph"",""Text"":""128"",""Url"":null},{""Title"":""Memo"",""Text"":""Management Plan for ASPA No 119 annexed to this Measure revoked by Measure 7 (2015)"",""Url"":null}]",null,,
01/01/1958,01/01/2158,0,0,0,2,14,5,457,73,M7,7,2010,ATCM XXXIII - CEP XIII,Punta del Este,"ASPA No. 139 (Biscoe Point, Anvers Island, Palmer Archipelago): Revised Management Plan",https://www.ats.aq/devAS/Meetings/Measure/457?s=1&iframe=1&from=01/01/1958&to=01/01/2158&cat=0&top=0&type=2&stat=0&txt=&curr=0,"Measure 7 (2010) - ATCM XXXIII - CEP XIII, Punta del Este",Effective 12/08/2010 (Fast Approval),,,0,,,Fast Approval: Entered into effect on 12 Aug 2010,7,https://documents.ats.aq/recatt/att447_e.pdf,"[{""Title"":""Subject"",""Text"":""ASPA No. 139 (Biscoe Point, Anvers Island, Palmer Archipelago): Revised Management Plan"",""Url"":null},{""Title"":""Status"",""Text"":""Effective 12/08/2010 (Fast Approval)"",""Url"":null},{""Title"":""Category"",""Text"":""Area protection and management"",""Url"":null},{""Title"":""Topics"",""Text"":""- Annex V (Area Protection and Management)\n                                - Biscoe Point (ASPA 139)"",""Url"":null},{""Title"":""Attachments"",""Text"":""ASPA 139 - Management Plan"",""Url"":""https://documents.ats.aq/recatt/att447_e.pdf""},{""Title"":""Relevant Final Report paragraph"",""Text"":""128"",""Url"":null},{""Title"":""Memo"",""Text"":""Management Plan revoked by Measure 6 (2014)"",""Url"":null}]",null,,
01/01/1958,01/01/2158,0,0,0,2,14,6,458,73,M8,8,2010,ATCM XXXIII - CEP XIII,Punta del Este,"ASPA No. 155 (Cape Evans, Ross Island): Revised Management Plan",https://www.ats.aq/devAS/Meetings/Measure/458?s=1&iframe=1&from=01/01/1958&to=01/01/2158&cat=0&top=0&type=2&stat=0&txt=&curr=0,"Measure 8 (2010) - ATCM XXXIII - CEP XIII, Punta del Este",Effective 12/08/2010 (Fast Approval),,,0,,,Fast Approval: Entered into effect on 12 Aug 2010,7,https://documents.ats.aq/recatt/att448_e.pdf,"[{""Title"":""Subject"",""Text"":""ASPA No. 155 (Cape Evans, Ross Island): Revised Management Plan"",""Url"":null},{""Title"":""Status"",""Text"":""Effective 12/08/2010 (Fast Approval)"",""Url"":null},{""Title"":""Category"",""Text"":""Area protection and management"",""Url"":null},{""Title"":""Topics"",""Text"":""- Annex V (Area Protection and Management)\n                                - Cape Evans (ASPA 155)"",""Url"":null},{""Title"":""Attachments"",""Text"":""ASPA 155 - Management Plan"",""Url"":""https://documents.ats.aq/recatt/att448_e.pdf""},{""Title"":""Relevant Final Report paragraph"",""Text"":""128"",""Url"":null},{""Title"":""Memo"",""Text"":""Management Plan for ASPA No 155 annexed to this Measure revoked by Measure 11 (2015)"",""Url"":null}]",null,,
01/01/1958,01/01/2158,0,0,0,2,14,7,459,73,M9,9,2010,ATCM XXXIII - CEP XIII,Punta del Este,"ASPA No. 157 (Backdoor Bay, Cape Royds, Ross Island): Revised Management Plan",https://www.ats.aq/devAS/Meetings/Measure/459?s=1&iframe=1&from=01/01/1958&to=01/01/2158&cat=0&top=0&type=2&stat=0&txt=&curr=0,"Measure 9 (2010) - ATCM XXXIII - CEP XIII, Punta del Este",Effective 12/08/2010 (Fast Approval),,,0,,,Fast Approval: Entered into effect on 12 Aug 2010,6,https://documents.ats.aq/recatt/att449_e.pdf,"[{""Title"":""Subject"",""Text"":""ASPA No. 157 (Backdoor Bay, Cape Royds, Ross Island): Revised Management Plan"",""Url"":null},{""Title"":""Status"",""Text"":""Effective 12/08/2010 (Fast Approval)"",""Url"":null},{""Title"":""Category"",""Text"":""Area protection and management"",""Url"":null},{""Title"":""Topics"",""Text"":""- Annex V (Area Protection and Management)\n                                - Backdoor Bay (ASPA 157)"",""Url"":null},{""Title"":""Attachments"",""Text"":""ASPA 157 - Management Plan"",""Url"":""https://documents.ats.aq/recatt/att449_e.pdf""},{""Title"":""Relevant Final Report paragraph"",""Text"":""128"",""Url"":null}]",null,,
01/01/1958,01/01/2158,0,0,0,2,14,8,460,73,M10,10,2010,ATCM XXXIII - CEP XIII,Punta del Este,"ASPA No. 158 (Hut Point, Ross Island): Revised Management Plan",https://www.ats.aq/devAS/Meetings/Measure/460?s=1&iframe=1&from=01/01/1958&to=01/01/2158&cat=0&top=0&type=2&stat=0&txt=&curr=0,"Measure 10 (2010) - ATCM XXXIII - CEP XIII, Punta del Este",Effective 12/08/2010 (Fast Approval),,,0,,,Fast Approval: Entered into effect on 12 Aug 2010,7,https://documents.ats.aq/recatt/att450_e.pdf,"[{""Title"":""Subject"",""Text"":""ASPA No. 158 (Hut Point, Ross Island): Revised Management Plan"",""Url"":null},{""Title"":""Status"",""Text"":""Effective 12/08/2010 (Fast Approval)"",""Url"":null},{""Title"":""Category"",""Text"":""Area protection and management"",""Url"":null},{""Title"":""Topics"",""Text"":""- Annex V (Area Protection and Management)\n                                - Hut Point (ASPA 158)"",""Url"":null},{""Title"":""Attachments"",""Text"":""ASPA 158 - Management Plan"",""Url"":""https://documents.ats.aq/recatt/att450_e.pdf""},{""Title"":""Relevant Final Report paragraph"",""Text"":""128"",""Url"":null},{""Title"":""Memo"",""Text"":""Management Plan for ASPA No 158 annexed to this Measure revoked by Measure 13 (2015)"",""Url"":null}]",null,,
01/01/1958,01/01/2158,0,0,0,2,14,9,461,73,M11,11,2010,ATCM XXXIII - CEP XIII,Punta del Este,"ASPA No. 159 (Cape Adare, Borchgrevink Coast): Revised Management Plan",https://www.ats.aq/devAS/Meetings/Measure/461?s=1&iframe=1&from=01/01/1958&to=01/01/2158&cat=0&top=0&type=2&stat=0&txt=&curr=0,"Measure 11 (2010) - ATCM XXXIII - CEP XIII, Punta del Este",Effective 12/08/2010 (Fast Approval),,,0,,,Fast Approval: Entered into effect on 12 Aug 2010,7,https://documents.ats.aq/recatt/att451_e.pdf,"[{""Title"":""Subject"",""Text"":""ASPA No. 159 (Cape Adare, Borchgrevink Coast): Revised Management Plan"",""Url"":null},{""Title"":""Status"",""Text"":""Effective 12/08/2010 (Fast Approval)"",""Url"":null},{""Title"":""Category"",""Text"":""Area protection and management"",""Url"":null},{""Title"":""Topics"",""Text"":""- Annex V (Area Protection and Management)\n                                - Cape Adare (ASPA 159)"",""Url"":null},{""Title"":""Attachments"",""Text"":""ASPA 159 - Management Plan"",""Url"":""https://documents.ats.aq/recatt/att451_e.pdf""},{""Title"":""Relevant Final Report paragraph"",""Text"":""128"",""Url"":null},{""Title"":""Memo"",""Text"":""Management Plan for ASPA No 159 annexed to this Measure revoked by Measure 14 (2015)"",""Url"":null}]",null,,
01/01/1958,01/01/2158,0,0,0,2,14,10,462,73,M12,12,2010,ATCM XXXIII - CEP XIII,Punta del Este,"ASPA No. 163 (Dakshin Gangotri Glacier, Dronning Maud Land): Revised Management Plan",https://www.ats.aq/devAS/Meetings/Measure/462?s=1&iframe=1&from=01/01/1958&to=01/01/2158&cat=0&top=0&type=2&stat=0&txt=&curr=0,"Measure 12 (2010) - ATCM XXXIII - CEP XIII, Punta del Este",Effective 12/08/2010 (Fast Approval),,,0,,,Fast Approval: Entered into effect on 12 Aug 2010,7,https://documents.ats.aq/recatt/att452_e.pdf,"[{""Title"":""Subject"",""Text"":""ASPA No. 163 (Dakshin Gangotri Glacier, Dronning Maud Land): Revised Management Plan"",""Url"":null},{""Title"":""Status"",""Text"":""Effective 12/08/2010 (Fast Approval)"",""Url"":null},{""Title"":""Category"",""Text"":""Area protection and management"",""Url"":null},{""Title"":""Topics"",""Text"":""- Annex V (Area Protection and Management)\n                                - Dakshin Gangotri (ASPA 163)"",""Url"":null},{""Title"":""Attachments"",""Text"":""ASPA 163 - Management Plan"",""Url"":""https://documents.ats.aq/recatt/att452_e.pdf""},{""Title"":""Relevant Final Report paragraph"",""Text"":""128"",""Url"":null},{""Title"":""Memo"",""Text"":""Management Plan for ASPA No 163 annexed to this Measure revoked by Measure 15 (2015)"",""Url"":null}]",null,,
01/01/1958,01/01/2158,0,0,0,2,14,11,463,73,M13,13,2010,ATCM XXXIII - CEP XIII,Punta del Este,"ASPA No. 164 (Scullin and Murray Monoliths, Mac.Robertson Land): Revised Management Plan",https://www.ats.aq/devAS/Meetings/Measure/463?s=1&iframe=1&from=01/01/1958&to=01/01/2158&cat=0&top=0&type=2&stat=0&txt=&curr=0,"Measure 13 (2010) - ATCM XXXIII - CEP XIII, Punta del Este",Effective 12/08/2010 (Fast Approval),,,0,,,Fast Approval: Entered into effect on 12 Aug 2010,7,https://documents.ats.aq/recatt/att454_e.pdf,"[{""Title"":""Subject"",""Text"":""ASPA No. 164 (Scullin and Murray Monoliths, Mac.Robertson Land): Revised Management Plan"",""Url"":null},{""Title"":""Status"",""Text"":""Effective 12/08/2010 (Fast Approval)"",""Url"":null},{""Title"":""Category"",""Text"":""Area protection and management"",""Url"":null},{""Title"":""Topics"",""Text"":""- Annex V (Area Protection and Management)\n                                - Scullin and Murray Monolites (ASPA 164)"",""Url"":null},{""Title"":""Attachments"",""Text"":""ASPA 164 - Management Plan"",""Url"":""https://documents.ats.aq/recatt/att454_e.pdf""},{""Title"":""Relevant Final Report paragraph"",""Text"":""128"",""Url"":null},{""Title"":""Memo"",""Text"":""Management Plan for ASPA No 164 annexed to this Measure revoked by Measure 16 (2015)"",""Url"":null}]",null,,
01/01/1958,01/01/2158,0,0,0,2,14,12,464,73,M14,14,2010,ATCM XXXIII - CEP XIII,Punta del Este,ASMA No. 7 (Southwest Anvers Island and Palmer Basin): Revised Management Plan,https://www.ats.aq/devAS/Meetings/Measure/464?s=1&iframe=1&from=01/01/1958&to=01/01/2158&cat=0&top=0&type=2&stat=0&txt=&curr=0,"Measure 14 (2010) - ATCM XXXIII - CEP XIII, Punta del Este",Effective 12/08/2010 (Fast Approval),,,0,,,Fast Approval: Entered into effect on 12 Aug 2010,7,https://documents.ats.aq/recatt/att455_e.pdf,"[{""Title"":""Subject"",""Text"":""ASMA No. 7 (Southwest Anvers Island and Palmer Basin): Revised Management Plan"",""Url"":null},{""Title"":""Status"",""Text"":""Effective 12/08/2010 (Fast Approval)"",""Url"":null},{""Title"":""Category"",""Text"":""Area protection and management"",""Url"":null},{""Title"":""Topics"",""Text"":""- Annex V (Area Protection and Management)\n                                - Southwest Anvers island and Palmer Basin (ASMA 7)"",""Url"":null},{""Title"":""Attachments"",""Text"":""ASMA 7 - Management Plan"",""Url"":""https://documents.ats.aq/recatt/att455_e.pdf""},{""Title"":""Relevant Final Report paragraph"",""Text"":""128"",""Url"":null},{""Title"":""Memo"",""Text"":""Management Plan for ASMA No 7 annexed to this Measure revoked by Measure 11 (2019)"",""Url"":null}]",null,,
01/01/1958,01/01/2158,0,0,0,2,14,13,465,73,M15,15,2010,ATCM XXXIII - CEP XIII,Punta del Este,Antarctic Historic Sites and Monuments: Plaque Commemorating the PM-3A Nuclear Power Plant at McMurdo Station,https://www.ats.aq/devAS/Meetings/Measure/465?s=1&iframe=1&from=01/01/1958&to=01/01/2158&cat=0&top=0&type=2&stat=0&txt=&curr=0,"Measure 15 (2010) - ATCM XXXIII - CEP XIII, Punta del Este",Effective 12/08/2010 (Fast Approval),,,0,,,Fast Approval: Entered into effect on 12 Aug 2010,6,,"[{""Title"":""Subject"",""Text"":""Antarctic Historic Sites and Monuments: Plaque Commemorating the PM-3A Nuclear Power Plant at McMurdo Station"",""Url"":null},{""Title"":""Status"",""Text"":""Effective 12/08/2010 (Fast Approval)"",""Url"":null},{""Title"":""Category"",""Text"":""Area protection and management"",""Url"":null},{""Title"":""Topics"",""Text"":""- Annex V (Area Protection and Management)\n                                - Plaque Commemorating the PM-3A Nuclear Power Plant at McMurdo Station (HSM 85)"",""Url"":null},{""Title"":""Attachments"",""Text"":"""",""Url"":null},{""Title"":""Relevant Final Report paragraph"",""Text"":""133"",""Url"":null}]",null,,
01/01/1958,01/01/2158,0,0,0,2,14,14,418,72,M1,1,2009,ATCM XXXII - CEP XII,Baltimore,Revised Management Plan for ASMA 3 (Cape Denison),https://www.ats.aq/devAS/Meetings/Measure/418?s=1&iframe=1&from=01/01/1958&to=01/01/2158&cat=0&top=0&type=2&stat=0&txt=&curr=0,"Measure 1 (2009) - ATCM XXXII - CEP XII, Baltimore",Effective 16/07/2009 (Fast Approval),,,0,,,Fast Approval: Entered into effect on 16 Jul 2009,7,https://documents.ats.aq/recatt/att411_e.pdf,"[{""Title"":""Subject"",""Text"":""Revised Management Plan for ASMA 3 (Cape Denison)"",""Url"":null},{""Title"":""Status"",""Text"":""Effective 16/07/2009 (Fast Approval)"",""Url"":null},{""Title"":""Category"",""Text"":""Area protection and management"",""Url"":null},{""Title"":""Topics"",""Text"":""- ASMAs (Antarctic Specially Managed Areas)\n                                - Cape Denison (ASMA 3)"",""Url"":null},{""Title"":""Attachments"",""Text"":""ASMA 3  - Management Plan"",""Url"":""https://documents.ats.aq/recatt/att411_e.pdf""},{""Title"":""Relevant Final Report paragraph"",""Text"":""87"",""Url"":null},{""Title"":""Memo"",""Text"":""Management Plan revoked by Measure 9 (2014). ASMA No.3 shall not be used as a future designation."",""Url"":null}]",null,,
01/01/1958,01/01/2158,0,0,0,2,15,0,419,72,M2,2,2009,ATCM XXXII - CEP XII,Baltimore,Revised Management Plan for ASMA 7 (Southwest Anvers Island and Palmer Basin),https://www.ats.aq/devAS/Meetings/Measure/419?s=1&iframe=1&from=01/01/1958&to=01/01/2158&cat=0&top=0&type=2&stat=0&txt=&curr=0,"Measure 2 (2009) - ATCM XXXII - CEP XII, Baltimore",Effective 16/07/2009 (Fast Approval). No longer current: M 14 (2010),,,0,,,Fast Approval: Entered into effect on 16 Jul 2009,7,https://documents.ats.aq/recatt/att410_e.pdf,"[{""Title"":""Subject"",""Text"":""Revised Management Plan for ASMA 7 (Southwest Anvers Island and Palmer Basin)"",""Url"":null},{""Title"":""Status"",""Text"":""Effective 16/07/2009 (Fast Approval). No longer current: M 14 (2010)"",""Url"":null},{""Title"":""Category"",""Text"":""Area protection and management"",""Url"":null},{""Title"":""Topics"",""Text"":""- ASMAs (Antarctic Specially Managed Areas)\n                                - Southwest Anvers island and Palmer Basin (ASMA 7)"",""Url"":null},{""Title"":""Attachments"",""Text"":""ASMA 7 - Management Plan"",""Url"":""https://documents.ats.aq/recatt/att410_e.pdf""},{""Title"":""Relevant Final Report paragraph"",""Text"":""87"",""Url"":null},{""Title"":""Memo"",""Text"":""Management Plan for ASMA 7 not effective by Measure 2 (2009)"",""Url"":null}]",null,,
01/01/1958,01/01/2158,0,0,0,2,15,1,420,72,M3,3,2009,ATCM XXXII - CEP XII,Baltimore,Adoption of Management Plan for ASPA 104 (Sabrina Island),https://www.ats.aq/devAS/Meetings/Measure/420?s=1&iframe=1&from=01/01/1958&to=01/01/2158&cat=0&top=0&type=2&stat=0&txt=&curr=0,"Measure 3 (2009) - ATCM XXXII - CEP XII, Baltimore",Effective 16/07/2009 (Fast Approval),,,0,,,Fast Approval: Entered into effect on 16 Jul 2009,7,https://documents.ats.aq/recatt/att421_e.pdf,"[{""Title"":""Subject"",""Text"":""Adoption of Management Plan for ASPA 104 (Sabrina Island)"",""Url"":null},{""Title"":""Status"",""Text"":""Effective 16/07/2009 (Fast Approval)"",""Url"":null},{""Title"":""Category"",""Text"":""Area protection and management"",""Url"":null},{""Title"":""Topics"",""Text"":""- ASPAs (Antarctic Specially Protected Areas)\n                                - Sabrina Island (ASPA 104)"",""Url"":null},{""Title"":""Attachments"",""Text"":""ASPA 104 - Management Plan"",""Url"":""https://documents.ats.aq/recatt/att421_e.pdf""},{""Title"":""Relevant Final Report paragraph"",""Text"":""87"",""Url"":null},{""Title"":""Memo"",""Text"":""Management Plan for ASPA No 104 annexed to this Measure revoked by Measure 4 (2015)"",""Url"":null}]",null,,
01/01/1958,01/01/2158,0,0,0,2,15,2,421,72,M4,4,2009,ATCM XXXII - CEP XII,Baltimore,Revised Management Plan for ASPA 113 (Litchfield Island),https://www.ats.aq/devAS/Meetings/Measure/421?s=1&iframe=1&from=01/01/1958&to=01/01/2158&cat=0&top=0&type=2&stat=0&txt=&curr=0,"Measure 4 (2009) - ATCM XXXII - CEP XII, Baltimore",Effective 16/07/2009 (Fast Approval),,,0,,,Fast Approval: Entered into effect on 16 Jul 2009,7,https://documents.ats.aq/recatt/att422_e.pdf,"[{""Title"":""Subject"",""Text"":""Revised Management Plan for ASPA 113 (Litchfield Island)"",""Url"":null},{""Title"":""Status"",""Text"":""Effective 16/07/2009 (Fast Approval)"",""Url"":null},{""Title"":""Category"",""Text"":""Area protection and management"",""Url"":null},{""Title"":""Topics"",""Text"":""- Litchfield Island (ASPA 113)"",""Url"":null},{""Title"":""Attachments"",""Text"":""ASPA 113 - Management Plan"",""Url"":""https://documents.ats.aq/recatt/att422_e.pdf""},{""Title"":""Relevant Final Report paragraph"",""Text"":""87"",""Url"":null},{""Title"":""Memo"",""Text"":""Management Plan revoked by Measure 1 (2014)"",""Url"":null}]",null,,
01/01/1958,01/01/2158,0,0,0,2,15,3,422,72,M5,5,2009,ATCM XXXII - CEP XII,Baltimore,Revised Management Plan for ASPA 121 (Cape Royds),https://www.ats.aq/devAS/Meetings/Measure/422?s=1&iframe=1&from=01/01/1958&to=01/01/2158&cat=0&top=0&type=2&stat=0&txt=&curr=0,"Measure 5 (2009) - ATCM XXXII - CEP XII, Baltimore",Effective 16/07/2009 (Fast Approval),,,0,,,Fast Approval: Entered into effect on 16 Jul 2009,7,https://documents.ats.aq/recatt/att423_e.pdf,"[{""Title"":""Subject"",""Text"":""Revised Management Plan for ASPA 121 (Cape Royds)"",""Url"":null},{""Title"":""Status"",""Text"":""Effective 16/07/2009 (Fast Approval)"",""Url"":null},{""Title"":""Category"",""Text"":""Area protection and management"",""Url"":null},{""Title"":""Topics"",""Text"":""- Cape Royds (ASPA 121)"",""Url"":null},{""Title"":""Attachments"",""Text"":""ASPA 121 - Management Plan"",""Url"":""https://documents.ats.aq/recatt/att423_e.pdf""},{""Title"":""Relevant Final Report paragraph"",""Text"":""87"",""Url"":null},{""Title"":""Memo"",""Text"":""Management Plan revoked by Measure 2 (2014)"",""Url"":null}]",null,,
01/01/1958,01/01/2158,0,0,0,2,15,4,423,72,M6,6,2009,ATCM XXXII - CEP XII,Baltimore,Revised Management Plan for ASPA 125 (Fildes Peninsula),https://www.ats.aq/devAS/Meetings/Measure/423?s=1&iframe=1&from=01/01/1958&to=01/01/2158&cat=0&top=0&type=2&stat=0&txt=&curr=0,"Measure 6 (2009) - ATCM XXXII - CEP XII, Baltimore",Effective 16/07/2009 (Fast Approval),,,0,,,Fast Approval: Entered into effect on 16 Jul 2009,6,https://documents.ats.aq/recatt/att424_e.pdf,"[{""Title"":""Subject"",""Text"":""Revised Management Plan for ASPA 125 (Fildes Peninsula)"",""Url"":null},{""Title"":""Status"",""Text"":""Effective 16/07/2009 (Fast Approval)"",""Url"":null},{""Title"":""Category"",""Text"":""Area protection and management"",""Url"":null},{""Title"":""Topics"",""Text"":""- Fildes Peninsula (ASPA 125)"",""Url"":null},{""Title"":""Attachments"",""Text"":""ASPA 125 - Management Plan"",""Url"":""https://documents.ats.aq/recatt/att424_e.pdf""},{""Title"":""Relevant Final Report paragraph"",""Text"":""87"",""Url"":null}]",null,,
01/01/1958,01/01/2158,0,0,0,2,15,5,424,72,M7,7,2009,ATCM XXXII - CEP XII,Baltimore,Revised Management Plan for ASPA 136 (Clark Peninsula),https://www.ats.aq/devAS/Meetings/Measure/424?s=1&iframe=1&from=01/01/1958&to=01/01/2158&cat=0&top=0&type=2&stat=0&txt=&curr=0,"Measure 7 (2009) - ATCM XXXII - CEP XII, Baltimore",Effective 16/07/2009 (Fast Approval),,,0,,,Fast Approval: Entered into effect on 16 Jul 2009,7,https://documents.ats.aq/recatt/att425_e.pdf,"[{""Title"":""Subject"",""Text"":""Revised Management Plan for ASPA 136 (Clark Peninsula)"",""Url"":null},{""Title"":""Status"",""Text"":""Effective 16/07/2009 (Fast Approval)"",""Url"":null},{""Title"":""Category"",""Text"":""Area protection and management"",""Url"":null},{""Title"":""Topics"",""Text"":""- Clark Peninsula (ASPA 136)"",""Url"":null},{""Title"":""Attachments"",""Text"":""ASPA 136 - Management Plan"",""Url"":""https://documents.ats.aq/recatt/att425_e.pdf""},{""Title"":""Relevant Final Report paragraph"",""Text"":""87"",""Url"":null},{""Title"":""Memo"",""Text"":""Management Plan revoked by Measure 5 (2014)"",""Url"":null}]",null,,
01/01/1958,01/01/2158,0,0,0,2,15,6,425,72,M8,8,2009,ATCM XXXII - CEP XII,Baltimore,Revised Management Plan for ASPA 142 (Svarthamaren),https://www.ats.aq/devAS/Meetings/Measure/425?s=1&iframe=1&from=01/01/1958&to=01/01/2158&cat=0&top=0&type=2&stat=0&txt=&curr=0,"Measure 8 (2009) - ATCM XXXII - CEP XII, Baltimore",Effective 16/07/2009 (Fast Approval),,,0,,,Fast Approval: Entered into effect on 16 Jul 2009,7,https://documents.ats.aq/recatt/att426_e.pdf,"[{""Title"":""Subject"",""Text"":""Revised Management Plan for ASPA 142 (Svarthamaren)"",""Url"":null},{""Title"":""Status"",""Text"":""Effective 16/07/2009 (Fast Approval)"",""Url"":null},{""Title"":""Category"",""Text"":""Area protection and management"",""Url"":null},{""Title"":""Topics"",""Text"":""- Svarthamaren (ASPA 142)"",""Url"":null},{""Title"":""Attachments"",""Text"":""ASPA 142  Management Plan"",""Url"":""https://documents.ats.aq/recatt/att426_e.pdf""},{""Title"":""Relevant Final Report paragraph"",""Text"":""87"",""Url"":null},{""Title"":""Memo"",""Text"":""Management Plan revoked by Measure 8 (2014)"",""Url"":null}]",null,,
01/01/1958,01/01/2158,0,0,0,2,15,7,426,72,M9,9,2009,ATCM XXXII - CEP XII,Baltimore,Revised Management Plan for ASPA 150 (Ardley Island),https://www.ats.aq/devAS/Meetings/Measure/426?s=1&iframe=1&from=01/01/1958&to=01/01/2158&cat=0&top=0&type=2&stat=0&txt=&curr=0,"Measure 9 (2009) - ATCM XXXII - CEP XII, Baltimore",Effective 16/07/2009 (Fast Approval),,,0,,,Fast Approval: Entered into effect on 16 Jul 2009,7,https://documents.ats.aq/recatt/att427_e.pdf,"[{""Title"":""Subject"",""Text"":""Revised Management Plan for ASPA 150 (Ardley Island)"",""Url"":null},{""Title"":""Status"",""Text"":""Effective 16/07/2009 (Fast Approval)"",""Url"":null},{""Title"":""Category"",""Text"":""Area protection and management"",""Url"":null},{""Title"":""Topics"",""Text"":""- Ardley Island (ASPA 150)"",""Url"":null},{""Title"":""Attachments"",""Text"":""ASPA 150 - Management Plan"",""Url"":""https://documents.ats.aq/recatt/att427_e.pdf""},{""Title"":""Relevant Final Report paragraph"",""Text"":""87"",""Url"":null},{""Title"":""Memo"",""Text"":""Management Plan for ASPA No 157 annexed to this Measure revoked by Measure 12 (2015)"",""Url"":null}]",null,,
01/01/1958,01/01/2158,0,0,0,2,15,8,427,72,M10,10,2009,ATCM XXXII - CEP XII,Baltimore,Revised Management Plan for ASPA 152 (Western Bransfield Strait),https://www.ats.aq/devAS/Meetings/Measure/427?s=1&iframe=1&from=01/01/1958&to=01/01/2158&cat=0&top=0&type=2&stat=0&txt=&curr=0,"Measure 10 (2009) - ATCM XXXII - CEP XII, Baltimore",Effective 16/07/2009 (Fast Approval),,,0,,,Fast Approval: Entered into effect on 16 Jul 2009,7,https://documents.ats.aq/recatt/att428_e.pdf,"[{""Title"":""Subject"",""Text"":""Revised Management Plan for ASPA 152 (Western Bransfield Strait)"",""Url"":null},{""Title"":""Status"",""Text"":""Effective 16/07/2009 (Fast Approval)"",""Url"":null},{""Title"":""Category"",""Text"":""Area protection and management"",""Url"":null},{""Title"":""Topics"",""Text"":""- Bransfield Strait (ASPA 152)"",""Url"":null},{""Title"":""Attachments"",""Text"":""ASPA 152 - Management Plan"",""Url"":""https://documents.ats.aq/recatt/att428_e.pdf""},{""Title"":""Relevant Final Report paragraph"",""Text"":""87"",""Url"":null},{""Title"":""Memo"",""Text"":""Management Plan for ASPA No 152 annexed to this Measure revoked by Measure 9 (2015)"",""Url"":null}]",null,,
01/01/1958,01/01/2158,0,0,0,2,15,9,428,72,M11,11,2009,ATCM XXXII - CEP XII,Baltimore,Revised Management Plan for ASPA 153 (Eastern Dallmann Bay),https://www.ats.aq/devAS/Meetings/Measure/428?s=1&iframe=1&from=01/01/1958&to=01/01/2158&cat=0&top=0&type=2&stat=0&txt=&curr=0,"Measure 11 (2009) - ATCM XXXII - CEP XII, Baltimore",Effective 16/07/2009 (Fast Approval),,,0,,,Fast Approval: Entered into effect on 16 Jul 2009,7,https://documents.ats.aq/recatt/att429_e.pdf,"[{""Title"":""Subject"",""Text"":""Revised Management Plan for ASPA 153 (Eastern Dallmann Bay)"",""Url"":null},{""Title"":""Status"",""Text"":""Effective 16/07/2009 (Fast Approval)"",""Url"":null},{""Title"":""Category"",""Text"":""Area protection and management"",""Url"":null},{""Title"":""Topics"",""Text"":""- Dallmann Bay (ASPA 153)"",""Url"":null},{""Title"":""Attachments"",""Text"":""ASPA 153 - Management Plan"",""Url"":""https://documents.ats.aq/recatt/att429_e.pdf""},{""Title"":""Relevant Final Report paragraph"",""Text"":""87"",""Url"":null},{""Title"":""Memo"",""Text"":""Management Plan for ASPA No 153 annexed to this Measure revoked by Measure 10 (2015)"",""Url"":null}]",null,,
01/01/1958,01/01/2158,0,0,0,2,15,10,429,72,M12,12,2009,ATCM XXXII - CEP XII,Baltimore,Revised Management Plan for ASPA 162 (Mawson’s Huts),https://www.ats.aq/devAS/Meetings/Measure/429?s=1&iframe=1&from=01/01/1958&to=01/01/2158&cat=0&top=0&type=2&stat=0&txt=&curr=0,"Measure 12 (2009) - ATCM XXXII - CEP XII, Baltimore",Effective 16/07/2009 (Fast Approval),,,0,,,Fast Approval: Entered into effect on 16 Jul 2009,7,https://documents.ats.aq/recatt/att430_e.pdf,"[{""Title"":""Subject"",""Text"":""Revised Management Plan for ASPA 162 (Mawson’s Huts)"",""Url"":null},{""Title"":""Status"",""Text"":""Effective 16/07/2009 (Fast Approval)"",""Url"":null},{""Title"":""Category"",""Text"":""Area protection and management"",""Url"":null},{""Title"":""Topics"",""Text"":""- Mawson's Huts (ASPA 162)"",""Url"":null},{""Title"":""Attachments"",""Text"":""ASPA 162 - Management Plan"",""Url"":""https://documents.ats.aq/recatt/att430_e.pdf""},{""Title"":""Relevant Final Report paragraph"",""Text"":""87"",""Url"":null},{""Title"":""Memo"",""Text"":""Management Plan revoked by Measure 9 (2014)"",""Url"":null}]",null,,
01/01/1958,01/01/2158,0,0,0,2,15,11,430,72,M13,13,2009,ATCM XXXII - CEP XII,Baltimore,Designation of ASPA 171  (Narębski Point),https://www.ats.aq/devAS/Meetings/Measure/430?s=1&iframe=1&from=01/01/1958&to=01/01/2158&cat=0&top=0&type=2&stat=0&txt=&curr=0,"Measure 13 (2009) - ATCM XXXII - CEP XII, Baltimore",Effective 16/07/2009 (Fast Approval),,,0,,,Fast Approval: Entered into effect on 16 Jul 2009,7,https://documents.ats.aq/recatt/att431_e.pdf,"[{""Title"":""Subject"",""Text"":""Designation of ASPA 171  (Narębski Point)"",""Url"":null},{""Title"":""Status"",""Text"":""Effective 16/07/2009 (Fast Approval)"",""Url"":null},{""Title"":""Category"",""Text"":""Area protection and management"",""Url"":null},{""Title"":""Topics"",""Text"":""- Narębski Point (ASPA 171)"",""Url"":null},{""Title"":""Attachments"",""Text"":""ASPA 171 - Management Plan"",""Url"":""https://documents.ats.aq/recatt/att431_e.pdf""},{""Title"":""Relevant Final Report paragraph"",""Text"":""87"",""Url"":null},{""Title"":""Memo"",""Text"":""Management Plan revoked by Measure 11 (2014)"",""Url"":null}]",null,,
01/01/1958,01/01/2158,0,0,0,2,15,12,431,72,M14,14,2009,ATCM XXXII - CEP XII,Baltimore,Historic Sites 83 (Base “W”) and 84 (Hut at Damoy Point),https://www.ats.aq/devAS/Meetings/Measure/431?s=1&iframe=1&from=01/01/1958&to=01/01/2158&cat=0&top=0&type=2&stat=0&txt=&curr=0,"Measure 14 (2009) - ATCM XXXII - CEP XII, Baltimore",Effective 16/07/2009 (Fast Approval),,,0,,,Fast Approval: Entered into effect on 16 Jul 2009,6,,"[{""Title"":""Subject"",""Text"":""Historic Sites 83 (Base “W”) and 84 (Hut at Damoy Point)"",""Url"":null},{""Title"":""Status"",""Text"":""Effective 16/07/2009 (Fast Approval)"",""Url"":null},{""Title"":""Category"",""Text"":""Historic Sites and Monuments\n                                \nArea protection and management"",""Url"":null},{""Title"":""Topics"",""Text"":""- Base W, Detaille Island (HSM 83) \n                                - Hut at Damoy Point (HSM 84)"",""Url"":null},{""Title"":""Attachments"",""Text"":"""",""Url"":null},{""Title"":""Relevant Final Report paragraph"",""Text"":""93"",""Url"":null}]",null,,
01/01/1958,01/01/2158,0,0,0,2,15,13,432,72,M15,15,2009,ATCM XXXII - CEP XII,Baltimore,Landing of Persons from Passenger vessels,https://www.ats.aq/devAS/Meetings/Measure/432?s=1&iframe=1&from=01/01/1958&to=01/01/2158&cat=0&top=0&type=2&stat=0&txt=&curr=0,"Measure 15 (2009) - ATCM XXXII - CEP XII, Baltimore",Not yet effective,,,29,Argentina * | Australia * | Belgium * | Brazil * | Bulgaria * | Chile * | China * | Czechia | Ecuador * | Finland * | France * | Germany * | India * | Italy * | Japan * | Korea (ROK) * | Netherlands * | New Zealand * | Norway * | Peru * | Poland * | Russian Federation * | South Africa * | Spain * | Sweden * | Ukraine * | United Kingdom * | United States * | Uruguay *,12/07/2019 | 15/05/2014 | 18/04/2018 |  |  | 15/05/2023 |  | 23/04/2014 | 25/04/2017 | 29/08/2017 | 12/04/2010 |  |  |  | 23/10/2009 |  | 28/04/2014 | 25/04/2017 |  |  |  | 25/04/2017 |  | 22/09/2022 |  | 14/06/2018 | 18/04/2013 |  | 14/07/2011,*Parties whose approval is needed for the Measure to enter into effect (Art. IX.4 of the Treaty),6,,"[{""Title"":""Subject"",""Text"":""Landing of Persons from Passenger vessels"",""Url"":null},{""Title"":""Status"",""Text"":""Not yet effective"",""Url"":null},{""Title"":""Category"",""Text"":""Tourism and Non-Governmental Activities"",""Url"":null},{""Title"":""Topics"",""Text"":""- Tourism Management\n                                - Tourist landings\n                                - Vessel-based activities"",""Url"":null},{""Title"":""Attachments"",""Text"":"""",""Url"":null},{""Title"":""Relevant Final Report paragraph"",""Text"":""199"",""Url"":null}]","[{""Date"":""12/07/2019"",""Country"":""Argentina *""},{""Date"":""15/05/2014"",""Country"":""Australia *""},{""Date"":""18/04/2018"",""Country"":""Belgium *""},{""Date"":"""",""Country"":""Brazil *""},{""Date"":"""",""Country"":""Bulgaria *""},{""Date"":""15/05/2023"",""Country"":""Chile *""},{""Date"":"""",""Country"":""China *""},{""Date"":""23/04/2014"",""Country"":""Czechia""},{""Date"":""25/04/2017"",""Country"":""Ecuador *""},{""Date"":""29/08/2017"",""Country"":""Finland *""},{""Date"":""12/04/2010"",""Country"":""France *""},{""Date"":"""",""Country"":""Germany *""},{""Date"":"""",""Country"":""India *""},{""Date"":"""",""Country"":""Italy *""},{""Date"":""23/10/2009"",""Country"":""Japan *""},{""Date"":"""",""Country"":""Korea (ROK) *""},{""Date"":""28/04/2014"",""Country"":""Netherlands *""},{""Date"":""25/04/2017"",""Country"":""New Zealand *""},{""Date"":"""",""Country"":""Norway *""},{""Date"":"""",""Country"":""Peru *""},{""Date"":"""",""Country"":""Poland *""},{""Date"":""25/04/2017"",""Country"":""Russian Federation *""},{""Date"":"""",""Country"":""South Africa *""},{""Date"":""22/09/2022"",""Country"":""Spain *""},{""Date"":"""",""Country"":""Sweden *""},{""Date"":""14/06/2018"",""Country"":""Ukraine *""},{""Date"":""18/04/2013"",""Country"":""United Kingdom *""},{""Date"":"""",""Country"":""United States *""},{""Date"":""14/07/2011"",""Country"":""Uruguay *""}]",,
01/01/1958,01/01/2158,0,0,0,2,15,14,433,72,M16,16,2009,ATCM XXXII - CEP XII,Baltimore,Amendment of Annex II to the Environment Protocol,https://www.ats.aq/devAS/Meetings/Measure/433?s=1&iframe=1&from=01/01/1958&to=01/01/2158&cat=0&top=0&type=2&stat=0&txt=&curr=0,"Measure 16 (2009) - ATCM XXXII - CEP XII, Baltimore",Effective 08/12/2016 (Fast Approval),,,0,,,Fast Approval: Entered into effect on 8 Dec 2016,6,https://documents.ats.aq/recatt/att432_e.pdf,"[{""Title"":""Subject"",""Text"":""Amendment of Annex II to the Environment Protocol"",""Url"":null},{""Title"":""Status"",""Text"":""Effective 08/12/2016 (Fast Approval)"",""Url"":null},{""Title"":""Category"",""Text"":""Fauna and flora"",""Url"":null},{""Title"":""Topics"",""Text"":""- Alien species\n                                - Annex II (Flora and Fauna)\n                                - Birds\n                                - Mammals\n                                - Specially protected species"",""Url"":null},{""Title"":""Attachments"",""Text"":""Amended version of Annex II to the Environment Protocol"",""Url"":""https://documents.ats.aq/recatt/att432_e.pdf""},{""Title"":""Relevant Final Report paragraph"",""Text"":""48"",""Url"":null}]",null,,
01/01/1958,01/01/2158,0,0,0,2,16,0,391,71,M1,1,2008,ATCM XXXI - CEP XI,Kyiv,Designation of ASMA 7 (Southwest Anvers island and Palmer Basin),https://www.ats.aq/devAS/Meetings/Measure/391?s=1&iframe=1&from=01/01/1958&to=01/01/2158&cat=0&top=0&type=2&stat=0&txt=&curr=0,"Measure 1 (2008) - ATCM XXXI - CEP XI, Kyiv",Effective 11/09/2008 (Fast Approval),,,0,,,Fast Approval: Entered into effect on 11 Sep 2008,6,https://documents.ats.aq/recatt/att385_e.pdf,"[{""Title"":""Subject"",""Text"":""Designation of ASMA 7 (Southwest Anvers island and Palmer Basin)"",""Url"":null},{""Title"":""Status"",""Text"":""Effective 11/09/2008 (Fast Approval)"",""Url"":null},{""Title"":""Category"",""Text"":""Area protection and management"",""Url"":null},{""Title"":""Topics"",""Text"":""- ASMAs (Antarctic Specially Managed Areas)\n                                - Southwest Anvers island and Palmer Basin (ASMA 7)"",""Url"":null},{""Title"":""Attachments"",""Text"":""ASMA 7 - Management Plan"",""Url"":""https://documents.ats.aq/recatt/att385_e.pdf""},{""Title"":""Relevant Final Report paragraph"",""Text"":""93"",""Url"":null}]",null,,
01/01/1958,01/01/2158,0,0,0,2,16,1,392,71,M2,2,2008,ATCM XXXI - CEP XI,Kyiv,Designation of ASPA 168 (Mount Harding),https://www.ats.aq/devAS/Meetings/Measure/392?s=1&iframe=1&from=01/01/1958&to=01/01/2158&cat=0&top=0&type=2&stat=0&txt=&curr=0,"Measure 2 (2008) - ATCM XXXI - CEP XI, Kyiv",Effective 11/09/2008 (Fast Approval),,,0,,,Fast Approval: Entered into effect on 11 Sep 2008,7,https://documents.ats.aq/recatt/att386_e.pdf,"[{""Title"":""Subject"",""Text"":""Designation of ASPA 168 (Mount Harding)"",""Url"":null},{""Title"":""Status"",""Text"":""Effective 11/09/2008 (Fast Approval)"",""Url"":null},{""Title"":""Category"",""Text"":""Area protection and management"",""Url"":null},{""Title"":""Topics"",""Text"":""- Mount Harding (ASPA 168)"",""Url"":null},{""Title"":""Attachments"",""Text"":""ASPA 168 - Management Plan"",""Url"":""https://documents.ats.aq/recatt/att386_e.pdf""},{""Title"":""Relevant Final Report paragraph"",""Text"":""93"",""Url"":null},{""Title"":""Memo"",""Text"":""Management Plan for ASPA No 168 annexed to this Measure revoked by Measure 17 (2015)"",""Url"":null}]",null,,
01/01/1958,01/01/2158,0,0,0,2,16,2,393,71,M3,3,2008,ATCM XXXI - CEP XI,Kyiv,Designation of ASPA 169 (Amanda Bay),https://www.ats.aq/devAS/Meetings/Measure/393?s=1&iframe=1&from=01/01/1958&to=01/01/2158&cat=0&top=0&type=2&stat=0&txt=&curr=0,"Measure 3 (2008) - ATCM XXXI - CEP XI, Kyiv",Effective 11/09/2008 (Fast Approval),,,0,,,Fast Approval: Entered into effect on 11 Sep 2008,7,https://documents.ats.aq/recatt/att387_e.pdf,"[{""Title"":""Subject"",""Text"":""Designation of ASPA 169 (Amanda Bay)"",""Url"":null},{""Title"":""Status"",""Text"":""Effective 11/09/2008 (Fast Approval)"",""Url"":null},{""Title"":""Category"",""Text"":""Area protection and management"",""Url"":null},{""Title"":""Topics"",""Text"":""- Amanda Bay (ASPA 169)"",""Url"":null},{""Title"":""Attachments"",""Text"":""ASPA 169 - Management Plan"",""Url"":""https://documents.ats.aq/recatt/att387_e.pdf""},{""Title"":""Relevant Final Report paragraph"",""Text"":""93"",""Url"":null},{""Title"":""Memo"",""Text"":""Management Plan revoked by Measure 10 (2014)."",""Url"":null}]",null,,
01/01/1958,01/01/2158,0,0,0,2,16,3,394,71,M4,4,2008,ATCM XXXI - CEP XI,Kyiv,Designation of ASPA 170 (Marion Nunataks),https://www.ats.aq/devAS/Meetings/Measure/394?s=1&iframe=1&from=01/01/1958&to=01/01/2158&cat=0&top=0&type=2&stat=0&txt=&curr=0,"Measure 4 (2008) - ATCM XXXI - CEP XI, Kyiv",Effective 11/09/2008 (Fast Approval),,,0,,,Fast Approval: Entered into effect on 11 Sep 2008,7,https://documents.ats.aq/recatt/att388_e.pdf,"[{""Title"":""Subject"",""Text"":""Designation of ASPA 170 (Marion Nunataks)"",""Url"":null},{""Title"":""Status"",""Text"":""Effective 11/09/2008 (Fast Approval)"",""Url"":null},{""Title"":""Category"",""Text"":""Area protection and management"",""Url"":null},{""Title"":""Topics"",""Text"":""- Marion Nunataks (ASPA 170)"",""Url"":null},{""Title"":""Attachments"",""Text"":""ASPA 170 - Management Plan"",""Url"":""https://documents.ats.aq/recatt/att388_e.pdf""},{""Title"":""Relevant Final Report paragraph"",""Text"":""93"",""Url"":null},{""Title"":""Memo"",""Text"":""Management Plan for ASPA No. 170 not effective by Measure 16 (2013)"",""Url"":null}]",null,,
01/01/1958,01/01/2158,0,0,0,2,16,4,395,71,M5,5,2008,ATCM XXXI - CEP XI,Kyiv,Revised Management Plan for ASPA 118 (Summit of Mount Melbourne),https://www.ats.aq/devAS/Meetings/Measure/395?s=1&iframe=1&from=01/01/1958&to=01/01/2158&cat=0&top=0&type=2&stat=0&txt=&curr=0,"Measure 5 (2008) - ATCM XXXI - CEP XI, Kyiv",Effective 11/09/2008 (Fast Approval),,,0,,,Fast Approval: Entered into effect on 11 Sep 2008,7,https://documents.ats.aq/recatt/att389_e.pdf,"[{""Title"":""Subject"",""Text"":""Revised Management Plan for ASPA 118 (Summit of Mount Melbourne)"",""Url"":null},{""Title"":""Status"",""Text"":""Effective 11/09/2008 (Fast Approval)"",""Url"":null},{""Title"":""Category"",""Text"":""Area protection and management"",""Url"":null},{""Title"":""Topics"",""Text"":""- Summit of Mount Melbourne (ASPA 118)"",""Url"":null},{""Title"":""Attachments"",""Text"":""ASPA 118 - Management Plan"",""Url"":""https://documents.ats.aq/recatt/att389_e.pdf""},{""Title"":""Relevant Final Report paragraph"",""Text"":""93"",""Url"":null},{""Title"":""Memo"",""Text"":""Management Plan revoked by Measure 13 (2014). ASPA No. 118 shall not be used as future designations."",""Url"":null}]",null,,
01/01/1958,01/01/2158,0,0,0,2,16,5,396,71,M6,6,2008,ATCM XXXI - CEP XI,Kyiv,Revised Management Plan for ASPA 123 (Barwick and Balham Valleys),https://www.ats.aq/devAS/Meetings/Measure/396?s=1&iframe=1&from=01/01/1958&to=01/01/2158&cat=0&top=0&type=2&stat=0&txt=&curr=0,"Measure 6 (2008) - ATCM XXXI - CEP XI, Kyiv",Effective 11/09/2008 (Fast Approval),,,0,,,Fast Approval: Entered into effect on 11 Sep 2008,7,https://documents.ats.aq/recatt/att390_e.pdf,"[{""Title"":""Subject"",""Text"":""Revised Management Plan for ASPA 123 (Barwick and Balham Valleys)"",""Url"":null},{""Title"":""Status"",""Text"":""Effective 11/09/2008 (Fast Approval)"",""Url"":null},{""Title"":""Category"",""Text"":""Area protection and management"",""Url"":null},{""Title"":""Topics"",""Text"":""- Barwick Valley (ASPA 123)"",""Url"":null},{""Title"":""Attachments"",""Text"":""ASPA 123 - Management Plan"",""Url"":""https://documents.ats.aq/recatt/att390_e.pdf""},{""Title"":""Relevant Final Report paragraph"",""Text"":""93"",""Url"":null},{""Title"":""Memo"",""Text"":""Management Plan for ASPA No. 123 not effective by Measure 3 (2013)"",""Url"":null}]",null,,
01/01/1958,01/01/2158,0,0,0,2,16,6,397,71,M7,7,2008,ATCM XXXI - CEP XI,Kyiv,Revised Management Plan for ASPA 124 (Cape Crozier),https://www.ats.aq/devAS/Meetings/Measure/397?s=1&iframe=1&from=01/01/1958&to=01/01/2158&cat=0&top=0&type=2&stat=0&txt=&curr=0,"Measure 7 (2008) - ATCM XXXI - CEP XI, Kyiv",Effective 11/09/2008 (Fast Approval),,,0,,,Fast Approval: Entered into effect on 11 Sep 2008,7,https://documents.ats.aq/recatt/att391_e.pdf,"[{""Title"":""Subject"",""Text"":""Revised Management Plan for ASPA 124 (Cape Crozier)"",""Url"":null},{""Title"":""Status"",""Text"":""Effective 11/09/2008 (Fast Approval)"",""Url"":null},{""Title"":""Category"",""Text"":""Area protection and management"",""Url"":null},{""Title"":""Topics"",""Text"":""- Cape Crozier (ASPA 124)"",""Url"":null},{""Title"":""Attachments"",""Text"":""ASPA 124 - Management Plan"",""Url"":""https://documents.ats.aq/recatt/att391_e.pdf""},{""Title"":""Relevant Final Report paragraph"",""Text"":""93"",""Url"":null},{""Title"":""Memo"",""Text"":""Management Plan revoked by Measure 3 (2014)"",""Url"":null}]",null,,
01/01/1958,01/01/2158,0,0,0,2,16,7,398,71,M8,8,2008,ATCM XXXI - CEP XI,Kyiv,Revised Management Plan for ASPA 135 (North-east Bailey Peninsula),https://www.ats.aq/devAS/Meetings/Measure/398?s=1&iframe=1&from=01/01/1958&to=01/01/2158&cat=0&top=0&type=2&stat=0&txt=&curr=0,"Measure 8 (2008) - ATCM XXXI - CEP XI, Kyiv",Effective 11/09/2008 (Fast Approval). No longer current: M 6 (2013),,,0,,,Fast Approval: Entered into effect on 11 Sep 2008,7,https://documents.ats.aq/recatt/att392_e.pdf,"[{""Title"":""Subject"",""Text"":""Revised Management Plan for ASPA 135 (North-east Bailey Peninsula)"",""Url"":null},{""Title"":""Status"",""Text"":""Effective 11/09/2008 (Fast Approval). No longer current: M 6 (2013)"",""Url"":null},{""Title"":""Category"",""Text"":""Area protection and management"",""Url"":null},{""Title"":""Topics"",""Text"":""- Bailey Peninsula (ASPA 135)"",""Url"":null},{""Title"":""Attachments"",""Text"":""ASPA 135 - Management Plan"",""Url"":""https://documents.ats.aq/recatt/att392_e.pdf""},{""Title"":""Relevant Final Report paragraph"",""Text"":""93"",""Url"":null},{""Title"":""Memo"",""Text"":""Management Plan for ASPA No. 135 not effective by Measure 6 (2013)"",""Url"":null}]",null,,
01/01/1958,01/01/2158,0,0,0,2,16,8,399,71,M9,9,2008,ATCM XXXI - CEP XI,Kyiv,Revised Management Plan for ASPA 137 (North-west White Island),https://www.ats.aq/devAS/Meetings/Measure/399?s=1&iframe=1&from=01/01/1958&to=01/01/2158&cat=0&top=0&type=2&stat=0&txt=&curr=0,"Measure 9 (2008) - ATCM XXXI - CEP XI, Kyiv",Effective 11/09/2008 (Fast Approval),,,0,,,Fast Approval: Entered into effect on 11 Sep 2008,6,https://documents.ats.aq/recatt/att393_e.pdf,"[{""Title"":""Subject"",""Text"":""Revised Management Plan for ASPA 137 (North-west White Island)"",""Url"":null},{""Title"":""Status"",""Text"":""Effective 11/09/2008 (Fast Approval)"",""Url"":null},{""Title"":""Category"",""Text"":""Area protection and management"",""Url"":null},{""Title"":""Topics"",""Text"":""- White Island (ASPA 137)"",""Url"":null},{""Title"":""Attachments"",""Text"":""ASPA 137 - Management Plan"",""Url"":""https://documents.ats.aq/recatt/att393_e.pdf""},{""Title"":""Relevant Final Report paragraph"",""Text"":""93"",""Url"":null}]",null,,
01/01/1958,01/01/2158,0,0,0,2,16,9,400,71,M10,10,2008,ATCM XXXI - CEP XI,Kyiv,Revised Management Plan for ASPA 138 (Linnaeus Terrace),https://www.ats.aq/devAS/Meetings/Measure/400?s=1&iframe=1&from=01/01/1958&to=01/01/2158&cat=0&top=0&type=2&stat=0&txt=&curr=0,"Measure 10 (2008) - ATCM XXXI - CEP XI, Kyiv",Effective 11/09/2008 (Fast Approval),,,0,,,Fast Approval: Entered into effect on 11 Sep 2008,7,https://documents.ats.aq/recatt/att394_e.pdf,"[{""Title"":""Subject"",""Text"":""Revised Management Plan for ASPA 138 (Linnaeus Terrace)"",""Url"":null},{""Title"":""Status"",""Text"":""Effective 11/09/2008 (Fast Approval)"",""Url"":null},{""Title"":""Category"",""Text"":""Area protection and management"",""Url"":null},{""Title"":""Topics"",""Text"":""- Linnaeus Terrace (ASPA 138)"",""Url"":null},{""Title"":""Attachments"",""Text"":""ASPA 138 - Management Plan"",""Url"":""https://documents.ats.aq/recatt/att394_e.pdf""},{""Title"":""Relevant Final Report paragraph"",""Text"":""93"",""Url"":null},{""Title"":""Memo"",""Text"":""Management Plan for ASPA No. 138 not effective by Measure 8 (2013)"",""Url"":null}]",null,,
01/01/1958,01/01/2158,0,0,0,2,16,10,401,71,M11,11,2008,ATCM XXXI - CEP XI,Kyiv,Revised Management Plan for ASPA 154 (Botany Bay),https://www.ats.aq/devAS/Meetings/Measure/401?s=1&iframe=1&from=01/01/1958&to=01/01/2158&cat=0&top=0&type=2&stat=0&txt=&curr=0,"Measure 11 (2008) - ATCM XXXI - CEP XI, Kyiv",Effective 11/09/2008 (Fast Approval),,,0,,,Fast Approval: Entered into effect on 11 Sep 2008,7,https://documents.ats.aq/recatt/att395_e.pdf,"[{""Title"":""Subject"",""Text"":""Revised Management Plan for ASPA 154 (Botany Bay)"",""Url"":null},{""Title"":""Status"",""Text"":""Effective 11/09/2008 (Fast Approval)"",""Url"":null},{""Title"":""Category"",""Text"":""Area protection and management"",""Url"":null},{""Title"":""Topics"",""Text"":""- Botany Bay (ASPA 154)"",""Url"":null},{""Title"":""Attachments"",""Text"":""ASPA 154 - Management Plan"",""Url"":""https://documents.ats.aq/recatt/att395_e.pdf""},{""Title"":""Relevant Final Report paragraph"",""Text"":""93"",""Url"":null},{""Title"":""Memo"",""Text"":""Management Plan for ASPA No. 154 not effective by Measure 12 (2013)"",""Url"":null}]",null,,
01/01/1958,01/01/2158,0,0,0,2,16,11,402,71,M12,12,2008,ATCM XXXI - CEP XI,Kyiv,Revised Management Plan for ASPA 155 (Cape Evans),https://www.ats.aq/devAS/Meetings/Measure/402?s=1&iframe=1&from=01/01/1958&to=01/01/2158&cat=0&top=0&type=2&stat=0&txt=&curr=0,"Measure 12 (2008) - ATCM XXXI - CEP XI, Kyiv",Effective 11/09/2008 (Fast Approval),,,0,,,Fast Approval: Entered into effect on 11 Sep 2008,7,https://documents.ats.aq/recatt/att396_e.pdf,"[{""Title"":""Subject"",""Text"":""Revised Management Plan for ASPA 155 (Cape Evans)"",""Url"":null},{""Title"":""Status"",""Text"":""Effective 11/09/2008 (Fast Approval)"",""Url"":null},{""Title"":""Category"",""Text"":""Area protection and management"",""Url"":null},{""Title"":""Topics"",""Text"":""- Cape Evans (ASPA 155)"",""Url"":null},{""Title"":""Attachments"",""Text"":""ASPA 155 - Management Plan"",""Url"":""https://documents.ats.aq/recatt/att396_e.pdf""},{""Title"":""Relevant Final Report paragraph"",""Text"":""93"",""Url"":null},{""Title"":""Memo"",""Text"":""Management Plan for ASPA No. 155 not effective by Measure 8 (2010)"",""Url"":null}]",null,,
01/01/1958,01/01/2158,0,0,0,2,16,12,403,71,M13,13,2008,ATCM XXXI - CEP XI,Kyiv,Revised Management Plan for ASPA 160 (Frazier Islands),https://www.ats.aq/devAS/Meetings/Measure/403?s=1&iframe=1&from=01/01/1958&to=01/01/2158&cat=0&top=0&type=2&stat=0&txt=&curr=0,"Measure 13 (2008) - ATCM XXXI - CEP XI, Kyiv",Effective 11/09/2008 (Fast Approval),,,0,,,Fast Approval: Entered into effect on 11 Sep 2008,7,https://documents.ats.aq/recatt/att397_e.pdf,"[{""Title"":""Subject"",""Text"":""Revised Management Plan for ASPA 160 (Frazier Islands)"",""Url"":null},{""Title"":""Status"",""Text"":""Effective 11/09/2008 (Fast Approval)"",""Url"":null},{""Title"":""Category"",""Text"":""Area protection and management"",""Url"":null},{""Title"":""Topics"",""Text"":""- Frazier Islands (ASPA 160)"",""Url"":null},{""Title"":""Attachments"",""Text"":""ASPA 160 - Management Plan"",""Url"":""https://documents.ats.aq/recatt/att397_e.pdf""},{""Title"":""Relevant Final Report paragraph"",""Text"":""93"",""Url"":null},{""Title"":""Memo"",""Text"":""Management Plan for ASPA No. 160 not effective by Measure 14 (2013)"",""Url"":null}]",null,,
01/01/1958,01/01/2158,0,0,0,2,16,13,404,71,M14,14,2008,ATCM XXXI - CEP XI,Kyiv,Revised Management Plan for ASPA 161 (Terra Nova Bay),https://www.ats.aq/devAS/Meetings/Measure/404?s=1&iframe=1&from=01/01/1958&to=01/01/2158&cat=0&top=0&type=2&stat=0&txt=&curr=0,"Measure 14 (2008) - ATCM XXXI - CEP XI, Kyiv",Effective 11/09/2008 (Fast Approval),,,0,,,Fast Approval: Entered into effect on 11 Sep 2008,7,https://documents.ats.aq/recatt/att398_e.pdf,"[{""Title"":""Subject"",""Text"":""Revised Management Plan for ASPA 161 (Terra Nova Bay)"",""Url"":null},{""Title"":""Status"",""Text"":""Effective 11/09/2008 (Fast Approval)"",""Url"":null},{""Title"":""Category"",""Text"":""Area protection and management"",""Url"":null},{""Title"":""Topics"",""Text"":""- Terra Nova Bay (ASPA 161)"",""Url"":null},{""Title"":""Attachments"",""Text"":""ASPA 161 - Management Plan"",""Url"":""https://documents.ats.aq/recatt/att398_e.pdf""},{""Title"":""Relevant Final Report paragraph"",""Text"":""93"",""Url"":null},{""Title"":""Memo"",""Text"":""Management Plan for ASPA No. 161 not effective by Measure 15 (2013)"",""Url"":null}]",null,,
01/01/1958,01/01/2158,0,0,0,2,16,14,375,62,M1,1,2007,ATCM XXX - CEP X,New Delhi,Revised Management Plans for ASPA 109 (Moe Island) and 129 (Rothera Point),https://www.ats.aq/devAS/Meetings/Measure/375?s=1&iframe=1&from=01/01/1958&to=01/01/2158&cat=0&top=0&type=2&stat=0&txt=&curr=0,"Measure 1 (2007) - ATCM XXX - CEP X, New Delhi",Effective 09/08/2007 (Fast Approval),,,0,,,Fast Approval: Entered into effect on 9 Aug 2007,7,https://documents.ats.aq/recatt/att355_e.pdf,"[{""Title"":""Subject"",""Text"":""Revised Management Plans for ASPA 109 (Moe Island) and 129 (Rothera Point)"",""Url"":null},{""Title"":""Status"",""Text"":""Effective 09/08/2007 (Fast Approval)"",""Url"":null},{""Title"":""Category"",""Text"":""Area protection and management"",""Url"":null},{""Title"":""Topics"",""Text"":""- Moe Island (ASPA 109)\n                                - Rothera Point (ASPA 129)"",""Url"":null},{""Title"":""Attachments"",""Text"":""ASPA 109 - Revised Management Plan\n                                \n                                    ASPA 129 - Revised Management Plan"",""Url"":""https://documents.ats.aq/recatt/att355_e.pdf""},{""Title"":""Relevant Final Report paragraph"",""Text"":""93"",""Url"":null},{""Title"":""Memo"",""Text"":""Management Plan for ASPA No. 109 not effective by Measure 1 (2007)\nManagement Plan for ASPA No. 129 not effective by Measure 6 (2012)"",""Url"":null}]",null,,
01/01/1958,01/01/2158,0,0,0,2,17,0,376,62,M2,2,2007,ATCM XXX - CEP X,New Delhi,Designation of ASMA 5 (Amundsen Scott South Pole Station) and 6 (Larsemann Hills),https://www.ats.aq/devAS/Meetings/Measure/376?s=1&iframe=1&from=01/01/1958&to=01/01/2158&cat=0&top=0&type=2&stat=0&txt=&curr=0,"Measure 2 (2007) - ATCM XXX - CEP X, New Delhi",Effective 09/08/2007 (Fast Approval),,,0,,,Fast Approval: Entered into effect on 9 Aug 2007,7,https://documents.ats.aq/recatt/att357_e.pdf,"[{""Title"":""Subject"",""Text"":""Designation of ASMA 5 (Amundsen Scott South Pole Station) and 6 (Larsemann Hills)"",""Url"":null},{""Title"":""Status"",""Text"":""Effective 09/08/2007 (Fast Approval)"",""Url"":null},{""Title"":""Category"",""Text"":""Area protection and management"",""Url"":null},{""Title"":""Topics"",""Text"":""- Amundsen Scott South Pole Station (ASMA 5)\n                                - ASMAs (Antarctic Specially Managed Areas)\n                                - Larsemann Hills (ASMA 6)"",""Url"":null},{""Title"":""Attachments"",""Text"":""ASMA 5 - Management Plan\n                                \n                                    ASMA 6 - Management Plan"",""Url"":""https://documents.ats.aq/recatt/att357_e.pdf""},{""Title"":""Relevant Final Report paragraph"",""Text"":""94"",""Url"":null},{""Title"":""Memo"",""Text"":""Management Plan for ASMA No. 6 revoked by Measure 15 (2014).\nManagement Plan for ASMA No. 5 revoked by Measure 8 (2017)."",""Url"":null}]",null,,
01/01/1958,01/01/2158,0,0,0,2,17,1,377,62,M3,3,2007,ATCM XXX - CEP X,New Delhi,Historic Monument 82 (Monument to the Antarctic Treaty),https://www.ats.aq/devAS/Meetings/Measure/377?s=1&iframe=1&from=01/01/1958&to=01/01/2158&cat=0&top=0&type=2&stat=0&txt=&curr=0,"Measure 3 (2007) - ATCM XXX - CEP X, New Delhi",Effective 09/08/2007 (Fast Approval),,,0,,,Fast Approval: Entered into effect on 9 Aug 2007,6,,"[{""Title"":""Subject"",""Text"":""Historic Monument 82 (Monument to the Antarctic Treaty)"",""Url"":null},{""Title"":""Status"",""Text"":""Effective 09/08/2007 (Fast Approval)"",""Url"":null},{""Title"":""Category"",""Text"":""Area protection and management\n                                \nHistoric Sites and Monuments"",""Url"":null},{""Title"":""Topics"",""Text"":""- Monument to the Antarctic Treaty (HSM 82)\n                                - Monument to the Antarctic Treaty and plaque (HSM 82)"",""Url"":null},{""Title"":""Attachments"",""Text"":"""",""Url"":null},{""Title"":""Relevant Final Report paragraph"",""Text"":""95"",""Url"":null}]",null,,
01/01/1958,01/01/2158,0,0,0,2,17,2,357,60,M1,1,2006,ATCM XXIX - CEP IX,Edinburgh,"Designation of ASPA 165 (Edmonson Point), 166 (Port-Martin) and 167 (Hawker Island); Revised Management Plans for ASPA 116 (New College Valley), 127 (Haswell Island), 131 (Canada Glacier), 134 (Cierva Point) and 136 (Clark Peninsula)",https://www.ats.aq/devAS/Meetings/Measure/357?s=1&iframe=1&from=01/01/1958&to=01/01/2158&cat=0&top=0&type=2&stat=0&txt=&curr=0,"Measure 1 (2006) - ATCM XXIX - CEP IX, Edinburgh",Effective 21/09/2006 (Fast Approval),,,0,,,Fast Approval: Entered into effect on 21 Sep 2006,7,https://documents.ats.aq/recatt/att330_e.pdf,"[{""Title"":""Subject"",""Text"":""Designation of ASPA 165 (Edmonson Point), 166 (Port-Martin) and 167 (Hawker Island); Revised Management Plans for ASPA 116 (New College Valley), 127 (Haswell Island), 131 (Canada Glacier), 134 (Cierva Point) and 136 (Clark Peninsula)"",""Url"":null},{""Title"":""Status"",""Text"":""Effective 21/09/2006 (Fast Approval)"",""Url"":null},{""Title"":""Category"",""Text"":""Area protection and management"",""Url"":null},{""Title"":""Topics"",""Text"":""- Canada Glacier (ASPA 131)\n                                - Cierva Point (ASPA 134)\n                                - Clark Peninsula (ASPA 136)\n                                - Edmonson Point (ASPA 165)\n                                - Haswell Island (ASPA 127)\n                                - Hawker Island (ASPA 167)\n                                - New College Valley (ASPA 116)\n                                - Port-Martin (ASPA 166)"",""Url"":null},{""Title"":""Attachments"",""Text"":""ASPA 116 - Management Plan\n                                \n                                    ASPA 127 - Management Plan\n                                \n                                    ASPA 131 - Management Plan\n                                \n                                    ASPA 134 - Management Plan\n                                \n                                    ASPA 136 - Management Plan\n                                \n                                    ASPA 165 - Management Plan\n                                \n                                    ASPA 166 - Management Plan\n                                \n                                    ASPA 167 - Management Plan"",""Url"":""https://documents.ats.aq/recatt/att330_e.pdf""},{""Title"":""Relevant Final Report paragraph"",""Text"":""78"",""Url"":null},{""Title"":""Memo"",""Text"":""Management Plan for ASPA No. 131 not effective by Measure 1 (2006)\nManagement Plan for ASPA No. 134 not effective by Measure 5 (2013)\nManagement Plan for ASPA No. 136 not effective by Measure 7 (2009)\nManagement Plan for ASPA No. 127 not effective by Measure 5 (2011)\nManagement Plan for ASPA No. 116 not effective by Measure 1 (2011)\nManagement Plan for ASPA No. 165 not effective by Measure 8 (2011)\nManagement Plan for ASPA No. 166 extended by ATCM XXXIX\nManagement Plan for ASPA No. 167 not effective by Measure 9 (2011)"",""Url"":null}]",null,,
01/01/1958,01/01/2158,0,0,0,2,17,3,358,60,M2,2,2006,ATCM XXIX - CEP IX,Edinburgh,"Designation of ASMA 1 (Admiralty Bay), including ASPA 128 (Admiralty Bay) and HSM 51 (Puchalski Grave)",https://www.ats.aq/devAS/Meetings/Measure/358?s=1&iframe=1&from=01/01/1958&to=01/01/2158&cat=0&top=0&type=2&stat=0&txt=&curr=0,"Measure 2 (2006) - ATCM XXIX - CEP IX, Edinburgh",Effective 21/09/2006 (Fast Approval),,,0,,,Fast Approval: Entered into effect on 21 Sep 2006,7,https://documents.ats.aq/recatt/att338_e.pdf,"[{""Title"":""Subject"",""Text"":""Designation of ASMA 1 (Admiralty Bay), including ASPA 128 (Admiralty Bay) and HSM 51 (Puchalski Grave)"",""Url"":null},{""Title"":""Status"",""Text"":""Effective 21/09/2006 (Fast Approval)"",""Url"":null},{""Title"":""Category"",""Text"":""Area protection and management"",""Url"":null},{""Title"":""Topics"",""Text"":""- Admiralty Bay (ASMA 1)\n                                - Admiralty Bay (ASPA 128)\n                                - ASMAs (Antarctic Specially Managed Areas)\n                                - Puchalski Grave (HSM 51)"",""Url"":null},{""Title"":""Attachments"",""Text"":""ASMA 1 - Management Plan"",""Url"":""https://documents.ats.aq/recatt/att338_e.pdf""},{""Title"":""Relevant Final Report paragraph"",""Text"":""78"",""Url"":null},{""Title"":""Memo"",""Text"":""Management Plan for ASMA No. 1 revoked by Measure 14 (2014)."",""Url"":null}]",null,,
01/01/1958,01/01/2158,0,0,0,2,17,4,359,60,M3,3,2006,ATCM XXIX - CEP IX,Edinburgh,Historic Site 81 (Rocher du Débarquement),https://www.ats.aq/devAS/Meetings/Measure/359?s=1&iframe=1&from=01/01/1958&to=01/01/2158&cat=0&top=0&type=2&stat=0&txt=&curr=0,"Measure 3 (2006) - ATCM XXIX - CEP IX, Edinburgh",Effective 21/09/2006 (Fast Approval),,,0,,,Fast Approval: Entered into effect on 21 Sep 2006,6,,"[{""Title"":""Subject"",""Text"":""Historic Site 81 (Rocher du Débarquement)"",""Url"":null},{""Title"":""Status"",""Text"":""Effective 21/09/2006 (Fast Approval)"",""Url"":null},{""Title"":""Category"",""Text"":""Historic Sites and Monuments\n                                \nArea protection and management"",""Url"":null},{""Title"":""Topics"",""Text"":""- Landing Rock (HSM 81)"",""Url"":null},{""Title"":""Attachments"",""Text"":"""",""Url"":null},{""Title"":""Relevant Final Report paragraph"",""Text"":""79"",""Url"":null}]",null,,
01/01/1958,01/01/2158,0,0,0,2,17,5,360,60,M4,4,2006,ATCM XXIX - CEP IX,Edinburgh,De-listing of Fur Seals as Specially Protected Species,https://www.ats.aq/devAS/Meetings/Measure/360?s=1&iframe=1&from=01/01/1958&to=01/01/2158&cat=0&top=0&type=2&stat=0&txt=&curr=0,"Measure 4 (2006) - ATCM XXIX - CEP IX, Edinburgh",Effective 23/06/2007 (Fast Approval),,,0,,,Fast Approval: Entered into effect on 23 Jun 2007,6,https://documents.ats.aq/recatt/att438_e.pdf,"[{""Title"":""Subject"",""Text"":""De-listing of Fur Seals as Specially Protected Species"",""Url"":null},{""Title"":""Status"",""Text"":""Effective 23/06/2007 (Fast Approval)"",""Url"":null},{""Title"":""Category"",""Text"":""Fauna and flora"",""Url"":null},{""Title"":""Topics"",""Text"":""- Annex II (Flora and Fauna)\n                                - Seals\n                                - Specially protected species"",""Url"":null},{""Title"":""Attachments"",""Text"":""Annex II of the Environment Protocol"",""Url"":""https://documents.ats.aq/recatt/att438_e.pdf""},{""Title"":""Relevant Final Report paragraph"",""Text"":""86"",""Url"":null}]",null,,
01/01/1958,01/01/2158,0,0,0,2,17,6,331,59,M1,1,2005,ATCM XXVIII - CEP VIII,Stockholm,Annex VI (Liability),https://www.ats.aq/devAS/Meetings/Measure/331?s=1&iframe=1&from=01/01/1958&to=01/01/2158&cat=0&top=0&type=2&stat=0&txt=&curr=0,"Measure 1 (2005) - ATCM XXVIII - CEP VIII, Stockholm",Not yet effective,,,31,Argentina * | Australia * | Belgium * | Brazil * | Bulgaria * | Chile * | China * | Colombia | Czechia | Ecuador * | Finland * | France * | Germany * | India * | Italy * | Japan * | Korea (ROK) * | Netherlands * | New Zealand * | Norway * | Peru * | Poland * | Russian Federation * | South Africa * | Spain * | Sweden * | Türkiye | Ukraine * | United Kingdom * | United States * | Uruguay *," | 15/05/2014 |  |  |  | 15/06/2021 |  | 13/02/2020 | 21/05/2024 | 11/05/2016 | 14/12/2010 | 18/11/2021 | 15/09/2017 |  | 12/10/2011 |  |  | 28/04/2014 | 31/05/2013 | 24/05/2013 | 10/07/2007 | 15/01/2009 | 24/04/2013 | 12/11/2013 | 17/12/2008 | 08/06/2006 | 06/10/2025 | 14/06/2018 | 18/04/2013 |  | 23/08/2017",*Parties whose approval is needed for the Measure to enter into effect (Art. IX.4 of the Treaty),6,https://documents.ats.aq/recatt/att249_e.pdf,"[{""Title"":""Subject"",""Text"":""Annex VI (Liability)"",""Url"":null},{""Title"":""Status"",""Text"":""Not yet effective"",""Url"":null},{""Title"":""Category"",""Text"":""Institutional \u0026 legal matters\n                                \nEnvironmental protection"",""Url"":null},{""Title"":""Topics"",""Text"":""- Annex VI (Liability)\n                                - Liability"",""Url"":null},{""Title"":""Attachments"",""Text"":""Annex VI Liablity"",""Url"":""https://documents.ats.aq/recatt/att249_e.pdf""},{""Title"":""Relevant Final Report paragraph"",""Text"":""125"",""Url"":null}]","[{""Date"":"""",""Country"":""Argentina *""},{""Date"":""15/05/2014"",""Country"":""Australia *""},{""Date"":"""",""Country"":""Belgium *""},{""Date"":"""",""Country"":""Brazil *""},{""Date"":"""",""Country"":""Bulgaria *""},{""Date"":""15/06/2021"",""Country"":""Chile *""},{""Date"":"""",""Country"":""China *""},{""Date"":""13/02/2020"",""Country"":""Colombia""},{""Date"":""21/05/2024"",""Country"":""Czechia""},{""Date"":""11/05/2016"",""Country"":""Ecuador *""},{""Date"":""14/12/2010"",""Country"":""Finland *""},{""Date"":""18/11/2021"",""Country"":""France *""},{""Date"":""15/09/2017"",""Country"":""Germany *""},{""Date"":"""",""Country"":""India *""},{""Date"":""12/10/2011"",""Country"":""Italy *""},{""Date"":"""",""Country"":""Japan *""},{""Date"":"""",""Country"":""Korea (ROK) *""},{""Date"":""28/04/2014"",""Country"":""Netherlands *""},{""Date"":""31/05/2013"",""Country"":""New Zealand *""},{""Date"":""24/05/2013"",""Country"":""Norway *""},{""Date"":""10/07/2007"",""Country"":""Peru *""},{""Date"":""15/01/2009"",""Country"":""Poland *""},{""Date"":""24/04/2013"",""Country"":""Russian Federation *""},{""Date"":""12/11/2013"",""Country"":""South Africa *""},{""Date"":""17/12/2008"",""Country"":""Spain *""},{""Date"":""08/06/2006"",""Country"":""Sweden *""},{""Date"":""06/10/2025"",""Country"":""Türkiye""},{""Date"":""14/06/2018"",""Country"":""Ukraine *""},{""Date"":""18/04/2013"",""Country"":""United Kingdom *""},{""Date"":"""",""Country"":""United States *""},{""Date"":""23/08/2017"",""Country"":""Uruguay *""}]",,
01/01/1958,01/01/2158,0,0,0,2,17,7,332,59,M2,2,2005,ATCM XXVIII - CEP VIII,Stockholm,"Designation of ASPA 163 (Dakshin Gangotri) and 164 (Scullin and Murray Monoliths); revised management plans for ASPA 101 (Taylor Rookery), 102 (Rookery Islands), 103 (Ardery and Odbert Islands), 119 (Forlidas and Davis Valley Ponds), 120 (Pointe-Geologie), 132 (Potter Peninsula), 133 (Harmony Point), 149 (Cape Shirreff), 155 (Cape Evans), 157 (Backdoor Bay), 158 (Hut Point), 159 (Cape Adare)",https://www.ats.aq/devAS/Meetings/Measure/332?s=1&iframe=1&from=01/01/1958&to=01/01/2158&cat=0&top=0&type=2&stat=0&txt=&curr=0,"Measure 2 (2005) - ATCM XXVIII - CEP VIII, Stockholm",Effective 15/09/2005 (Fast Approval),,,0,,,Fast Approval: Entered into effect on 15 Sep 2005,7,https://documents.ats.aq/recatt/att268_e.pdf,"[{""Title"":""Subject"",""Text"":""Designation of ASPA 163 (Dakshin Gangotri) and 164 (Scullin and Murray Monoliths); revised management plans for ASPA 101 (Taylor Rookery), 102 (Rookery Islands), 103 (Ardery and Odbert Islands), 119 (Forlidas and Davis Valley Ponds), 120 (Pointe-Geologie), 132 (Potter Peninsula), 133 (Harmony Point), 149 (Cape Shirreff), 155 (Cape Evans), 157 (Backdoor Bay), 158 (Hut Point), 159 (Cape Adare)"",""Url"":null},{""Title"":""Status"",""Text"":""Effective 15/09/2005 (Fast Approval)"",""Url"":null},{""Title"":""Category"",""Text"":""Area protection and management"",""Url"":null},{""Title"":""Topics"",""Text"":""- Ardery and Odbert Islands (ASPA 103)\n                                - Backdoor Bay (ASPA 157)\n                                - Cape Adare (ASPA 159)\n                                - Cape Evans (ASPA 155)\n                                - Cape Shirreff (ASPA 149)\n                                - Dakshin Gangotri (ASPA 163)\n                                - Davis Valley ponds and Forlidas Pond (ASPA 119)\n                                - Harmony Point (ASPA 133)\n                                - Hut Point (ASPA 158)\n                                - Pointe-Geologie (ASPA 120)\n                                - Potter Peninsula (ASPA 132)\n                                - Rookery Islands (ASPA 102)\n                                - Scullin and Murray Monolites (ASPA 164)\n                                - Taylor Rookery (ASPA 101)"",""Url"":null},{""Title"":""Attachments"",""Text"":""ASPA 101 - Management Plan\n                                \n                                    ASPA 102 - Management Plan\n                                \n                                    ASPA 103 - Management Plan\n                                \n                                    ASPA 119 - Management Plan\n                                \n                                    ASPA 120 - Management Plan\n                                \n                                    ASPA 132 - Management Plan\n                                \n                                    ASPA 133 - Management Plan \n                                \n                                    ASPA 149 - Management Plan\n                                \n                                    ASPA 155 - Management Plan\n                                \n                                    ASPA 157 - Management Plan\n                                \n                                    ASPA 158 - Management Plan\n                                \n                                    ASPA 159 - Management Plan\n                                \n                                    ASPA 163 - Management Plan\n                                \n                                    ASPA 164 - Management Plan"",""Url"":""https://documents.ats.aq/recatt/att268_e.pdf""},{""Title"":""Relevant Final Report paragraph"",""Text"":""94"",""Url"":null},{""Title"":""Memo"",""Text"":""Management Plan for ASPA No. 101 not effective by Measure 1 (2010)\nManagement Plan for ASPA No. 102 not effective by Measure 2 (2010)\nManagement Plan for ASPA No. 103 not effective by Measure 3 (2010)\nManagement Plan for ASPA No. 119 not effective by Measure 6 (2010)\nManagement Plan for ASPA No. 120 not effective by Measure 2 (2011)\nManagement Plan for ASPA No. 132 not effective by Measure 4 (2013)\nManagement Plan for ASPA No. 133 not effective by Measure 7 (2012)\nManagement Plan for ASPA No. 132 not effective by Measure 4 (2013)\nManagement Plan for ASPA No. 149 not effective by Measure 7 (2011)\nManagement Plan for ASPA No. 155 not effective by Measure 12 (2008)\nManagement Plan for ASPA No. 157 not effective by Measure 9 (2010)\nManagement Plan for ASPA No. 158 not effective by Measure 10 (2010)\nManagement Plan for ASPA No. 159 not effective by Measure 11 (2010)\nManagement Plan for ASPA No. 163 not effective by Measure 12 (2010)\nManagement Plan for ASPA No. 164 not effective by Measure 13 (2010)"",""Url"":null}]",null,,
01/01/1958,01/01/2158,0,0,0,2,17,8,333,59,M3,3,2005,ATCM XXVIII - CEP VIII,Stockholm,Designation of  ASMA 4 (Deception Island) and revision of management plans for ASPA 140 (Parts of Deception Island) and 145 (Port Foster),https://www.ats.aq/devAS/Meetings/Measure/333?s=1&iframe=1&from=01/01/1958&to=01/01/2158&cat=0&top=0&type=2&stat=0&txt=&curr=0,"Measure 3 (2005) - ATCM XXVIII - CEP VIII, Stockholm",Effective 15/09/2005 (Fast Approval),,,0,,,Fast Approval: Entered into effect on 15 Sep 2005,7,https://documents.ats.aq/recatt/att288_e.pdf,"[{""Title"":""Subject"",""Text"":""Designation of  ASMA 4 (Deception Island) and revision of management plans for ASPA 140 (Parts of Deception Island) and 145 (Port Foster)"",""Url"":null},{""Title"":""Status"",""Text"":""Effective 15/09/2005 (Fast Approval)"",""Url"":null},{""Title"":""Category"",""Text"":""Area protection and management"",""Url"":null},{""Title"":""Topics"",""Text"":""- ASMAs (Antarctic Specially Managed Areas)\n                                - Deception Island (ASMA 4)\n                                - Deception Island (ASPA 140)\n                                - Port Foster (ASPA 145)"",""Url"":null},{""Title"":""Attachments"",""Text"":""ASMA 4 - Alert Scheme and Escape Strategy\n                                \n                                    ASMA 4 - Code of Conduct for Visitors\n                                \n                                    ASMA 4 - Management Plan\n                                \n                                    ASMA 4 Facilities Zone - Code of Conduct\n                                \n                                    ASPA 140 - Management Plan\n                                \n                                    ASPA 145 - Port Foster\n                                \n                                    HSM 71 - Conservation Strategy"",""Url"":""https://documents.ats.aq/recatt/att288_e.pdf""},{""Title"":""Relevant Final Report paragraph"",""Text"":""94"",""Url"":null},{""Title"":""Memo"",""Text"":""Management Plan for ASPA No. 140 not effective by Measure 8 (2012)\nManagement Plan for ASMA No. 4 not effective by Measure 3 (2005)\nManagement Plan for Antarctic Specially Protected Area No 145 annexed to this Measure revoked by Measure 10 (2023)"",""Url"":null}]",null,,
01/01/1958,01/01/2158,0,0,0,2,17,9,334,59,M4,4,2005,ATCM XXVIII - CEP VIII,Stockholm,"Extension of Expiry Dates for the Management Plans for ASPA 125 (Fildes Peninsula), 127 (Haswell Island), 144 (Chile Bay), 146 (South Bay), 150 (Ardley Island)",https://www.ats.aq/devAS/Meetings/Measure/334?s=1&iframe=1&from=01/01/1958&to=01/01/2158&cat=0&top=0&type=2&stat=0&txt=&curr=0,"Measure 4 (2005) - ATCM XXVIII - CEP VIII, Stockholm",Effective 15/09/2005 (Fast Approval),,,0,,,Fast Approval: Entered into effect on 15 Sep 2005,6,,"[{""Title"":""Subject"",""Text"":""Extension of Expiry Dates for the Management Plans for ASPA 125 (Fildes Peninsula), 127 (Haswell Island), 144 (Chile Bay), 146 (South Bay), 150 (Ardley Island)"",""Url"":null},{""Title"":""Status"",""Text"":""Effective 15/09/2005 (Fast Approval)"",""Url"":null},{""Title"":""Category"",""Text"":""Area protection and management"",""Url"":null},{""Title"":""Topics"",""Text"":""- Ardley Island (ASPA 150)\n                                - ASPAs (Antarctic Specially Protected Areas)\n                                - Chile Bay (ASPA 144)\n                                - Fildes Peninsula (ASPA 125)\n                                - Haswell Island (ASPA 127)\n                                - South Bay (ASPA 146)"",""Url"":null},{""Title"":""Attachments"",""Text"":"""",""Url"":null},{""Title"":""Relevant Final Report paragraph"",""Text"":""94"",""Url"":null}]",null,,
01/01/1958,01/01/2158,0,0,0,2,17,10,335,59,M5,5,2005,ATCM XXVIII - CEP VIII,Stockholm,Historic Monuments 79 (Lillie Marleen Hut) and 80 (Amundsen's Tent),https://www.ats.aq/devAS/Meetings/Measure/335?s=1&iframe=1&from=01/01/1958&to=01/01/2158&cat=0&top=0&type=2&stat=0&txt=&curr=0,"Measure 5 (2005) - ATCM XXVIII - CEP VIII, Stockholm",Effective 15/09/2005 (Fast Approval),,,0,,,Fast Approval: Entered into effect on 15 Sep 2005,6,,"[{""Title"":""Subject"",""Text"":""Historic Monuments 79 (Lillie Marleen Hut) and 80 (Amundsen's Tent)"",""Url"":null},{""Title"":""Status"",""Text"":""Effective 15/09/2005 (Fast Approval)"",""Url"":null},{""Title"":""Category"",""Text"":""Historic Sites and Monuments\n                                \nArea protection and management"",""Url"":null},{""Title"":""Topics"",""Text"":""- Amundsen's Tent (HSM 80)\n                                - Lillie Marleen Hut (HSM 79)"",""Url"":null},{""Title"":""Attachments"",""Text"":"""",""Url"":null},{""Title"":""Relevant Final Report paragraph"",""Text"":""94"",""Url"":null}]",null,,
01/01/1958,01/01/2158,0,0,0,2,17,11,318,58,M1,1,2004,ATCM XXVII - CEP VII,Capetown,Designation of ASMA 2 (McMurdo Dry Valleys) and 3 (Cape Denison),https://www.ats.aq/devAS/Meetings/Measure/318?s=1&iframe=1&from=01/01/1958&to=01/01/2158&cat=0&top=0&type=2&stat=0&txt=&curr=0,"Measure 1 (2004) - ATCM XXVII - CEP VII, Capetown",Effective 02/09/2004 (Fast Approval). No longer current: M 9 (2014),,,0,,,Fast Approval: Entered into effect on 2 Sep 2004,7,https://documents.ats.aq/recatt/att208_e.pdf,"[{""Title"":""Subject"",""Text"":""Designation of ASMA 2 (McMurdo Dry Valleys) and 3 (Cape Denison)"",""Url"":null},{""Title"":""Status"",""Text"":""Effective 02/09/2004 (Fast Approval). No longer current: M 9 (2014)"",""Url"":null},{""Title"":""Category"",""Text"":""Area protection and management"",""Url"":null},{""Title"":""Topics"",""Text"":""- ASMAs (Antarctic Specially Managed Areas)\n                                - Cape Denison (ASMA 3)\n                                - McMurdo Dry Valleys (ASMA 2)"",""Url"":null},{""Title"":""Attachments"",""Text"":""ASMA 2 - Management Plan\n                                \n                                    ASMA 3 - Management Plan"",""Url"":""https://documents.ats.aq/recatt/att208_e.pdf""},{""Title"":""Relevant Final Report paragraph"",""Text"":""76"",""Url"":null},{""Title"":""Memo"",""Text"":""Management Plan for ASMA 2 not effective by Measure 10 (2011)\nManagement Plan for ASMA 3 not effective by Measure 1 (2009)"",""Url"":null}]",null,,
01/01/1958,01/01/2158,0,0,0,2,17,12,319,58,M2,2,2004,ATCM XXVII - CEP VII,Capetown,"Designation of ASPA 162 (Mawson's Huts); (revised) management plans for ASPA 113 (Litchfield Island), ASPA 122 (Arrival Heights), 139 (Biscoe Point) and 142 (Svarthamaren)",https://www.ats.aq/devAS/Meetings/Measure/319?s=1&iframe=1&from=01/01/1958&to=01/01/2158&cat=0&top=0&type=2&stat=0&txt=&curr=0,"Measure 2 (2004) - ATCM XXVII - CEP VII, Capetown",Effective 02/09/2004 (Fast Approval),,,0,,,Fast Approval: Entered into effect on 2 Sep 2004,7,https://documents.ats.aq/recatt/att210_e.pdf,"[{""Title"":""Subject"",""Text"":""Designation of ASPA 162 (Mawson's Huts); (revised) management plans for ASPA 113 (Litchfield Island), ASPA 122 (Arrival Heights), 139 (Biscoe Point) and 142 (Svarthamaren)"",""Url"":null},{""Title"":""Status"",""Text"":""Effective 02/09/2004 (Fast Approval)"",""Url"":null},{""Title"":""Category"",""Text"":""Area protection and management"",""Url"":null},{""Title"":""Topics"",""Text"":""- Arrival Heights (ASPA 122)\n                                - Biscoe Point (ASPA 139)\n                                - Litchfield Island (ASPA 113)\n                                - Mawson's Huts (ASPA 162)\n                                - Svarthamaren (ASPA 142)"",""Url"":null},{""Title"":""Attachments"",""Text"":""ASPA 113 - Management Plan\n                                \n                                    ASPA 122 - Management Plan\n                                \n                                    ASPA 139 - Management Plan\n                                \n                                    ASPA 142 - Management Plan\n                                \n                                    ASPA 162 - Management Plan"",""Url"":""https://documents.ats.aq/recatt/att210_e.pdf""},{""Title"":""Relevant Final Report paragraph"",""Text"":""77"",""Url"":null},{""Title"":""Memo"",""Text"":""Management Plan for ASPA No. 122 not effective by Measure 2 (2004)\nManagement Plan for ASPA No. 139 not effective by Measure 7 (2010)\nManagement Plan for ASPA No. 113 not effective by Measure 4 (2009)\nManagement Plan for ASPA No. 142 not effective by Measure 8 (2009)\nManagement Plan for ASPA No. 162 not effective by Measure 12 (2009)"",""Url"":null}]",null,,
01/01/1958,01/01/2158,0,0,0,2,17,13,320,58,M3,3,2004,ATCM XXVII - CEP VII,Capetown,Designation of Historic Monuments 77 (Cape Denison) and 78 (India Point),https://www.ats.aq/devAS/Meetings/Measure/320?s=1&iframe=1&from=01/01/1958&to=01/01/2158&cat=0&top=0&type=2&stat=0&txt=&curr=0,"Measure 3 (2004) - ATCM XXVII - CEP VII, Capetown",Effective 02/09/2004 (Fast Approval),,,0,,,Fast Approval: Entered into effect on 2 Sep 2004,6,https://documents.ats.aq/recatt/att216_e.pdf,"[{""Title"":""Subject"",""Text"":""Designation of Historic Monuments 77 (Cape Denison) and 78 (India Point)"",""Url"":null},{""Title"":""Status"",""Text"":""Effective 02/09/2004 (Fast Approval)"",""Url"":null},{""Title"":""Category"",""Text"":""Historic Sites and Monuments\n                                \nArea protection and management"",""Url"":null},{""Title"":""Topics"",""Text"":""- Cape Denison (ASMA 3)\n                                - Cape Denison (HSM 77)\n                                - Mawson's Huts (ASPA 162)\n                                - Ninth Indian Expedition Plaque (HSM 78)"",""Url"":null},{""Title"":""Attachments"",""Text"":""Historic Site 78 - Management Plan"",""Url"":""https://documents.ats.aq/recatt/att216_e.pdf""},{""Title"":""Relevant Final Report paragraph"",""Text"":""78"",""Url"":null}]",null,,
01/01/1958,01/01/2158,0,0,0,2,17,14,321,58,M4,4,2004,ATCM XXVII - CEP VII,Capetown,Tourism and Non-Governmental activities,https://www.ats.aq/devAS/Meetings/Measure/321?s=1&iframe=1&from=01/01/1958&to=01/01/2158&cat=0&top=0&type=2&stat=0&txt=&curr=0,"Measure 4 (2004) - ATCM XXVII - CEP VII, Capetown",Not yet effective,,,29,Argentina * | Australia * | Belgium * | Brazil * | Bulgaria * | Chile * | China * | Czechia | Ecuador * | Finland * | France * | Germany * | India * | Italy * | Japan * | Korea (ROK) * | Netherlands * | New Zealand * | Norway * | Peru * | Poland * | Russian Federation * | South Africa * | Spain * | Sweden * | Ukraine | United Kingdom * | United States * | Uruguay *,28/11/2014 | 15/05/2014 | 25/01/2008 |  |  | 05/06/2007 |  | 23/04/2014 | 11/05/2016 | 14/12/2010 | 22/08/2008 |  |  |  | 01/06/2009 |  | 15/07/2005 | 11/07/2005 | 25/04/2017 |  | 15/01/2009 | 25/04/2017 | 11/05/2005 | 22/09/2022 |  | 14/06/2018 | 13/11/2007 |  | 14/07/2011,*Parties whose approval is needed for the Measure to enter into effect (Art. IX.4 of the Treaty),6,,"[{""Title"":""Subject"",""Text"":""Tourism and Non-Governmental activities"",""Url"":null},{""Title"":""Status"",""Text"":""Not yet effective"",""Url"":null},{""Title"":""Category"",""Text"":""Tourism and Non-Governmental Activities"",""Url"":null},{""Title"":""Topics"",""Text"":""- Contingency plans\n                                - Insurance\n                                - Safety issues\n                                - Search and Rescue (SAR)\n                                - Tourism planning"",""Url"":null},{""Title"":""Attachments"",""Text"":"""",""Url"":null},{""Title"":""Relevant Final Report paragraph"",""Text"":""179"",""Url"":null}]","[{""Date"":""28/11/2014"",""Country"":""Argentina *""},{""Date"":""15/05/2014"",""Country"":""Australia *""},{""Date"":""25/01/2008"",""Country"":""Belgium *""},{""Date"":"""",""Country"":""Brazil *""},{""Date"":"""",""Country"":""Bulgaria *""},{""Date"":""05/06/2007"",""Country"":""Chile *""},{""Date"":"""",""Country"":""China *""},{""Date"":""23/04/2014"",""Country"":""Czechia""},{""Date"":""11/05/2016"",""Country"":""Ecuador *""},{""Date"":""14/12/2010"",""Country"":""Finland *""},{""Date"":""22/08/2008"",""Country"":""France *""},{""Date"":"""",""Country"":""Germany *""},{""Date"":"""",""Country"":""India *""},{""Date"":"""",""Country"":""Italy *""},{""Date"":""01/06/2009"",""Country"":""Japan *""},{""Date"":"""",""Country"":""Korea (ROK) *""},{""Date"":""15/07/2005"",""Country"":""Netherlands *""},{""Date"":""11/07/2005"",""Country"":""New Zealand *""},{""Date"":""25/04/2017"",""Country"":""Norway *""},{""Date"":"""",""Country"":""Peru *""},{""Date"":""15/01/2009"",""Country"":""Poland *""},{""Date"":""25/04/2017"",""Country"":""Russian Federation *""},{""Date"":""11/05/2005"",""Country"":""South Africa *""},{""Date"":""22/09/2022"",""Country"":""Spain *""},{""Date"":"""",""Country"":""Sweden *""},{""Date"":""14/06/2018"",""Country"":""Ukraine""},{""Date"":""13/11/2007"",""Country"":""United Kingdom *""},{""Date"":"""",""Country"":""United States *""},{""Date"":""14/07/2011"",""Country"":""Uruguay *""}]",,
01/01/1958,01/01/2158,0,0,0,2,18,0,294,57,M1,1,2003,ATCM XXVI - CEP VI,Madrid,Secretariat of the Antarctic Treaty,https://www.ats.aq/devAS/Meetings/Measure/294?s=1&iframe=1&from=01/01/1958&to=01/01/2158&cat=0&top=0&type=2&stat=0&txt=&curr=0,"Measure 1 (2003) - ATCM XXVI - CEP VI, Madrid",Effective 06/10/2009,,,29,Argentina * | Australia * | Belgium * | Brazil * | Bulgaria * | Chile * | China * | Czechia | Ecuador * | Finland * | France * | Germany * | India * | Italy * | Japan * | Korea (ROK) * | Netherlands * | New Zealand * | Norway * | Peru * | Poland * | Russian Federation * | South Africa * | Spain * | Sweden * | Ukraine | United Kingdom * | United States * | Uruguay *,14/05/2004 | 22/09/2006 | 29/01/2004 | 06/10/2009 | 28/04/2004 | 05/06/2007 | 04/05/2004 | 23/04/2014 | 12/11/2008 | 22/09/2004 | 20/03/2006 | 23/02/2005 | 07/12/2005 | 18/11/2008 | 24/05/2004 | 10/04/2007 | 15/07/2005 | 18/11/2003 | 21/08/2006 | 18/07/2006 | 15/01/2009 | 10/06/2005 | 11/05/2005 | 15/06/2007 | 11/05/2005 |  | 13/11/2007 | 13/06/2005 | 15/02/2007,*Parties whose approval is needed for the Measure to enter into effect (Art. IX.4 of the Treaty),7,https://documents.ats.aq/recatt/att096_e.pdf,"[{""Title"":""Subject"",""Text"":""Secretariat of the Antarctic Treaty"",""Url"":null},{""Title"":""Status"",""Text"":""Effective 06/10/2009"",""Url"":null},{""Title"":""Category"",""Text"":""Institutional \u0026 legal matters"",""Url"":null},{""Title"":""Topics"",""Text"":""- Secretariat"",""Url"":null},{""Title"":""Attachments"",""Text"":""Headquarters Agreement"",""Url"":""https://documents.ats.aq/recatt/att096_e.pdf""},{""Title"":""Relevant Final Report paragraph"",""Text"":""38"",""Url"":null},{""Title"":""Memo"",""Text"":""Headquarters Agreement signed at ATCM XXXIII Punta del Este, Uruguay."",""Url"":null}]","[{""Date"":""14/05/2004"",""Country"":""Argentina *""},{""Date"":""22/09/2006"",""Country"":""Australia *""},{""Date"":""29/01/2004"",""Country"":""Belgium *""},{""Date"":""06/10/2009"",""Country"":""Brazil *""},{""Date"":""28/04/2004"",""Country"":""Bulgaria *""},{""Date"":""05/06/2007"",""Country"":""Chile *""},{""Date"":""04/05/2004"",""Country"":""China *""},{""Date"":""23/04/2014"",""Country"":""Czechia""},{""Date"":""12/11/2008"",""Country"":""Ecuador *""},{""Date"":""22/09/2004"",""Country"":""Finland *""},{""Date"":""20/03/2006"",""Country"":""France *""},{""Date"":""23/02/2005"",""Country"":""Germany *""},{""Date"":""07/12/2005"",""Country"":""India *""},{""Date"":""18/11/2008"",""Country"":""Italy *""},{""Date"":""24/05/2004"",""Country"":""Japan *""},{""Date"":""10/04/2007"",""Country"":""Korea (ROK) *""},{""Date"":""15/07/2005"",""Country"":""Netherlands *""},{""Date"":""18/11/2003"",""Country"":""New Zealand *""},{""Date"":""21/08/2006"",""Country"":""Norway *""},{""Date"":""18/07/2006"",""Country"":""Peru *""},{""Date"":""15/01/2009"",""Country"":""Poland *""},{""Date"":""10/06/2005"",""Country"":""Russian Federation *""},{""Date"":""11/05/2005"",""Country"":""South Africa *""},{""Date"":""15/06/2007"",""Country"":""Spain *""},{""Date"":""11/05/2005"",""Country"":""Sweden *""},{""Date"":"""",""Country"":""Ukraine""},{""Date"":""13/11/2007"",""Country"":""United Kingdom *""},{""Date"":""13/06/2005"",""Country"":""United States *""},{""Date"":""15/02/2007"",""Country"":""Uruguay *""}]",,
01/01/1958,01/01/2158,0,0,0,2,18,1,295,57,M2,2,2003,ATCM XXVI - CEP VI,Madrid,"Designation of ASPA 160 (Frazier Islands) and 161 (Terra Nova Bay); Revised Management Plans for ASPA 105 (Beaufort Island), 114 (Coronation Island), 118 (Mount Melbourne), 135 (Bailey Peninsula), 143 (Marine Plain), 152 (Bransfield Strait), 153 (Dallmann Bay), 154 (Botany Bay) and 156 (Lewis Bay)",https://www.ats.aq/devAS/Meetings/Measure/295?s=1&iframe=1&from=01/01/1958&to=01/01/2158&cat=0&top=0&type=2&stat=0&txt=&curr=0,"Measure 2 (2003) - ATCM XXVI - CEP VI, Madrid",Effective 18/09/2003 (Fast Approval),,,0,,,Fast Approval: Entered into effect on 18 Sep 2003,7,https://documents.ats.aq/recatt/att155_e.pdf,"[{""Title"":""Subject"",""Text"":""Designation of ASPA 160 (Frazier Islands) and 161 (Terra Nova Bay); Revised Management Plans for ASPA 105 (Beaufort Island), 114 (Coronation Island), 118 (Mount Melbourne), 135 (Bailey Peninsula), 143 (Marine Plain), 152 (Bransfield Strait), 153 (Dallmann Bay), 154 (Botany Bay) and 156 (Lewis Bay)"",""Url"":null},{""Title"":""Status"",""Text"":""Effective 18/09/2003 (Fast Approval)"",""Url"":null},{""Title"":""Category"",""Text"":""Area protection and management"",""Url"":null},{""Title"":""Topics"",""Text"":""- Bailey Peninsula (ASPA 135)\n                                - Beaufort Island (ASPA 105)\n                                - Botany Bay (ASPA 154)\n                                - Bransfield Strait (ASPA 152)\n                                - Coronation Island (ASPA 114)\n                                - Dallmann Bay (ASPA 153)\n                                - Frazier Islands (ASPA 160)\n                                - Lewis Bay Tomb (ASPA 156)\n                                - Marine Plain (ASPA 143)\n                                - Summit of Mount Melbourne (ASPA 118)\n                                - Terra Nova Bay (ASPA 161)"",""Url"":null},{""Title"":""Attachments"",""Text"":""ASPA 105 - Management Plan\n                                \n                                    ASPA 114 - Management Plan\n                                \n                                    ASPA 118 - Management Plan\n                                \n                                    ASPA 135 - Management Plan\n                                \n                                    ASPA 143 - Management Plan\n                                \n                                    ASPA 152 - Management Plan\n                                \n                                    ASPA 153 - Management Plan\n                                \n                                    ASPA 154 - Management Plan\n                                \n                                    ASPA 156 - Management Plan\n                                \n                                    ASPA 160 - Management Plan\n                                \n                                    ASPA 161 - Management Plan"",""Url"":""https://documents.ats.aq/recatt/att155_e.pdf""},{""Title"":""Relevant Final Report paragraph"",""Text"":""72"",""Url"":null},{""Title"":""Memo"",""Text"":""Management Plan for ASPA No. 114 revoked by Measure 16 (2014). ASPA No. 114 shall not be used as a future designation. \nManagement Plan for ASPA No. 105 not effective by Measure 4 (2010)\nManagement Plan for ASPA No. 143 not effective by Measure 9 (2013)\nManagement Plan for ASPA No. 152 not effective by Measure 10 (2009)\nManagement Plan for ASPA No. 153 not effective by Measure 11 (2009)\nManagement Plan for ASPA No. 156 not effective by Measure 13 (2013)"",""Url"":null}]",null,,
01/01/1958,01/01/2158,0,0,0,2,18,2,296,57,M3,3,2003,ATCM XXVI - CEP VI,Madrid,Revised List of Historic Sites and Monuments,https://www.ats.aq/devAS/Meetings/Measure/296?s=1&iframe=1&from=01/01/1958&to=01/01/2158&cat=0&top=0&type=2&stat=0&txt=&curr=0,"Measure 3 (2003) - ATCM XXVI - CEP VI, Madrid",Effective 18/09/2003 (Fast Approval),,,0,,,Fast Approval: Entered into effect on 18 Sep 2003,7,https://documents.ats.aq/recatt/att157_e.pdf,"[{""Title"":""Subject"",""Text"":""Revised List of Historic Sites and Monuments"",""Url"":null},{""Title"":""Status"",""Text"":""Effective 18/09/2003 (Fast Approval)"",""Url"":null},{""Title"":""Category"",""Text"":""Historic Sites and Monuments\n                                \nArea protection and management"",""Url"":null},{""Title"":""Topics"",""Text"":""- \""Operation 90\"" flag mast (HSM 1)\n                                - Aguirre Cerda Station ruins (HSM 76)\n                                - Amundsen’s cairn (HSM 24)\n                                - Anatoly Shcheglov´s Monument (HSM 8)\n                                - Antarctic Message Post (HSM 65)\n                                - Base E (HSM 64)\n                                - Base F Wordie House (HSM 62)\n                                - Base Marret (HSM 47)\n                                - Base Y (HSM 63)\n                                - Belgrano station's cross (HSM 43)\n                                - Borchgrevink's 'Southern Cross' Hut - Cape Adare\nScott's Northern Party Hut (remnant) (HSM 22)\n                                - Bunger Hill Pillar (HSM 49)\n                                - Buromsky Island  (HSM 9)\n                                - Buromsky Island Cemetery (HSM 9)\n                                - Bust of Arturo Prat (HSM 34)\n                                - Ceremonial facilities of the Esperanza Baset (HSM 40)\n                                - Ceremonial facilities of the San Martín Base (HSM 26)\n                                - Charcot cairn (HSM 27)\n                                - Charcot's cairn of 1904 (HSM 28)\n                                - Corvette Uruguay Cairn (HSM 60)\n                                - Dakshin Gangotri (HSM 44)\n                                - Dallman Expedition Plaque (HSM 36)\n                                - De-listed (HSM 12)\n                                - De-listed (HSM 13)\n                                - De-listed (HSM 25)\n                                - De-listed (HSM 31)\n                                - De-listed (HSM 58)\n                                - Discovery's Message Post (HSM 69)\n                                - East Base (HSM 55)\n                                - Endurance Memorial Site (HSM 53)\n                                - Fukushima's Rock Cairn (HSM 2)\n                                - Gerlache Expedition Plaque (HSM 45)\n                                - Granite House (HSM 67)\n                                - Grave of Nicolai Hanson - Cape Adare (HSM 23)\n                                - Great Wall Station Monolith (HSM 52)\n                                - Hells Gate Moraine depot site (HSM 68)\n                                - Hillary's TAE/IGY Hut 'A', Geomagnetic Huts ‘G’ and ‘H’ (HSM 75 )\n                                - Historic remains of Antarctic's crew in Paulet island (HSM 41)\n                                - Hope Bay stone hut (HSM 39)\n                                - HSMs - general\n                                - Hydrographic monolith (HSM 32)\n                                - Ivan Khmara's Stone (HSM 7)\n                                - Kharma's Stone (HSM 7)\n                                - Laurie island observatories (HSM 42)\n                                - Lenin's Bust (HSM 4)\n                                - Lighthouse ‘Primero de Mayo’ (HSM 29)\n                                - MacFarlane's Plaque (HSM 57)\n                                - Mawson's Rock Cairn - Cape Bruce (HSM 5)\n                                - Mawson's Rock Cairn - Proclamation Island (HSM 3)\n                                - Mikkelsen Cairn (HSM 72)\n                                - Mount Erebus Cross (HSM 73)\n                                - O´Higgins (HSM 37)\n                                - Oasis Station Observatory (HSM 10)\n                                - Observation Hill Cross - Observation Hill, Ross Island (HSM 20)\n                                - O'Higgins Historic site (HSM 37)\n                                - Pole of Inaccessibility Station building (HSM 4)\n                                - Polish Eagle Plaque (HSM 50)\n                                - Port Lockroy (HSM 61)\n                                - Port-Martin, Terre-Adélie  (HSM 46)\n                                - Prestrud’s Cairn (HSM 66)\n                                - Prudhomme's Cross (HSM 48)\n                                - Puchalski Grave (HSM 51)\n                                - Richard Byrd's Bust (HSM 54)\n                                - Rock Hut - Cape Crozier, Ross Island (HSM 21)\n                                - San Telmo Cairn (HSM 59)\n                                - Scott's 'Discovery' Hut - Hut Point, Ross Island (HSM 18)\n                                - Scott's Message Post (HSM 70)\n                                - Scott's 'Terra Nova' Hut - Cape Evans, Ross Island (HSM 16)\n                                - Shackleton's 'Nimrod' Hut - Cape Royds, Ross Island (HSM 15)\n                                - Shcheglov's Monument (HSM 8)\n                                - Shelter at Paradise Harbour (HSM 30)\n                                - Shelter González-Pacheco (HSM 33)\n                                - Site of Northern Party ice cave - Inexpressible Island (HSM 14)\n                                - Snow hill Swedish hut (HSM 38)\n                                - Soviet Expedition Cemetery  (HSM 9) \n                                - Soviet Oasis Station Observatory (HSM 10)\n                                - Statue of Virgen del Carmen (Our Lady of Carmel) and wooden cross (HSM 35)\n                                - Un-Named Cove (HSM 74)\n                                - Vince's Cross - Hut Point, Ross Island (HSM 19)\n                                - Vostok Station Tractor (HSM 11)\n                                - Waterboat Point Hut (HSM 56)\n                                - Whalers Bay (HSM 71)\n                                - Wilkins's Cairn (HSM 6)\n                                - Wind Vane Hill Cross - Cape Evans, Ross Island (HSM 17)"",""Url"":null},{""Title"":""Attachments"",""Text"":""(Revised) List of Historic Sites and Monuments Approved by the Antarctic Treaty Consultative Meeting"",""Url"":""https://documents.ats.aq/recatt/att157_e.pdf""},{""Title"":""Relevant Final Report paragraph"",""Text"":""73"",""Url"":null},{""Title"":""Memo"",""Text"":""Revised and updated list of Historic Sites and Monuments adopted by Measure 19 (2015)"",""Url"":null}]",null,,
01/01/1958,01/01/2158,0,0,0,2,18,3,287,56,M1,1,2002,ATCM XXV - CEP V,Warsaw,"Revised Management Plans for ASPA 106 (Cape Hallett), 107 (Emperor Island), 108 (Green Island), 117 (Avian Island), 121 (Cape Royds, subject to CCAMLR approval), 123 (Barwick Valley), 124 (Cape Crozier), 126 (Byers Peninsula), 130 (Tramway Ridge), 137 (White Island), 147 (Ablation Point), 148 (Mount Flora), and 157 (Backdoor Bay)",https://www.ats.aq/devAS/Meetings/Measure/287?s=1&iframe=1&from=01/01/1958&to=01/01/2158&cat=0&top=0&type=2&stat=0&txt=&curr=0,"Measure 1 (2002) - ATCM XXV - CEP V, Warsaw",Effective 19/12/2002 (Fast Approval),,,0,,,Fast Approval: Entered into effect on 19 Dec 2002,7,https://documents.ats.aq/recatt/att092_e.pdf,"[{""Title"":""Subject"",""Text"":""Revised Management Plans for ASPA 106 (Cape Hallett), 107 (Emperor Island), 108 (Green Island), 117 (Avian Island), 121 (Cape Royds, subject to CCAMLR approval), 123 (Barwick Valley), 124 (Cape Crozier), 126 (Byers Peninsula), 130 (Tramway Ridge), 137 (White Island), 147 (Ablation Point), 148 (Mount Flora), and 157 (Backdoor Bay)"",""Url"":null},{""Title"":""Status"",""Text"":""Effective 19/12/2002 (Fast Approval)"",""Url"":null},{""Title"":""Category"",""Text"":""Area protection and management"",""Url"":null},{""Title"":""Topics"",""Text"":""- Ablation Point (ASPA 147)\n                                - Avian Island (ASPA 117)\n                                - Backdoor Bay (ASPA 157)\n                                - Barwick Valley (ASPA 123)\n                                - Byers Peninsula (ASPA 126)\n                                - Cape Crozier (ASPA 124)\n                                - Cape Hallet (ASPA 106)\n                                - Cape Royds (ASPA 121)\n                                - Emperor Island (ASPA 107)\n                                - Green Island (ASPA 108)\n                                - Mount Flora (ASPA 148)\n                                - Tramway Ridge (ASPA 130)\n                                - White Island (ASPA 137)"",""Url"":null},{""Title"":""Attachments"",""Text"":""ASPA 106 - Management Plan\n                                \n                                    ASPA 107 - Management Plan \n                                \n                                    ASPA 108 - Management Plan\n                                \n                                    ASPA 117 - Management Plan\n                                \n                                    ASPA 121 - Management Plan\n                                \n                                    ASPA 123 - Management Plan\n                                \n                                    ASPA 124 - Management Plan\n                                \n                                    ASPA 126 - Management Plan\n                                \n                                    ASPA 130 - Management Plan\n                                \n                                    ASPA 137 - Management Plan\n                                \n                                    ASPA 147 - Management Plan\n                                \n                                    ASPA 148 - Management Plan\n                                \n                                    ASPA 157 - Management Plan"",""Url"":""https://documents.ats.aq/recatt/att092_e.pdf""},{""Title"":""Relevant Final Report paragraph"",""Text"":""70"",""Url"":null},{""Title"":""Memo"",""Text"":""Management Plan for ASPA No. 130 revoked by Measure 13 (2014). ASPA No. 130 shall not be used as future designation.\nManagement Plan for ASPA No. 121 not effective by Measure 1 (2002)\nManagement Plan for ASPA No. 123 not effective by Measure 6 (2008)\nManagement Plan for ASPA No. 106 not effective by Measure 5 (2010)\nManagement Plan for ASPA No. 157 not effective by Measure 9 (2010)\nManagement Plan for ASPA No. 108 not effective by Measure 1 (2013)\nManagement Plan for ASPA No. 117 not effective by Measure 2 (2013)\nManagement Plan for ASPA No. 137 not effective by Measure 7 (2013)\nManagement Plan for ASPA No. 147 not effective by Measure 10 (2013)\nManagement Plan for ASPA No. 124 not effective by Measure 7 (2008)\nManagement Plan for ASPA No. 126 not effective by Measure 4 (2011)\nManagement Plan for ASPA No. 148 revoked by Measure 8 (2015)"",""Url"":null}]",null,,
01/01/1958,01/01/2158,0,0,0,2,18,4,275,55,M1,1,2001,ATCM XXIV - CEP IV,St. Petersburg,Historic Monument 75 ('A' Hut of Scott Base),https://www.ats.aq/devAS/Meetings/Measure/275?s=1&iframe=1&from=01/01/1958&to=01/01/2158&cat=0&top=0&type=2&stat=0&txt=&curr=0,"Measure 1 (2001) - ATCM XXIV - CEP IV, St. Petersburg",Did not enter into effect. No longer current: M 3 (2003),,,29,Argentina * | Australia * | Belgium * | Brazil * | Bulgaria * | Chile * | China * | Czechia | Ecuador * | Finland * | France * | Germany * | India * | Italy * | Japan * | Korea (ROK) * | Netherlands * | New Zealand * | Norway * | Peru * | Poland * | Russian Federation * | South Africa * | Spain * | Sweden * | Ukraine | United Kingdom * | United States * | Uruguay *," | 20/03/2003 | 29/01/2004 | 25/05/2006 |  | 05/06/2007 | 04/05/2004 | 23/04/2014 |  | 04/11/2004 | 03/07/2007 | 28/04/2005 | 07/12/2005 |  | 15/02/2012 | 21/10/2008 | 10/10/2003 | 11/09/2002 | 02/05/2002 | 05/11/2003 | 20/05/2004 | 10/06/2005 | 11/05/2005 |  | 06/06/2002 |  | 30/08/2002 | 20/12/2002 | 14/07/2011",*Parties whose approval is needed for the Measure to enter into effect (Art. IX.4 of the Treaty),6,,"[{""Title"":""Subject"",""Text"":""Historic Monument 75 ('A' Hut of Scott Base)"",""Url"":null},{""Title"":""Status"",""Text"":""Did not enter into effect. No longer current: M 3 (2003)"",""Url"":null},{""Title"":""Category"",""Text"":""Historic Sites and Monuments\n                                \nArea protection and management"",""Url"":null},{""Title"":""Topics"",""Text"":""- Hillary's TAE/IGY Hut 'A', Geomagnetic Huts ‘G’ and ‘H’ (HSM 75 )"",""Url"":null},{""Title"":""Attachments"",""Text"":"""",""Url"":null},{""Title"":""Relevant Final Report paragraph"",""Text"":""54"",""Url"":null}]","[{""Date"":"""",""Country"":""Argentina *""},{""Date"":""20/03/2003"",""Country"":""Australia *""},{""Date"":""29/01/2004"",""Country"":""Belgium *""},{""Date"":""25/05/2006"",""Country"":""Brazil *""},{""Date"":"""",""Country"":""Bulgaria *""},{""Date"":""05/06/2007"",""Country"":""Chile *""},{""Date"":""04/05/2004"",""Country"":""China *""},{""Date"":""23/04/2014"",""Country"":""Czechia""},{""Date"":"""",""Country"":""Ecuador *""},{""Date"":""04/11/2004"",""Country"":""Finland *""},{""Date"":""03/07/2007"",""Country"":""France *""},{""Date"":""28/04/2005"",""Country"":""Germany *""},{""Date"":""07/12/2005"",""Country"":""India *""},{""Date"":"""",""Country"":""Italy *""},{""Date"":""15/02/2012"",""Country"":""Japan *""},{""Date"":""21/10/2008"",""Country"":""Korea (ROK) *""},{""Date"":""10/10/2003"",""Country"":""Netherlands *""},{""Date"":""11/09/2002"",""Country"":""New Zealand *""},{""Date"":""02/05/2002"",""Country"":""Norway *""},{""Date"":""05/11/2003"",""Country"":""Peru *""},{""Date"":""20/05/2004"",""Country"":""Poland *""},{""Date"":""10/06/2005"",""Country"":""Russian Federation *""},{""Date"":""11/05/2005"",""Country"":""South Africa *""},{""Date"":"""",""Country"":""Spain *""},{""Date"":""06/06/2002"",""Country"":""Sweden *""},{""Date"":"""",""Country"":""Ukraine""},{""Date"":""30/08/2002"",""Country"":""United Kingdom *""},{""Date"":""20/12/2002"",""Country"":""United States *""},{""Date"":""14/07/2011"",""Country"":""Uruguay *""}]",,
01/01/1958,01/01/2158,0,0,0,2,18,5,276,55,M2,2,2001,ATCM XXIV - CEP IV,St. Petersburg,Historic Monument 76 (Ruins of Base Pedro Aguirre Cerda),https://www.ats.aq/devAS/Meetings/Measure/276?s=1&iframe=1&from=01/01/1958&to=01/01/2158&cat=0&top=0&type=2&stat=0&txt=&curr=0,"Measure 2 (2001) - ATCM XXIV - CEP IV, St. Petersburg",Did not enter into effect. No longer current: M 3 (2003),,,29,Argentina * | Australia * | Belgium * | Brazil * | Bulgaria * | Chile * | China * | Czechia | Ecuador * | Finland * | France * | Germany * | India * | Italy * | Japan * | Korea (ROK) * | Netherlands * | New Zealand * | Norway * | Peru * | Poland * | Russian Federation * | South Africa * | Spain * | Sweden * | Ukraine | United Kingdom * | United States * | Uruguay *," | 20/03/2003 | 29/01/2004 | 25/05/2006 |  | 05/06/2007 | 04/05/2004 | 23/04/2014 |  | 04/11/2004 | 03/07/2007 | 28/04/2005 | 07/12/2005 |  | 15/02/2012 | 21/10/2014 | 10/10/2003 | 11/09/2002 | 02/05/2002 | 05/11/2003 | 20/05/2004 | 10/06/2005 | 11/05/2005 |  | 06/06/2002 |  | 30/08/2002 | 20/12/2002 | 14/07/2011",*Parties whose approval is needed for the Measure to enter into effect (Art. IX.4 of the Treaty),6,,"[{""Title"":""Subject"",""Text"":""Historic Monument 76 (Ruins of Base Pedro Aguirre Cerda)"",""Url"":null},{""Title"":""Status"",""Text"":""Did not enter into effect. No longer current: M 3 (2003)"",""Url"":null},{""Title"":""Category"",""Text"":""Historic Sites and Monuments\n                                \nArea protection and management"",""Url"":null},{""Title"":""Topics"",""Text"":""- Aguirre Cerda Station ruins (HSM 76)"",""Url"":null},{""Title"":""Attachments"",""Text"":"""",""Url"":null},{""Title"":""Relevant Final Report paragraph"",""Text"":""54"",""Url"":null}]","[{""Date"":"""",""Country"":""Argentina *""},{""Date"":""20/03/2003"",""Country"":""Australia *""},{""Date"":""29/01/2004"",""Country"":""Belgium *""},{""Date"":""25/05/2006"",""Country"":""Brazil *""},{""Date"":"""",""Country"":""Bulgaria *""},{""Date"":""05/06/2007"",""Country"":""Chile *""},{""Date"":""04/05/2004"",""Country"":""China *""},{""Date"":""23/04/2014"",""Country"":""Czechia""},{""Date"":"""",""Country"":""Ecuador *""},{""Date"":""04/11/2004"",""Country"":""Finland *""},{""Date"":""03/07/2007"",""Country"":""France *""},{""Date"":""28/04/2005"",""Country"":""Germany *""},{""Date"":""07/12/2005"",""Country"":""India *""},{""Date"":"""",""Country"":""Italy *""},{""Date"":""15/02/2012"",""Country"":""Japan *""},{""Date"":""21/10/2014"",""Country"":""Korea (ROK) *""},{""Date"":""10/10/2003"",""Country"":""Netherlands *""},{""Date"":""11/09/2002"",""Country"":""New Zealand *""},{""Date"":""02/05/2002"",""Country"":""Norway *""},{""Date"":""05/11/2003"",""Country"":""Peru *""},{""Date"":""20/05/2004"",""Country"":""Poland *""},{""Date"":""10/06/2005"",""Country"":""Russian Federation *""},{""Date"":""11/05/2005"",""Country"":""South Africa *""},{""Date"":"""",""Country"":""Spain *""},{""Date"":""06/06/2002"",""Country"":""Sweden *""},{""Date"":"""",""Country"":""Ukraine""},{""Date"":""30/08/2002"",""Country"":""United Kingdom *""},{""Date"":""20/12/2002"",""Country"":""United States *""},{""Date"":""14/07/2011"",""Country"":""Uruguay *""}]",,
01/01/1958,01/01/2158,0,0,0,2,18,6,277,55,M3,3,2001,ATCM XXIV - CEP IV,St. Petersburg,"Extension of expiry dates for SSSI 4 (Cape Crozier), 5 (Fildes Peninsula), 6 (Byers Peninsula), 7 (Haswell Island), 18 (Northwest White Island), 33 (Ardley Island), 35 (Bransfield Strait) and 36 (Dallman Bay)",https://www.ats.aq/devAS/Meetings/Measure/277?s=1&iframe=1&from=01/01/1958&to=01/01/2158&cat=0&top=0&type=2&stat=0&txt=&curr=0,"Measure 3 (2001) - ATCM XXIV - CEP IV, St. Petersburg",Did not enter into effect. Withdrawn: M 4 (2011),,,29,Argentina * | Australia * | Belgium * | Brazil * | Bulgaria * | Chile * | China * | Czechia | Ecuador * | Finland * | France * | Germany * | India * | Italy * | Japan * | Korea (ROK) * | Netherlands * | New Zealand * | Norway * | Peru * | Poland * | Russian Federation * | South Africa * | Spain * | Sweden * | Ukraine | United Kingdom * | United States * | Uruguay *," | 20/03/2003 | 29/01/2004 | 25/05/2006 |  | 05/06/2007 | 04/05/2004 | 23/04/2014 | 11/05/2016 | 04/11/2004 | 03/07/2007 | 28/04/2005 | 07/12/2005 |  | 15/02/2012 | 21/10/2014 | 10/10/2003 | 11/09/2002 | 02/05/2002 | 05/11/2003 | 20/05/2004 | 10/06/2005 | 11/05/2005 |  | 06/06/2002 |  |  | 20/12/2002 | 10/08/2004",*Parties whose approval is needed for the Measure to enter into effect (Art. IX.4 of the Treaty),7,,"[{""Title"":""Subject"",""Text"":""Extension of expiry dates for SSSI 4 (Cape Crozier), 5 (Fildes Peninsula), 6 (Byers Peninsula), 7 (Haswell Island), 18 (Northwest White Island), 33 (Ardley Island), 35 (Bransfield Strait) and 36 (Dallman Bay)"",""Url"":null},{""Title"":""Status"",""Text"":""Did not enter into effect. Withdrawn: M 4 (2011)"",""Url"":null},{""Title"":""Category"",""Text"":""Area protection and management"",""Url"":null},{""Title"":""Topics"",""Text"":""- Ardley Island (ASPA 150)\n                                - Bransfield Strait (ASPA 152)\n                                - Byers Peninsula (ASPA 126)\n                                - Cape Crozier (ASPA 124)\n                                - Dallmann Bay (ASPA 153)\n                                - Fildes Peninsula (ASPA 125)\n                                - Haswell Island (ASPA 127)\n                                - SSSIs (Sites of Special Scientific Interest)\n                                - White Island (ASPA 137)"",""Url"":null},{""Title"":""Attachments"",""Text"":"""",""Url"":null},{""Title"":""Relevant Final Report paragraph"",""Text"":""54"",""Url"":null},{""Title"":""Memo"",""Text"":""Expiry date for SSSI 6 withdrawn by Measure 4 (2011)"",""Url"":null}]","[{""Date"":"""",""Country"":""Argentina *""},{""Date"":""20/03/2003"",""Country"":""Australia *""},{""Date"":""29/01/2004"",""Country"":""Belgium *""},{""Date"":""25/05/2006"",""Country"":""Brazil *""},{""Date"":"""",""Country"":""Bulgaria *""},{""Date"":""05/06/2007"",""Country"":""Chile *""},{""Date"":""04/05/2004"",""Country"":""China *""},{""Date"":""23/04/2014"",""Country"":""Czechia""},{""Date"":""11/05/2016"",""Country"":""Ecuador *""},{""Date"":""04/11/2004"",""Country"":""Finland *""},{""Date"":""03/07/2007"",""Country"":""France *""},{""Date"":""28/04/2005"",""Country"":""Germany *""},{""Date"":""07/12/2005"",""Country"":""India *""},{""Date"":"""",""Country"":""Italy *""},{""Date"":""15/02/2012"",""Country"":""Japan *""},{""Date"":""21/10/2014"",""Country"":""Korea (ROK) *""},{""Date"":""10/10/2003"",""Country"":""Netherlands *""},{""Date"":""11/09/2002"",""Country"":""New Zealand *""},{""Date"":""02/05/2002"",""Country"":""Norway *""},{""Date"":""05/11/2003"",""Country"":""Peru *""},{""Date"":""20/05/2004"",""Country"":""Poland *""},{""Date"":""10/06/2005"",""Country"":""Russian Federation *""},{""Date"":""11/05/2005"",""Country"":""South Africa *""},{""Date"":"""",""Country"":""Spain *""},{""Date"":""06/06/2002"",""Country"":""Sweden *""},{""Date"":"""",""Country"":""Ukraine""},{""Date"":"""",""Country"":""United Kingdom *""},{""Date"":""20/12/2002"",""Country"":""United States *""},{""Date"":""10/08/2004"",""Country"":""Uruguay *""}]",,
01/01/1958,01/01/2158,0,0,0,2,18,7,270,54,S-M1,1,2000,SATCM XII - CEP III,The Hague,"Revised management plans for SPA 14 (Lynch Island), 19 (Lagotellerie Island), 20 (New College Valley, also incorporating SSSI 10 (Caughley Beach)), SSSI 8 (Admiralty Bay), 17 (Clark Peninsula), 22 (Yukidori Valley), and 34 (Lions Rump)",https://www.ats.aq/devAS/Meetings/Measure/270?s=1&iframe=1&from=01/01/1958&to=01/01/2158&cat=0&top=0&type=2&stat=0&txt=&curr=0,"Measure 1 (2000) - SATCM XII - CEP III, The Hague",Did not enter into effect. Withdrawn: D 3 (2017),,,29,Argentina * | Australia * | Belgium * | Brazil * | Bulgaria * | Chile * | China * | Czechia | Ecuador * | Finland * | France * | Germany * | India * | Italy * | Japan * | Korea (ROK) * | Netherlands * | New Zealand * | Norway * | Peru * | Poland * | Russian Federation * | South Africa * | Spain * | Sweden * | Ukraine | United Kingdom * | United States * | Uruguay *," | 20/03/2003 | 29/01/2004 | 25/05/2006 |  | 05/06/2007 | 04/05/2004 | 23/04/2014 | 11/05/2016 | 04/11/2004 | 09/03/2009 | 28/04/2005 | 07/12/2005 |  |  | 21/10/2008 | 10/10/2003 | 11/09/2002 |  | 05/11/2003 |  | 10/06/2005 | 11/05/2005 |  | 06/06/2002 |  | 30/08/2002 | 20/12/2002 | 10/08/2004",*Parties whose approval is needed for the Measure to enter into effect (Art. IX.4 of the Treaty),7,https://documents.ats.aq/recatt/att201_e.pdf,"[{""Title"":""Subject"",""Text"":""Revised management plans for SPA 14 (Lynch Island), 19 (Lagotellerie Island), 20 (New College Valley, also incorporating SSSI 10 (Caughley Beach)), SSSI 8 (Admiralty Bay), 17 (Clark Peninsula), 22 (Yukidori Valley), and 34 (Lions Rump)"",""Url"":null},{""Title"":""Status"",""Text"":""Did not enter into effect. Withdrawn: D 3 (2017)"",""Url"":null},{""Title"":""Category"",""Text"":""Area protection and management"",""Url"":null},{""Title"":""Topics"",""Text"":""- Admiralty Bay (ASPA 128)\n                                - Caughley Beach (SSSI 10)\n                                - Clark Peninsula (ASPA 136)\n                                - Lagotellerie Island (ASPA 115)\n                                - Lions Rump (ASPA 151)\n                                - Lynch Island (ASPA 110)\n                                - New College Valley (ASPA 116)\n                                - SPAs (Specially Protected Areas)\n                                - SSSIs (Sites of Special Scientific Interest)\n                                - Yukidori Valley (ASPA 141)"",""Url"":null},{""Title"":""Attachments"",""Text"":""SPA 14 - Rev. Management Plan\n                                \n                                    SPA 19 - Rev. Management Plan\n                                \n                                    SPA 20 - Rev. Management Plan\n                                \n                                    SSSI 17 - Rev. Management Plan\n                                \n                                    SSSI 22 - Rev. Management Plan\n                                \n                                    SSSI 34 - Rev. Management Plan\n                                \n                                    SSSI 8 - Rev. Management Plan"",""Url"":""https://documents.ats.aq/recatt/att201_e.pdf""},{""Title"":""Relevant Final Report paragraph"",""Text"":""11"",""Url"":null},{""Title"":""Memo"",""Text"":""Management Plan for SSSI No. 22 (ASPA No. 141) withdrawn by Measure 7 (2014)\nManagement Plan for SSSI No. 8 (ASPA No. 128) withdrawn by Measure 4 (2014)\nManagement Plan for SSSI No.34 (ASPA No. 151) withdrawn by Measure 11 (2013)\nManagement Plan for SPA No. 19 withdrawn by Measure 5 (2012)\nManagement Plan for SPA No. 20 (ASPA No. 116) not effective by Measure 1 (2011)\nManagement Plan for SSSI No. 17 (ASPA No. 136) not effective by Measure 7 (2009)"",""Url"":null}]","[{""Date"":"""",""Country"":""Argentina *""},{""Date"":""20/03/2003"",""Country"":""Australia *""},{""Date"":""29/01/2004"",""Country"":""Belgium *""},{""Date"":""25/05/2006"",""Country"":""Brazil *""},{""Date"":"""",""Country"":""Bulgaria *""},{""Date"":""05/06/2007"",""Country"":""Chile *""},{""Date"":""04/05/2004"",""Country"":""China *""},{""Date"":""23/04/2014"",""Country"":""Czechia""},{""Date"":""11/05/2016"",""Country"":""Ecuador *""},{""Date"":""04/11/2004"",""Country"":""Finland *""},{""Date"":""09/03/2009"",""Country"":""France *""},{""Date"":""28/04/2005"",""Country"":""Germany *""},{""Date"":""07/12/2005"",""Country"":""India *""},{""Date"":"""",""Country"":""Italy *""},{""Date"":"""",""Country"":""Japan *""},{""Date"":""21/10/2008"",""Country"":""Korea (ROK) *""},{""Date"":""10/10/2003"",""Country"":""Netherlands *""},{""Date"":""11/09/2002"",""Country"":""New Zealand *""},{""Date"":"""",""Country"":""Norway *""},{""Date"":""05/11/2003"",""Country"":""Peru *""},{""Date"":"""",""Country"":""Poland *""},{""Date"":""10/06/2005"",""Country"":""Russian Federation *""},{""Date"":""11/05/2005"",""Country"":""South Africa *""},{""Date"":"""",""Country"":""Spain *""},{""Date"":""06/06/2002"",""Country"":""Sweden *""},{""Date"":"""",""Country"":""Ukraine""},{""Date"":""30/08/2002"",""Country"":""United Kingdom *""},{""Date"":""20/12/2002"",""Country"":""United States *""},{""Date"":""10/08/2004"",""Country"":""Uruguay *""}]",,
01/01/1958,01/01/2158,0,0,0,2,18,8,271,54,S-M2,2,2000,SATCM XII - CEP III,The Hague,"Extension of expiry dates for SSSI 1 (Cape Royds), 2 (Arrival Heights), 3 (Barwick Valley), 16 (Bailey Peninsula), 20 (Biscoe Point), 21 (Deception Island), 24 (Mount Melbourne), 25 (Marine Plain), 26 (Chile Bay), 27 (Port Foster), 28 (South Bay), 29 (Ablation Point), 31 (Mount Flora) and 32 (Cape Shirreff)",https://www.ats.aq/devAS/Meetings/Measure/271?s=1&iframe=1&from=01/01/1958&to=01/01/2158&cat=0&top=0&type=2&stat=0&txt=&curr=0,"Measure 2 (2000) - SATCM XII - CEP III, The Hague",Did not enter into effect. Withdrawn: M 5 (2009),,,29,Argentina * | Australia * | Belgium * | Brazil * | Bulgaria * | Chile * | China * | Czechia | Ecuador * | Finland * | France * | Germany * | India * | Italy * | Japan * | Korea (ROK) * | Netherlands * | New Zealand * | Norway * | Peru * | Poland * | Russian Federation * | South Africa * | Spain * | Sweden * | Ukraine | United Kingdom * | United States * | Uruguay *," | 20/03/2003 | 29/01/2004 | 25/05/2006 |  | 05/06/2007 | 04/05/2004 |  |  | 04/11/2004 |  | 28/04/2005 | 07/12/2005 |  |  |  | 10/10/2003 | 11/09/2002 |  | 05/11/2003 |  | 10/06/2005 | 11/05/2005 |  | 06/06/2002 |  |  | 20/12/2002 | 10/08/2004",*Parties whose approval is needed for the Measure to enter into effect (Art. IX.4 of the Treaty),7,,"[{""Title"":""Subject"",""Text"":""Extension of expiry dates for SSSI 1 (Cape Royds), 2 (Arrival Heights), 3 (Barwick Valley), 16 (Bailey Peninsula), 20 (Biscoe Point), 21 (Deception Island), 24 (Mount Melbourne), 25 (Marine Plain), 26 (Chile Bay), 27 (Port Foster), 28 (South Bay), 29 (Ablation Point), 31 (Mount Flora) and 32 (Cape Shirreff)"",""Url"":null},{""Title"":""Status"",""Text"":""Did not enter into effect. Withdrawn: M 5 (2009)"",""Url"":null},{""Title"":""Category"",""Text"":""Area protection and management"",""Url"":null},{""Title"":""Topics"",""Text"":""- Ablation Point (ASPA 147)\n                                - Bailey Peninsula (ASPA 135)\n                                - Barwick Valley (ASPA 123)\n                                - Biscoe Point (ASPA 139)\n                                - Cape Royds (ASPA 121)\n                                - Cape Shirreff (ASPA 149)\n                                - Chile Bay (ASPA 144)\n                                - Deception Island (ASPA 140)\n                                - Marine Plain (ASPA 143)\n                                - Mount Flora (ASPA 148)\n                                - Port Foster (ASPA 145)\n                                - South Bay (ASPA 146)\n                                - SSSIs (Sites of Special Scientific Interest)\n                                - Summit of Mount Melbourne (ASPA 118)"",""Url"":null},{""Title"":""Attachments"",""Text"":"""",""Url"":null},{""Title"":""Relevant Final Report paragraph"",""Text"":""12"",""Url"":null},{""Title"":""Memo"",""Text"":""Management Plan for SSSI 1 withdrawn by Measure 5 (2009)"",""Url"":null}]","[{""Date"":"""",""Country"":""Argentina *""},{""Date"":""20/03/2003"",""Country"":""Australia *""},{""Date"":""29/01/2004"",""Country"":""Belgium *""},{""Date"":""25/05/2006"",""Country"":""Brazil *""},{""Date"":"""",""Country"":""Bulgaria *""},{""Date"":""05/06/2007"",""Country"":""Chile *""},{""Date"":""04/05/2004"",""Country"":""China *""},{""Date"":"""",""Country"":""Czechia""},{""Date"":"""",""Country"":""Ecuador *""},{""Date"":""04/11/2004"",""Country"":""Finland *""},{""Date"":"""",""Country"":""France *""},{""Date"":""28/04/2005"",""Country"":""Germany *""},{""Date"":""07/12/2005"",""Country"":""India *""},{""Date"":"""",""Country"":""Italy *""},{""Date"":"""",""Country"":""Japan *""},{""Date"":"""",""Country"":""Korea (ROK) *""},{""Date"":""10/10/2003"",""Country"":""Netherlands *""},{""Date"":""11/09/2002"",""Country"":""New Zealand *""},{""Date"":"""",""Country"":""Norway *""},{""Date"":""05/11/2003"",""Country"":""Peru *""},{""Date"":"""",""Country"":""Poland *""},{""Date"":""10/06/2005"",""Country"":""Russian Federation *""},{""Date"":""11/05/2005"",""Country"":""South Africa *""},{""Date"":"""",""Country"":""Spain *""},{""Date"":""06/06/2002"",""Country"":""Sweden *""},{""Date"":"""",""Country"":""Ukraine""},{""Date"":"""",""Country"":""United Kingdom *""},{""Date"":""20/12/2002"",""Country"":""United States *""},{""Date"":""10/08/2004"",""Country"":""Uruguay *""}]",,
01/01/1958,01/01/2158,0,0,0,2,18,9,261,53,M1,1,1999,ATCM XXIII -  CEP II,Lima,Revised management plan for SSSI 23 (Svarthamaren),https://www.ats.aq/devAS/Meetings/Measure/261?s=1&iframe=1&from=01/01/1958&to=01/01/2158&cat=0&top=0&type=2&stat=0&txt=&curr=0,"Measure 1 (1999) - ATCM XXIII -  CEP II, Lima",Did not enter into effect. Withdrawn: M 8 (2009),,,29,Argentina * | Australia * | Belgium * | Brazil * | Bulgaria * | Chile * | China * | Czechia | Ecuador * | Finland * | France * | Germany * | India * | Italy * | Japan * | Korea (ROK) * | Netherlands * | New Zealand * | Norway * | Peru * | Poland * | Russian Federation * | South Africa * | Spain * | Sweden * | Ukraine | United Kingdom * | United States * | Uruguay *,27/01/2005 | 20/03/2003 | 29/01/2004 | 25/05/2006 |  | 11/05/2000 | 04/05/2004 |  |  | 04/11/2004 | 19/12/2006 | 28/04/2005 | 07/12/2005 |  |  |  | 10/10/2003 | 11/09/2002 |  | 05/11/2003 | 20/05/2004 | 10/06/2005 | 23/10/2000 | 03/02/2003 | 16/09/1999 |  | 12/02/2002 | 20/12/2002 | 10/08/2004,*Parties whose approval is needed for the Measure to enter into effect (Art. IX.4 of the Treaty),7,https://documents.ats.aq/recatt/att329_e.pdf,"[{""Title"":""Subject"",""Text"":""Revised management plan for SSSI 23 (Svarthamaren)"",""Url"":null},{""Title"":""Status"",""Text"":""Did not enter into effect. Withdrawn: M 8 (2009)"",""Url"":null},{""Title"":""Category"",""Text"":""Area protection and management"",""Url"":null},{""Title"":""Topics"",""Text"":""- SSSIs (Sites of Special Scientific Interest)\n                                - Svarthamaren (ASPA 142)"",""Url"":null},{""Title"":""Attachments"",""Text"":""SSSI 23 - Management Plan"",""Url"":""https://documents.ats.aq/recatt/att329_e.pdf""},{""Title"":""Relevant Final Report paragraph"",""Text"":""58"",""Url"":null},{""Title"":""Memo"",""Text"":""Management Plan for SSSI 23 withdrawn by Measure 8 (2009)"",""Url"":null}]","[{""Date"":""27/01/2005"",""Country"":""Argentina *""},{""Date"":""20/03/2003"",""Country"":""Australia *""},{""Date"":""29/01/2004"",""Country"":""Belgium *""},{""Date"":""25/05/2006"",""Country"":""Brazil *""},{""Date"":"""",""Country"":""Bulgaria *""},{""Date"":""11/05/2000"",""Country"":""Chile *""},{""Date"":""04/05/2004"",""Country"":""China *""},{""Date"":"""",""Country"":""Czechia""},{""Date"":"""",""Country"":""Ecuador *""},{""Date"":""04/11/2004"",""Country"":""Finland *""},{""Date"":""19/12/2006"",""Country"":""France *""},{""Date"":""28/04/2005"",""Country"":""Germany *""},{""Date"":""07/12/2005"",""Country"":""India *""},{""Date"":"""",""Country"":""Italy *""},{""Date"":"""",""Country"":""Japan *""},{""Date"":"""",""Country"":""Korea (ROK) *""},{""Date"":""10/10/2003"",""Country"":""Netherlands *""},{""Date"":""11/09/2002"",""Country"":""New Zealand *""},{""Date"":"""",""Country"":""Norway *""},{""Date"":""05/11/2003"",""Country"":""Peru *""},{""Date"":""20/05/2004"",""Country"":""Poland *""},{""Date"":""10/06/2005"",""Country"":""Russian Federation *""},{""Date"":""23/10/2000"",""Country"":""South Africa *""},{""Date"":""03/02/2003"",""Country"":""Spain *""},{""Date"":""16/09/1999"",""Country"":""Sweden *""},{""Date"":"""",""Country"":""Ukraine""},{""Date"":""12/02/2002"",""Country"":""United Kingdom *""},{""Date"":""20/12/2002"",""Country"":""United States *""},{""Date"":""10/08/2004"",""Country"":""Uruguay *""}]",,
01/01/1958,01/01/2158,0,0,0,2,18,10,249,52,M1,1,1998,ATCM XXII - CEP I,Tromsø,"Designation of SPA 27 (Backdoor Bay), SPA 28 (Hut Point) and 29 (Cape Adare)",https://www.ats.aq/devAS/Meetings/Measure/249?s=1&iframe=1&from=01/01/1958&to=01/01/2158&cat=0&top=0&type=2&stat=0&txt=&curr=0,"Measure 1 (1998) - ATCM XXII - CEP I, Tromsø",Did not enter into effect. Withdrawn: M 9 (2010),,,29,Argentina * | Australia * | Belgium * | Brazil * | Bulgaria | Chile * | China * | Czechia | Ecuador * | Finland * | France * | Germany * | India * | Italy * | Japan * | Korea (ROK) * | Netherlands * | New Zealand * | Norway * | Peru * | Poland * | Russian Federation * | South Africa * | Spain * | Sweden * | Ukraine | United Kingdom * | United States * | Uruguay *,27/01/2005 | 20/03/2003 | 29/01/2004 | 25/05/2006 |  | 11/05/2000 | 04/05/2004 |  |  | 04/11/2004 | 09/07/2007 | 28/04/2005 | 23/01/2004 |  |  |  | 10/10/2003 | 11/09/2002 |  | 05/11/2003 | 20/05/2004 | 10/06/2005 | 23/10/2000 | 03/02/2003 | 22/04/1999 |  | 12/02/2002 | 20/12/2002 | 10/08/2004,*Parties whose approval is needed for the Measure to enter into effect (Art. IX.4 of the Treaty),7,https://documents.ats.aq/recatt/att206_e.pdf,"[{""Title"":""Subject"",""Text"":""Designation of SPA 27 (Backdoor Bay), SPA 28 (Hut Point) and 29 (Cape Adare)"",""Url"":null},{""Title"":""Status"",""Text"":""Did not enter into effect. Withdrawn: M 9 (2010)"",""Url"":null},{""Title"":""Category"",""Text"":""Area protection and management"",""Url"":null},{""Title"":""Topics"",""Text"":""- Backdoor Bay (ASPA 157)\n                                - Cape Adare (ASPA 159)\n                                - Hut Point (ASPA 158)\n                                - SPAs (Specially Protected Areas)"",""Url"":null},{""Title"":""Attachments"",""Text"":""SPA 27 - Management Plan\n                                \n                                    SPA 28 - Management Plan\n                                \n                                    SPA 29 - Management Plan"",""Url"":""https://documents.ats.aq/recatt/att206_e.pdf""},{""Title"":""Relevant Final Report paragraph"",""Text"":""41"",""Url"":null},{""Title"":""Memo"",""Text"":""Management Plan for SPA 27 withdrawn by Measure 9 (2010)"",""Url"":null}]","[{""Date"":""27/01/2005"",""Country"":""Argentina *""},{""Date"":""20/03/2003"",""Country"":""Australia *""},{""Date"":""29/01/2004"",""Country"":""Belgium *""},{""Date"":""25/05/2006"",""Country"":""Brazil *""},{""Date"":"""",""Country"":""Bulgaria""},{""Date"":""11/05/2000"",""Country"":""Chile *""},{""Date"":""04/05/2004"",""Country"":""China *""},{""Date"":"""",""Country"":""Czechia""},{""Date"":"""",""Country"":""Ecuador *""},{""Date"":""04/11/2004"",""Country"":""Finland *""},{""Date"":""09/07/2007"",""Country"":""France *""},{""Date"":""28/04/2005"",""Country"":""Germany *""},{""Date"":""23/01/2004"",""Country"":""India *""},{""Date"":"""",""Country"":""Italy *""},{""Date"":"""",""Country"":""Japan *""},{""Date"":"""",""Country"":""Korea (ROK) *""},{""Date"":""10/10/2003"",""Country"":""Netherlands *""},{""Date"":""11/09/2002"",""Country"":""New Zealand *""},{""Date"":"""",""Country"":""Norway *""},{""Date"":""05/11/2003"",""Country"":""Peru *""},{""Date"":""20/05/2004"",""Country"":""Poland *""},{""Date"":""10/06/2005"",""Country"":""Russian Federation *""},{""Date"":""23/10/2000"",""Country"":""South Africa *""},{""Date"":""03/02/2003"",""Country"":""Spain *""},{""Date"":""22/04/1999"",""Country"":""Sweden *""},{""Date"":"""",""Country"":""Ukraine""},{""Date"":""12/02/2002"",""Country"":""United Kingdom *""},{""Date"":""20/12/2002"",""Country"":""United States *""},{""Date"":""10/08/2004"",""Country"":""Uruguay *""}]",,
01/01/1958,01/01/2158,0,0,0,2,18,11,250,52,M2,2,1998,ATCM XXII - CEP I,Tromsø,Historic Monument 74 (Elephant Island),https://www.ats.aq/devAS/Meetings/Measure/250?s=1&iframe=1&from=01/01/1958&to=01/01/2158&cat=0&top=0&type=2&stat=0&txt=&curr=0,"Measure 2 (1998) - ATCM XXII - CEP I, Tromsø",Did not enter into effect. No longer current: M 3 (2003),,,29,Argentina * | Australia * | Belgium * | Brazil * | Bulgaria | Chile * | China * | Czechia | Ecuador * | Finland * | France * | Germany * | India * | Italy * | Japan * | Korea (ROK) * | Netherlands * | New Zealand * | Norway * | Peru * | Poland * | Russian Federation * | South Africa * | Spain * | Sweden * | Ukraine | United Kingdom * | United States * | Uruguay *,27/01/2005 | 20/03/2003 | 29/01/2004 | 25/05/2006 |  | 11/05/2000 | 04/05/2004 | 23/04/2014 |  | 04/11/2004 | 09/07/2007 | 28/04/2005 | 23/01/2004 |  |  | 21/10/2008 | 10/10/2003 | 11/09/2002 |  | 05/11/2003 | 20/05/2004 | 10/06/2005 | 23/10/2000 | 03/02/2003 | 22/04/1999 |  | 12/02/2002 | 20/12/2002 | 14/07/2011,*Parties whose approval is needed for the Measure to enter into effect (Art. IX.4 of the Treaty),6,,"[{""Title"":""Subject"",""Text"":""Historic Monument 74 (Elephant Island)"",""Url"":null},{""Title"":""Status"",""Text"":""Did not enter into effect. No longer current: M 3 (2003)"",""Url"":null},{""Title"":""Category"",""Text"":""Historic Sites and Monuments\n                                \nArea protection and management"",""Url"":null},{""Title"":""Topics"",""Text"":""- Un-Named Cove (HSM 74)"",""Url"":null},{""Title"":""Attachments"",""Text"":"""",""Url"":null},{""Title"":""Relevant Final Report paragraph"",""Text"":""41"",""Url"":null}]","[{""Date"":""27/01/2005"",""Country"":""Argentina *""},{""Date"":""20/03/2003"",""Country"":""Australia *""},{""Date"":""29/01/2004"",""Country"":""Belgium *""},{""Date"":""25/05/2006"",""Country"":""Brazil *""},{""Date"":"""",""Country"":""Bulgaria""},{""Date"":""11/05/2000"",""Country"":""Chile *""},{""Date"":""04/05/2004"",""Country"":""China *""},{""Date"":""23/04/2014"",""Country"":""Czechia""},{""Date"":"""",""Country"":""Ecuador *""},{""Date"":""04/11/2004"",""Country"":""Finland *""},{""Date"":""09/07/2007"",""Country"":""France *""},{""Date"":""28/04/2005"",""Country"":""Germany *""},{""Date"":""23/01/2004"",""Country"":""India *""},{""Date"":"""",""Country"":""Italy *""},{""Date"":"""",""Country"":""Japan *""},{""Date"":""21/10/2008"",""Country"":""Korea (ROK) *""},{""Date"":""10/10/2003"",""Country"":""Netherlands *""},{""Date"":""11/09/2002"",""Country"":""New Zealand *""},{""Date"":"""",""Country"":""Norway *""},{""Date"":""05/11/2003"",""Country"":""Peru *""},{""Date"":""20/05/2004"",""Country"":""Poland *""},{""Date"":""10/06/2005"",""Country"":""Russian Federation *""},{""Date"":""23/10/2000"",""Country"":""South Africa *""},{""Date"":""03/02/2003"",""Country"":""Spain *""},{""Date"":""22/04/1999"",""Country"":""Sweden *""},{""Date"":"""",""Country"":""Ukraine""},{""Date"":""12/02/2002"",""Country"":""United Kingdom *""},{""Date"":""20/12/2002"",""Country"":""United States *""},{""Date"":""14/07/2011"",""Country"":""Uruguay *""}]",,
01/01/1958,01/01/2158,0,0,0,2,18,12,239,51,M1,1,1997,ATCM XXI,Christchurch,Revised management plan for SPA 5 (Beaufort Island),https://www.ats.aq/devAS/Meetings/Measure/239?s=1&iframe=1&from=01/01/1958&to=01/01/2158&cat=0&top=0&type=2&stat=0&txt=&curr=0,"Measure 1 (1997) - ATCM XXI, Christchurch",Did not enter into effect. Withdrawn: M 4 (2010),,,29,Argentina * | Australia * | Belgium * | Brazil * | Bulgaria | Chile * | China * | Czechia | Ecuador * | Finland * | France * | Germany * | India * | Italy * | Japan * | Korea (ROK) * | Netherlands * | New Zealand * | Norway * | Peru * | Poland * | Russian Federation * | South Africa * | Spain * | Sweden * | Ukraine | United Kingdom * | United States * | Uruguay *,27/01/2005 | 20/03/2003 | 29/01/2004 | 25/05/2006 |  | 11/05/2000 | 04/05/2004 |  |  | 04/11/2004 | 09/07/2007 | 28/04/2005 | 23/01/2004 |  |  |  | 10/10/2003 | 11/09/2002 | 21/01/1998 | 05/11/2003 | 20/05/2004 | 19/06/2001 | 23/10/2000 | 03/02/2003 | 22/04/1999 |  | 12/02/2002 | 06/05/1998 | 10/08/2004,*Parties whose approval is needed for the Measure to enter into effect (Art. IX.4 of the Treaty),6,https://documents.ats.aq/recatt/att087_e.pdf,"[{""Title"":""Subject"",""Text"":""Revised management plan for SPA 5 (Beaufort Island)"",""Url"":null},{""Title"":""Status"",""Text"":""Did not enter into effect. Withdrawn: M 4 (2010)"",""Url"":null},{""Title"":""Category"",""Text"":""Area protection and management"",""Url"":null},{""Title"":""Topics"",""Text"":""- Beaufort Island (ASPA 105)\n                                - SPAs (Specially Protected Areas)"",""Url"":null},{""Title"":""Attachments"",""Text"":""SPA 5 - Management Plan"",""Url"":""https://documents.ats.aq/recatt/att087_e.pdf""},{""Title"":""Relevant Final Report paragraph"",""Text"":""47"",""Url"":null}]","[{""Date"":""27/01/2005"",""Country"":""Argentina *""},{""Date"":""20/03/2003"",""Country"":""Australia *""},{""Date"":""29/01/2004"",""Country"":""Belgium *""},{""Date"":""25/05/2006"",""Country"":""Brazil *""},{""Date"":"""",""Country"":""Bulgaria""},{""Date"":""11/05/2000"",""Country"":""Chile *""},{""Date"":""04/05/2004"",""Country"":""China *""},{""Date"":"""",""Country"":""Czechia""},{""Date"":"""",""Country"":""Ecuador *""},{""Date"":""04/11/2004"",""Country"":""Finland *""},{""Date"":""09/07/2007"",""Country"":""France *""},{""Date"":""28/04/2005"",""Country"":""Germany *""},{""Date"":""23/01/2004"",""Country"":""India *""},{""Date"":"""",""Country"":""Italy *""},{""Date"":"""",""Country"":""Japan *""},{""Date"":"""",""Country"":""Korea (ROK) *""},{""Date"":""10/10/2003"",""Country"":""Netherlands *""},{""Date"":""11/09/2002"",""Country"":""New Zealand *""},{""Date"":""21/01/1998"",""Country"":""Norway *""},{""Date"":""05/11/2003"",""Country"":""Peru *""},{""Date"":""20/05/2004"",""Country"":""Poland *""},{""Date"":""19/06/2001"",""Country"":""Russian Federation *""},{""Date"":""23/10/2000"",""Country"":""South Africa *""},{""Date"":""03/02/2003"",""Country"":""Spain *""},{""Date"":""22/04/1999"",""Country"":""Sweden *""},{""Date"":"""",""Country"":""Ukraine""},{""Date"":""12/02/2002"",""Country"":""United Kingdom *""},{""Date"":""06/05/1998"",""Country"":""United States *""},{""Date"":""10/08/2004"",""Country"":""Uruguay *""}]",,
01/01/1958,01/01/2158,0,0,0,2,18,13,240,51,M2,2,1997,ATCM XXI,Christchurch,Designation of SPA 25 (Cape Evans) and SPA 26 (Lewis Bay Tomb),https://www.ats.aq/devAS/Meetings/Measure/240?s=1&iframe=1&from=01/01/1958&to=01/01/2158&cat=0&top=0&type=2&stat=0&txt=&curr=0,"Measure 2 (1997) - ATCM XXI, Christchurch",Did not enter into effect. Withdrawn: M 8 (2010),,,29,Argentina * | Australia * | Belgium * | Brazil * | Bulgaria | Chile * | China * | Czechia | Ecuador * | Finland * | France * | Germany * | India * | Italy * | Japan * | Korea (ROK) * | Netherlands * | New Zealand * | Norway * | Peru * | Poland * | Russian Federation * | South Africa * | Spain * | Sweden * | Ukraine | United Kingdom * | United States * | Uruguay *,27/01/2005 | 20/03/2003 | 29/01/2004 | 25/05/2006 |  | 11/05/2000 | 04/05/2004 |  |  | 04/11/2004 | 09/07/2007 | 28/04/2005 | 23/01/2004 |  |  |  | 10/10/2003 | 11/09/2002 | 21/01/1998 | 05/11/2003 | 20/05/2004 | 19/06/2001 | 23/10/2000 | 03/02/2003 | 22/04/1999 |  | 12/02/2002 | 06/05/1998 | 10/08/2004,*Parties whose approval is needed for the Measure to enter into effect (Art. IX.4 of the Treaty),7,https://documents.ats.aq/recatt/att230_e.pdf,"[{""Title"":""Subject"",""Text"":""Designation of SPA 25 (Cape Evans) and SPA 26 (Lewis Bay Tomb)"",""Url"":null},{""Title"":""Status"",""Text"":""Did not enter into effect. Withdrawn: M 8 (2010)"",""Url"":null},{""Title"":""Category"",""Text"":""Area protection and management"",""Url"":null},{""Title"":""Topics"",""Text"":""- Cape Evans (ASPA 155)\n                                - Lewis Bay Tomb (ASPA 156)\n                                - SPAs (Specially Protected Areas)"",""Url"":null},{""Title"":""Attachments"",""Text"":""SPA 25 - Management Plan\n                                \n                                    SPA 26 - Management Plan"",""Url"":""https://documents.ats.aq/recatt/att230_e.pdf""},{""Title"":""Relevant Final Report paragraph"",""Text"":""47"",""Url"":null},{""Title"":""Memo"",""Text"":""Management Plan for SPA 25 withdrawn by Measure 8 (2010)"",""Url"":null}]","[{""Date"":""27/01/2005"",""Country"":""Argentina *""},{""Date"":""20/03/2003"",""Country"":""Australia *""},{""Date"":""29/01/2004"",""Country"":""Belgium *""},{""Date"":""25/05/2006"",""Country"":""Brazil *""},{""Date"":"""",""Country"":""Bulgaria""},{""Date"":""11/05/2000"",""Country"":""Chile *""},{""Date"":""04/05/2004"",""Country"":""China *""},{""Date"":"""",""Country"":""Czechia""},{""Date"":"""",""Country"":""Ecuador *""},{""Date"":""04/11/2004"",""Country"":""Finland *""},{""Date"":""09/07/2007"",""Country"":""France *""},{""Date"":""28/04/2005"",""Country"":""Germany *""},{""Date"":""23/01/2004"",""Country"":""India *""},{""Date"":"""",""Country"":""Italy *""},{""Date"":"""",""Country"":""Japan *""},{""Date"":"""",""Country"":""Korea (ROK) *""},{""Date"":""10/10/2003"",""Country"":""Netherlands *""},{""Date"":""11/09/2002"",""Country"":""New Zealand *""},{""Date"":""21/01/1998"",""Country"":""Norway *""},{""Date"":""05/11/2003"",""Country"":""Peru *""},{""Date"":""20/05/2004"",""Country"":""Poland *""},{""Date"":""19/06/2001"",""Country"":""Russian Federation *""},{""Date"":""23/10/2000"",""Country"":""South Africa *""},{""Date"":""03/02/2003"",""Country"":""Spain *""},{""Date"":""22/04/1999"",""Country"":""Sweden *""},{""Date"":"""",""Country"":""Ukraine""},{""Date"":""12/02/2002"",""Country"":""United Kingdom *""},{""Date"":""06/05/1998"",""Country"":""United States *""},{""Date"":""10/08/2004"",""Country"":""Uruguay *""}]",,
01/01/1958,01/01/2158,0,0,0,2,18,14,241,51,M3,3,1997,ATCM XXI,Christchurch,"Designation of SSSI 37 (Botany Bay); revised management plans for SSSI 11 (Tramway Ridge), 12 (Canada Glacier), 13 (Potter Peninsula), 14 (Harmony Point) and 15 (Cierva Point)",https://www.ats.aq/devAS/Meetings/Measure/241?s=1&iframe=1&from=01/01/1958&to=01/01/2158&cat=0&top=0&type=2&stat=0&txt=&curr=0,"Measure 3 (1997) - ATCM XXI, Christchurch",Did not enter into effect. Withdrawn: M 6 (2011),,,29,Argentina * | Australia * | Belgium * | Brazil * | Bulgaria | Chile * | China * | Czechia | Ecuador * | Finland * | France * | Germany * | India * | Italy * | Japan * | Korea (ROK) * | Netherlands * | New Zealand * | Norway * | Peru * | Poland * | Russian Federation * | South Africa * | Spain * | Sweden * | Ukraine | United Kingdom * | United States * | Uruguay *,27/01/2005 | 20/03/2003 | 29/01/2004 | 25/05/2006 |  | 11/05/2000 | 04/05/2004 | 23/04/2014 | 11/05/2016 | 04/11/2004 | 09/07/2007 | 28/04/2005 | 23/01/2004 |  | 15/02/2012 | 21/10/2008 | 10/10/2003 | 11/09/2002 | 21/01/1998 | 05/11/2003 | 20/05/2004 | 19/06/2001 | 23/10/2000 | 03/02/2003 | 22/04/1999 |  | 12/02/2002 | 06/05/1998 | 14/07/2011,*Parties whose approval is needed for the Measure to enter into effect (Art. IX.4 of the Treaty),7,https://documents.ats.aq/recatt/att238_e.pdf,"[{""Title"":""Subject"",""Text"":""Designation of SSSI 37 (Botany Bay); revised management plans for SSSI 11 (Tramway Ridge), 12 (Canada Glacier), 13 (Potter Peninsula), 14 (Harmony Point) and 15 (Cierva Point)"",""Url"":null},{""Title"":""Status"",""Text"":""Did not enter into effect. Withdrawn: M 6 (2011)"",""Url"":null},{""Title"":""Category"",""Text"":""Area protection and management"",""Url"":null},{""Title"":""Topics"",""Text"":""- Botany Bay (ASPA 154)\n                                - Canada Glacier (ASPA 131)\n                                - Cierva Point (ASPA 134)\n                                - Harmony Point (ASPA 133)\n                                - Potter Peninsula (ASPA 132)\n                                - SSSIs (Sites of Special Scientific Interest)\n                                - Tramway Ridge (ASPA 130)"",""Url"":null},{""Title"":""Attachments"",""Text"":""SSSI 11 - Amendment of Management Plan\n                                \n                                    SSSI 12 - Management Plan\n                                \n                                    SSSI 13 - Management Plan\n                                \n                                    SSSI 14 - Management Plan\n                                \n                                    SSSI 15 - Management Plan\n                                \n                                    SSSI 37 - Management Plan"",""Url"":""https://documents.ats.aq/recatt/att238_e.pdf""},{""Title"":""Relevant Final Report paragraph"",""Text"":""51"",""Url"":null},{""Title"":""Memo"",""Text"":""Management Plan for SSSI 12 withdrawn by Measure 6 (2011)"",""Url"":null}]","[{""Date"":""27/01/2005"",""Country"":""Argentina *""},{""Date"":""20/03/2003"",""Country"":""Australia *""},{""Date"":""29/01/2004"",""Country"":""Belgium *""},{""Date"":""25/05/2006"",""Country"":""Brazil *""},{""Date"":"""",""Country"":""Bulgaria""},{""Date"":""11/05/2000"",""Country"":""Chile *""},{""Date"":""04/05/2004"",""Country"":""China *""},{""Date"":""23/04/2014"",""Country"":""Czechia""},{""Date"":""11/05/2016"",""Country"":""Ecuador *""},{""Date"":""04/11/2004"",""Country"":""Finland *""},{""Date"":""09/07/2007"",""Country"":""France *""},{""Date"":""28/04/2005"",""Country"":""Germany *""},{""Date"":""23/01/2004"",""Country"":""India *""},{""Date"":"""",""Country"":""Italy *""},{""Date"":""15/02/2012"",""Country"":""Japan *""},{""Date"":""21/10/2008"",""Country"":""Korea (ROK) *""},{""Date"":""10/10/2003"",""Country"":""Netherlands *""},{""Date"":""11/09/2002"",""Country"":""New Zealand *""},{""Date"":""21/01/1998"",""Country"":""Norway *""},{""Date"":""05/11/2003"",""Country"":""Peru *""},{""Date"":""20/05/2004"",""Country"":""Poland *""},{""Date"":""19/06/2001"",""Country"":""Russian Federation *""},{""Date"":""23/10/2000"",""Country"":""South Africa *""},{""Date"":""03/02/2003"",""Country"":""Spain *""},{""Date"":""22/04/1999"",""Country"":""Sweden *""},{""Date"":"""",""Country"":""Ukraine""},{""Date"":""12/02/2002"",""Country"":""United Kingdom *""},{""Date"":""06/05/1998"",""Country"":""United States *""},{""Date"":""14/07/2011"",""Country"":""Uruguay *""}]",,
01/01/1958,01/01/2158,0,0,0,2,19,0,242,51,M4,4,1997,ATCM XXI,Christchurch,Historic Monument 73 (Lewis Bay Tomb),https://www.ats.aq/devAS/Meetings/Measure/242?s=1&iframe=1&from=01/01/1958&to=01/01/2158&cat=0&top=0&type=2&stat=0&txt=&curr=0,"Measure 4 (1997) - ATCM XXI, Christchurch",Did not enter into effect. No longer current: M 3 (2003),,,29,Argentina * | Australia * | Belgium * | Brazil * | Bulgaria | Chile * | China * | Czechia | Ecuador * | Finland * | France * | Germany * | India * | Italy * | Japan * | Korea (ROK) * | Netherlands * | New Zealand * | Norway * | Peru * | Poland * | Russian Federation * | South Africa * | Spain * | Sweden * | Ukraine | United Kingdom * | United States * | Uruguay *,27/01/2005 | 20/03/2003 | 29/01/2004 | 25/05/2006 |  | 11/05/2000 | 04/05/2004 | 23/04/2014 |  | 04/11/2004 | 09/07/2007 | 28/04/2005 | 23/01/2004 |  | 15/02/2012 | 21/10/2008 | 10/10/2003 | 11/09/2002 | 21/01/1998 | 05/11/2003 | 20/05/2004 | 19/06/2001 | 23/10/2000 | 03/02/2003 | 22/04/1999 |  | 12/02/2002 | 06/05/1998 | 14/07/2011,*Parties whose approval is needed for the Measure to enter into effect (Art. IX.4 of the Treaty),6,,"[{""Title"":""Subject"",""Text"":""Historic Monument 73 (Lewis Bay Tomb)"",""Url"":null},{""Title"":""Status"",""Text"":""Did not enter into effect. No longer current: M 3 (2003)"",""Url"":null},{""Title"":""Category"",""Text"":""Historic Sites and Monuments\n                                \nArea protection and management"",""Url"":null},{""Title"":""Topics"",""Text"":""- Mount Erebus Cross (HSM 73)"",""Url"":null},{""Title"":""Attachments"",""Text"":"""",""Url"":null},{""Title"":""Relevant Final Report paragraph"",""Text"":""56"",""Url"":null}]","[{""Date"":""27/01/2005"",""Country"":""Argentina *""},{""Date"":""20/03/2003"",""Country"":""Australia *""},{""Date"":""29/01/2004"",""Country"":""Belgium *""},{""Date"":""25/05/2006"",""Country"":""Brazil *""},{""Date"":"""",""Country"":""Bulgaria""},{""Date"":""11/05/2000"",""Country"":""Chile *""},{""Date"":""04/05/2004"",""Country"":""China *""},{""Date"":""23/04/2014"",""Country"":""Czechia""},{""Date"":"""",""Country"":""Ecuador *""},{""Date"":""04/11/2004"",""Country"":""Finland *""},{""Date"":""09/07/2007"",""Country"":""France *""},{""Date"":""28/04/2005"",""Country"":""Germany *""},{""Date"":""23/01/2004"",""Country"":""India *""},{""Date"":"""",""Country"":""Italy *""},{""Date"":""15/02/2012"",""Country"":""Japan *""},{""Date"":""21/10/2008"",""Country"":""Korea (ROK) *""},{""Date"":""10/10/2003"",""Country"":""Netherlands *""},{""Date"":""11/09/2002"",""Country"":""New Zealand *""},{""Date"":""21/01/1998"",""Country"":""Norway *""},{""Date"":""05/11/2003"",""Country"":""Peru *""},{""Date"":""20/05/2004"",""Country"":""Poland *""},{""Date"":""19/06/2001"",""Country"":""Russian Federation *""},{""Date"":""23/10/2000"",""Country"":""South Africa *""},{""Date"":""03/02/2003"",""Country"":""Spain *""},{""Date"":""22/04/1999"",""Country"":""Sweden *""},{""Date"":"""",""Country"":""Ukraine""},{""Date"":""12/02/2002"",""Country"":""United Kingdom *""},{""Date"":""06/05/1998"",""Country"":""United States *""},{""Date"":""14/07/2011"",""Country"":""Uruguay *""}]",,
01/01/1958,01/01/2158,0,0,0,2,19,1,243,51,M5,5,1997,ATCM XXI,Christchurch,Description of Historic Site No. 41 (Stone Hut on Paulet Island) modified,https://www.ats.aq/devAS/Meetings/Measure/243?s=1&iframe=1&from=01/01/1958&to=01/01/2158&cat=0&top=0&type=2&stat=0&txt=&curr=0,"Measure 5 (1997) - ATCM XXI, Christchurch",Did not enter into effect. No longer current: M 3 (2003),,,29,Argentina * | Australia * | Belgium * | Brazil * | Bulgaria | Chile * | China * | Czechia | Ecuador * | Finland * | France * | Germany * | India * | Italy * | Japan * | Korea (ROK) * | Netherlands * | New Zealand * | Norway * | Peru * | Poland * | Russian Federation * | South Africa * | Spain * | Sweden * | Ukraine | United Kingdom * | United States * | Uruguay *,27/01/2005 | 20/03/2003 | 29/01/2004 | 25/05/2006 |  | 11/05/2000 | 04/05/2004 | 23/04/2014 |  | 04/11/2004 | 09/07/2007 | 28/04/2005 | 23/01/2004 |  |  | 21/10/2008 | 10/10/2003 | 11/09/2002 | 21/01/1998 | 05/11/2003 | 20/05/2004 | 19/06/2001 | 23/10/2000 | 03/02/2003 | 22/04/1999 |  | 12/02/2002 | 06/05/1998 | 14/07/2011,*Parties whose approval is needed for the Measure to enter into effect (Art. IX.4 of the Treaty),6,,"[{""Title"":""Subject"",""Text"":""Description of Historic Site No. 41 (Stone Hut on Paulet Island) modified"",""Url"":null},{""Title"":""Status"",""Text"":""Did not enter into effect. No longer current: M 3 (2003)"",""Url"":null},{""Title"":""Category"",""Text"":""Historic Sites and Monuments\n                                \nArea protection and management"",""Url"":null},{""Title"":""Topics"",""Text"":""- Historic remains of Antarctic's crew in Paulet island (HSM 41)"",""Url"":null},{""Title"":""Attachments"",""Text"":"""",""Url"":null},{""Title"":""Relevant Final Report paragraph"",""Text"":""56"",""Url"":null}]","[{""Date"":""27/01/2005"",""Country"":""Argentina *""},{""Date"":""20/03/2003"",""Country"":""Australia *""},{""Date"":""29/01/2004"",""Country"":""Belgium *""},{""Date"":""25/05/2006"",""Country"":""Brazil *""},{""Date"":"""",""Country"":""Bulgaria""},{""Date"":""11/05/2000"",""Country"":""Chile *""},{""Date"":""04/05/2004"",""Country"":""China *""},{""Date"":""23/04/2014"",""Country"":""Czechia""},{""Date"":"""",""Country"":""Ecuador *""},{""Date"":""04/11/2004"",""Country"":""Finland *""},{""Date"":""09/07/2007"",""Country"":""France *""},{""Date"":""28/04/2005"",""Country"":""Germany *""},{""Date"":""23/01/2004"",""Country"":""India *""},{""Date"":"""",""Country"":""Italy *""},{""Date"":"""",""Country"":""Japan *""},{""Date"":""21/10/2008"",""Country"":""Korea (ROK) *""},{""Date"":""10/10/2003"",""Country"":""Netherlands *""},{""Date"":""11/09/2002"",""Country"":""New Zealand *""},{""Date"":""21/01/1998"",""Country"":""Norway *""},{""Date"":""05/11/2003"",""Country"":""Peru *""},{""Date"":""20/05/2004"",""Country"":""Poland *""},{""Date"":""19/06/2001"",""Country"":""Russian Federation *""},{""Date"":""23/10/2000"",""Country"":""South Africa *""},{""Date"":""03/02/2003"",""Country"":""Spain *""},{""Date"":""22/04/1999"",""Country"":""Sweden *""},{""Date"":"""",""Country"":""Ukraine""},{""Date"":""12/02/2002"",""Country"":""United Kingdom *""},{""Date"":""06/05/1998"",""Country"":""United States *""},{""Date"":""14/07/2011"",""Country"":""Uruguay *""}]",,
01/01/1958,01/01/2158,0,0,0,2,19,2,232,50,M1,1,1996,ATCM XX,Utrecht,Revision of management plans for SSSI 9 (Rothera Point) and 19 (Linnaeus Terrace),https://www.ats.aq/devAS/Meetings/Measure/232?s=1&iframe=1&from=01/01/1958&to=01/01/2158&cat=0&top=0&type=2&stat=0&txt=&curr=0,"Measure 1 (1996) - ATCM XX, Utrecht",Did not enter into effect. Withdrawn: M 10 (2008),,,29,Argentina * | Australia * | Belgium * | Brazil * | Bulgaria | Chile * | China * | Czechia | Ecuador * | Finland * | France * | Germany * | India * | Italy * | Japan * | Korea (ROK) * | Netherlands * | New Zealand * | Norway * | Peru * | Poland * | Russian Federation * | South Africa * | Spain * | Sweden * | Ukraine | United Kingdom * | United States * | Uruguay *,30/11/2001 | 20/03/2003 | 29/01/2004 | 25/05/2006 |  | 02/10/1998 | 04/05/2004 |  |  | 04/11/2004 | 23/12/2008 | 28/04/2005 | 23/01/2004 | 11/02/1998 |  |  | 10/10/2003 | 11/09/2002 | 13/02/1997 | 05/11/2003 | 20/05/2004 | 19/06/2001 | 23/10/2000 | 03/02/2003 | 22/04/1999 |  | 12/02/2002 | 06/05/1998 | 10/08/2004,*Parties whose approval is needed for the Measure to enter into effect (Art. IX.4 of the Treaty),6,https://documents.ats.aq/recatt/att240_e.pdf,"[{""Title"":""Subject"",""Text"":""Revision of management plans for SSSI 9 (Rothera Point) and 19 (Linnaeus Terrace)"",""Url"":null},{""Title"":""Status"",""Text"":""Did not enter into effect. Withdrawn: M 10 (2008)"",""Url"":null},{""Title"":""Category"",""Text"":""Area protection and management"",""Url"":null},{""Title"":""Topics"",""Text"":""- Linnaeus Terrace (ASPA 138)\n                                - Rothera Point (ASPA 129)\n                                - SSSIs (Sites of Special Scientific Interest)"",""Url"":null},{""Title"":""Attachments"",""Text"":""SSSI 19 - Management Plan\n                                \n                                    SSSI 9 - Management Plan"",""Url"":""https://documents.ats.aq/recatt/att240_e.pdf""},{""Title"":""Relevant Final Report paragraph"",""Text"":""144"",""Url"":null}]","[{""Date"":""30/11/2001"",""Country"":""Argentina *""},{""Date"":""20/03/2003"",""Country"":""Australia *""},{""Date"":""29/01/2004"",""Country"":""Belgium *""},{""Date"":""25/05/2006"",""Country"":""Brazil *""},{""Date"":"""",""Country"":""Bulgaria""},{""Date"":""02/10/1998"",""Country"":""Chile *""},{""Date"":""04/05/2004"",""Country"":""China *""},{""Date"":"""",""Country"":""Czechia""},{""Date"":"""",""Country"":""Ecuador *""},{""Date"":""04/11/2004"",""Country"":""Finland *""},{""Date"":""23/12/2008"",""Country"":""France *""},{""Date"":""28/04/2005"",""Country"":""Germany *""},{""Date"":""23/01/2004"",""Country"":""India *""},{""Date"":""11/02/1998"",""Country"":""Italy *""},{""Date"":"""",""Country"":""Japan *""},{""Date"":"""",""Country"":""Korea (ROK) *""},{""Date"":""10/10/2003"",""Country"":""Netherlands *""},{""Date"":""11/09/2002"",""Country"":""New Zealand *""},{""Date"":""13/02/1997"",""Country"":""Norway *""},{""Date"":""05/11/2003"",""Country"":""Peru *""},{""Date"":""20/05/2004"",""Country"":""Poland *""},{""Date"":""19/06/2001"",""Country"":""Russian Federation *""},{""Date"":""23/10/2000"",""Country"":""South Africa *""},{""Date"":""03/02/2003"",""Country"":""Spain *""},{""Date"":""22/04/1999"",""Country"":""Sweden *""},{""Date"":"""",""Country"":""Ukraine""},{""Date"":""12/02/2002"",""Country"":""United Kingdom *""},{""Date"":""06/05/1998"",""Country"":""United States *""},{""Date"":""10/08/2004"",""Country"":""Uruguay *""}]",,
01/01/1958,01/01/2158,0,0,0,2,19,3,233,50,M2,2,1996,ATCM XX,Utrecht,Historic Monument 72 (Mikkelsen Cairn),https://www.ats.aq/devAS/Meetings/Measure/233?s=1&iframe=1&from=01/01/1958&to=01/01/2158&cat=0&top=0&type=2&stat=0&txt=&curr=0,"Measure 2 (1996) - ATCM XX, Utrecht",Did not enter into effect. No longer current: M 3 (2003),,,29,Argentina * | Australia * | Belgium * | Brazil * | Bulgaria | Chile * | China * | Czechia | Ecuador * | Finland * | France * | Germany * | India * | Italy * | Japan * | Korea (ROK) * | Netherlands * | New Zealand * | Norway * | Peru * | Poland * | Russian Federation * | South Africa * | Spain * | Sweden * | Ukraine | United Kingdom * | United States * | Uruguay *,30/11/2001 | 20/03/2003 | 29/01/2004 | 25/05/2006 |  | 02/10/1998 | 04/05/2004 | 23/04/2014 |  | 04/11/2004 | 23/12/2008 | 28/04/2005 | 23/01/2004 | 11/02/1998 | 15/02/2012 | 21/10/2008 | 10/10/2003 | 11/09/2002 | 13/02/1997 | 05/11/2003 | 20/05/2004 | 19/06/2001 | 23/10/2000 | 03/02/2003 | 22/04/1999 |  | 12/02/2002 | 06/05/1998 | 14/07/2011,*Parties whose approval is needed for the Measure to enter into effect (Art. IX.4 of the Treaty),6,,"[{""Title"":""Subject"",""Text"":""Historic Monument 72 (Mikkelsen Cairn)"",""Url"":null},{""Title"":""Status"",""Text"":""Did not enter into effect. No longer current: M 3 (2003)"",""Url"":null},{""Title"":""Category"",""Text"":""Historic Sites and Monuments\n                                \nArea protection and management"",""Url"":null},{""Title"":""Topics"",""Text"":""- Mikkelsen Cairn (HSM 72)"",""Url"":null},{""Title"":""Attachments"",""Text"":"""",""Url"":null},{""Title"":""Relevant Final Report paragraph"",""Text"":""147"",""Url"":null}]","[{""Date"":""30/11/2001"",""Country"":""Argentina *""},{""Date"":""20/03/2003"",""Country"":""Australia *""},{""Date"":""29/01/2004"",""Country"":""Belgium *""},{""Date"":""25/05/2006"",""Country"":""Brazil *""},{""Date"":"""",""Country"":""Bulgaria""},{""Date"":""02/10/1998"",""Country"":""Chile *""},{""Date"":""04/05/2004"",""Country"":""China *""},{""Date"":""23/04/2014"",""Country"":""Czechia""},{""Date"":"""",""Country"":""Ecuador *""},{""Date"":""04/11/2004"",""Country"":""Finland *""},{""Date"":""23/12/2008"",""Country"":""France *""},{""Date"":""28/04/2005"",""Country"":""Germany *""},{""Date"":""23/01/2004"",""Country"":""India *""},{""Date"":""11/02/1998"",""Country"":""Italy *""},{""Date"":""15/02/2012"",""Country"":""Japan *""},{""Date"":""21/10/2008"",""Country"":""Korea (ROK) *""},{""Date"":""10/10/2003"",""Country"":""Netherlands *""},{""Date"":""11/09/2002"",""Country"":""New Zealand *""},{""Date"":""13/02/1997"",""Country"":""Norway *""},{""Date"":""05/11/2003"",""Country"":""Peru *""},{""Date"":""20/05/2004"",""Country"":""Poland *""},{""Date"":""19/06/2001"",""Country"":""Russian Federation *""},{""Date"":""23/10/2000"",""Country"":""South Africa *""},{""Date"":""03/02/2003"",""Country"":""Spain *""},{""Date"":""22/04/1999"",""Country"":""Sweden *""},{""Date"":"""",""Country"":""Ukraine""},{""Date"":""12/02/2002"",""Country"":""United Kingdom *""},{""Date"":""06/05/1998"",""Country"":""United States *""},{""Date"":""14/07/2011"",""Country"":""Uruguay *""}]",,
01/01/1958,01/01/2158,0,0,0,2,19,4,216,49,M1,1,1995,ATCM XIX,Seoul,Modification of and management plans for SPA 13 (Moe Island) and 15 (Powell Island),https://www.ats.aq/devAS/Meetings/Measure/216?s=1&iframe=1&from=01/01/1958&to=01/01/2158&cat=0&top=0&type=2&stat=0&txt=&curr=0,"Measure 1 (1995) - ATCM XIX, Seoul",Did not enter into effect. Withdrawn: M 3 (2012),,,29,Argentina * | Australia * | Belgium * | Brazil * | Bulgaria | Chile * | China * | Czechia | Ecuador * | Finland * | France * | Germany * | India * | Italy * | Japan * | Korea (ROK) * | Netherlands * | New Zealand * | Norway * | Peru * | Poland * | Russian Federation * | South Africa * | Spain * | Sweden * | Ukraine | United Kingdom * | United States * | Uruguay *,30/11/2001 | 20/03/2003 | 29/01/2004 | 03/09/1997 |  | 02/10/1998 | 04/05/2004 |  |  | 02/04/1997 | 28/03/2008 | 28/04/2005 | 23/01/2004 | 11/02/1998 | 15/02/2012 | 19/04/1996 | 10/10/2003 | 11/09/2002 | 21/01/1998 | 05/11/2003 | 20/05/2004 | 19/06/2001 | 23/10/2000 | 03/02/2003 | 22/04/1999 |  | 12/02/2002 | 06/05/1998 | 10/08/2004,*Parties whose approval is needed for the Measure to enter into effect (Art. IX.4 of the Treaty),7,https://documents.ats.aq/recatt/att241_e.pdf,"[{""Title"":""Subject"",""Text"":""Modification of and management plans for SPA 13 (Moe Island) and 15 (Powell Island)"",""Url"":null},{""Title"":""Status"",""Text"":""Did not enter into effect. Withdrawn: M 3 (2012)"",""Url"":null},{""Title"":""Category"",""Text"":""Area protection and management"",""Url"":null},{""Title"":""Topics"",""Text"":""- Moe Island (ASPA 109)\n                                - Powell Island (ASPA 111)\n                                - SPAs (Specially Protected Areas)"",""Url"":null},{""Title"":""Attachments"",""Text"":""SPA 13 - Management Plan\n                                \n                                    SPA 15 - Management Plan"",""Url"":""https://documents.ats.aq/recatt/att241_e.pdf""},{""Title"":""Relevant Final Report paragraph"",""Text"":""99"",""Url"":null},{""Title"":""Memo"",""Text"":""Management Plan for SPA 15 withdrawn by Measure 3 (2012)"",""Url"":null}]","[{""Date"":""30/11/2001"",""Country"":""Argentina *""},{""Date"":""20/03/2003"",""Country"":""Australia *""},{""Date"":""29/01/2004"",""Country"":""Belgium *""},{""Date"":""03/09/1997"",""Country"":""Brazil *""},{""Date"":"""",""Country"":""Bulgaria""},{""Date"":""02/10/1998"",""Country"":""Chile *""},{""Date"":""04/05/2004"",""Country"":""China *""},{""Date"":"""",""Country"":""Czechia""},{""Date"":"""",""Country"":""Ecuador *""},{""Date"":""02/04/1997"",""Country"":""Finland *""},{""Date"":""28/03/2008"",""Country"":""France *""},{""Date"":""28/04/2005"",""Country"":""Germany *""},{""Date"":""23/01/2004"",""Country"":""India *""},{""Date"":""11/02/1998"",""Country"":""Italy *""},{""Date"":""15/02/2012"",""Country"":""Japan *""},{""Date"":""19/04/1996"",""Country"":""Korea (ROK) *""},{""Date"":""10/10/2003"",""Country"":""Netherlands *""},{""Date"":""11/09/2002"",""Country"":""New Zealand *""},{""Date"":""21/01/1998"",""Country"":""Norway *""},{""Date"":""05/11/2003"",""Country"":""Peru *""},{""Date"":""20/05/2004"",""Country"":""Poland *""},{""Date"":""19/06/2001"",""Country"":""Russian Federation *""},{""Date"":""23/10/2000"",""Country"":""South Africa *""},{""Date"":""03/02/2003"",""Country"":""Spain *""},{""Date"":""22/04/1999"",""Country"":""Sweden *""},{""Date"":"""",""Country"":""Ukraine""},{""Date"":""12/02/2002"",""Country"":""United Kingdom *""},{""Date"":""06/05/1998"",""Country"":""United States *""},{""Date"":""10/08/2004"",""Country"":""Uruguay *""}]",,
01/01/1958,01/01/2158,0,0,0,2,19,5,217,49,M2,2,1995,ATCM XIX,Seoul,Revised management plan for SSSI 11 (Tramway Ridge),https://www.ats.aq/devAS/Meetings/Measure/217?s=1&iframe=1&from=01/01/1958&to=01/01/2158&cat=0&top=0&type=2&stat=0&txt=&curr=0,"Measure 2 (1995) - ATCM XIX, Seoul",Did not enter into effect. No longer current: D 1 (2011),,,29,Argentina * | Australia * | Belgium * | Brazil * | Bulgaria | Chile * | China * | Czechia | Ecuador * | Finland * | France * | Germany * | India * | Italy * | Japan * | Korea (ROK) * | Netherlands * | New Zealand * | Norway * | Peru * | Poland * | Russian Federation * | South Africa * | Spain * | Sweden * | Ukraine | United Kingdom * | United States * | Uruguay *,30/11/2001 | 20/03/2003 | 29/01/2004 | 03/09/1997 |  | 02/10/1998 | 04/05/2004 |  |  | 02/04/1997 | 28/03/2008 | 28/04/2005 | 23/01/2004 | 11/02/1998 |  | 19/04/1996 | 10/10/2003 | 11/09/2002 | 21/01/1998 | 05/11/2003 | 20/05/2004 | 19/06/2001 | 23/10/2000 | 03/02/2003 | 22/04/1999 |  | 12/02/2002 | 06/05/1998 | 14/07/2011,*Parties whose approval is needed for the Measure to enter into effect (Art. IX.4 of the Treaty),6,https://documents.ats.aq/recatt/att243_e.pdf,"[{""Title"":""Subject"",""Text"":""Revised management plan for SSSI 11 (Tramway Ridge)"",""Url"":null},{""Title"":""Status"",""Text"":""Did not enter into effect. No longer current: D 1 (2011)"",""Url"":null},{""Title"":""Category"",""Text"":""Area protection and management"",""Url"":null},{""Title"":""Topics"",""Text"":""- SSSIs (Sites of Special Scientific Interest)\n                                - Tramway Ridge (ASPA 130)"",""Url"":null},{""Title"":""Attachments"",""Text"":""SSSI 11 - Management Plan"",""Url"":""https://documents.ats.aq/recatt/att243_e.pdf""},{""Title"":""Relevant Final Report paragraph"",""Text"":""99"",""Url"":null}]","[{""Date"":""30/11/2001"",""Country"":""Argentina *""},{""Date"":""20/03/2003"",""Country"":""Australia *""},{""Date"":""29/01/2004"",""Country"":""Belgium *""},{""Date"":""03/09/1997"",""Country"":""Brazil *""},{""Date"":"""",""Country"":""Bulgaria""},{""Date"":""02/10/1998"",""Country"":""Chile *""},{""Date"":""04/05/2004"",""Country"":""China *""},{""Date"":"""",""Country"":""Czechia""},{""Date"":"""",""Country"":""Ecuador *""},{""Date"":""02/04/1997"",""Country"":""Finland *""},{""Date"":""28/03/2008"",""Country"":""France *""},{""Date"":""28/04/2005"",""Country"":""Germany *""},{""Date"":""23/01/2004"",""Country"":""India *""},{""Date"":""11/02/1998"",""Country"":""Italy *""},{""Date"":"""",""Country"":""Japan *""},{""Date"":""19/04/1996"",""Country"":""Korea (ROK) *""},{""Date"":""10/10/2003"",""Country"":""Netherlands *""},{""Date"":""11/09/2002"",""Country"":""New Zealand *""},{""Date"":""21/01/1998"",""Country"":""Norway *""},{""Date"":""05/11/2003"",""Country"":""Peru *""},{""Date"":""20/05/2004"",""Country"":""Poland *""},{""Date"":""19/06/2001"",""Country"":""Russian Federation *""},{""Date"":""23/10/2000"",""Country"":""South Africa *""},{""Date"":""03/02/2003"",""Country"":""Spain *""},{""Date"":""22/04/1999"",""Country"":""Sweden *""},{""Date"":"""",""Country"":""Ukraine""},{""Date"":""12/02/2002"",""Country"":""United Kingdom *""},{""Date"":""06/05/1998"",""Country"":""United States *""},{""Date"":""14/07/2011"",""Country"":""Uruguay *""}]",,
01/01/1958,01/01/2158,0,0,0,2,19,6,218,49,M3,3,1995,ATCM XIX,Seoul,Designation of SPA 24 (Pointe-Geologie),https://www.ats.aq/devAS/Meetings/Measure/218?s=1&iframe=1&from=01/01/1958&to=01/01/2158&cat=0&top=0&type=2&stat=0&txt=&curr=0,"Measure 3 (1995) - ATCM XIX, Seoul",Effective 11/05/2016,,,29,Argentina * | Australia * | Belgium * | Brazil * | Bulgaria | Chile * | China * | Czechia | Ecuador * | Finland * | France * | Germany * | India * | Italy * | Japan * | Korea (ROK) * | Netherlands * | New Zealand * | Norway * | Peru * | Poland * | Russian Federation * | South Africa * | Spain * | Sweden * | Ukraine | United Kingdom * | United States * | Uruguay *,30/11/2001 | 20/03/2003 | 29/01/2004 | 03/09/1997 |  | 02/10/1998 | 04/05/2004 | 23/04/2014 | 11/05/2016 | 02/04/1997 | 23/12/2008 | 28/04/2005 | 23/01/2004 | 11/02/1998 | 15/02/2012 | 19/04/1996 | 10/10/2003 | 11/09/2002 | 21/01/1998 | 05/11/2003 | 20/05/2004 | 19/06/2001 | 23/10/2000 | 03/02/2003 | 22/04/1999 |  | 12/02/2002 | 06/05/1998 | 14/07/2011,*Parties whose approval is needed for the Measure to enter into effect (Art. IX.4 of the Treaty),7,https://documents.ats.aq/recatt/att244_e.pdf,"[{""Title"":""Subject"",""Text"":""Designation of SPA 24 (Pointe-Geologie)"",""Url"":null},{""Title"":""Status"",""Text"":""Effective 11/05/2016"",""Url"":null},{""Title"":""Category"",""Text"":""Area protection and management"",""Url"":null},{""Title"":""Topics"",""Text"":""- Pointe-Geologie (ASPA 120)\n                                - SPAs (Specially Protected Areas)"",""Url"":null},{""Title"":""Attachments"",""Text"":""SPA 24 - Management Plan"",""Url"":""https://documents.ats.aq/recatt/att244_e.pdf""},{""Title"":""Relevant Final Report paragraph"",""Text"":""100"",""Url"":null},{""Title"":""Memo"",""Text"":""Measure 3 (1995) withdrawn by Measure 2 (2011)"",""Url"":null}]","[{""Date"":""30/11/2001"",""Country"":""Argentina *""},{""Date"":""20/03/2003"",""Country"":""Australia *""},{""Date"":""29/01/2004"",""Country"":""Belgium *""},{""Date"":""03/09/1997"",""Country"":""Brazil *""},{""Date"":"""",""Country"":""Bulgaria""},{""Date"":""02/10/1998"",""Country"":""Chile *""},{""Date"":""04/05/2004"",""Country"":""China *""},{""Date"":""23/04/2014"",""Country"":""Czechia""},{""Date"":""11/05/2016"",""Country"":""Ecuador *""},{""Date"":""02/04/1997"",""Country"":""Finland *""},{""Date"":""23/12/2008"",""Country"":""France *""},{""Date"":""28/04/2005"",""Country"":""Germany *""},{""Date"":""23/01/2004"",""Country"":""India *""},{""Date"":""11/02/1998"",""Country"":""Italy *""},{""Date"":""15/02/2012"",""Country"":""Japan *""},{""Date"":""19/04/1996"",""Country"":""Korea (ROK) *""},{""Date"":""10/10/2003"",""Country"":""Netherlands *""},{""Date"":""11/09/2002"",""Country"":""New Zealand *""},{""Date"":""21/01/1998"",""Country"":""Norway *""},{""Date"":""05/11/2003"",""Country"":""Peru *""},{""Date"":""20/05/2004"",""Country"":""Poland *""},{""Date"":""19/06/2001"",""Country"":""Russian Federation *""},{""Date"":""23/10/2000"",""Country"":""South Africa *""},{""Date"":""03/02/2003"",""Country"":""Spain *""},{""Date"":""22/04/1999"",""Country"":""Sweden *""},{""Date"":"""",""Country"":""Ukraine""},{""Date"":""12/02/2002"",""Country"":""United Kingdom *""},{""Date"":""06/05/1998"",""Country"":""United States *""},{""Date"":""14/07/2011"",""Country"":""Uruguay *""}]",,
01/01/1958,01/01/2158,0,0,0,2,19,7,219,49,M4,4,1995,ATCM XIX,Seoul,11 monuments added to the List of Historic Monuments,https://www.ats.aq/devAS/Meetings/Measure/219?s=1&iframe=1&from=01/01/1958&to=01/01/2158&cat=0&top=0&type=2&stat=0&txt=&curr=0,"Measure 4 (1995) - ATCM XIX, Seoul",Did not enter into effect. No longer current: M 3 (2003),,,29,Argentina * | Australia * | Belgium * | Brazil * | Bulgaria | Chile * | China * | Czechia | Ecuador * | Finland * | France * | Germany * | India * | Italy * | Japan * | Korea (ROK) * | Netherlands * | New Zealand * | Norway * | Peru * | Poland * | Russian Federation * | South Africa * | Spain * | Sweden * | Ukraine | United Kingdom * | United States * | Uruguay *,30/11/2001 | 20/03/2003 | 29/01/2004 | 03/09/1997 |  | 02/10/1998 | 04/05/2004 | 23/04/2014 |  | 02/04/1997 | 28/03/2008 | 28/04/2005 | 23/01/2004 | 11/02/1998 | 15/02/2012 | 19/04/1996 | 10/10/2003 | 11/09/2002 | 21/01/1998 | 05/11/2003 | 20/05/2004 | 19/06/2001 | 23/10/2000 | 03/02/2003 | 22/04/1999 |  | 12/02/2002 | 06/05/1998 | 14/07/2011,*Parties whose approval is needed for the Measure to enter into effect (Art. IX.4 of the Treaty),6,,"[{""Title"":""Subject"",""Text"":""11 monuments added to the List of Historic Monuments"",""Url"":null},{""Title"":""Status"",""Text"":""Did not enter into effect. No longer current: M 3 (2003)"",""Url"":null},{""Title"":""Category"",""Text"":""Historic Sites and Monuments\n                                \nArea protection and management"",""Url"":null},{""Title"":""Topics"",""Text"":""- Antarctic Message Post (HSM 65)\n                                - Base E (HSM 64)\n                                - Base F Wordie House (HSM 62)\n                                - Base Y (HSM 63)\n                                - Discovery's Message Post (HSM 69)\n                                - Granite House (HSM 67)\n                                - Hells Gate Moraine depot site (HSM 68)\n                                - Port Lockroy (HSM 61)\n                                - Prestrud’s Cairn (HSM 66)\n                                - Scott's Message Post (HSM 70)\n                                - Whalers Bay (HSM 71)"",""Url"":null},{""Title"":""Attachments"",""Text"":"""",""Url"":null},{""Title"":""Relevant Final Report paragraph"",""Text"":""105"",""Url"":null}]","[{""Date"":""30/11/2001"",""Country"":""Argentina *""},{""Date"":""20/03/2003"",""Country"":""Australia *""},{""Date"":""29/01/2004"",""Country"":""Belgium *""},{""Date"":""03/09/1997"",""Country"":""Brazil *""},{""Date"":"""",""Country"":""Bulgaria""},{""Date"":""02/10/1998"",""Country"":""Chile *""},{""Date"":""04/05/2004"",""Country"":""China *""},{""Date"":""23/04/2014"",""Country"":""Czechia""},{""Date"":"""",""Country"":""Ecuador *""},{""Date"":""02/04/1997"",""Country"":""Finland *""},{""Date"":""28/03/2008"",""Country"":""France *""},{""Date"":""28/04/2005"",""Country"":""Germany *""},{""Date"":""23/01/2004"",""Country"":""India *""},{""Date"":""11/02/1998"",""Country"":""Italy *""},{""Date"":""15/02/2012"",""Country"":""Japan *""},{""Date"":""19/04/1996"",""Country"":""Korea (ROK) *""},{""Date"":""10/10/2003"",""Country"":""Netherlands *""},{""Date"":""11/09/2002"",""Country"":""New Zealand *""},{""Date"":""21/01/1998"",""Country"":""Norway *""},{""Date"":""05/11/2003"",""Country"":""Peru *""},{""Date"":""20/05/2004"",""Country"":""Poland *""},{""Date"":""19/06/2001"",""Country"":""Russian Federation *""},{""Date"":""23/10/2000"",""Country"":""South Africa *""},{""Date"":""03/02/2003"",""Country"":""Spain *""},{""Date"":""22/04/1999"",""Country"":""Sweden *""},{""Date"":"""",""Country"":""Ukraine""},{""Date"":""12/02/2002"",""Country"":""United Kingdom *""},{""Date"":""06/05/1998"",""Country"":""United States *""},{""Date"":""14/07/2011"",""Country"":""Uruguay *""}]",,
01/01/1958,01/01/2158,0,0,0,2,19,8,220,49,M5,5,1995,ATCM XIX,Seoul,Amendment to Historic Monument No. 14 (Inexpressible Island),https://www.ats.aq/devAS/Meetings/Measure/220?s=1&iframe=1&from=01/01/1958&to=01/01/2158&cat=0&top=0&type=2&stat=0&txt=&curr=0,"Measure 5 (1995) - ATCM XIX, Seoul",Did not enter into effect. No longer current: M 3 (2003),,,29,Argentina * | Australia * | Belgium * | Brazil * | Bulgaria | Chile * | China * | Czechia | Ecuador * | Finland * | France * | Germany * | India * | Italy * | Japan * | Korea (ROK) * | Netherlands * | New Zealand * | Norway * | Peru * | Poland * | Russian Federation * | South Africa * | Spain * | Sweden * | Ukraine | United Kingdom * | United States * | Uruguay *,30/11/2001 | 20/03/2003 | 29/01/2004 | 03/09/1997 |  | 02/10/1998 | 04/05/2004 | 23/04/2014 |  | 02/04/1997 | 28/03/2008 | 28/04/2005 | 23/01/2004 | 11/02/1998 |  | 19/04/1996 | 10/10/2003 | 11/09/2002 | 21/01/1998 | 05/11/2003 | 20/05/2004 | 19/06/2001 | 23/10/2000 | 03/02/2003 | 22/04/1999 |  | 12/02/2002 | 06/05/1998 | 14/07/2011,*Parties whose approval is needed for the Measure to enter into effect (Art. IX.4 of the Treaty),6,,"[{""Title"":""Subject"",""Text"":""Amendment to Historic Monument No. 14 (Inexpressible Island)"",""Url"":null},{""Title"":""Status"",""Text"":""Did not enter into effect. No longer current: M 3 (2003)"",""Url"":null},{""Title"":""Category"",""Text"":""Historic Sites and Monuments\n                                \nArea protection and management"",""Url"":null},{""Title"":""Topics"",""Text"":""- Site of Northern Party ice cave - Inexpressible Island (HSM 14)"",""Url"":null},{""Title"":""Attachments"",""Text"":"""",""Url"":null},{""Title"":""Relevant Final Report paragraph"",""Text"":""106"",""Url"":null}]","[{""Date"":""30/11/2001"",""Country"":""Argentina *""},{""Date"":""20/03/2003"",""Country"":""Australia *""},{""Date"":""29/01/2004"",""Country"":""Belgium *""},{""Date"":""03/09/1997"",""Country"":""Brazil *""},{""Date"":"""",""Country"":""Bulgaria""},{""Date"":""02/10/1998"",""Country"":""Chile *""},{""Date"":""04/05/2004"",""Country"":""China *""},{""Date"":""23/04/2014"",""Country"":""Czechia""},{""Date"":"""",""Country"":""Ecuador *""},{""Date"":""02/04/1997"",""Country"":""Finland *""},{""Date"":""28/03/2008"",""Country"":""France *""},{""Date"":""28/04/2005"",""Country"":""Germany *""},{""Date"":""23/01/2004"",""Country"":""India *""},{""Date"":""11/02/1998"",""Country"":""Italy *""},{""Date"":"""",""Country"":""Japan *""},{""Date"":""19/04/1996"",""Country"":""Korea (ROK) *""},{""Date"":""10/10/2003"",""Country"":""Netherlands *""},{""Date"":""11/09/2002"",""Country"":""New Zealand *""},{""Date"":""21/01/1998"",""Country"":""Norway *""},{""Date"":""05/11/2003"",""Country"":""Peru *""},{""Date"":""20/05/2004"",""Country"":""Poland *""},{""Date"":""19/06/2001"",""Country"":""Russian Federation *""},{""Date"":""23/10/2000"",""Country"":""South Africa *""},{""Date"":""03/02/2003"",""Country"":""Spain *""},{""Date"":""22/04/1999"",""Country"":""Sweden *""},{""Date"":"""",""Country"":""Ukraine""},{""Date"":""12/02/2002"",""Country"":""United Kingdom *""},{""Date"":""06/05/1998"",""Country"":""United States *""},{""Date"":""14/07/2011"",""Country"":""Uruguay *""}]",,
01/01/1958,01/01/2158,0,0,0,3,1,0,842,98,D1,1,2025,ATCM 47 - CEP 27,Milan,Revised Rules of Procedure for the Committee for Environmental Protection,https://www.ats.aq/devAS/Meetings/Measure/842?s=1&iframe=1&from=01/01/1958&to=01/01/2158&cat=0&top=0&type=3&stat=0&txt=&curr=0,"Decision 1 (2025) - ATCM 47 - CEP 27, Milan",Adopted 03/07/2025,,,0,,,,6,https://documents.ats.aq/recatt/att794_e.pdf,"[{""Title"":""Subject"",""Text"":""Revised Rules of Procedure for the Committee for Environmental Protection"",""Url"":null},{""Title"":""Status"",""Text"":""Adopted 03/07/2025"",""Url"":null},{""Title"":""Category"",""Text"":""Institutional \u0026 legal matters"",""Url"":null},{""Title"":""Topics"",""Text"":""- CEP (Committee for Environmental Protection)\n                                - Rules of Procedure"",""Url"":null},{""Title"":""Attachments"",""Text"":""Annex: Revised Rules of Procedure for the Committee for Environmental Protection (2025)"",""Url"":""https://documents.ats.aq/recatt/att794_e.pdf""},{""Title"":""Relevant Final Report paragraph"",""Text"":""63"",""Url"":null}]",null,,
01/01/1958,01/01/2158,0,0,0,3,1,1,843,98,D2,2,2025,ATCM 47 - CEP 27,Milan,Revised Rules of Procedure for the Antarctic Treaty Consultative Meeting,https://www.ats.aq/devAS/Meetings/Measure/843?s=1&iframe=1&from=01/01/1958&to=01/01/2158&cat=0&top=0&type=3&stat=0&txt=&curr=0,"Decision 2 (2025) - ATCM 47 - CEP 27, Milan",Adopted 03/07/2025,,,0,,,,6,https://documents.ats.aq/recatt/att795_e.pdf,"[{""Title"":""Subject"",""Text"":""Revised Rules of Procedure for the Antarctic Treaty Consultative Meeting"",""Url"":null},{""Title"":""Status"",""Text"":""Adopted 03/07/2025"",""Url"":null},{""Title"":""Category"",""Text"":""Institutional \u0026 legal matters"",""Url"":null},{""Title"":""Topics"",""Text"":""- ATCM (Antarctic Treaty Consultative Meeting)\n                                - Rules of Procedure"",""Url"":null},{""Title"":""Attachments"",""Text"":""Annex: Revised Rules of Procedure for the Antarctic Treaty Consultative Meeting (2025)"",""Url"":""https://documents.ats.aq/recatt/att795_e.pdf""},{""Title"":""Relevant Final Report paragraph"",""Text"":""217"",""Url"":null}]",null,,
01/01/1958,01/01/2158,0,0,0,3,1,2,844,98,D3,3,2025,ATCM 47 - CEP 27,Milan,"Secretariat Report, Programme and Budget",https://www.ats.aq/devAS/Meetings/Measure/844?s=1&iframe=1&from=01/01/1958&to=01/01/2158&cat=0&top=0&type=3&stat=0&txt=&curr=0,"Decision 3 (2025) - ATCM 47 - CEP 27, Milan",Adopted 03/07/2025,,,0,,,,6,https://documents.ats.aq/recatt/att796_e.pdf,"[{""Title"":""Subject"",""Text"":""Secretariat Report, Programme and Budget"",""Url"":null},{""Title"":""Status"",""Text"":""Adopted 03/07/2025"",""Url"":null},{""Title"":""Category"",""Text"":""Institutional \u0026 legal matters"",""Url"":null},{""Title"":""Topics"",""Text"":""- Secretariat"",""Url"":null},{""Title"":""Attachments"",""Text"":""Annex 1: Audited Financial Report for 2023/2024\n                                \n                                    Annex 2: Provisional Financial Report for 2024/2025\n                                \n                                    Annex 3: Secretariat Programme 2025/2026"",""Url"":""https://documents.ats.aq/recatt/att796_e.pdf""},{""Title"":""Relevant Final Report paragraph"",""Text"":""228"",""Url"":null}]",null,,
01/01/1958,01/01/2158,0,0,0,3,1,3,845,98,D4,4,2025,ATCM 47 - CEP 27,Milan,Renewal of the contract of the Secretariat's external auditor,https://www.ats.aq/devAS/Meetings/Measure/845?s=1&iframe=1&from=01/01/1958&to=01/01/2158&cat=0&top=0&type=3&stat=0&txt=&curr=0,"Decision 4 (2025) - ATCM 47 - CEP 27, Milan",Adopted 03/07/2025,,,0,,,,6,https://documents.ats.aq/recatt/att799_e.pdf,"[{""Title"":""Subject"",""Text"":""Renewal of the contract of the Secretariat's external auditor"",""Url"":null},{""Title"":""Status"",""Text"":""Adopted 03/07/2025"",""Url"":null},{""Title"":""Category"",""Text"":""Institutional \u0026 legal matters"",""Url"":null},{""Title"":""Topics"",""Text"":""- Secretariat"",""Url"":null},{""Title"":""Attachments"",""Text"":""Annex: Tasks to be carried out by the external auditor"",""Url"":""https://documents.ats.aq/recatt/att799_e.pdf""},{""Title"":""Relevant Final Report paragraph"",""Text"":""228"",""Url"":null}]",null,,
01/01/1958,01/01/2158,0,0,0,3,1,4,846,98,D5,5,2025,ATCM 47 - CEP 27,Milan,Appointment of the Executive Secretary,https://www.ats.aq/devAS/Meetings/Measure/846?s=1&iframe=1&from=01/01/1958&to=01/01/2158&cat=0&top=0&type=3&stat=0&txt=&curr=0,"Decision 5 (2025) - ATCM 47 - CEP 27, Milan",Adopted 03/07/2025,,,0,,,,6,https://documents.ats.aq/recatt/att800_e.pdf,"[{""Title"":""Subject"",""Text"":""Appointment of the Executive Secretary"",""Url"":null},{""Title"":""Status"",""Text"":""Adopted 03/07/2025"",""Url"":null},{""Title"":""Category"",""Text"":""Institutional \u0026 legal matters"",""Url"":null},{""Title"":""Topics"",""Text"":""- Executive Secretary\n                                - Secretariat"",""Url"":null},{""Title"":""Attachments"",""Text"":""Annex: Letters"",""Url"":""https://documents.ats.aq/recatt/att800_e.pdf""},{""Title"":""Relevant Final Report paragraph"",""Text"":""237"",""Url"":null}]",null,,
01/01/1958,01/01/2158,0,0,0,3,1,5,847,98,D6,6,2025,ATCM 47 - CEP 27,Milan,Liability arising from environmental emergencies,https://www.ats.aq/devAS/Meetings/Measure/847?s=1&iframe=1&from=01/01/1958&to=01/01/2158&cat=0&top=0&type=3&stat=0&txt=&curr=0,"Decision 6 (2025) - ATCM 47 - CEP 27, Milan",Adopted 03/07/2025,,,0,,,,6,,"[{""Title"":""Subject"",""Text"":""Liability arising from environmental emergencies"",""Url"":null},{""Title"":""Status"",""Text"":""Adopted 03/07/2025"",""Url"":null},{""Title"":""Category"",""Text"":""Institutional \u0026 legal matters"",""Url"":null},{""Title"":""Topics"",""Text"":""- Annex VI (Liability)"",""Url"":null},{""Title"":""Attachments"",""Text"":"""",""Url"":null},{""Title"":""Relevant Final Report paragraph"",""Text"":""241"",""Url"":null}]",null,,
01/01/1958,01/01/2158,0,0,0,3,1,6,848,98,D7,7,2025,ATCM 47 - CEP 27,Milan,Multi-year Strategic Work Plan for the Antarctic Treaty Consultative Meeting,https://www.ats.aq/devAS/Meetings/Measure/848?s=1&iframe=1&from=01/01/1958&to=01/01/2158&cat=0&top=0&type=3&stat=0&txt=&curr=0,"Decision 7 (2025) - ATCM 47 - CEP 27, Milan",Adopted 03/07/2025,,,0,,,,6,https://documents.ats.aq/recatt/att801_e.pdf,"[{""Title"":""Subject"",""Text"":""Multi-year Strategic Work Plan for the Antarctic Treaty Consultative Meeting"",""Url"":null},{""Title"":""Status"",""Text"":""Adopted 03/07/2025"",""Url"":null},{""Title"":""Category"",""Text"":""Institutional \u0026 legal matters"",""Url"":null},{""Title"":""Topics"",""Text"":""- Multi-Year Strategic Work Plan"",""Url"":null},{""Title"":""Attachments"",""Text"":""Annex: ATCM Multi-Year Strategic Work Plan"",""Url"":""https://documents.ats.aq/recatt/att801_e.pdf""},{""Title"":""Relevant Final Report paragraph"",""Text"":""265"",""Url"":null}]",null,,
01/01/1958,01/01/2158,0,0,0,3,1,7,831,97,D1,1,2024,ATCM 46 - CEP 26,Kochi,Notification by the Consultative Parties regarding the list of observers under Article VII of the Antarctic Treaty and Article 14 of the Protocol on Environmental Protection to the Antarctic Treaty through the Secretariat of the Antarctic Treaty,https://www.ats.aq/devAS/Meetings/Measure/831?s=1&iframe=1&from=01/01/1958&to=01/01/2158&cat=0&top=0&type=3&stat=0&txt=&curr=0,"Decision 1 (2024) - ATCM 46 - CEP 26, Kochi",Adopted 30/05/2024,,,0,,,,6,,"[{""Title"":""Subject"",""Text"":""Notification by the Consultative Parties regarding the list of observers under Article VII of the Antarctic Treaty and Article 14 of the Protocol on Environmental Protection to the Antarctic Treaty through the Secretariat of the Antarctic Treaty"",""Url"":null},{""Title"":""Status"",""Text"":""Adopted 30/05/2024"",""Url"":null},{""Title"":""Category"",""Text"":""Institutional \u0026 legal matters"",""Url"":null},{""Title"":""Topics"",""Text"":""- Inspections\n                                - Observers"",""Url"":null},{""Title"":""Attachments"",""Text"":"""",""Url"":null},{""Title"":""Relevant Final Report paragraph"",""Text"":""165"",""Url"":null}]",null,,
01/01/1958,01/01/2158,0,0,0,3,1,8,832,97,D2,2,2024,ATCM 46 - CEP 26,Kochi,Revised Rules of Procedure for the Antarctic Treaty Consultative Meeting,https://www.ats.aq/devAS/Meetings/Measure/832?s=1&iframe=1&from=01/01/1958&to=01/01/2158&cat=0&top=0&type=3&stat=0&txt=&curr=0,"Decision 2 (2024) - ATCM 46 - CEP 26, Kochi",Adopted 30/05/2024,,,0,,,,6,https://documents.ats.aq/recatt/att764_e.pdf,"[{""Title"":""Subject"",""Text"":""Revised Rules of Procedure for the Antarctic Treaty Consultative Meeting"",""Url"":null},{""Title"":""Status"",""Text"":""Adopted 30/05/2024"",""Url"":null},{""Title"":""Category"",""Text"":""Institutional \u0026 legal matters"",""Url"":null},{""Title"":""Topics"",""Text"":""- Rules of Procedure"",""Url"":null},{""Title"":""Attachments"",""Text"":""Annex: Revised Rules of Procedure for the Antarctic Treaty Consultative Meeting (2024)\n                                        . Replaced by D2 (2025)"",""Url"":""https://documents.ats.aq/recatt/att764_e.pdf""},{""Title"":""Relevant Final Report paragraph"",""Text"":""187"",""Url"":null}]",null,,
01/01/1958,01/01/2158,0,0,0,3,1,9,833,97,D3,3,2024,ATCM 46 - CEP 26,Kochi,"Secretariat Report, Programme and Budget",https://www.ats.aq/devAS/Meetings/Measure/833?s=1&iframe=1&from=01/01/1958&to=01/01/2158&cat=0&top=0&type=3&stat=0&txt=&curr=0,"Decision 3 (2024) - ATCM 46 - CEP 26, Kochi",Adopted 30/05/2024,,,0,,,,6,https://documents.ats.aq/recatt/att765_e.pdf,"[{""Title"":""Subject"",""Text"":""Secretariat Report, Programme and Budget"",""Url"":null},{""Title"":""Status"",""Text"":""Adopted 30/05/2024"",""Url"":null},{""Title"":""Category"",""Text"":""Institutional \u0026 legal matters"",""Url"":null},{""Title"":""Topics"",""Text"":""- Secretariat"",""Url"":null},{""Title"":""Attachments"",""Text"":""Annex 1: Audited Financial Report for 2022/2023\n                                \n                                    Annex 2: Provisional Financial Report for 2023/2024\n                                \n                                    Annex 3: Secretariat Programme 2024/2025"",""Url"":""https://documents.ats.aq/recatt/att765_e.pdf""},{""Title"":""Relevant Final Report paragraph"",""Text"":""200"",""Url"":null}]",null,,
01/01/1958,01/01/2158,0,0,0,3,1,10,834,97,D4,4,2024,ATCM 46 - CEP 26,Kochi,Multi-year Strategic Work Plan for the Antarctic Treaty Consultative Meeting,https://www.ats.aq/devAS/Meetings/Measure/834?s=1&iframe=1&from=01/01/1958&to=01/01/2158&cat=0&top=0&type=3&stat=0&txt=&curr=0,"Decision 4 (2024) - ATCM 46 - CEP 26, Kochi",Adopted 30/05/2024,,,0,,,,6,https://documents.ats.aq/recatt/att768_e.pdf,"[{""Title"":""Subject"",""Text"":""Multi-year Strategic Work Plan for the Antarctic Treaty Consultative Meeting"",""Url"":null},{""Title"":""Status"",""Text"":""Adopted 30/05/2024"",""Url"":null},{""Title"":""Category"",""Text"":""Institutional \u0026 legal matters"",""Url"":null},{""Title"":""Topics"",""Text"":""- Multi-Year Strategic Work Plan"",""Url"":null},{""Title"":""Attachments"",""Text"":""Annex: ATCM Multi-Year Strategic Work Plan\n                                        . No longer current by D7 (2025)"",""Url"":""https://documents.ats.aq/recatt/att768_e.pdf""},{""Title"":""Relevant Final Report paragraph"",""Text"":""240"",""Url"":null}]",null,,
01/01/1958,01/01/2158,0,0,0,3,1,11,835,97,D5,5,2024,ATCM 46 - CEP 26,Kochi,Development of a Framework for the Regulation of Tourism and Other Non-Governmental Activities in Antarctica,https://www.ats.aq/devAS/Meetings/Measure/835?s=1&iframe=1&from=01/01/1958&to=01/01/2158&cat=0&top=0&type=3&stat=0&txt=&curr=0,"Decision 5 (2024) - ATCM 46 - CEP 26, Kochi",Adopted 30/05/2024,,,0,,,,6,https://documents.ats.aq/recatt/att769_e.pdf,"[{""Title"":""Subject"",""Text"":""Development of a Framework for the Regulation of Tourism and Other Non-Governmental Activities in Antarctica"",""Url"":null},{""Title"":""Status"",""Text"":""Adopted 30/05/2024"",""Url"":null},{""Title"":""Category"",""Text"":""Tourism and Non-Governmental Activities"",""Url"":null},{""Title"":""Topics"",""Text"":""- Tourism regulation"",""Url"":null},{""Title"":""Attachments"",""Text"":""Annex: List of Topics"",""Url"":""https://documents.ats.aq/recatt/att769_e.pdf""},{""Title"":""Relevant Final Report paragraph"",""Text"":""424"",""Url"":null}]",null,,
01/01/1958,01/01/2158,0,0,0,3,1,12,799,95,D1,1,2023,ATCM XLV - CEP XXV,Helsinki,Revised Rules of Procedure for the Committee for Environmental Protection (2023),https://www.ats.aq/devAS/Meetings/Measure/799?s=1&iframe=1&from=01/01/1958&to=01/01/2158&cat=0&top=0&type=3&stat=0&txt=&curr=0,"Decision 1 (2023) - ATCM XLV - CEP XXV, Helsinki",Adopted 08/06/2023,,,0,,,,6,https://documents.ats.aq/recatt/att754_e.pdf,"[{""Title"":""Subject"",""Text"":""Revised Rules of Procedure for the Committee for Environmental Protection (2023)"",""Url"":null},{""Title"":""Status"",""Text"":""Adopted 08/06/2023"",""Url"":null},{""Title"":""Category"",""Text"":""Institutional \u0026 legal matters"",""Url"":null},{""Title"":""Topics"",""Text"":""- CEP (Committee for Environmental Protection)\n                                - Rules of Procedure"",""Url"":null},{""Title"":""Attachments"",""Text"":""Annex: Revised Rules of Procedure for the Committee for Environmental Protection (2023)\n                                        . Replaced by D1 (2025)"",""Url"":""https://documents.ats.aq/recatt/att754_e.pdf""},{""Title"":""Relevant Final Report paragraph"",""Text"":""53"",""Url"":null}]",null,,
01/01/1958,01/01/2158,0,0,0,3,1,13,800,95,D2,2,2023,ATCM XLV - CEP XXV,Helsinki,"Secretariat Report, Programme and Budget",https://www.ats.aq/devAS/Meetings/Measure/800?s=1&iframe=1&from=01/01/1958&to=01/01/2158&cat=0&top=0&type=3&stat=0&txt=&curr=0,"Decision 2 (2023) - ATCM XLV - CEP XXV, Helsinki",Adopted 08/06/2023,,,0,,,,6,https://documents.ats.aq/recatt/att755_e.pdf,"[{""Title"":""Subject"",""Text"":""Secretariat Report, Programme and Budget"",""Url"":null},{""Title"":""Status"",""Text"":""Adopted 08/06/2023"",""Url"":null},{""Title"":""Category"",""Text"":""Institutional \u0026 legal matters"",""Url"":null},{""Title"":""Topics"",""Text"":""- Secretariat"",""Url"":null},{""Title"":""Attachments"",""Text"":""Annex 1: Audited Financial Report for 2021/2022\n                                \n                                    Annex 2: Provisional Financial Report for 2022/2023\n                                \n                                    Annex 3: Secretariat Programme 2023/2024"",""Url"":""https://documents.ats.aq/recatt/att755_e.pdf""},{""Title"":""Relevant Final Report paragraph"",""Text"":""241"",""Url"":null}]",null,,
01/01/1958,01/01/2158,0,0,0,3,1,14,801,95,D3,3,2023,ATCM XLV - CEP XXV,Helsinki,Renewal of the contract of the Secretariat's external auditor,https://www.ats.aq/devAS/Meetings/Measure/801?s=1&iframe=1&from=01/01/1958&to=01/01/2158&cat=0&top=0&type=3&stat=0&txt=&curr=0,"Decision 3 (2023) - ATCM XLV - CEP XXV, Helsinki",Adopted 08/06/2023,,,0,,,,6,https://documents.ats.aq/recatt/att758_e.pdf,"[{""Title"":""Subject"",""Text"":""Renewal of the contract of the Secretariat's external auditor"",""Url"":null},{""Title"":""Status"",""Text"":""Adopted 08/06/2023"",""Url"":null},{""Title"":""Category"",""Text"":""Institutional \u0026 legal matters"",""Url"":null},{""Title"":""Topics"",""Text"":""- Secretariat"",""Url"":null},{""Title"":""Attachments"",""Text"":""Annex: Tasks to be carried out by the external auditor"",""Url"":""https://documents.ats.aq/recatt/att758_e.pdf""},{""Title"":""Relevant Final Report paragraph"",""Text"":""241"",""Url"":null}]",null,,
01/01/1958,01/01/2158,0,0,0,3,2,0,802,95,D4,4,2023,ATCM XLV - CEP XXV,Helsinki,Updated requirements for information exchange,https://www.ats.aq/devAS/Meetings/Measure/802?s=1&iframe=1&from=01/01/1958&to=01/01/2158&cat=0&top=0&type=3&stat=0&txt=&curr=0,"Decision 4 (2023) - ATCM XLV - CEP XXV, Helsinki",Adopted 08/06/2023,,,0,,,,6,https://documents.ats.aq/recatt/att759_e.pdf,"[{""Title"":""Subject"",""Text"":""Updated requirements for information exchange"",""Url"":null},{""Title"":""Status"",""Text"":""Adopted 08/06/2023"",""Url"":null},{""Title"":""Category"",""Text"":""Information exchange"",""Url"":null},{""Title"":""Topics"",""Text"":""- Information exchange\n                                - Science issues"",""Url"":null},{""Title"":""Attachments"",""Text"":""Annex: Information Exchange Requirements"",""Url"":""https://documents.ats.aq/recatt/att759_e.pdf""},{""Title"":""Relevant Final Report paragraph"",""Text"":""252"",""Url"":null}]",null,,
01/01/1958,01/01/2158,0,0,0,3,2,1,803,95,D5,5,2023,ATCM XLV - CEP XXV,Helsinki,Multi-year Strategic Work Plan for the Antarctic Treaty Consultative Meeting,https://www.ats.aq/devAS/Meetings/Measure/803?s=1&iframe=1&from=01/01/1958&to=01/01/2158&cat=0&top=0&type=3&stat=0&txt=&curr=0,"Decision 5 (2023) - ATCM XLV - CEP XXV, Helsinki",Adopted 08/06/2023. No longer current: D 4 (2024),,,0,,,,6,https://documents.ats.aq/recatt/att760_e.pdf,"[{""Title"":""Subject"",""Text"":""Multi-year Strategic Work Plan for the Antarctic Treaty Consultative Meeting"",""Url"":null},{""Title"":""Status"",""Text"":""Adopted 08/06/2023. No longer current: D 4 (2024)"",""Url"":null},{""Title"":""Category"",""Text"":""Institutional \u0026 legal matters"",""Url"":null},{""Title"":""Topics"",""Text"":""- Multi-Year Strategic Work Plan"",""Url"":null},{""Title"":""Attachments"",""Text"":""Annex: ATCM Multi-Year Strategic Work Plan\n                                        . Replaced by D4 (2024)"",""Url"":""https://documents.ats.aq/recatt/att760_e.pdf""},{""Title"":""Relevant Final Report paragraph"",""Text"":""273"",""Url"":null}]",null,,
01/01/1958,01/01/2158,0,0,0,3,2,2,804,95,D6,6,2023,ATCM XLV - CEP XXV,Helsinki,Dedicated process for the development of a comprehensive and consistent framework for Antarctic tourism and other non-governmental activities,https://www.ats.aq/devAS/Meetings/Measure/804?s=1&iframe=1&from=01/01/1958&to=01/01/2158&cat=0&top=0&type=3&stat=0&txt=&curr=0,"Decision 6 (2023) - ATCM XLV - CEP XXV, Helsinki",Adopted 08/06/2023,,,0,,,,6,,"[{""Title"":""Subject"",""Text"":""Dedicated process for the development of a comprehensive and consistent framework for Antarctic tourism and other non-governmental activities"",""Url"":null},{""Title"":""Status"",""Text"":""Adopted 08/06/2023"",""Url"":null},{""Title"":""Category"",""Text"":""Tourism and Non-Governmental Activities"",""Url"":null},{""Title"":""Topics"",""Text"":""- Tourism regulation"",""Url"":null},{""Title"":""Attachments"",""Text"":"""",""Url"":null},{""Title"":""Relevant Final Report paragraph"",""Text"":""393"",""Url"":null}]",null,,
01/01/1958,01/01/2158,0,0,0,3,2,3,769,94,D1,1,2022,ATCM XLIV - CEP XXIV,Berlin,"Secretariat Report, Programme and Budget",https://www.ats.aq/devAS/Meetings/Measure/769?s=1&iframe=1&from=01/01/1958&to=01/01/2158&cat=0&top=0&type=3&stat=0&txt=&curr=0,"Decision 1 (2022) - ATCM XLIV - CEP XXIV, Berlin",Adopted 02/06/2022,,,0,,,,6,https://documents.ats.aq/recatt/att728_e.pdf,"[{""Title"":""Subject"",""Text"":""Secretariat Report, Programme and Budget"",""Url"":null},{""Title"":""Status"",""Text"":""Adopted 02/06/2022"",""Url"":null},{""Title"":""Category"",""Text"":""Institutional \u0026 legal matters"",""Url"":null},{""Title"":""Topics"",""Text"":""- Secretariat"",""Url"":null},{""Title"":""Attachments"",""Text"":""Annex 1: Audited Financial Report for 2020/2021\n                                \n                                    Annex 2: Provisional Financial Report for 2021/22\n                                \n                                    Annex 3: Secretariat Programme 2022/2023"",""Url"":""https://documents.ats.aq/recatt/att728_e.pdf""},{""Title"":""Relevant Final Report paragraph"",""Text"":""150"",""Url"":null}]",null,,
01/01/1958,01/01/2158,0,0,0,3,2,4,770,94,D2,2,2022,ATCM XLIV - CEP XXIV,Berlin,Liability arising from environmental emergencies,https://www.ats.aq/devAS/Meetings/Measure/770?s=1&iframe=1&from=01/01/1958&to=01/01/2158&cat=0&top=0&type=3&stat=0&txt=&curr=0,"Decision 2 (2022) - ATCM XLIV - CEP XXIV, Berlin",Adopted 02/06/2022. No longer current: D 6 (2025),,,0,,,,6,,"[{""Title"":""Subject"",""Text"":""Liability arising from environmental emergencies"",""Url"":null},{""Title"":""Status"",""Text"":""Adopted 02/06/2022. No longer current: D 6 (2025)"",""Url"":null},{""Title"":""Category"",""Text"":""Institutional \u0026 legal matters"",""Url"":null},{""Title"":""Topics"",""Text"":""- Annex VI (Liability)"",""Url"":null},{""Title"":""Attachments"",""Text"":"""",""Url"":null},{""Title"":""Relevant Final Report paragraph"",""Text"":""158"",""Url"":null}]",null,,
01/01/1958,01/01/2158,0,0,0,3,2,5,771,94,D3,3,2022,ATCM XLIV - CEP XXIV,Berlin,Multi-year Strategic Work Plan for the Antarctic Treaty Consultative Meeting,https://www.ats.aq/devAS/Meetings/Measure/771?s=1&iframe=1&from=01/01/1958&to=01/01/2158&cat=0&top=0&type=3&stat=0&txt=&curr=0,"Decision 3 (2022) - ATCM XLIV - CEP XXIV, Berlin",Adopted 02/06/2022. No longer current: D 5 (2023),,,0,,,,7,https://documents.ats.aq/recatt/att731_e.pdf,"[{""Title"":""Subject"",""Text"":""Multi-year Strategic Work Plan for the Antarctic Treaty Consultative Meeting"",""Url"":null},{""Title"":""Status"",""Text"":""Adopted 02/06/2022. No longer current: D 5 (2023)"",""Url"":null},{""Title"":""Category"",""Text"":""Institutional \u0026 legal matters"",""Url"":null},{""Title"":""Topics"",""Text"":""- Multi-Year Strategic Work Plan"",""Url"":null},{""Title"":""Attachments"",""Text"":""Annex: ATCM Multi-Year Strategic Work Plan\n                                        . Replaced by D5 (2023)"",""Url"":""https://documents.ats.aq/recatt/att731_e.pdf""},{""Title"":""Relevant Final Report paragraph"",""Text"":""180"",""Url"":null},{""Title"":""Memo"",""Text"":""The Plan annexed to this Decision is no longer current by Decision 5 (2023)"",""Url"":null}]",null,,
01/01/1958,01/01/2158,0,0,0,3,2,6,772,94,D4,4,2022,ATCM XLIV - CEP XXIV,Berlin,Letters on Antarctic Climate Change and the Environment: A Decadal Synopsis and Recommendations for Action report,https://www.ats.aq/devAS/Meetings/Measure/772?s=1&iframe=1&from=01/01/1958&to=01/01/2158&cat=0&top=0&type=3&stat=0&txt=&curr=0,"Decision 4 (2022) - ATCM XLIV - CEP XXIV, Berlin",Adopted 02/06/2022,,,0,,,,6,https://documents.ats.aq/recatt/att732_e.pdf,"[{""Title"":""Subject"",""Text"":""Letters on Antarctic Climate Change and the Environment: A Decadal Synopsis and Recommendations for Action report"",""Url"":null},{""Title"":""Status"",""Text"":""Adopted 02/06/2022"",""Url"":null},{""Title"":""Category"",""Text"":""Scientific cooperation"",""Url"":null},{""Title"":""Topics"",""Text"":""- Global change research"",""Url"":null},{""Title"":""Attachments"",""Text"":""Annex: Letter on Antarctic Climate Change and the Environment Report"",""Url"":""https://documents.ats.aq/recatt/att732_e.pdf""},{""Title"":""Relevant Final Report paragraph"",""Text"":""277"",""Url"":null}]",null,,
01/01/1958,01/01/2158,0,0,0,3,2,7,773,94,D5,5,2022,ATCM XLIV - CEP XXIV,Berlin,Information Exchange Requirements,https://www.ats.aq/devAS/Meetings/Measure/773?s=1&iframe=1&from=01/01/1958&to=01/01/2158&cat=0&top=0&type=3&stat=0&txt=&curr=0,"Decision 5 (2022) - ATCM XLIV - CEP XXIV, Berlin",Adopted 02/06/2022,,,0,,,,7,https://documents.ats.aq/recatt/att733_e.pdf,"[{""Title"":""Subject"",""Text"":""Information Exchange Requirements"",""Url"":null},{""Title"":""Status"",""Text"":""Adopted 02/06/2022"",""Url"":null},{""Title"":""Category"",""Text"":""Information exchange"",""Url"":null},{""Title"":""Topics"",""Text"":""- Tourism"",""Url"":null},{""Title"":""Attachments"",""Text"":""Annex: Information Exchange Requirements\n                                        . No longer current by D4 (2023)"",""Url"":""https://documents.ats.aq/recatt/att733_e.pdf""},{""Title"":""Relevant Final Report paragraph"",""Text"":""323"",""Url"":null},{""Title"":""Memo"",""Text"":""Annex to this Decision is no longer current by Decision 4 (2023)"",""Url"":null}]",null,,
01/01/1958,01/01/2158,0,0,0,3,2,8,733,92,D1,1,2021,ATCM XLIII - CEP XXIII,Paris,Antarctic Protected Areas System: Reformatted List of Historic Sites and Monuments,https://www.ats.aq/devAS/Meetings/Measure/733?s=1&iframe=1&from=01/01/1958&to=01/01/2158&cat=0&top=0&type=3&stat=0&txt=&curr=0,"Decision 1 (2021) - ATCM XLIII - CEP XXIII, Paris",Adopted 24/06/2021,,,0,,,,6,,"[{""Title"":""Subject"",""Text"":""Antarctic Protected Areas System: Reformatted List of Historic Sites and Monuments"",""Url"":null},{""Title"":""Status"",""Text"":""Adopted 24/06/2021"",""Url"":null},{""Title"":""Category"",""Text"":""Historic Sites and Monuments\n                                \nArea protection and management"",""Url"":null},{""Title"":""Topics"",""Text"":""- HSMs - general"",""Url"":null},{""Title"":""Attachments"",""Text"":"""",""Url"":null},{""Title"":""Relevant Final Report paragraph"",""Text"":""59"",""Url"":null}]",null,,
01/01/1958,01/01/2158,0,0,0,3,2,9,734,92,D2,2,2021,ATCM XLIII - CEP XXIII,Paris,Staff Regulations for the Secretariat of the Antarctic Treaty,https://www.ats.aq/devAS/Meetings/Measure/734?s=1&iframe=1&from=01/01/1958&to=01/01/2158&cat=0&top=0&type=3&stat=0&txt=&curr=0,"Decision 2 (2021) - ATCM XLIII - CEP XXIII, Paris",Adopted 24/06/2021,,,0,,,,7,https://documents.ats.aq/recatt/att696_e.pdf,"[{""Title"":""Subject"",""Text"":""Staff Regulations for the Secretariat of the Antarctic Treaty"",""Url"":null},{""Title"":""Status"",""Text"":""Adopted 24/06/2021"",""Url"":null},{""Title"":""Category"",""Text"":""Institutional \u0026 legal matters"",""Url"":null},{""Title"":""Topics"",""Text"":"""",""Url"":null},{""Title"":""Attachments"",""Text"":""Annex: Staff Regulations for the Secretariat of the Antarctic Treaty"",""Url"":""https://documents.ats.aq/recatt/att696_e.pdf""},{""Title"":""Relevant Final Report paragraph"",""Text"":""109"",""Url"":null},{""Title"":""Memo"",""Text"":""Note: Schedules A and B containing salary scales are no longer current. Updated versions are adopted regularly as a part of the Secretariat´s Programme and Budget."",""Url"":null}]",null,,
01/01/1958,01/01/2158,0,0,0,3,2,10,735,92,D3,3,2021,ATCM XLIII - CEP XXIII,Paris,"Secretariat Report, Programme and Budget",https://www.ats.aq/devAS/Meetings/Measure/735?s=1&iframe=1&from=01/01/1958&to=01/01/2158&cat=0&top=0&type=3&stat=0&txt=&curr=0,"Decision 3 (2021) - ATCM XLIII - CEP XXIII, Paris",Adopted 24/06/2021,,,0,,,,6,https://documents.ats.aq/recatt/att697_e.pdf,"[{""Title"":""Subject"",""Text"":""Secretariat Report, Programme and Budget"",""Url"":null},{""Title"":""Status"",""Text"":""Adopted 24/06/2021"",""Url"":null},{""Title"":""Category"",""Text"":""Institutional \u0026 legal matters"",""Url"":null},{""Title"":""Topics"",""Text"":""- Secretariat"",""Url"":null},{""Title"":""Attachments"",""Text"":""Annex 1: Audited Financial Report for 2019/2020\n                                \n                                    Annex 2: Provisional Financial Report for 2020/21\n                                \n                                    Annex 3: Secretariat Programme 2021/2022"",""Url"":""https://documents.ats.aq/recatt/att697_e.pdf""},{""Title"":""Relevant Final Report paragraph"",""Text"":""115"",""Url"":null}]",null,,
01/01/1958,01/01/2158,0,0,0,3,2,11,736,92,D4,4,2021,ATCM XLIII - CEP XXIII,Paris,Re-appointment of the Executive Secretary,https://www.ats.aq/devAS/Meetings/Measure/736?s=1&iframe=1&from=01/01/1958&to=01/01/2158&cat=0&top=0&type=3&stat=0&txt=&curr=0,"Decision 4 (2021) - ATCM XLIII - CEP XXIII, Paris",Adopted 24/06/2021,,,0,,,,6,https://documents.ats.aq/recatt/att700_e.pdf,"[{""Title"":""Subject"",""Text"":""Re-appointment of the Executive Secretary"",""Url"":null},{""Title"":""Status"",""Text"":""Adopted 24/06/2021"",""Url"":null},{""Title"":""Category"",""Text"":""Institutional \u0026 legal matters"",""Url"":null},{""Title"":""Topics"",""Text"":"""",""Url"":null},{""Title"":""Attachments"",""Text"":""Annex: Letter to Mr. Albert Lluberas and Mr. Felipe Solá"",""Url"":""https://documents.ats.aq/recatt/att700_e.pdf""},{""Title"":""Relevant Final Report paragraph"",""Text"":""115"",""Url"":null}]",null,,
01/01/1958,01/01/2158,0,0,0,3,2,12,737,92,D5,5,2021,ATCM XLIII - CEP XXIII,Paris,Multi-year Strategic Work Plan for the Antarctic Treaty Consultative Meeting,https://www.ats.aq/devAS/Meetings/Measure/737?s=1&iframe=1&from=01/01/1958&to=01/01/2158&cat=0&top=0&type=3&stat=0&txt=&curr=0,"Decision 5 (2021) - ATCM XLIII - CEP XXIII, Paris",Adopted 24/06/2021. No longer current: D 3 (2022),,,0,,,,6,https://documents.ats.aq/recatt/att701_e.pdf,"[{""Title"":""Subject"",""Text"":""Multi-year Strategic Work Plan for the Antarctic Treaty Consultative Meeting"",""Url"":null},{""Title"":""Status"",""Text"":""Adopted 24/06/2021. No longer current: D 3 (2022)"",""Url"":null},{""Title"":""Category"",""Text"":""Institutional \u0026 legal matters"",""Url"":null},{""Title"":""Topics"",""Text"":""- Multi-Year Strategic Work Plan"",""Url"":null},{""Title"":""Attachments"",""Text"":""Annex: ATCM Multi-year Strategic Work Plan"",""Url"":""https://documents.ats.aq/recatt/att701_e.pdf""},{""Title"":""Relevant Final Report paragraph"",""Text"":""152"",""Url"":null}]",null,,
01/01/1958,01/01/2158,0,0,0,3,2,13,738,92,D6,6,2021,ATCM XLIII - CEP XXIII,Paris,Manual of Regulations and Guidelines Relevant to Tourism and Non-Governmental Activities in the Antarctic Treaty area,https://www.ats.aq/devAS/Meetings/Measure/738?s=1&iframe=1&from=01/01/1958&to=01/01/2158&cat=0&top=0&type=3&stat=0&txt=&curr=0,"Decision 6 (2021) - ATCM XLIII - CEP XXIII, Paris",Adopted 24/06/2021,,,0,,,,7,https://documents.ats.aq/recatt/att702_e.pdf,"[{""Title"":""Subject"",""Text"":""Manual of Regulations and Guidelines Relevant to Tourism and Non-Governmental Activities in the Antarctic Treaty area"",""Url"":null},{""Title"":""Status"",""Text"":""Adopted 24/06/2021"",""Url"":null},{""Title"":""Category"",""Text"":""Tourism and Non-Governmental Activities"",""Url"":null},{""Title"":""Topics"",""Text"":""- Guidelines\n                                - Tourism planning\n                                - Tourism regulation"",""Url"":null},{""Title"":""Attachments"",""Text"":""Annex: Tourism Operators leaflet"",""Url"":""https://documents.ats.aq/recatt/att702_e.pdf""},{""Title"":""Relevant Final Report paragraph"",""Text"":""243"",""Url"":null},{""Title"":""Memo"",""Text"":""Note: The most up-to-date version of the leaflet attached to this Decision is available on the website of the Antarctic Treaty Secretariat"",""Url"":null}]",null,,
01/01/1958,01/01/2158,0,0,0,3,2,14,739,92,D7,7,2021,ATCM XLIII - CEP XXIII,Paris,Updating requirements for Information Exchange on national expeditions,https://www.ats.aq/devAS/Meetings/Measure/739?s=1&iframe=1&from=01/01/1958&to=01/01/2158&cat=0&top=0&type=3&stat=0&txt=&curr=0,"Decision 7 (2021) - ATCM XLIII - CEP XXIII, Paris",Adopted 24/06/2021,,,0,,,,7,https://documents.ats.aq/recatt/att703_e.pdf,"[{""Title"":""Subject"",""Text"":""Updating requirements for Information Exchange on national expeditions"",""Url"":null},{""Title"":""Status"",""Text"":""Adopted 24/06/2021"",""Url"":null},{""Title"":""Category"",""Text"":""Information exchange"",""Url"":null},{""Title"":""Topics"",""Text"":"""",""Url"":null},{""Title"":""Attachments"",""Text"":""Annex: Information Exchange Requirements\n                                        . Replaced by D5 (2022)"",""Url"":""https://documents.ats.aq/recatt/att703_e.pdf""},{""Title"":""Relevant Final Report paragraph"",""Text"":""251"",""Url"":null},{""Title"":""Memo"",""Text"":""Annex to this Decision is no longer current by Decision 5 (2022)"",""Url"":null}]",null,,
01/01/1958,01/01/2158,0,0,0,3,3,0,694,87,D1,1,2019,ATCM XLII - CEP XXII,Prague,Redesign of the Format of the List of Historic Sites and Monuments,https://www.ats.aq/devAS/Meetings/Measure/694?s=1&iframe=1&from=01/01/1958&to=01/01/2158&cat=0&top=0&type=3&stat=0&txt=&curr=0,"Decision 1 (2019) - ATCM XLII - CEP XXII, Prague",Adopted 11/07/2019,,,0,,,,6,,"[{""Title"":""Subject"",""Text"":""Redesign of the Format of the List of Historic Sites and Monuments"",""Url"":null},{""Title"":""Status"",""Text"":""Adopted 11/07/2019"",""Url"":null},{""Title"":""Category"",""Text"":""Area protection and management\n                                \nHistoric Sites and Monuments"",""Url"":null},{""Title"":""Topics"",""Text"":""- HSMs - general"",""Url"":null},{""Title"":""Attachments"",""Text"":"""",""Url"":null},{""Title"":""Relevant Final Report paragraph"",""Text"":""68"",""Url"":null}]",null,,
01/01/1958,01/01/2158,0,0,0,3,3,1,695,87,D2,2,2019,ATCM XLII - CEP XXII,Prague,Notification by the Consultative Parties of the list of Observers under Article VII of the Antarctic Treaty and Article 14 of the Protocol on Environmental Protection to the Antarctic Treaty through the Secretariat of the Antarctic Treaty,https://www.ats.aq/devAS/Meetings/Measure/695?s=1&iframe=1&from=01/01/1958&to=01/01/2158&cat=0&top=0&type=3&stat=0&txt=&curr=0,"Decision 2 (2019) - ATCM XLII - CEP XXII, Prague",Adopted 11/07/2019. No longer current: D 1 (2024),,,0,,,,6,,"[{""Title"":""Subject"",""Text"":""Notification by the Consultative Parties of the list of Observers under Article VII of the Antarctic Treaty and Article 14 of the Protocol on Environmental Protection to the Antarctic Treaty through the Secretariat of the Antarctic Treaty"",""Url"":null},{""Title"":""Status"",""Text"":""Adopted 11/07/2019. No longer current: D 1 (2024)"",""Url"":null},{""Title"":""Category"",""Text"":""Institutional \u0026 legal matters"",""Url"":null},{""Title"":""Topics"",""Text"":""- Inspections\n                                - Observers"",""Url"":null},{""Title"":""Attachments"",""Text"":"""",""Url"":null},{""Title"":""Relevant Final Report paragraph"",""Text"":""117"",""Url"":null}]",null,,
01/01/1958,01/01/2158,0,0,0,3,3,2,696,87,D3,3,2019,ATCM XLII - CEP XXII,Prague,"Secretariat Report, Programme and Budget",https://www.ats.aq/devAS/Meetings/Measure/696?s=1&iframe=1&from=01/01/1958&to=01/01/2158&cat=0&top=0&type=3&stat=0&txt=&curr=0,"Decision 3 (2019) - ATCM XLII - CEP XXII, Prague",Adopted 11/07/2019,,,0,,,,6,https://documents.ats.aq/recatt/att660_e.pdf,"[{""Title"":""Subject"",""Text"":""Secretariat Report, Programme and Budget"",""Url"":null},{""Title"":""Status"",""Text"":""Adopted 11/07/2019"",""Url"":null},{""Title"":""Category"",""Text"":""Institutional \u0026 legal matters"",""Url"":null},{""Title"":""Topics"",""Text"":""- Secretariat"",""Url"":null},{""Title"":""Attachments"",""Text"":""Audited Financial Report 2017/2018\n                                \n                                    Provisional Financial Report 2018/2019\n                                \n                                    Secretariat Programme 2019/2020"",""Url"":""https://documents.ats.aq/recatt/att660_e.pdf""},{""Title"":""Relevant Final Report paragraph"",""Text"":""144"",""Url"":null}]",null,,
01/01/1958,01/01/2158,0,0,0,3,3,3,697,87,D4,4,2019,ATCM XLII - CEP XXII,Prague,Staff Regulations for the Secretariat of the Antarctic Treaty,https://www.ats.aq/devAS/Meetings/Measure/697?s=1&iframe=1&from=01/01/1958&to=01/01/2158&cat=0&top=0&type=3&stat=0&txt=&curr=0,"Decision 4 (2019) - ATCM XLII - CEP XXII, Prague",Adopted 11/07/2019. No longer current: D 2 (2021),,,0,,,,7,https://documents.ats.aq/recatt/att663_e.pdf,"[{""Title"":""Subject"",""Text"":""Staff Regulations for the Secretariat of the Antarctic Treaty"",""Url"":null},{""Title"":""Status"",""Text"":""Adopted 11/07/2019. No longer current: D 2 (2021)"",""Url"":null},{""Title"":""Category"",""Text"":""Institutional \u0026 legal matters"",""Url"":null},{""Title"":""Topics"",""Text"":""- Secretariat"",""Url"":null},{""Title"":""Attachments"",""Text"":""Staff Regulations for the Secretariat of the Antarctic Treaty"",""Url"":""https://documents.ats.aq/recatt/att663_e.pdf""},{""Title"":""Relevant Final Report paragraph"",""Text"":""157"",""Url"":null},{""Title"":""Memo"",""Text"":""Staff Regulations annexed to this Decision revoked by Decision 2 (2021)"",""Url"":null}]",null,,
01/01/1958,01/01/2158,0,0,0,3,3,4,698,87,D5,5,2019,ATCM XLII - CEP XXII,Prague,Multi-Year Strategic Work Plan for the Antarctic Treaty Consultative Meeting,https://www.ats.aq/devAS/Meetings/Measure/698?s=1&iframe=1&from=01/01/1958&to=01/01/2158&cat=0&top=0&type=3&stat=0&txt=&curr=0,"Decision 5 (2019) - ATCM XLII - CEP XXII, Prague",Adopted 11/07/2019. No longer current: D 5 (2021),,,0,,,,7,https://documents.ats.aq/recatt/att664_e.pdf,"[{""Title"":""Subject"",""Text"":""Multi-Year Strategic Work Plan for the Antarctic Treaty Consultative Meeting"",""Url"":null},{""Title"":""Status"",""Text"":""Adopted 11/07/2019. No longer current: D 5 (2021)"",""Url"":null},{""Title"":""Category"",""Text"":""Institutional \u0026 legal matters"",""Url"":null},{""Title"":""Topics"",""Text"":""- Multi-Year Strategic Work Plan"",""Url"":null},{""Title"":""Attachments"",""Text"":""ATCM Multi-Year Strategic Work Plan"",""Url"":""https://documents.ats.aq/recatt/att664_e.pdf""},{""Title"":""Relevant Final Report paragraph"",""Text"":""214"",""Url"":null},{""Title"":""Memo"",""Text"":""Multi-Year Strategic Work Plan annexed to this Decision revoked by Decision 5 (2021)."",""Url"":null}]",null,,
01/01/1958,01/01/2158,0,0,0,3,3,5,699,87,D6,6,2019,ATCM XLII - CEP XXII,Prague,Manual of Regulations and Guidelines Relevant to Tourism and Non-Governmental Activities in Antarctica,https://www.ats.aq/devAS/Meetings/Measure/699?s=1&iframe=1&from=01/01/1958&to=01/01/2158&cat=0&top=0&type=3&stat=0&txt=&curr=0,"Decision 6 (2019) - ATCM XLII - CEP XXII, Prague",Adopted 11/07/2019,,,0,,,,6,https://documents.ats.aq/recatt/att665_e.pdf,"[{""Title"":""Subject"",""Text"":""Manual of Regulations and Guidelines Relevant to Tourism and Non-Governmental Activities in Antarctica"",""Url"":null},{""Title"":""Status"",""Text"":""Adopted 11/07/2019"",""Url"":null},{""Title"":""Category"",""Text"":""Tourism and Non-Governmental Activities"",""Url"":null},{""Title"":""Topics"",""Text"":""- Tourism regulation"",""Url"":null},{""Title"":""Attachments"",""Text"":""Indicative list of texts that could be included in the Manual"",""Url"":""https://documents.ats.aq/recatt/att665_e.pdf""},{""Title"":""Relevant Final Report paragraph"",""Text"":""387"",""Url"":null}]",null,,
01/01/1958,01/01/2158,0,0,0,3,3,6,700,87,D7,7,2019,ATCM XLII - CEP XXII,Prague,Reviewing Requirements for Exchanging Information on Non-Governmental Expeditions,https://www.ats.aq/devAS/Meetings/Measure/700?s=1&iframe=1&from=01/01/1958&to=01/01/2158&cat=0&top=0&type=3&stat=0&txt=&curr=0,"Decision 7 (2019) - ATCM XLII - CEP XXII, Prague",Adopted 11/07/2019,,,0,,,,7,https://documents.ats.aq/recatt/att666_e.pdf,"[{""Title"":""Subject"",""Text"":""Reviewing Requirements for Exchanging Information on Non-Governmental Expeditions"",""Url"":null},{""Title"":""Status"",""Text"":""Adopted 11/07/2019"",""Url"":null},{""Title"":""Category"",""Text"":""Information exchange"",""Url"":null},{""Title"":""Topics"",""Text"":""- Tourism"",""Url"":null},{""Title"":""Attachments"",""Text"":""Information Exchange Requirements\n                                        . Replaced by D7 (2021)"",""Url"":""https://documents.ats.aq/recatt/att666_e.pdf""},{""Title"":""Relevant Final Report paragraph"",""Text"":""405"",""Url"":null},{""Title"":""Memo"",""Text"":""Annex to this Decision is no longer current by Decision 7 (2021)"",""Url"":null}]",null,,
01/01/1958,01/01/2158,0,0,0,3,3,7,673,85,D1,1,2018,ATCM XLI - CEP XXI,Buenos Aires,"Secretariat Report, Programme and Budget",https://www.ats.aq/devAS/Meetings/Measure/673?s=1&iframe=1&from=01/01/1958&to=01/01/2158&cat=0&top=0&type=3&stat=0&txt=&curr=0,"Decision 1 (2018) - ATCM XLI - CEP XXI, Buenos Aires",Adopted 18/05/2018,,,0,,,,6,https://documents.ats.aq/recatt/att637_e.pdf,"[{""Title"":""Subject"",""Text"":""Secretariat Report, Programme and Budget"",""Url"":null},{""Title"":""Status"",""Text"":""Adopted 18/05/2018"",""Url"":null},{""Title"":""Category"",""Text"":""Institutional \u0026 legal matters"",""Url"":null},{""Title"":""Topics"",""Text"":""- Secretariat"",""Url"":null},{""Title"":""Attachments"",""Text"":""Annex 1: Audited Financial Report for 2016/2017\n                                \n                                    Annex 2: Provisional Financial Report for 2017/18\n                                \n                                    Annex 3: Secretariat Programme for 2018/19"",""Url"":""https://documents.ats.aq/recatt/att637_e.pdf""},{""Title"":""Relevant Final Report paragraph"",""Text"":""47"",""Url"":null}]",null,,
01/01/1958,01/01/2158,0,0,0,3,3,8,674,85,D2,2,2018,ATCM XLI - CEP XXI,Buenos Aires,Renewal of the Contract of the Secretariat's External Auditor,https://www.ats.aq/devAS/Meetings/Measure/674?s=1&iframe=1&from=01/01/1958&to=01/01/2158&cat=0&top=0&type=3&stat=0&txt=&curr=0,"Decision 2 (2018) - ATCM XLI - CEP XXI, Buenos Aires",Adopted 18/05/2018,,,0,,,,6,https://documents.ats.aq/recatt/att640_e.pdf,"[{""Title"":""Subject"",""Text"":""Renewal of the Contract of the Secretariat's External Auditor"",""Url"":null},{""Title"":""Status"",""Text"":""Adopted 18/05/2018"",""Url"":null},{""Title"":""Category"",""Text"":""Institutional \u0026 legal matters"",""Url"":null},{""Title"":""Topics"",""Text"":""- Secretariat"",""Url"":null},{""Title"":""Attachments"",""Text"":""Annex: Tasks to be carried out by the external auditor"",""Url"":""https://documents.ats.aq/recatt/att640_e.pdf""},{""Title"":""Relevant Final Report paragraph"",""Text"":""47"",""Url"":null}]",null,,
01/01/1958,01/01/2158,0,0,0,3,3,9,675,85,D3,3,2018,ATCM XLI - CEP XXI,Buenos Aires,Multi-Year Strategic Work Plan for the Antarctic Treaty Consultative Meeting,https://www.ats.aq/devAS/Meetings/Measure/675?s=1&iframe=1&from=01/01/1958&to=01/01/2158&cat=0&top=0&type=3&stat=0&txt=&curr=0,"Decision 3 (2018) - ATCM XLI - CEP XXI, Buenos Aires",Adopted 18/05/2018. No longer current: D 5 (2019),,,0,,,,6,https://documents.ats.aq/recatt/att641_e.pdf,"[{""Title"":""Subject"",""Text"":""Multi-Year Strategic Work Plan for the Antarctic Treaty Consultative Meeting"",""Url"":null},{""Title"":""Status"",""Text"":""Adopted 18/05/2018. No longer current: D 5 (2019)"",""Url"":null},{""Title"":""Category"",""Text"":""Institutional \u0026 legal matters"",""Url"":null},{""Title"":""Topics"",""Text"":""- Multi-Year Strategic Work Plan"",""Url"":null},{""Title"":""Attachments"",""Text"":""Annex: ATCM Multi-Year Strategic Work Plan"",""Url"":""https://documents.ats.aq/recatt/att641_e.pdf""},{""Title"":""Relevant Final Report paragraph"",""Text"":""92"",""Url"":null}]",null,,
01/01/1958,01/01/2158,0,0,0,3,3,10,652,82,D1,1,2017,ATCM XL - CEP XX,Beijing,Subsidiary Group of the Committee for Environmental Protection on Climate Change Response (SGCCR),https://www.ats.aq/devAS/Meetings/Measure/652?s=1&iframe=1&from=01/01/1958&to=01/01/2158&cat=0&top=0&type=3&stat=0&txt=&curr=0,"Decision 1 (2017) - ATCM XL - CEP XX, Beijing",Adopted 01/06/2017,,,0,,,,6,,"[{""Title"":""Subject"",""Text"":""Subsidiary Group of the Committee for Environmental Protection on Climate Change Response (SGCCR)"",""Url"":null},{""Title"":""Status"",""Text"":""Adopted 01/06/2017"",""Url"":null},{""Title"":""Category"",""Text"":""Environmental protection"",""Url"":null},{""Title"":""Topics"",""Text"":""- CEP (Committee for Environmental Protection)\n                                - Global change research"",""Url"":null},{""Title"":""Attachments"",""Text"":"""",""Url"":null},{""Title"":""Relevant Final Report paragraph"",""Text"":""50"",""Url"":null}]",null,,
01/01/1958,01/01/2158,0,0,0,3,3,11,653,82,D2,2,2017,ATCM XL - CEP XX,Beijing,Guidelines on the procedure to be followed with respect to Consultative Party status,https://www.ats.aq/devAS/Meetings/Measure/653?s=1&iframe=1&from=01/01/1958&to=01/01/2158&cat=0&top=0&type=3&stat=0&txt=&curr=0,"Decision 2 (2017) - ATCM XL - CEP XX, Beijing",Adopted 01/06/2017,,,0,,,,6,https://documents.ats.aq/recatt/att618_e.pdf,"[{""Title"":""Subject"",""Text"":""Guidelines on the procedure to be followed with respect to Consultative Party status"",""Url"":null},{""Title"":""Status"",""Text"":""Adopted 01/06/2017"",""Url"":null},{""Title"":""Category"",""Text"":""Institutional \u0026 legal matters"",""Url"":null},{""Title"":""Topics"",""Text"":""- Consultative Party Status"",""Url"":null},{""Title"":""Attachments"",""Text"":""Annex: Guidelines on the procedure to be followed with respect to Consultative Party status"",""Url"":""https://documents.ats.aq/recatt/att618_e.pdf""},{""Title"":""Relevant Final Report paragraph"",""Text"":""93"",""Url"":null}]",null,,
01/01/1958,01/01/2158,0,0,0,3,3,12,654,82,D3,3,2017,ATCM XL - CEP XX,Beijing,Measures withdrawn,https://www.ats.aq/devAS/Meetings/Measure/654?s=1&iframe=1&from=01/01/1958&to=01/01/2158&cat=0&top=0&type=3&stat=0&txt=&curr=0,"Decision 3 (2017) - ATCM XL - CEP XX, Beijing",Adopted 01/06/2017,,,0,,,,6,https://documents.ats.aq/recatt/att619_e.pdf,"[{""Title"":""Subject"",""Text"":""Measures withdrawn"",""Url"":null},{""Title"":""Status"",""Text"":""Adopted 01/06/2017"",""Url"":null},{""Title"":""Category"",""Text"":""Institutional \u0026 legal matters"",""Url"":null},{""Title"":""Topics"",""Text"":""- Status of measures"",""Url"":null},{""Title"":""Attachments"",""Text"":""Annex: Measures witdrawn"",""Url"":""https://documents.ats.aq/recatt/att619_e.pdf""},{""Title"":""Relevant Final Report paragraph"",""Text"":""94"",""Url"":null}]",null,,
01/01/1958,01/01/2158,0,0,0,3,3,13,655,82,D4,4,2017,ATCM XL - CEP XX,Beijing,Procedure for Appointing Antarctic Treaty Consultative Meeting Working Group Chairs,https://www.ats.aq/devAS/Meetings/Measure/655?s=1&iframe=1&from=01/01/1958&to=01/01/2158&cat=0&top=0&type=3&stat=0&txt=&curr=0,"Decision 4 (2017) - ATCM XL - CEP XX, Beijing",Adopted 01/06/2017,,,0,,,,6,,"[{""Title"":""Subject"",""Text"":""Procedure for Appointing Antarctic Treaty Consultative Meeting Working Group Chairs"",""Url"":null},{""Title"":""Status"",""Text"":""Adopted 01/06/2017"",""Url"":null},{""Title"":""Category"",""Text"":""Institutional \u0026 legal matters"",""Url"":null},{""Title"":""Topics"",""Text"":""- Rules of Procedure"",""Url"":null},{""Title"":""Attachments"",""Text"":"""",""Url"":null},{""Title"":""Relevant Final Report paragraph"",""Text"":""97"",""Url"":null}]",null,,
01/01/1958,01/01/2158,0,0,0,3,3,14,656,82,D5,5,2017,ATCM XL - CEP XX,Beijing,"Secretariat Report, Programme and Budget",https://www.ats.aq/devAS/Meetings/Measure/656?s=1&iframe=1&from=01/01/1958&to=01/01/2158&cat=0&top=0&type=3&stat=0&txt=&curr=0,"Decision 5 (2017) - ATCM XL - CEP XX, Beijing",Adopted 01/06/2017,,,0,,,,6,https://documents.ats.aq/recatt/att620_e.pdf,"[{""Title"":""Subject"",""Text"":""Secretariat Report, Programme and Budget"",""Url"":null},{""Title"":""Status"",""Text"":""Adopted 01/06/2017"",""Url"":null},{""Title"":""Category"",""Text"":""Institutional \u0026 legal matters"",""Url"":null},{""Title"":""Topics"",""Text"":""- Secretariat"",""Url"":null},{""Title"":""Attachments"",""Text"":""Annex 1: Audited Financial Report for 2015/2016\n                                \n                                    Annex 2: Provisional Financial Report for 2016/17\n                                \n                                    Annex 3: Secretariat Programme for 2017/18"",""Url"":""https://documents.ats.aq/recatt/att620_e.pdf""},{""Title"":""Relevant Final Report paragraph"",""Text"":""120"",""Url"":null}]",null,,
01/01/1958,01/01/2158,0,0,0,3,4,0,657,82,D6,6,2017,ATCM XL - CEP XX,Beijing,Appointment of the Executive Secretary,https://www.ats.aq/devAS/Meetings/Measure/657?s=1&iframe=1&from=01/01/1958&to=01/01/2158&cat=0&top=0&type=3&stat=0&txt=&curr=0,"Decision 6 (2017) - ATCM XL - CEP XX, Beijing",Adopted 01/06/2017,,,0,,,,6,https://documents.ats.aq/recatt/att623_e.pdf,"[{""Title"":""Subject"",""Text"":""Appointment of the Executive Secretary"",""Url"":null},{""Title"":""Status"",""Text"":""Adopted 01/06/2017"",""Url"":null},{""Title"":""Category"",""Text"":""Institutional \u0026 legal matters"",""Url"":null},{""Title"":""Topics"",""Text"":""- Executive Secretary\n                                - Secretariat"",""Url"":null},{""Title"":""Attachments"",""Text"":""Annex: Letters"",""Url"":""https://documents.ats.aq/recatt/att623_e.pdf""},{""Title"":""Relevant Final Report paragraph"",""Text"":""419"",""Url"":null}]",null,,
01/01/1958,01/01/2158,0,0,0,3,4,1,658,82,D7,7,2017,ATCM XL - CEP XX,Beijing,Multi-Year Strategic Work Plan for the Antarctic Treaty Consultative Meeting,https://www.ats.aq/devAS/Meetings/Measure/658?s=1&iframe=1&from=01/01/1958&to=01/01/2158&cat=0&top=0&type=3&stat=0&txt=&curr=0,"Decision 7 (2017) - ATCM XL - CEP XX, Beijing",Adopted 01/06/2017. No longer current: D 3 (2018),,,0,,,,6,https://documents.ats.aq/recatt/att624_e.pdf,"[{""Title"":""Subject"",""Text"":""Multi-Year Strategic Work Plan for the Antarctic Treaty Consultative Meeting"",""Url"":null},{""Title"":""Status"",""Text"":""Adopted 01/06/2017. No longer current: D 3 (2018)"",""Url"":null},{""Title"":""Category"",""Text"":""Institutional \u0026 legal matters"",""Url"":null},{""Title"":""Topics"",""Text"":""- Multi-Year Strategic Work Plan"",""Url"":null},{""Title"":""Attachments"",""Text"":""Annex: ATCM Multi-Year Strategic Work Plan"",""Url"":""https://documents.ats.aq/recatt/att624_e.pdf""},{""Title"":""Relevant Final Report paragraph"",""Text"":""201"",""Url"":null}]",null,,
01/01/1958,01/01/2158,0,0,0,3,4,2,631,81,D1,1,2016,ATCM XXXIX - CEP XIX,Santiago,Observers to the Committee for Environmental Protection,https://www.ats.aq/devAS/Meetings/Measure/631?s=1&iframe=1&from=01/01/1958&to=01/01/2158&cat=0&top=0&type=3&stat=0&txt=&curr=0,"Decision 1 (2016) - ATCM XXXIX - CEP XIX, Santiago",Adopted 01/06/2016,,,0,,,,6,,"[{""Title"":""Subject"",""Text"":""Observers to the Committee for Environmental Protection"",""Url"":null},{""Title"":""Status"",""Text"":""Adopted 01/06/2016"",""Url"":null},{""Title"":""Category"",""Text"":""Institutional \u0026 legal matters"",""Url"":null},{""Title"":""Topics"",""Text"":""- CEP (Committee for Environmental Protection)\n                                - Observers\n                                - Rules of Procedure"",""Url"":null},{""Title"":""Attachments"",""Text"":"""",""Url"":null},{""Title"":""Relevant Final Report paragraph"",""Text"":""50"",""Url"":null}]",null,,
01/01/1958,01/01/2158,0,0,0,3,4,3,632,81,D2,2,2016,ATCM XXXIX - CEP XIX,Santiago,Revised Rules of Procedure for the Antarctic Treaty Consultative Meeting,https://www.ats.aq/devAS/Meetings/Measure/632?s=1&iframe=1&from=01/01/1958&to=01/01/2158&cat=0&top=0&type=3&stat=0&txt=&curr=0,"Decision 2 (2016) - ATCM XXXIX - CEP XIX, Santiago",Adopted 01/06/2016. No longer current: D 2 (2024),,,0,,,,6,https://documents.ats.aq/recatt/att597_e.pdf,"[{""Title"":""Subject"",""Text"":""Revised Rules of Procedure for the Antarctic Treaty Consultative Meeting"",""Url"":null},{""Title"":""Status"",""Text"":""Adopted 01/06/2016. No longer current: D 2 (2024)"",""Url"":null},{""Title"":""Category"",""Text"":""Institutional \u0026 legal matters"",""Url"":null},{""Title"":""Topics"",""Text"":""- Rules of Procedure"",""Url"":null},{""Title"":""Attachments"",""Text"":""Annex: Revised Rules of Procedure for the ATCM (2016)\n                                        . Replaced by D2 (2024)"",""Url"":""https://documents.ats.aq/recatt/att597_e.pdf""},{""Title"":""Relevant Final Report paragraph"",""Text"":""115"",""Url"":null}]",null,,
01/01/1958,01/01/2158,0,0,0,3,4,4,633,81,D3,3,2016,ATCM XXXIX - CEP XIX,Santiago,"Secretariat Report, Programme and Budget",https://www.ats.aq/devAS/Meetings/Measure/633?s=1&iframe=1&from=01/01/1958&to=01/01/2158&cat=0&top=0&type=3&stat=0&txt=&curr=0,"Decision 3 (2016) - ATCM XXXIX - CEP XIX, Santiago",Adopted 01/06/2016,,,0,,,,6,https://documents.ats.aq/recatt/att598_e.pdf,"[{""Title"":""Subject"",""Text"":""Secretariat Report, Programme and Budget"",""Url"":null},{""Title"":""Status"",""Text"":""Adopted 01/06/2016"",""Url"":null},{""Title"":""Category"",""Text"":""Institutional \u0026 legal matters"",""Url"":null},{""Title"":""Topics"",""Text"":""- Secretariat"",""Url"":null},{""Title"":""Attachments"",""Text"":""Annex 1: Audited Financial Report for 2014/2015\n                                \n                                    Annex 2: Provisional Financial Report for 2015/16\n                                \n                                    Annex 3: Secretariat Programme for 2016/17"",""Url"":""https://documents.ats.aq/recatt/att598_e.pdf""},{""Title"":""Relevant Final Report paragraph"",""Text"":""124"",""Url"":null}]",null,,
01/01/1958,01/01/2158,0,0,0,3,4,5,634,81,D4,4,2016,ATCM XXXIX - CEP XIX,Santiago,Procedure for Selection and Appointment of the Executive Secretary of the Secretariat of the Antarctic Treaty,https://www.ats.aq/devAS/Meetings/Measure/634?s=1&iframe=1&from=01/01/1958&to=01/01/2158&cat=0&top=0&type=3&stat=0&txt=&curr=0,"Decision 4 (2016) - ATCM XXXIX - CEP XIX, Santiago",Adopted 01/06/2016,,,0,,,,6,https://documents.ats.aq/recatt/att601_e.pdf,"[{""Title"":""Subject"",""Text"":""Procedure for Selection and Appointment of the Executive Secretary of the Secretariat of the Antarctic Treaty"",""Url"":null},{""Title"":""Status"",""Text"":""Adopted 01/06/2016"",""Url"":null},{""Title"":""Category"",""Text"":""Institutional \u0026 legal matters"",""Url"":null},{""Title"":""Topics"",""Text"":""- Executive Secretary\n                                - Secretariat"",""Url"":null},{""Title"":""Attachments"",""Text"":""Annex 1: Draft Advertisement\n                                \n                                    Annex 2: Standard Application Form"",""Url"":""https://documents.ats.aq/recatt/att601_e.pdf""},{""Title"":""Relevant Final Report paragraph"",""Text"":""127"",""Url"":null}]",null,,
01/01/1958,01/01/2158,0,0,0,3,4,6,635,81,D5,5,2016,ATCM XXXIX - CEP XIX,Santiago,Exchange of Information,https://www.ats.aq/devAS/Meetings/Measure/635?s=1&iframe=1&from=01/01/1958&to=01/01/2158&cat=0&top=0&type=3&stat=0&txt=&curr=0,"Decision 5 (2016) - ATCM XXXIX - CEP XIX, Santiago",Adopted 01/06/2016. No longer current: D 7 (2019),,,0,,,,6,https://documents.ats.aq/recatt/att603_e.pdf,"[{""Title"":""Subject"",""Text"":""Exchange of Information"",""Url"":null},{""Title"":""Status"",""Text"":""Adopted 01/06/2016. No longer current: D 7 (2019)"",""Url"":null},{""Title"":""Category"",""Text"":""Information exchange"",""Url"":null},{""Title"":""Topics"",""Text"":"""",""Url"":null},{""Title"":""Attachments"",""Text"":""Annex: Information Exchange Requirements"",""Url"":""https://documents.ats.aq/recatt/att603_e.pdf""},{""Title"":""Relevant Final Report paragraph"",""Text"":""141"",""Url"":null}]",null,,
01/01/1958,01/01/2158,0,0,0,3,4,7,636,81,D6,6,2016,ATCM XXXIX - CEP XIX,Santiago,Multi-Year Strategic Work Plan for the Antarctic Treaty Consultative Meeting,https://www.ats.aq/devAS/Meetings/Measure/636?s=1&iframe=1&from=01/01/1958&to=01/01/2158&cat=0&top=0&type=3&stat=0&txt=&curr=0,"Decision 6 (2016) - ATCM XXXIX - CEP XIX, Santiago",Adopted 01/06/2016. No longer current: D 7 (2017),,,0,,,,6,https://documents.ats.aq/recatt/att604_e.pdf,"[{""Title"":""Subject"",""Text"":""Multi-Year Strategic Work Plan for the Antarctic Treaty Consultative Meeting"",""Url"":null},{""Title"":""Status"",""Text"":""Adopted 01/06/2016. No longer current: D 7 (2017)"",""Url"":null},{""Title"":""Category"",""Text"":""Institutional \u0026 legal matters"",""Url"":null},{""Title"":""Topics"",""Text"":""- Multi-Year Strategic Work Plan"",""Url"":null},{""Title"":""Attachments"",""Text"":""Annex: ATCM Multi-Year Strategic Work Plan"",""Url"":""https://documents.ats.aq/recatt/att604_e.pdf""},{""Title"":""Relevant Final Report paragraph"",""Text"":""164"",""Url"":null}]",null,,
01/01/1958,01/01/2158,0,0,0,3,4,8,606,80,D1,1,2015,ATCM XXXVIII - CEP XVIII,Sofia,Revised Rules of Procedure for the Antarctic Treaty Consultative Meeting (2015): Committees and Working Groups,https://www.ats.aq/devAS/Meetings/Measure/606?s=1&iframe=1&from=01/01/1958&to=01/01/2158&cat=0&top=0&type=3&stat=0&txt=&curr=0,"Decision 1 (2015) - ATCM XXXVIII - CEP XVIII, Sofia",Adopted 10/06/2015. No longer current: D 2 (2016),,,0,,,,6,https://documents.ats.aq/recatt/att581_e.pdf,"[{""Title"":""Subject"",""Text"":""Revised Rules of Procedure for the Antarctic Treaty Consultative Meeting (2015): Committees and Working Groups"",""Url"":null},{""Title"":""Status"",""Text"":""Adopted 10/06/2015. No longer current: D 2 (2016)"",""Url"":null},{""Title"":""Category"",""Text"":""Institutional \u0026 legal matters"",""Url"":null},{""Title"":""Topics"",""Text"":""- ATCM (Antarctic Treaty Consultative Meeting)\n                                - Document handling\n                                - Rules of Procedure"",""Url"":null},{""Title"":""Attachments"",""Text"":""Annex: Revised Rules of Procedure for the ATCM (2015)"",""Url"":""https://documents.ats.aq/recatt/att581_e.pdf""},{""Title"":""Relevant Final Report paragraph"",""Text"":""59"",""Url"":null}]",null,,
01/01/1958,01/01/2158,0,0,0,3,4,9,607,80,D2,2,2015,ATCM XXXVIII - CEP XVIII,Sofia,Measures on operational matters designated as no longer current,https://www.ats.aq/devAS/Meetings/Measure/607?s=1&iframe=1&from=01/01/1958&to=01/01/2158&cat=0&top=0&type=3&stat=0&txt=&curr=0,"Decision 2 (2015) - ATCM XXXVIII - CEP XVIII, Sofia",Adopted 10/06/2015,,,0,,,,6,https://documents.ats.aq/recatt/att582_e.pdf,"[{""Title"":""Subject"",""Text"":""Measures on operational matters designated as no longer current"",""Url"":null},{""Title"":""Status"",""Text"":""Adopted 10/06/2015"",""Url"":null},{""Title"":""Category"",""Text"":""Institutional \u0026 legal matters"",""Url"":null},{""Title"":""Topics"",""Text"":""- Measures\n                                - Status of measures"",""Url"":null},{""Title"":""Attachments"",""Text"":""Annex: Measures on operational matters designated as no longer current"",""Url"":""https://documents.ats.aq/recatt/att582_e.pdf""},{""Title"":""Relevant Final Report paragraph"",""Text"":""97"",""Url"":null}]",null,,
01/01/1958,01/01/2158,0,0,0,3,4,10,608,80,D3,3,2015,ATCM XXXVIII - CEP XVIII,Sofia,"Secretariat Report, Programme and Budget",https://www.ats.aq/devAS/Meetings/Measure/608?s=1&iframe=1&from=01/01/1958&to=01/01/2158&cat=0&top=0&type=3&stat=0&txt=&curr=0,"Decision 3 (2015) - ATCM XXXVIII - CEP XVIII, Sofia",Adopted 10/06/2015,,,0,,,,6,https://documents.ats.aq/recatt/att583_e.pdf,"[{""Title"":""Subject"",""Text"":""Secretariat Report, Programme and Budget"",""Url"":null},{""Title"":""Status"",""Text"":""Adopted 10/06/2015"",""Url"":null},{""Title"":""Category"",""Text"":""Institutional \u0026 legal matters"",""Url"":null},{""Title"":""Topics"",""Text"":""- Secretariat"",""Url"":null},{""Title"":""Attachments"",""Text"":""Annex 1: Audited Financial Report for 2013/2014\n                                \n                                    Annex 2: Provisional Financial Report for 2014/15\n                                \n                                    Annex 3: Secretariat Programme for 2015/16"",""Url"":""https://documents.ats.aq/recatt/att583_e.pdf""},{""Title"":""Relevant Final Report paragraph"",""Text"":""105"",""Url"":null}]",null,,
01/01/1958,01/01/2158,0,0,0,3,4,11,609,80,D4,4,2015,ATCM XXXVIII - CEP XVIII,Sofia,Multi-Year Strategic Work Plan for the Antarctic Treaty Consultative Meeting,https://www.ats.aq/devAS/Meetings/Measure/609?s=1&iframe=1&from=01/01/1958&to=01/01/2158&cat=0&top=0&type=3&stat=0&txt=&curr=0,"Decision 4 (2015) - ATCM XXXVIII - CEP XVIII, Sofia",Adopted 10/06/2015. No longer current: D 6 (2016),,,0,,,,7,https://documents.ats.aq/recatt/att586_e.pdf,"[{""Title"":""Subject"",""Text"":""Multi-Year Strategic Work Plan for the Antarctic Treaty Consultative Meeting"",""Url"":null},{""Title"":""Status"",""Text"":""Adopted 10/06/2015. No longer current: D 6 (2016)"",""Url"":null},{""Title"":""Category"",""Text"":""Institutional \u0026 legal matters"",""Url"":null},{""Title"":""Topics"",""Text"":""- ATCM (Antarctic Treaty Consultative Meeting)\n                                - Multi-Year Strategic Work Plan"",""Url"":null},{""Title"":""Attachments"",""Text"":""Annex: ATCM Multi-Year Strategic Work Plan"",""Url"":""https://documents.ats.aq/recatt/att586_e.pdf""},{""Title"":""Relevant Final Report paragraph"",""Text"":""108"",""Url"":null},{""Title"":""Memo"",""Text"":""The Plan annexed to this Decision is no longer current by Decision 6 (2016)"",""Url"":null}]",null,,
01/01/1958,01/01/2158,0,0,0,3,4,12,610,80,D5,5,2015,ATCM XXXVIII - CEP XVIII,Sofia,Liability arising from Environmental Emergencies,https://www.ats.aq/devAS/Meetings/Measure/610?s=1&iframe=1&from=01/01/1958&to=01/01/2158&cat=0&top=0&type=3&stat=0&txt=&curr=0,"Decision 5 (2015) - ATCM XXXVIII - CEP XVIII, Sofia",Adopted 10/06/2015. No longer current: D 2 (2022),,,0,,,,6,,"[{""Title"":""Subject"",""Text"":""Liability arising from Environmental Emergencies"",""Url"":null},{""Title"":""Status"",""Text"":""Adopted 10/06/2015. No longer current: D 2 (2022)"",""Url"":null},{""Title"":""Category"",""Text"":""Institutional \u0026 legal matters"",""Url"":null},{""Title"":""Topics"",""Text"":""- Environment Protocol\n                                - Liability"",""Url"":null},{""Title"":""Attachments"",""Text"":"""",""Url"":null},{""Title"":""Relevant Final Report paragraph"",""Text"":""177"",""Url"":null}]",null,,
01/01/1958,01/01/2158,0,0,0,3,4,13,611,80,D6,6,2015,ATCM XXXVIII - CEP XVIII,Sofia,Exchange of Information,https://www.ats.aq/devAS/Meetings/Measure/611?s=1&iframe=1&from=01/01/1958&to=01/01/2158&cat=0&top=0&type=3&stat=0&txt=&curr=0,"Decision 6 (2015) - ATCM XXXVIII - CEP XVIII, Sofia",Adopted 10/06/2015. No longer current: D 5 (2016),,,0,,,,6,https://documents.ats.aq/recatt/att587_e.pdf,"[{""Title"":""Subject"",""Text"":""Exchange of Information"",""Url"":null},{""Title"":""Status"",""Text"":""Adopted 10/06/2015. No longer current: D 5 (2016)"",""Url"":null},{""Title"":""Category"",""Text"":""Information exchange"",""Url"":null},{""Title"":""Topics"",""Text"":"""",""Url"":null},{""Title"":""Attachments"",""Text"":""Annex: Information Exchange Requirements\n                                        . Replaced by D5 (2016)"",""Url"":""https://documents.ats.aq/recatt/att587_e.pdf""},{""Title"":""Relevant Final Report paragraph"",""Text"":""380"",""Url"":null}]",null,,
01/01/1958,01/01/2158,0,0,0,3,4,14,577,79,D1,1,2014,ATCM XXXVII - CEP XVII,Brasilia,Measures on Operational Matters designated as no longer current,https://www.ats.aq/devAS/Meetings/Measure/577?s=1&iframe=1&from=01/01/1958&to=01/01/2158&cat=0&top=0&type=3&stat=0&txt=&curr=0,"Decision 1 (2014) - ATCM XXXVII - CEP XVII, Brasilia",Adopted 07/05/2014,,,0,,,,6,https://documents.ats.aq/recatt/att556_e.pdf,"[{""Title"":""Subject"",""Text"":""Measures on Operational Matters designated as no longer current"",""Url"":null},{""Title"":""Status"",""Text"":""Adopted 07/05/2014"",""Url"":null},{""Title"":""Category"",""Text"":""Operational matters\n                                \nInstitutional \u0026 legal matters"",""Url"":null},{""Title"":""Topics"",""Text"":""- Measures\n                                - Recommendations\n                                - Resolutions"",""Url"":null},{""Title"":""Attachments"",""Text"":""Annex: Measures on Operational Matters designated as no longer current"",""Url"":""https://documents.ats.aq/recatt/att556_e.pdf""},{""Title"":""Relevant Final Report paragraph"",""Text"":""65"",""Url"":null}]",null,,
01/01/1958,01/01/2158,0,0,0,3,5,0,578,79,D2,2,2014,ATCM XXXVII - CEP XVII,Brasilia,"Secretariat Report, Programme and Budget",https://www.ats.aq/devAS/Meetings/Measure/578?s=1&iframe=1&from=01/01/1958&to=01/01/2158&cat=0&top=0&type=3&stat=0&txt=&curr=0,"Decision 2 (2014) - ATCM XXXVII - CEP XVII, Brasilia",Adopted 07/05/2014,,,0,,,,6,https://documents.ats.aq/recatt/att557_e.pdf,"[{""Title"":""Subject"",""Text"":""Secretariat Report, Programme and Budget"",""Url"":null},{""Title"":""Status"",""Text"":""Adopted 07/05/2014"",""Url"":null},{""Title"":""Category"",""Text"":""Institutional \u0026 legal matters"",""Url"":null},{""Title"":""Topics"",""Text"":""- Secretariat"",""Url"":null},{""Title"":""Attachments"",""Text"":""Annex 1: Audited Financial Report for 2012/2013\n                                \n                                    Annex 2: Provisional Financial Report for 2013/14\n                                \n                                    Annex 3: Secretariat Programme for 2014/15"",""Url"":""https://documents.ats.aq/recatt/att557_e.pdf""},{""Title"":""Relevant Final Report paragraph"",""Text"":""74"",""Url"":null}]",null,,
01/01/1958,01/01/2158,0,0,0,3,5,1,579,79,D3,3,2014,ATCM XXXVII - CEP XVII,Brasilia,Multi-Year Strategic Work Plan for the Antarctic Treaty Consultative Meeting,https://www.ats.aq/devAS/Meetings/Measure/579?s=1&iframe=1&from=01/01/1958&to=01/01/2158&cat=0&top=0&type=3&stat=0&txt=&curr=0,"Decision 3 (2014) - ATCM XXXVII - CEP XVII, Brasilia",Adopted 07/05/2014. No longer current: D 4 (2015),,,0,,,,7,https://documents.ats.aq/recatt/att560_e.pdf,"[{""Title"":""Subject"",""Text"":""Multi-Year Strategic Work Plan for the Antarctic Treaty Consultative Meeting"",""Url"":null},{""Title"":""Status"",""Text"":""Adopted 07/05/2014. No longer current: D 4 (2015)"",""Url"":null},{""Title"":""Category"",""Text"":""Institutional \u0026 legal matters"",""Url"":null},{""Title"":""Topics"",""Text"":""- Multi-Year Strategic Work Plan"",""Url"":null},{""Title"":""Attachments"",""Text"":""Annex: ATCM Multi-Year Strategic Work Plan"",""Url"":""https://documents.ats.aq/recatt/att560_e.pdf""},{""Title"":""Relevant Final Report paragraph"",""Text"":""88"",""Url"":null},{""Title"":""Memo"",""Text"":""The plan annexed to this Decision is no longer current by Decision 5 (2015)"",""Url"":null}]",null,,
01/01/1958,01/01/2158,0,0,0,3,5,2,547,78,D1,1,2013,ATCM XXXVI - CEP XVI,Brussels,Recognition of the Czech Republic as a Consultative Party,https://www.ats.aq/devAS/Meetings/Measure/547?s=1&iframe=1&from=01/01/1958&to=01/01/2158&cat=0&top=0&type=3&stat=0&txt=&curr=0,"Decision 1 (2013) - ATCM XXXVI - CEP XVI, Brussels",Adopted 29/05/2013,,,0,,,,6,,"[{""Title"":""Subject"",""Text"":""Recognition of the Czech Republic as a Consultative Party"",""Url"":null},{""Title"":""Status"",""Text"":""Adopted 29/05/2013"",""Url"":null},{""Title"":""Category"",""Text"":""Institutional \u0026 legal matters"",""Url"":null},{""Title"":""Topics"",""Text"":""- Antarctic Treaty System"",""Url"":null},{""Title"":""Attachments"",""Text"":"""",""Url"":null},{""Title"":""Relevant Final Report paragraph"",""Text"":""60"",""Url"":null}]",null,,
01/01/1958,01/01/2158,0,0,0,3,5,3,548,78,D2,2,2013,ATCM XXXVI - CEP XVI,Brussels,Re-appointment of the Executive Secretary,https://www.ats.aq/devAS/Meetings/Measure/548?s=1&iframe=1&from=01/01/1958&to=01/01/2158&cat=0&top=0&type=3&stat=0&txt=&curr=0,"Decision 2 (2013) - ATCM XXXVI - CEP XVI, Brussels",Adopted 29/05/2013,,,0,,,,6,https://documents.ats.aq/recatt/att531_e.pdf,"[{""Title"":""Subject"",""Text"":""Re-appointment of the Executive Secretary"",""Url"":null},{""Title"":""Status"",""Text"":""Adopted 29/05/2013"",""Url"":null},{""Title"":""Category"",""Text"":""Institutional \u0026 legal matters"",""Url"":null},{""Title"":""Topics"",""Text"":""- Executive Secretary"",""Url"":null},{""Title"":""Attachments"",""Text"":""Letters to Dr Manfred Reinke and Mr Hector Timerman"",""Url"":""https://documents.ats.aq/recatt/att531_e.pdf""},{""Title"":""Relevant Final Report paragraph"",""Text"":""62"",""Url"":null}]",null,,
01/01/1958,01/01/2158,0,0,0,3,5,4,549,78,D3,3,2013,ATCM XXXVI - CEP XVI,Brussels,Renewal of the Contract of the Secretariat's External Auditor,https://www.ats.aq/devAS/Meetings/Measure/549?s=1&iframe=1&from=01/01/1958&to=01/01/2158&cat=0&top=0&type=3&stat=0&txt=&curr=0,"Decision 3 (2013) - ATCM XXXVI - CEP XVI, Brussels",Adopted 29/05/2013,,,0,,,,6,https://documents.ats.aq/recatt/att532_e.pdf,"[{""Title"":""Subject"",""Text"":""Renewal of the Contract of the Secretariat's External Auditor"",""Url"":null},{""Title"":""Status"",""Text"":""Adopted 29/05/2013"",""Url"":null},{""Title"":""Category"",""Text"":""Institutional \u0026 legal matters"",""Url"":null},{""Title"":""Topics"",""Text"":""- Executive Secretary"",""Url"":null},{""Title"":""Attachments"",""Text"":""Tasks to be carried out by the external auditor"",""Url"":""https://documents.ats.aq/recatt/att532_e.pdf""},{""Title"":""Relevant Final Report paragraph"",""Text"":""62"",""Url"":null}]",null,,
01/01/1958,01/01/2158,0,0,0,3,5,5,550,78,D4,4,2013,ATCM XXXVI - CEP XVI,Brussels,"Secretariat Report, Programme and Budget",https://www.ats.aq/devAS/Meetings/Measure/550?s=1&iframe=1&from=01/01/1958&to=01/01/2158&cat=0&top=0&type=3&stat=0&txt=&curr=0,"Decision 4 (2013) - ATCM XXXVI - CEP XVI, Brussels",Adopted 29/05/2013,,,0,,,,6,https://documents.ats.aq/recatt/att533_e.pdf,"[{""Title"":""Subject"",""Text"":""Secretariat Report, Programme and Budget"",""Url"":null},{""Title"":""Status"",""Text"":""Adopted 29/05/2013"",""Url"":null},{""Title"":""Category"",""Text"":""Institutional \u0026 legal matters"",""Url"":null},{""Title"":""Topics"",""Text"":""- Secretariat"",""Url"":null},{""Title"":""Attachments"",""Text"":""Annex 1: Audited Financial Report 2011/12\n                                \n                                    Annex 2: Provisional Financial Report 2012/13\n                                \n                                    Annex 3: Secretariat Programme 2013/14"",""Url"":""https://documents.ats.aq/recatt/att533_e.pdf""},{""Title"":""Relevant Final Report paragraph"",""Text"":""62"",""Url"":null}]",null,,
01/01/1958,01/01/2158,0,0,0,3,5,6,551,78,D5,5,2013,ATCM XXXVI - CEP XVI,Brussels,Multi-Year Strategic Work Plan for the Antarctic Treaty Consultative Meeting,https://www.ats.aq/devAS/Meetings/Measure/551?s=1&iframe=1&from=01/01/1958&to=01/01/2158&cat=0&top=0&type=3&stat=0&txt=&curr=0,"Decision 5 (2013) - ATCM XXXVI - CEP XVI, Brussels",Adopted 29/05/2013. No longer current: D 3 (2014),,,0,,,,6,https://documents.ats.aq/recatt/att536_e.pdf,"[{""Title"":""Subject"",""Text"":""Multi-Year Strategic Work Plan for the Antarctic Treaty Consultative Meeting"",""Url"":null},{""Title"":""Status"",""Text"":""Adopted 29/05/2013. No longer current: D 3 (2014)"",""Url"":null},{""Title"":""Category"",""Text"":""Operational matters"",""Url"":null},{""Title"":""Topics"",""Text"":""- ATCM (Antarctic Treaty Consultative Meeting)"",""Url"":null},{""Title"":""Attachments"",""Text"":""Multi-Year Strategic Work Plan"",""Url"":""https://documents.ats.aq/recatt/att536_e.pdf""},{""Title"":""Relevant Final Report paragraph"",""Text"":""93"",""Url"":null}]",null,,
01/01/1958,01/01/2158,0,0,0,3,5,7,552,78,D6,6,2013,ATCM XXXVI - CEP XVI,Brussels,Information Exchange on Tourism and Non-Governmental Activities,https://www.ats.aq/devAS/Meetings/Measure/552?s=1&iframe=1&from=01/01/1958&to=01/01/2158&cat=0&top=0&type=3&stat=0&txt=&curr=0,"Decision 6 (2013) - ATCM XXXVI - CEP XVI, Brussels",Adopted 29/05/2013,,,0,,,,7,https://documents.ats.aq/recatt/att537_e.pdf,"[{""Title"":""Subject"",""Text"":""Information Exchange on Tourism and Non-Governmental Activities"",""Url"":null},{""Title"":""Status"",""Text"":""Adopted 29/05/2013"",""Url"":null},{""Title"":""Category"",""Text"":""Information exchange"",""Url"":null},{""Title"":""Topics"",""Text"":""- Data access and exchange\n                                - Tourism\n                                - Tourist landings"",""Url"":null},{""Title"":""Attachments"",""Text"":""Information Exchange Requirements"",""Url"":""https://documents.ats.aq/recatt/att537_e.pdf""},{""Title"":""Relevant Final Report paragraph"",""Text"":""249"",""Url"":null},{""Title"":""Memo"",""Text"":""Appendix to this Decision is NO LONGER CURRENT. It was replaced by Annex to Decision 6 (2015)"",""Url"":null}]",null,,
01/01/1958,01/01/2158,0,0,0,3,5,8,553,78,D7,7,2013,ATCM XXXVI - CEP XVI,Brussels,Additional availability of information on lists of Observers of the Consultative Parties through the Secretariat of the Antarctic Treaty,https://www.ats.aq/devAS/Meetings/Measure/553?s=1&iframe=1&from=01/01/1958&to=01/01/2158&cat=0&top=0&type=3&stat=0&txt=&curr=0,"Decision 7 (2013) - ATCM XXXVI - CEP XVI, Brussels",Adopted 29/05/2013. No longer current: D 2 (2019),,,0,,,,6,,"[{""Title"":""Subject"",""Text"":""Additional availability of information on lists of Observers of the Consultative Parties through the Secretariat of the Antarctic Treaty"",""Url"":null},{""Title"":""Status"",""Text"":""Adopted 29/05/2013. No longer current: D 2 (2019)"",""Url"":null},{""Title"":""Category"",""Text"":""Institutional \u0026 legal matters"",""Url"":null},{""Title"":""Topics"",""Text"":""- Inspections\n                                - Observers"",""Url"":null},{""Title"":""Attachments"",""Text"":"""",""Url"":null},{""Title"":""Relevant Final Report paragraph"",""Text"":""287"",""Url"":null}]",null,,
01/01/1958,01/01/2158,0,0,0,3,5,9,511,77,D1,1,2012,ATCM XXXV - CEP XV,Hobart,Measures on Operational Matters designated as no longer current,https://www.ats.aq/devAS/Meetings/Measure/511?s=1&iframe=1&from=01/01/1958&to=01/01/2158&cat=0&top=0&type=3&stat=0&txt=&curr=0,"Decision 1 (2012) - ATCM XXXV - CEP XV, Hobart",Adopted 20/06/2012,,,0,,,,6,https://documents.ats.aq/recatt/att492_e.pdf,"[{""Title"":""Subject"",""Text"":""Measures on Operational Matters designated as no longer current"",""Url"":null},{""Title"":""Status"",""Text"":""Adopted 20/06/2012"",""Url"":null},{""Title"":""Category"",""Text"":""Operational matters\n                                \nInstitutional \u0026 legal matters"",""Url"":null},{""Title"":""Topics"",""Text"":""- Measures\n                                - Status of measures"",""Url"":null},{""Title"":""Attachments"",""Text"":""Measures on Operational Matters designated as no longer current"",""Url"":""https://documents.ats.aq/recatt/att492_e.pdf""},{""Title"":""Relevant Final Report paragraph"",""Text"":""56"",""Url"":null}]",null,,
01/01/1958,01/01/2158,0,0,0,3,5,10,512,77,D2,2,2012,ATCM XXXV - CEP XV,Hobart,"Secretariat Report, Programme and Budget",https://www.ats.aq/devAS/Meetings/Measure/512?s=1&iframe=1&from=01/01/1958&to=01/01/2158&cat=0&top=0&type=3&stat=0&txt=&curr=0,"Decision 2 (2012) - ATCM XXXV - CEP XV, Hobart",Adopted 20/06/2012,,,0,,,,6,https://documents.ats.aq/recatt/att493_e.pdf,"[{""Title"":""Subject"",""Text"":""Secretariat Report, Programme and Budget"",""Url"":null},{""Title"":""Status"",""Text"":""Adopted 20/06/2012"",""Url"":null},{""Title"":""Category"",""Text"":""Institutional \u0026 legal matters"",""Url"":null},{""Title"":""Topics"",""Text"":""- Secretariat"",""Url"":null},{""Title"":""Attachments"",""Text"":""Audited Financial Report 2010/11\n                                \n                                    Estimate of Income and Expenditures 2011/2012\n                                \n                                    Secretariat Programme 2012/13"",""Url"":""https://documents.ats.aq/recatt/att493_e.pdf""},{""Title"":""Relevant Final Report paragraph"",""Text"":""72"",""Url"":null}]",null,,
01/01/1958,01/01/2158,0,0,0,3,5,11,513,77,D3,3,2012,ATCM XXXV - CEP XV,Hobart,The Development of a Multi-Year Strategic Work Plan for the Antarctic Treaty Consultative Meeting,https://www.ats.aq/devAS/Meetings/Measure/513?s=1&iframe=1&from=01/01/1958&to=01/01/2158&cat=0&top=0&type=3&stat=0&txt=&curr=0,"Decision 3 (2012) - ATCM XXXV - CEP XV, Hobart",Adopted 20/06/2012. No longer current: D 5 (2013),,,0,,,,6,https://documents.ats.aq/recatt/att496_e.pdf,"[{""Title"":""Subject"",""Text"":""The Development of a Multi-Year Strategic Work Plan for the Antarctic Treaty Consultative Meeting"",""Url"":null},{""Title"":""Status"",""Text"":""Adopted 20/06/2012. No longer current: D 5 (2013)"",""Url"":null},{""Title"":""Category"",""Text"":""Institutional \u0026 legal matters"",""Url"":null},{""Title"":""Topics"",""Text"":""- Multi-Year Strategic Work Plan"",""Url"":null},{""Title"":""Attachments"",""Text"":""Multi-Year Strategic Work Plan – Principles"",""Url"":""https://documents.ats.aq/recatt/att496_e.pdf""},{""Title"":""Relevant Final Report paragraph"",""Text"":""82"",""Url"":null}]",null,,
01/01/1958,01/01/2158,0,0,0,3,5,12,514,77,D4,4,2012,ATCM XXXV - CEP XV,Hobart,Electronic Information Exchange System,https://www.ats.aq/devAS/Meetings/Measure/514?s=1&iframe=1&from=01/01/1958&to=01/01/2158&cat=0&top=0&type=3&stat=0&txt=&curr=0,"Decision 4 (2012) - ATCM XXXV - CEP XV, Hobart",Adopted 20/06/2012,,,0,,,,6,,"[{""Title"":""Subject"",""Text"":""Electronic Information Exchange System"",""Url"":null},{""Title"":""Status"",""Text"":""Adopted 20/06/2012"",""Url"":null},{""Title"":""Category"",""Text"":""Information exchange"",""Url"":null},{""Title"":""Topics"",""Text"":"""",""Url"":null},{""Title"":""Attachments"",""Text"":"""",""Url"":null},{""Title"":""Relevant Final Report paragraph"",""Text"":""209"",""Url"":null}]",null,,
01/01/1958,01/01/2158,0,0,0,3,5,13,491,76,D1,1,2011,ATCM XXXIV - CEP XIV,Buenos Aires,Measures designated as no longer current,https://www.ats.aq/devAS/Meetings/Measure/491?s=1&iframe=1&from=01/01/1958&to=01/01/2158&cat=0&top=0&type=3&stat=0&txt=&curr=0,"Decision 1 (2011) - ATCM XXXIV - CEP XIV, Buenos Aires",Adopted 01/07/2011,,,0,,,,6,https://documents.ats.aq/recatt/att466_e.pdf,"[{""Title"":""Subject"",""Text"":""Measures designated as no longer current"",""Url"":null},{""Title"":""Status"",""Text"":""Adopted 01/07/2011"",""Url"":null},{""Title"":""Category"",""Text"":""Institutional \u0026 legal matters"",""Url"":null},{""Title"":""Topics"",""Text"":""- Status of measures"",""Url"":null},{""Title"":""Attachments"",""Text"":""Measures designated as no longer current"",""Url"":""https://documents.ats.aq/recatt/att466_e.pdf""},{""Title"":""Relevant Final Report paragraph"",""Text"":""42"",""Url"":null}]",null,,
01/01/1958,01/01/2158,0,0,0,3,5,14,492,76,D2,2,2011,ATCM XXXIV - CEP XIV,Buenos Aires,"Revised Rules of Procedure for the Antarctic Treaty Consultative Meeting (2011); Revised Rules of Procedure for the Committee for Environmental Protection (2011); Guidelines for the Submission, Translation and Distribution of Documents for the ATCM and the CEP",https://www.ats.aq/devAS/Meetings/Measure/492?s=1&iframe=1&from=01/01/1958&to=01/01/2158&cat=0&top=0&type=3&stat=0&txt=&curr=0,"Decision 2 (2011) - ATCM XXXIV - CEP XIV, Buenos Aires",Adopted 01/07/2011,,,0,,,,7,https://documents.ats.aq/recatt/att487_e.pdf,"[{""Title"":""Subject"",""Text"":""Revised Rules of Procedure for the Antarctic Treaty Consultative Meeting (2011); Revised Rules of Procedure for the Committee for Environmental Protection (2011); Guidelines for the Submission, Translation and Distribution of Documents for the ATCM and the CEP"",""Url"":null},{""Title"":""Status"",""Text"":""Adopted 01/07/2011"",""Url"":null},{""Title"":""Category"",""Text"":""Institutional \u0026 legal matters"",""Url"":null},{""Title"":""Topics"",""Text"":""- ATCM (Antarctic Treaty Consultative Meeting)\n                                - CEP (Committee for Environmental Protection)\n                                - Document handling\n                                - Rules of Procedure"",""Url"":null},{""Title"":""Attachments"",""Text"":""Procedures for the Submission, Translation and Distribution of Documents for the ATCM and the CEP\n                                \n                                    Revised Rules of Procedure (2011)\n                                \n                                    Revised Rules of Procedure for the CEP (2011)"",""Url"":""https://documents.ats.aq/recatt/att487_e.pdf""},{""Title"":""Relevant Final Report paragraph"",""Text"":""53"",""Url"":null},{""Title"":""Memo"",""Text"":""The Revised Rules of Procedure of the Antarctic Treaty Consultative Meeting and the Procedures for the Submission, Translation and Distribution of Documents for the ATCM and the CEP annexed to this Decision have been replaced by the Revised Rules of Procedure for the Antarctic Treaty Consultative Meeting (2015) annexed to Decision 1 (2015).\nThe Revised Rules of Procedure for the Committee for Environmental Protection (2011) annexed to this Decision have been replaced by the Revised Rules of Procedure for the Committee for Environmental Protection (2023) annexed to Decision 1 (2023)."",""Url"":null}]",null,,
01/01/1958,01/01/2158,0,0,0,3,6,0,493,76,D3,3,2011,ATCM XXXIV - CEP XIV,Buenos Aires,"Secretariat Reports, Programme and Budgets",https://www.ats.aq/devAS/Meetings/Measure/493?s=1&iframe=1&from=01/01/1958&to=01/01/2158&cat=0&top=0&type=3&stat=0&txt=&curr=0,"Decision 3 (2011) - ATCM XXXIV - CEP XIV, Buenos Aires",Adopted 01/07/2011,,,0,,,,6,https://documents.ats.aq/recatt/att470_e.pdf,"[{""Title"":""Subject"",""Text"":""Secretariat Reports, Programme and Budgets"",""Url"":null},{""Title"":""Status"",""Text"":""Adopted 01/07/2011"",""Url"":null},{""Title"":""Category"",""Text"":""Institutional \u0026 legal matters"",""Url"":null},{""Title"":""Topics"",""Text"":""- Secretariat"",""Url"":null},{""Title"":""Attachments"",""Text"":""Estimate of Income and Expenditures 2010/11\n                                \n                                    Financial Report for 2009/10\n                                \n                                    Secretariat Programme and Budgets for 2011/12 and 2012/13"",""Url"":""https://documents.ats.aq/recatt/att470_e.pdf""},{""Title"":""Relevant Final Report paragraph"",""Text"":""85"",""Url"":null}]",null,,
01/01/1958,01/01/2158,0,0,0,3,6,1,466,73,D1,1,2010,ATCM XXXIII - CEP XIII,Punta del Este,Compilation of Key Documents of the Antarctic Treaty System,https://www.ats.aq/devAS/Meetings/Measure/466?s=1&iframe=1&from=01/01/1958&to=01/01/2158&cat=0&top=0&type=3&stat=0&txt=&curr=0,"Decision 1 (2010) - ATCM XXXIII - CEP XIII, Punta del Este",Adopted 14/05/2010,,,0,,,,6,,"[{""Title"":""Subject"",""Text"":""Compilation of Key Documents of the Antarctic Treaty System"",""Url"":null},{""Title"":""Status"",""Text"":""Adopted 14/05/2010"",""Url"":null},{""Title"":""Category"",""Text"":""Institutional \u0026 legal matters"",""Url"":null},{""Title"":""Topics"",""Text"":""- Compilation"",""Url"":null},{""Title"":""Attachments"",""Text"":"""",""Url"":null},{""Title"":""Relevant Final Report paragraph"",""Text"":""80"",""Url"":null}]",null,,
01/01/1958,01/01/2158,0,0,0,3,6,2,467,73,D2,2,2010,ATCM XXXIII - CEP XIII,Punta del Este,"Secretariat Reports, Programme and Budgets",https://www.ats.aq/devAS/Meetings/Measure/467?s=1&iframe=1&from=01/01/1958&to=01/01/2158&cat=0&top=0&type=3&stat=0&txt=&curr=0,"Decision 2 (2010) - ATCM XXXIII - CEP XIII, Punta del Este",Adopted 14/05/2010,,,0,,,,6,https://documents.ats.aq/recatt/att456_e.pdf,"[{""Title"":""Subject"",""Text"":""Secretariat Reports, Programme and Budgets"",""Url"":null},{""Title"":""Status"",""Text"":""Adopted 14/05/2010"",""Url"":null},{""Title"":""Category"",""Text"":""Institutional \u0026 legal matters"",""Url"":null},{""Title"":""Topics"",""Text"":""- Secretariat"",""Url"":null},{""Title"":""Attachments"",""Text"":""Annex 1: Financial Report 2008/09\n                                \n                                    Annex 2: Estimate of Income and Expenditures 2009/10\n                                \n                                    Annex 3: Secretariat Programme 2010/11"",""Url"":""https://documents.ats.aq/recatt/att456_e.pdf""},{""Title"":""Relevant Final Report paragraph"",""Text"":""112"",""Url"":null}]",null,,
01/01/1958,01/01/2158,0,0,0,3,6,3,468,73,D3,3,2010,ATCM XXXIII - CEP XIII,Punta del Este,Revised Rules of Procedure for the Committee for Environmental Protection,https://www.ats.aq/devAS/Meetings/Measure/468?s=1&iframe=1&from=01/01/1958&to=01/01/2158&cat=0&top=0&type=3&stat=0&txt=&curr=0,"Decision 3 (2010) - ATCM XXXIII - CEP XIII, Punta del Este",Adopted 14/05/2010. No longer current: D 2 (2011),,,0,,,,6,https://documents.ats.aq/recatt/att459_e.pdf,"[{""Title"":""Subject"",""Text"":""Revised Rules of Procedure for the Committee for Environmental Protection"",""Url"":null},{""Title"":""Status"",""Text"":""Adopted 14/05/2010. No longer current: D 2 (2011)"",""Url"":null},{""Title"":""Category"",""Text"":""Institutional \u0026 legal matters"",""Url"":null},{""Title"":""Topics"",""Text"":""- CEP (Committee for Environmental Protection)\n                                - Rules of Procedure"",""Url"":null},{""Title"":""Attachments"",""Text"":""Revised Rules of Procedure for the CEP (2010)"",""Url"":""https://documents.ats.aq/recatt/att459_e.pdf""},{""Title"":""Relevant Final Report paragraph"",""Text"":""119"",""Url"":null}]",null,,
01/01/1958,01/01/2158,0,0,0,3,6,4,469,73,D4,4,2010,ATCM XXXIII - CEP XIII,Punta del Este,Liability arising from Environmental Emergencies,https://www.ats.aq/devAS/Meetings/Measure/469?s=1&iframe=1&from=01/01/1958&to=01/01/2158&cat=0&top=0&type=3&stat=0&txt=&curr=0,"Decision 4 (2010) - ATCM XXXIII - CEP XIII, Punta del Este",Adopted 14/05/2010. No longer current: D 5 (2015),,,0,,,,6,,"[{""Title"":""Subject"",""Text"":""Liability arising from Environmental Emergencies"",""Url"":null},{""Title"":""Status"",""Text"":""Adopted 14/05/2010. No longer current: D 5 (2015)"",""Url"":null},{""Title"":""Category"",""Text"":""Institutional \u0026 legal matters"",""Url"":null},{""Title"":""Topics"",""Text"":""- Annex VI (Liability)\n                                - Liability"",""Url"":null},{""Title"":""Attachments"",""Text"":"""",""Url"":null},{""Title"":""Relevant Final Report paragraph"",""Text"":""172"",""Url"":null}]",null,,
01/01/1958,01/01/2158,0,0,0,3,6,5,470,73,D5,5,2010,ATCM XXXIII - CEP XIII,Punta del Este,"Letters to UNFCCC, IPCC, WMO and IMO on the SCAR ACCE Report",https://www.ats.aq/devAS/Meetings/Measure/470?s=1&iframe=1&from=01/01/1958&to=01/01/2158&cat=0&top=0&type=3&stat=0&txt=&curr=0,"Decision 5 (2010) - ATCM XXXIII - CEP XIII, Punta del Este",Adopted 14/05/2010,,,0,,,,6,https://documents.ats.aq/recatt/att460_e.pdf,"[{""Title"":""Subject"",""Text"":""Letters to UNFCCC, IPCC, WMO and IMO on the SCAR ACCE Report"",""Url"":null},{""Title"":""Status"",""Text"":""Adopted 14/05/2010"",""Url"":null},{""Title"":""Category"",""Text"":""Scientific cooperation"",""Url"":null},{""Title"":""Topics"",""Text"":""- Global change research"",""Url"":null},{""Title"":""Attachments"",""Text"":""Letters to UNFCCC, IPCC, WMO and IMO"",""Url"":""https://documents.ats.aq/recatt/att460_e.pdf""},{""Title"":""Relevant Final Report paragraph"",""Text"":""426"",""Url"":null}]",null,,
01/01/1958,01/01/2158,0,0,0,3,6,6,434,72,D1,1,2009,ATCM XXXII - CEP XII,Baltimore,Meeting of Experts on Climate Change,https://www.ats.aq/devAS/Meetings/Measure/434?s=1&iframe=1&from=01/01/1958&to=01/01/2158&cat=0&top=0&type=3&stat=0&txt=&curr=0,"Decision 1 (2009) - ATCM XXXII - CEP XII, Baltimore",Adopted 17/04/2009,,,0,,,,6,,"[{""Title"":""Subject"",""Text"":""Meeting of Experts on Climate Change"",""Url"":null},{""Title"":""Status"",""Text"":""Adopted 17/04/2009"",""Url"":null},{""Title"":""Category"",""Text"":""Scientific cooperation\n                                \nEnvironmental protection"",""Url"":null},{""Title"":""Topics"",""Text"":""- Global change research\n                                - Meeting of Experts"",""Url"":null},{""Title"":""Attachments"",""Text"":"""",""Url"":null},{""Title"":""Relevant Final Report paragraph"",""Text"":""52"",""Url"":null}]",null,,
01/01/1958,01/01/2158,0,0,0,3,6,7,435,72,D2,2,2009,ATCM XXXII - CEP XII,Baltimore,Renewal of the Contract of the Secretariat's External Auditor,https://www.ats.aq/devAS/Meetings/Measure/435?s=1&iframe=1&from=01/01/1958&to=01/01/2158&cat=0&top=0&type=3&stat=0&txt=&curr=0,"Decision 2 (2009) - ATCM XXXII - CEP XII, Baltimore",Adopted 17/04/2009,,,0,,,,6,https://documents.ats.aq/recatt/att412_e.pdf,"[{""Title"":""Subject"",""Text"":""Renewal of the Contract of the Secretariat's External Auditor"",""Url"":null},{""Title"":""Status"",""Text"":""Adopted 17/04/2009"",""Url"":null},{""Title"":""Category"",""Text"":""Institutional \u0026 legal matters"",""Url"":null},{""Title"":""Topics"",""Text"":""- Secretariat"",""Url"":null},{""Title"":""Attachments"",""Text"":""Tasks to be Carried Out by the External Auditor"",""Url"":""https://documents.ats.aq/recatt/att412_e.pdf""},{""Title"":""Relevant Final Report paragraph"",""Text"":""65"",""Url"":null}]",null,,
01/01/1958,01/01/2158,0,0,0,3,6,8,436,72,D3,3,2009,ATCM XXXII - CEP XII,Baltimore,Revised Document Submission Guidelines,https://www.ats.aq/devAS/Meetings/Measure/436?s=1&iframe=1&from=01/01/1958&to=01/01/2158&cat=0&top=0&type=3&stat=0&txt=&curr=0,"Decision 3 (2009) - ATCM XXXII - CEP XII, Baltimore",Adopted 17/04/2009. No longer current: D 2 (2011),,,0,,,,6,https://documents.ats.aq/recatt/att413_e.pdf,"[{""Title"":""Subject"",""Text"":""Revised Document Submission Guidelines"",""Url"":null},{""Title"":""Status"",""Text"":""Adopted 17/04/2009. No longer current: D 2 (2011)"",""Url"":null},{""Title"":""Category"",""Text"":""Institutional \u0026 legal matters"",""Url"":null},{""Title"":""Topics"",""Text"":""- ATCM (Antarctic Treaty Consultative Meeting)\n                                - CEP (Committee for Environmental Protection)\n                                - Document handling\n                                - Guidelines"",""Url"":null},{""Title"":""Attachments"",""Text"":""Revised Guidelines for the Submission, Translation and Distribution of Documents for the ATCM and the CEP"",""Url"":""https://documents.ats.aq/recatt/att413_e.pdf""},{""Title"":""Relevant Final Report paragraph"",""Text"":""73"",""Url"":null}]",null,,
01/01/1958,01/01/2158,0,0,0,3,6,9,437,72,D4,4,2009,ATCM XXXII - CEP XII,Baltimore,Secretariat's Financial Report 2007/08 and Programme 2009/10,https://www.ats.aq/devAS/Meetings/Measure/437?s=1&iframe=1&from=01/01/1958&to=01/01/2158&cat=0&top=0&type=3&stat=0&txt=&curr=0,"Decision 4 (2009) - ATCM XXXII - CEP XII, Baltimore",Adopted 17/04/2009,,,0,,,,6,https://documents.ats.aq/recatt/att414_e.pdf,"[{""Title"":""Subject"",""Text"":""Secretariat's Financial Report 2007/08 and Programme 2009/10"",""Url"":null},{""Title"":""Status"",""Text"":""Adopted 17/04/2009"",""Url"":null},{""Title"":""Category"",""Text"":""Institutional \u0026 legal matters"",""Url"":null},{""Title"":""Topics"",""Text"":""- Secretariat"",""Url"":null},{""Title"":""Attachments"",""Text"":""Estimate of Income and Expenditure 2008/09\n                                \n                                    Financial Report 2007/08\n                                \n                                    Secretariat Programme 2009/10"",""Url"":""https://documents.ats.aq/recatt/att414_e.pdf""},{""Title"":""Relevant Final Report paragraph"",""Text"":""76"",""Url"":null}]",null,,
01/01/1958,01/01/2158,0,0,0,3,6,10,438,72,D5,5,2009,ATCM XXXII - CEP XII,Baltimore,Appointment of the Executive Secretary of the Antarctic Treaty Secretariat,https://www.ats.aq/devAS/Meetings/Measure/438?s=1&iframe=1&from=01/01/1958&to=01/01/2158&cat=0&top=0&type=3&stat=0&txt=&curr=0,"Decision 5 (2009) - ATCM XXXII - CEP XII, Baltimore",Adopted 17/04/2009,,,0,,,,6,https://documents.ats.aq/recatt/att416_e.pdf,"[{""Title"":""Subject"",""Text"":""Appointment of the Executive Secretary of the Antarctic Treaty Secretariat"",""Url"":null},{""Title"":""Status"",""Text"":""Adopted 17/04/2009"",""Url"":null},{""Title"":""Category"",""Text"":""Institutional \u0026 legal matters"",""Url"":null},{""Title"":""Topics"",""Text"":""- Secretariat"",""Url"":null},{""Title"":""Attachments"",""Text"":""Letter of the ATCM Chair to Dr. Manfred Reinke\n                                \n                                    Letter of the ATCM Chair to the Minister of Foreign Affairs of Argentina"",""Url"":""https://documents.ats.aq/recatt/att416_e.pdf""},{""Title"":""Relevant Final Report paragraph"",""Text"":""77"",""Url"":null}]",null,,
01/01/1958,01/01/2158,0,0,0,3,6,11,439,72,D6,6,2009,ATCM XXXII - CEP XII,Baltimore,Revised Rules of Procedure for the CEP,https://www.ats.aq/devAS/Meetings/Measure/439?s=1&iframe=1&from=01/01/1958&to=01/01/2158&cat=0&top=0&type=3&stat=0&txt=&curr=0,"Decision 6 (2009) - ATCM XXXII - CEP XII, Baltimore",Adopted 17/04/2009. No longer current: D 3 (2010),,,0,,,,6,https://documents.ats.aq/recatt/att418_e.pdf,"[{""Title"":""Subject"",""Text"":""Revised Rules of Procedure for the CEP"",""Url"":null},{""Title"":""Status"",""Text"":""Adopted 17/04/2009. No longer current: D 3 (2010)"",""Url"":null},{""Title"":""Category"",""Text"":""Institutional \u0026 legal matters"",""Url"":null},{""Title"":""Topics"",""Text"":""- CEP (Committee for Environmental Protection)\n                                - Rules of Procedure"",""Url"":null},{""Title"":""Attachments"",""Text"":""Rules of Procedure for the CEP (2009)"",""Url"":""https://documents.ats.aq/recatt/att418_e.pdf""},{""Title"":""Relevant Final Report paragraph"",""Text"":""83"",""Url"":null}]",null,,
01/01/1958,01/01/2158,0,0,0,3,6,12,440,72,D7,7,2009,ATCM XXXII - CEP XII,Baltimore,Meeting of Experts on Ship-borne Tourism,https://www.ats.aq/devAS/Meetings/Measure/440?s=1&iframe=1&from=01/01/1958&to=01/01/2158&cat=0&top=0&type=3&stat=0&txt=&curr=0,"Decision 7 (2009) - ATCM XXXII - CEP XII, Baltimore",Adopted 17/04/2009,,,0,,,,6,,"[{""Title"":""Subject"",""Text"":""Meeting of Experts on Ship-borne Tourism"",""Url"":null},{""Title"":""Status"",""Text"":""Adopted 17/04/2009"",""Url"":null},{""Title"":""Category"",""Text"":""Tourism and Non-Governmental Activities"",""Url"":null},{""Title"":""Topics"",""Text"":""- Effects of tourism\n                                - IHO (International Hydrographic Organization)\n                                - IMO (International Maritime Organisation)\n                                - Meeting of Experts\n                                - Search and Rescue (SAR)\n                                - Shipping\n                                - Vessel-based activities"",""Url"":null},{""Title"":""Attachments"",""Text"":"""",""Url"":null},{""Title"":""Relevant Final Report paragraph"",""Text"":""217"",""Url"":null}]",null,,
01/01/1958,01/01/2158,0,0,0,3,6,13,441,72,D8,8,2009,ATCM XXXII - CEP XII,Baltimore,Letter to UNFCCC,https://www.ats.aq/devAS/Meetings/Measure/441?s=1&iframe=1&from=01/01/1958&to=01/01/2158&cat=0&top=0&type=3&stat=0&txt=&curr=0,"Decision 8 (2009) - ATCM XXXII - CEP XII, Baltimore",Adopted 17/04/2009,,,0,,,,6,https://documents.ats.aq/recatt/att419_e.pdf,"[{""Title"":""Subject"",""Text"":""Letter to UNFCCC"",""Url"":null},{""Title"":""Status"",""Text"":""Adopted 17/04/2009"",""Url"":null},{""Title"":""Category"",""Text"":""General matters"",""Url"":null},{""Title"":""Topics"",""Text"":""- United Nations Framework Convention on Climate Change (UNFCCC)"",""Url"":null},{""Title"":""Attachments"",""Text"":""Letter of the ATCM Chair to the UNFCCC"",""Url"":""https://documents.ats.aq/recatt/att419_e.pdf""},{""Title"":""Relevant Final Report paragraph"",""Text"":""330"",""Url"":null}]",null,,
01/01/1958,01/01/2158,0,0,0,3,6,14,405,71,D1,1,2008,ATCM XXXI - CEP XI,Kyiv,Amendment to the Rules of Procedure,https://www.ats.aq/devAS/Meetings/Measure/405?s=1&iframe=1&from=01/01/1958&to=01/01/2158&cat=0&top=0&type=3&stat=0&txt=&curr=0,"Decision 1 (2008) - ATCM XXXI - CEP XI, Kyiv",Adopted 13/06/2008. No longer current: D 2 (2011),,,0,,,,6,https://documents.ats.aq/recatt/att399_e.pdf,"[{""Title"":""Subject"",""Text"":""Amendment to the Rules of Procedure"",""Url"":null},{""Title"":""Status"",""Text"":""Adopted 13/06/2008. No longer current: D 2 (2011)"",""Url"":null},{""Title"":""Category"",""Text"":""Institutional \u0026 legal matters"",""Url"":null},{""Title"":""Topics"",""Text"":""- Rules of Procedure"",""Url"":null},{""Title"":""Attachments"",""Text"":""Revised Rules of Procedure"",""Url"":""https://documents.ats.aq/recatt/att399_e.pdf""},{""Title"":""Relevant Final Report paragraph"",""Text"":""35"",""Url"":null}]",null,,
01/01/1958,01/01/2158,0,0,0,3,7,0,406,71,D2,2,2008,ATCM XXXI - CEP XI,Kyiv,Secretariat’s Financial Report for 2006/07 and Programme and Budget for 2008/09,https://www.ats.aq/devAS/Meetings/Measure/406?s=1&iframe=1&from=01/01/1958&to=01/01/2158&cat=0&top=0&type=3&stat=0&txt=&curr=0,"Decision 2 (2008) - ATCM XXXI - CEP XI, Kyiv",Adopted 13/06/2008,,,0,,,,6,https://documents.ats.aq/recatt/att402_e.pdf,"[{""Title"":""Subject"",""Text"":""Secretariat’s Financial Report for 2006/07 and Programme and Budget for 2008/09"",""Url"":null},{""Title"":""Status"",""Text"":""Adopted 13/06/2008"",""Url"":null},{""Title"":""Category"",""Text"":""Institutional \u0026 legal matters"",""Url"":null},{""Title"":""Topics"",""Text"":""- Decisions\n                                - Secretariat"",""Url"":null},{""Title"":""Attachments"",""Text"":""Financial Report 2006/07\n                                \n                                    Provisional Financial Report 2007/08\n                                \n                                    Secretariat Programme and Budget 2008/09"",""Url"":""https://documents.ats.aq/recatt/att402_e.pdf""},{""Title"":""Relevant Final Report paragraph"",""Text"":""74"",""Url"":null}]",null,,
01/01/1958,01/01/2158,0,0,0,3,7,1,407,71,D3,3,2008,ATCM XXXI - CEP XI,Kyiv,Renewal of the contract of the External Auditor,https://www.ats.aq/devAS/Meetings/Measure/407?s=1&iframe=1&from=01/01/1958&to=01/01/2158&cat=0&top=0&type=3&stat=0&txt=&curr=0,"Decision 3 (2008) - ATCM XXXI - CEP XI, Kyiv",Adopted 13/06/2008,,,0,,,,6,https://documents.ats.aq/recatt/att405_e.pdf,"[{""Title"":""Subject"",""Text"":""Renewal of the contract of the External Auditor"",""Url"":null},{""Title"":""Status"",""Text"":""Adopted 13/06/2008"",""Url"":null},{""Title"":""Category"",""Text"":""Institutional \u0026 legal matters"",""Url"":null},{""Title"":""Topics"",""Text"":""- Secretariat"",""Url"":null},{""Title"":""Attachments"",""Text"":""Tasks to be carried out by the external auditor"",""Url"":""https://documents.ats.aq/recatt/att405_e.pdf""},{""Title"":""Relevant Final Report paragraph"",""Text"":""75"",""Url"":null}]",null,,
01/01/1958,01/01/2158,0,0,0,3,7,2,408,71,D4,4,2008,ATCM XXXI - CEP XI,Kyiv,Selection and Appointment of the Executive Secretary of the Secretariat of the Antarctic Treaty,https://www.ats.aq/devAS/Meetings/Measure/408?s=1&iframe=1&from=01/01/1958&to=01/01/2158&cat=0&top=0&type=3&stat=0&txt=&curr=0,"Decision 4 (2008) - ATCM XXXI - CEP XI, Kyiv",Adopted 13/06/2008. Replaced: D 4 (2016),,,0,,,,6,https://documents.ats.aq/recatt/att404_e.pdf,"[{""Title"":""Subject"",""Text"":""Selection and Appointment of the Executive Secretary of the Secretariat of the Antarctic Treaty"",""Url"":null},{""Title"":""Status"",""Text"":""Adopted 13/06/2008. Replaced: D 4 (2016)"",""Url"":null},{""Title"":""Category"",""Text"":""Institutional \u0026 legal matters"",""Url"":null},{""Title"":""Topics"",""Text"":""- Secretariat"",""Url"":null},{""Title"":""Attachments"",""Text"":""Standard Application Form"",""Url"":""https://documents.ats.aq/recatt/att404_e.pdf""},{""Title"":""Relevant Final Report paragraph"",""Text"":""81"",""Url"":null}]",null,,
01/01/1958,01/01/2158,0,0,0,3,7,3,409,71,D5,5,2008,ATCM XXXI - CEP XI,Kyiv,Electronic Information Exchange System: Start of operations,https://www.ats.aq/devAS/Meetings/Measure/409?s=1&iframe=1&from=01/01/1958&to=01/01/2158&cat=0&top=0&type=3&stat=0&txt=&curr=0,"Decision 5 (2008) - ATCM XXXI - CEP XI, Kyiv",Adopted 13/06/2008,,,0,,,,6,,"[{""Title"":""Subject"",""Text"":""Electronic Information Exchange System: Start of operations"",""Url"":null},{""Title"":""Status"",""Text"":""Adopted 13/06/2008"",""Url"":null},{""Title"":""Category"",""Text"":""Information exchange"",""Url"":null},{""Title"":""Topics"",""Text"":"""",""Url"":null},{""Title"":""Attachments"",""Text"":"""",""Url"":null},{""Title"":""Relevant Final Report paragraph"",""Text"":""297"",""Url"":null}]",null,,
01/01/1958,01/01/2158,0,0,0,3,7,4,378,62,D1,1,2007,ATCM XXX - CEP X,New Delhi,ATCM Recommendations designated as no longer current,https://www.ats.aq/devAS/Meetings/Measure/378?s=1&iframe=1&from=01/01/1958&to=01/01/2158&cat=0&top=0&type=3&stat=0&txt=&curr=0,"Decision 1 (2007) - ATCM XXX - CEP X, New Delhi",Adopted 11/05/2007,,,0,,,,6,https://documents.ats.aq/recatt/att359_e.pdf,"[{""Title"":""Subject"",""Text"":""ATCM Recommendations designated as no longer current"",""Url"":null},{""Title"":""Status"",""Text"":""Adopted 11/05/2007"",""Url"":null},{""Title"":""Category"",""Text"":""Institutional \u0026 legal matters\n                                \nArea protection and management"",""Url"":null},{""Title"":""Topics"",""Text"":""- Recommendations"",""Url"":null},{""Title"":""Attachments"",""Text"":""List of Recommendations that are no longer current"",""Url"":""https://documents.ats.aq/recatt/att359_e.pdf""},{""Title"":""Relevant Final Report paragraph"",""Text"":""32"",""Url"":null}]",null,,
01/01/1958,01/01/2158,0,0,0,3,7,5,379,62,D2,2,2007,ATCM XXX - CEP X,New Delhi,Re-appointment of the Executive Secretary,https://www.ats.aq/devAS/Meetings/Measure/379?s=1&iframe=1&from=01/01/1958&to=01/01/2158&cat=0&top=0&type=3&stat=0&txt=&curr=0,"Decision 2 (2007) - ATCM XXX - CEP X, New Delhi",Adopted 11/05/2007,,,0,,,,6,https://documents.ats.aq/recatt/att360_e.pdf,"[{""Title"":""Subject"",""Text"":""Re-appointment of the Executive Secretary"",""Url"":null},{""Title"":""Status"",""Text"":""Adopted 11/05/2007"",""Url"":null},{""Title"":""Category"",""Text"":""Institutional \u0026 legal matters"",""Url"":null},{""Title"":""Topics"",""Text"":""- Executive Secretary\n                                - Secretariat"",""Url"":null},{""Title"":""Attachments"",""Text"":""Letters to Mr. Johannes Huber and Mr. Jorge Taiana"",""Url"":""https://documents.ats.aq/recatt/att360_e.pdf""},{""Title"":""Relevant Final Report paragraph"",""Text"":""67"",""Url"":null}]",null,,
01/01/1958,01/01/2158,0,0,0,3,7,6,380,62,D3,3,2007,ATCM XXX - CEP X,New Delhi,Re-appointment of External Auditor,https://www.ats.aq/devAS/Meetings/Measure/380?s=1&iframe=1&from=01/01/1958&to=01/01/2158&cat=0&top=0&type=3&stat=0&txt=&curr=0,"Decision 3 (2007) - ATCM XXX - CEP X, New Delhi",Adopted 11/05/2007. Replaced: D 3 (2008),,,0,,,,6,https://documents.ats.aq/recatt/att361_e.pdf,"[{""Title"":""Subject"",""Text"":""Re-appointment of External Auditor"",""Url"":null},{""Title"":""Status"",""Text"":""Adopted 11/05/2007. Replaced: D 3 (2008)"",""Url"":null},{""Title"":""Category"",""Text"":""Institutional \u0026 legal matters"",""Url"":null},{""Title"":""Topics"",""Text"":""- Secretariat"",""Url"":null},{""Title"":""Attachments"",""Text"":""Tasks to be carried out by the external auditor"",""Url"":""https://documents.ats.aq/recatt/att361_e.pdf""},{""Title"":""Relevant Final Report paragraph"",""Text"":""75"",""Url"":null}]",null,,
01/01/1958,01/01/2158,0,0,0,3,7,7,381,62,D4,4,2007,ATCM XXX - CEP X,New Delhi,Approval of the Secretariat Budget and Programme for 2007/08,https://www.ats.aq/devAS/Meetings/Measure/381?s=1&iframe=1&from=01/01/1958&to=01/01/2158&cat=0&top=0&type=3&stat=0&txt=&curr=0,"Decision 4 (2007) - ATCM XXX - CEP X, New Delhi",Adopted 11/05/2007,,,0,,,,6,https://documents.ats.aq/recatt/att363_e.pdf,"[{""Title"":""Subject"",""Text"":""Approval of the Secretariat Budget and Programme for 2007/08"",""Url"":null},{""Title"":""Status"",""Text"":""Adopted 11/05/2007"",""Url"":null},{""Title"":""Category"",""Text"":""Institutional \u0026 legal matters"",""Url"":null},{""Title"":""Topics"",""Text"":""- Secretariat"",""Url"":null},{""Title"":""Attachments"",""Text"":""Provisional Financial Report 2006/07\n                                \n                                    Secretariat Programme and Budget for 2007/08"",""Url"":""https://documents.ats.aq/recatt/att363_e.pdf""},{""Title"":""Relevant Final Report paragraph"",""Text"":""77"",""Url"":null}]",null,,
01/01/1958,01/01/2158,0,0,0,3,7,8,361,60,D1,1,2006,ATCM XXIX - CEP IX,Edinburgh,"Secretariat: Financial Reports, Programme and Budget",https://www.ats.aq/devAS/Meetings/Measure/361?s=1&iframe=1&from=01/01/1958&to=01/01/2158&cat=0&top=0&type=3&stat=0&txt=&curr=0,"Decision 1 (2006) - ATCM XXIX - CEP IX, Edinburgh",Adopted 23/06/2006,,,0,,,,6,https://documents.ats.aq/recatt/att339_e.pdf,"[{""Title"":""Subject"",""Text"":""Secretariat: Financial Reports, Programme and Budget"",""Url"":null},{""Title"":""Status"",""Text"":""Adopted 23/06/2006"",""Url"":null},{""Title"":""Category"",""Text"":""Institutional \u0026 legal matters"",""Url"":null},{""Title"":""Topics"",""Text"":""- Secretariat"",""Url"":null},{""Title"":""Attachments"",""Text"":""Annex 1 - Financial Report 2004/2005\n                                \n                                    Annex 2 - Financial Report 2005/2006\n                                \n                                    Annex 3 - Work Programme and Budget 2006/2007"",""Url"":""https://documents.ats.aq/recatt/att339_e.pdf""},{""Title"":""Relevant Final Report paragraph"",""Text"":""67"",""Url"":null}]",null,,
01/01/1958,01/01/2158,0,0,0,3,7,9,362,60,D2,2,2006,ATCM XXIX - CEP IX,Edinburgh,Ballast Water Exchange: Referral to IMO,https://www.ats.aq/devAS/Meetings/Measure/362?s=1&iframe=1&from=01/01/1958&to=01/01/2158&cat=0&top=0&type=3&stat=0&txt=&curr=0,"Decision 2 (2006) - ATCM XXIX - CEP IX, Edinburgh",Adopted 23/06/2006. No longer current: D 1 (2012),,,0,,,,6,,"[{""Title"":""Subject"",""Text"":""Ballast Water Exchange: Referral to IMO"",""Url"":null},{""Title"":""Status"",""Text"":""Adopted 23/06/2006. No longer current: D 1 (2012)"",""Url"":null},{""Title"":""Category"",""Text"":""Marine pollution"",""Url"":null},{""Title"":""Topics"",""Text"":""- IMO (International Maritime Organisation)"",""Url"":null},{""Title"":""Attachments"",""Text"":"""",""Url"":null},{""Title"":""Relevant Final Report paragraph"",""Text"":""83"",""Url"":null}]",null,,
01/01/1958,01/01/2158,0,0,0,3,7,10,336,59,D1,1,2005,ATCM XXVIII - CEP VIII,Stockholm,Annex VI (Liability),https://www.ats.aq/devAS/Meetings/Measure/336?s=1&iframe=1&from=01/01/1958&to=01/01/2158&cat=0&top=0&type=3&stat=0&txt=&curr=0,"Decision 1 (2005) - ATCM XXVIII - CEP VIII, Stockholm",Adopted 17/06/2005. No longer current: D 4 (2010),,,0,,,,6,,"[{""Title"":""Subject"",""Text"":""Annex VI (Liability)"",""Url"":null},{""Title"":""Status"",""Text"":""Adopted 17/06/2005. No longer current: D 4 (2010)"",""Url"":null},{""Title"":""Category"",""Text"":""Institutional \u0026 legal matters"",""Url"":null},{""Title"":""Topics"",""Text"":""- Annex VI (Liability)\n                                - Liability"",""Url"":null},{""Title"":""Attachments"",""Text"":"""",""Url"":null},{""Title"":""Relevant Final Report paragraph"",""Text"":""126"",""Url"":null}]",null,,
01/01/1958,01/01/2158,0,0,0,3,7,11,337,59,D2,2,2005,ATCM XXVIII - CEP VIII,Stockholm,Recognition of Ukraine as Consultative Party,https://www.ats.aq/devAS/Meetings/Measure/337?s=1&iframe=1&from=01/01/1958&to=01/01/2158&cat=0&top=0&type=3&stat=0&txt=&curr=0,"Decision 2 (2005) - ATCM XXVIII - CEP VIII, Stockholm",Adopted 17/06/2005,,,0,,,,6,,"[{""Title"":""Subject"",""Text"":""Recognition of Ukraine as Consultative Party"",""Url"":null},{""Title"":""Status"",""Text"":""Adopted 17/06/2005"",""Url"":null},{""Title"":""Category"",""Text"":""General matters"",""Url"":null},{""Title"":""Topics"",""Text"":""- Consultative Party Status\n                                - Ukraine"",""Url"":null},{""Title"":""Attachments"",""Text"":"""",""Url"":null},{""Title"":""Relevant Final Report paragraph"",""Text"":""27"",""Url"":null}]",null,,
01/01/1958,01/01/2158,0,0,0,3,7,12,338,59,D3,3,2005,ATCM XXVIII - CEP VIII,Stockholm,Rules of Procedure (2005),https://www.ats.aq/devAS/Meetings/Measure/338?s=1&iframe=1&from=01/01/1958&to=01/01/2158&cat=0&top=0&type=3&stat=0&txt=&curr=0,"Decision 3 (2005) - ATCM XXVIII - CEP VIII, Stockholm",Adopted 17/06/2005. Replaced: D 1 (2008),,,0,,,,6,https://documents.ats.aq/recatt/att264_e.pdf,"[{""Title"":""Subject"",""Text"":""Rules of Procedure (2005)"",""Url"":null},{""Title"":""Status"",""Text"":""Adopted 17/06/2005. Replaced: D 1 (2008)"",""Url"":null},{""Title"":""Category"",""Text"":""Institutional \u0026 legal matters"",""Url"":null},{""Title"":""Topics"",""Text"":""- ATCM (Antarctic Treaty Consultative Meeting)\n                                - Rules of Procedure"",""Url"":null},{""Title"":""Attachments"",""Text"":""Revised Rules of Procedure (2005)"",""Url"":""https://documents.ats.aq/recatt/att264_e.pdf""},{""Title"":""Relevant Final Report paragraph"",""Text"":""31"",""Url"":null}]",null,,
01/01/1958,01/01/2158,0,0,0,3,7,13,339,59,D4,4,2005,ATCM XXVIII - CEP VIII,Stockholm,Consultative Party Status,https://www.ats.aq/devAS/Meetings/Measure/339?s=1&iframe=1&from=01/01/1958&to=01/01/2158&cat=0&top=0&type=3&stat=0&txt=&curr=0,"Decision 4 (2005) - ATCM XXVIII - CEP VIII, Stockholm",Adopted 17/06/2005. Replaced: D 2 (2017),,,0,,,,6,,"[{""Title"":""Subject"",""Text"":""Consultative Party Status"",""Url"":null},{""Title"":""Status"",""Text"":""Adopted 17/06/2005. Replaced: D 2 (2017)"",""Url"":null},{""Title"":""Category"",""Text"":""Institutional \u0026 legal matters"",""Url"":null},{""Title"":""Topics"",""Text"":""- Consultative Party Status"",""Url"":null},{""Title"":""Attachments"",""Text"":"""",""Url"":null},{""Title"":""Relevant Final Report paragraph"",""Text"":""36"",""Url"":null}]",null,,
01/01/1958,01/01/2158,0,0,0,3,7,14,340,59,D5,5,2005,ATCM XXVIII - CEP VIII,Stockholm,External Auditor of the Secretariat,https://www.ats.aq/devAS/Meetings/Measure/340?s=1&iframe=1&from=01/01/1958&to=01/01/2158&cat=0&top=0&type=3&stat=0&txt=&curr=0,"Decision 5 (2005) - ATCM XXVIII - CEP VIII, Stockholm",Adopted 17/06/2005,,,0,,,,6,https://documents.ats.aq/recatt/att250_e.pdf,"[{""Title"":""Subject"",""Text"":""External Auditor of the Secretariat"",""Url"":null},{""Title"":""Status"",""Text"":""Adopted 17/06/2005"",""Url"":null},{""Title"":""Category"",""Text"":""Institutional \u0026 legal matters"",""Url"":null},{""Title"":""Topics"",""Text"":""- Secretariat"",""Url"":null},{""Title"":""Attachments"",""Text"":""Tasks to be carried out by the external auditor"",""Url"":""https://documents.ats.aq/recatt/att250_e.pdf""},{""Title"":""Relevant Final Report paragraph"",""Text"":""52"",""Url"":null}]",null,,
01/01/1958,01/01/2158,0,0,0,3,8,0,341,59,D6,6,2005,ATCM XXVIII - CEP VIII,Stockholm,Financial Regulations of the Secretariat,https://www.ats.aq/devAS/Meetings/Measure/341?s=1&iframe=1&from=01/01/1958&to=01/01/2158&cat=0&top=0&type=3&stat=0&txt=&curr=0,"Decision 6 (2005) - ATCM XXVIII - CEP VIII, Stockholm",Adopted 17/06/2005,,,0,,,,6,https://documents.ats.aq/recatt/att464_e.pdf,"[{""Title"":""Subject"",""Text"":""Financial Regulations of the Secretariat"",""Url"":null},{""Title"":""Status"",""Text"":""Adopted 17/06/2005"",""Url"":null},{""Title"":""Category"",""Text"":""Institutional \u0026 legal matters"",""Url"":null},{""Title"":""Topics"",""Text"":""- Secretariat"",""Url"":null},{""Title"":""Attachments"",""Text"":""Financial Regulations for the Secretariat of the Antarctic Treaty"",""Url"":""https://documents.ats.aq/recatt/att464_e.pdf""},{""Title"":""Relevant Final Report paragraph"",""Text"":""59"",""Url"":null}]",null,,
01/01/1958,01/01/2158,0,0,0,3,8,1,342,59,D7,7,2005,ATCM XXVIII - CEP VIII,Stockholm,Secretariat: Work Programme and Budget,https://www.ats.aq/devAS/Meetings/Measure/342?s=1&iframe=1&from=01/01/1958&to=01/01/2158&cat=0&top=0&type=3&stat=0&txt=&curr=0,"Decision 7 (2005) - ATCM XXVIII - CEP VIII, Stockholm",Adopted 17/06/2005,,,0,,,,6,https://documents.ats.aq/recatt/att327_e.pdf,"[{""Title"":""Subject"",""Text"":""Secretariat: Work Programme and Budget"",""Url"":null},{""Title"":""Status"",""Text"":""Adopted 17/06/2005"",""Url"":null},{""Title"":""Category"",""Text"":""Institutional \u0026 legal matters"",""Url"":null},{""Title"":""Topics"",""Text"":""- Secretariat"",""Url"":null},{""Title"":""Attachments"",""Text"":""Work Programme 2005/6"",""Url"":""https://documents.ats.aq/recatt/att327_e.pdf""},{""Title"":""Relevant Final Report paragraph"",""Text"":""69"",""Url"":null}]",null,,
01/01/1958,01/01/2158,0,0,0,3,8,2,343,59,D8,8,2005,ATCM XXVIII - CEP VIII,Stockholm,Use of Heavy Fuel Oil,https://www.ats.aq/devAS/Meetings/Measure/343?s=1&iframe=1&from=01/01/1958&to=01/01/2158&cat=0&top=0&type=3&stat=0&txt=&curr=0,"Decision 8 (2005) - ATCM XXVIII - CEP VIII, Stockholm",Adopted 17/06/2005. No longer current: D 1 (2012),,,0,,,,6,,"[{""Title"":""Subject"",""Text"":""Use of Heavy Fuel Oil"",""Url"":null},{""Title"":""Status"",""Text"":""Adopted 17/06/2005. No longer current: D 1 (2012)"",""Url"":null},{""Title"":""Category"",""Text"":""Marine pollution"",""Url"":null},{""Title"":""Topics"",""Text"":""- IMO (International Maritime Organisation)"",""Url"":null},{""Title"":""Attachments"",""Text"":"""",""Url"":null},{""Title"":""Relevant Final Report paragraph"",""Text"":""94"",""Url"":null}]",null,,
01/01/1958,01/01/2158,0,0,0,3,8,3,344,59,D9,9,2005,ATCM XXVIII - CEP VIII,Stockholm,Marine Protected Areas,https://www.ats.aq/devAS/Meetings/Measure/344?s=1&iframe=1&from=01/01/1958&to=01/01/2158&cat=0&top=0&type=3&stat=0&txt=&curr=0,"Decision 9 (2005) - ATCM XXVIII - CEP VIII, Stockholm",Adopted 17/06/2005,,,0,,,,6,,"[{""Title"":""Subject"",""Text"":""Marine Protected Areas"",""Url"":null},{""Title"":""Status"",""Text"":""Adopted 17/06/2005"",""Url"":null},{""Title"":""Category"",""Text"":""Area protection and management\n                                \nMarine living resources"",""Url"":null},{""Title"":""Topics"",""Text"":""- CCAMLR (Convention on the Conservation of Antarctic Marine Living Resources)\n                                - Marine Protected Areas"",""Url"":null},{""Title"":""Attachments"",""Text"":"""",""Url"":null},{""Title"":""Relevant Final Report paragraph"",""Text"":""94"",""Url"":null}]",null,,
01/01/1958,01/01/2158,0,0,0,3,8,4,345,59,D10,10,2005,ATCM XXVIII - CEP VIII,Stockholm,Electronic Information Exchange System,https://www.ats.aq/devAS/Meetings/Measure/345?s=1&iframe=1&from=01/01/1958&to=01/01/2158&cat=0&top=0&type=3&stat=0&txt=&curr=0,"Decision 10 (2005) - ATCM XXVIII - CEP VIII, Stockholm",Adopted 17/06/2005,,,0,,,,6,,"[{""Title"":""Subject"",""Text"":""Electronic Information Exchange System"",""Url"":null},{""Title"":""Status"",""Text"":""Adopted 17/06/2005"",""Url"":null},{""Title"":""Category"",""Text"":""Information exchange"",""Url"":null},{""Title"":""Topics"",""Text"":""- IAATO (International Association of Antarctica Tour Operators)\n                                - Secretariat"",""Url"":null},{""Title"":""Attachments"",""Text"":"""",""Url"":null},{""Title"":""Relevant Final Report paragraph"",""Text"":""232"",""Url"":null}]",null,,
01/01/1958,01/01/2158,0,0,0,3,8,5,322,58,D1,1,2004,ATCM XXVII - CEP VII,Capetown,Revised Rules of Procedure of the ATCM,https://www.ats.aq/devAS/Meetings/Measure/322?s=1&iframe=1&from=01/01/1958&to=01/01/2158&cat=0&top=0&type=3&stat=0&txt=&curr=0,"Decision 1 (2004) - ATCM XXVII - CEP VII, Capetown",Adopted 04/06/2004. Replaced: D 3 (2005),,,0,,,,6,https://documents.ats.aq/recatt/att217_e.pdf,"[{""Title"":""Subject"",""Text"":""Revised Rules of Procedure of the ATCM"",""Url"":null},{""Title"":""Status"",""Text"":""Adopted 04/06/2004. Replaced: D 3 (2005)"",""Url"":null},{""Title"":""Category"",""Text"":""Institutional \u0026 legal matters"",""Url"":null},{""Title"":""Topics"",""Text"":""- ATCM (Antarctic Treaty Consultative Meeting)\n                                - Rules of Procedure"",""Url"":null},{""Title"":""Attachments"",""Text"":""Revised Rules of Procedure"",""Url"":""https://documents.ats.aq/recatt/att217_e.pdf""},{""Title"":""Relevant Final Report paragraph"",""Text"":""49"",""Url"":null}]",null,,
01/01/1958,01/01/2158,0,0,0,3,8,6,323,58,D2,2,2004,ATCM XXVII - CEP VII,Capetown,Secretariat (Financial considerations),https://www.ats.aq/devAS/Meetings/Measure/323?s=1&iframe=1&from=01/01/1958&to=01/01/2158&cat=0&top=0&type=3&stat=0&txt=&curr=0,"Decision 2 (2004) - ATCM XXVII - CEP VII, Capetown",Adopted 04/06/2004,,,0,,,,6,https://documents.ats.aq/recatt/att218_e.pdf,"[{""Title"":""Subject"",""Text"":""Secretariat (Financial considerations)"",""Url"":null},{""Title"":""Status"",""Text"":""Adopted 04/06/2004"",""Url"":null},{""Title"":""Category"",""Text"":""Institutional \u0026 legal matters"",""Url"":null},{""Title"":""Topics"",""Text"":""- Secretariat"",""Url"":null},{""Title"":""Attachments"",""Text"":""Work Programme 2004/5"",""Url"":""https://documents.ats.aq/recatt/att218_e.pdf""},{""Title"":""Relevant Final Report paragraph"",""Text"":""68"",""Url"":null}]",null,,
01/01/1958,01/01/2158,0,0,0,3,8,7,324,58,D3,3,2004,ATCM XXVII - CEP VII,Capetown,Appointment of the Executive Secretary,https://www.ats.aq/devAS/Meetings/Measure/324?s=1&iframe=1&from=01/01/1958&to=01/01/2158&cat=0&top=0&type=3&stat=0&txt=&curr=0,"Decision 3 (2004) - ATCM XXVII - CEP VII, Capetown",Adopted 04/06/2004,,,0,,,,6,https://documents.ats.aq/recatt/att222_e.pdf,"[{""Title"":""Subject"",""Text"":""Appointment of the Executive Secretary"",""Url"":null},{""Title"":""Status"",""Text"":""Adopted 04/06/2004"",""Url"":null},{""Title"":""Category"",""Text"":""Institutional \u0026 legal matters"",""Url"":null},{""Title"":""Topics"",""Text"":""- Executive Secretary\n                                - Secretariat"",""Url"":null},{""Title"":""Attachments"",""Text"":""Letter to Argentine Republic\n                                \n                                    Terms and conditions (letter)"",""Url"":""https://documents.ats.aq/recatt/att222_e.pdf""},{""Title"":""Relevant Final Report paragraph"",""Text"":""70"",""Url"":null}]",null,,
01/01/1958,01/01/2158,0,0,0,3,8,8,325,58,D4,4,2004,ATCM XXVII - CEP VII,Capetown,Shipping Guidelines,https://www.ats.aq/devAS/Meetings/Measure/325?s=1&iframe=1&from=01/01/1958&to=01/01/2158&cat=0&top=0&type=3&stat=0&txt=&curr=0,"Decision 4 (2004) - ATCM XXVII - CEP VII, Capetown",Adopted 04/06/2004,,,0,,,,6,https://documents.ats.aq/recatt/att223_e.pdf,"[{""Title"":""Subject"",""Text"":""Shipping Guidelines"",""Url"":null},{""Title"":""Status"",""Text"":""Adopted 04/06/2004"",""Url"":null},{""Title"":""Category"",""Text"":""Operational matters"",""Url"":null},{""Title"":""Topics"",""Text"":""- Guidelines\n                                - IMO (International Maritime Organisation)\n                                - Polar Shipping Code\n                                - Shipping"",""Url"":null},{""Title"":""Attachments"",""Text"":""Guidelines for ships operating in Artic and Antarctic waters"",""Url"":""https://documents.ats.aq/recatt/att223_e.pdf""},{""Title"":""Relevant Final Report paragraph"",""Text"":""179"",""Url"":null}]",null,,
01/01/1958,01/01/2158,0,0,0,3,8,9,297,57,D1,1,2003,ATCM XXVI - CEP VI,Madrid,Allocation of contributions to the Antarctic Treaty Secretariat,https://www.ats.aq/devAS/Meetings/Measure/297?s=1&iframe=1&from=01/01/1958&to=01/01/2158&cat=0&top=0&type=3&stat=0&txt=&curr=0,"Decision 1 (2003) - ATCM XXVI - CEP VI, Madrid",Adopted 20/06/2003,,,0,,,,6,https://documents.ats.aq/recatt/att158_e.pdf,"[{""Title"":""Subject"",""Text"":""Allocation of contributions to the Antarctic Treaty Secretariat"",""Url"":null},{""Title"":""Status"",""Text"":""Adopted 20/06/2003"",""Url"":null},{""Title"":""Category"",""Text"":""Institutional \u0026 legal matters"",""Url"":null},{""Title"":""Topics"",""Text"":""- Secretariat"",""Url"":null},{""Title"":""Attachments"",""Text"":""Schedule: Method for Calculating the Scale of Contributions"",""Url"":""https://documents.ats.aq/recatt/att158_e.pdf""},{""Title"":""Relevant Final Report paragraph"",""Text"":""38"",""Url"":null}]",null,,
01/01/1958,01/01/2158,0,0,0,3,8,10,298,57,D2,2,2003,ATCM XXVI - CEP VI,Madrid,Provisional application of the Secretariat Measure,https://www.ats.aq/devAS/Meetings/Measure/298?s=1&iframe=1&from=01/01/1958&to=01/01/2158&cat=0&top=0&type=3&stat=0&txt=&curr=0,"Decision 2 (2003) - ATCM XXVI - CEP VI, Madrid",Adopted 20/06/2003,,,0,,,,7,https://documents.ats.aq/recatt/att159_e.pdf,"[{""Title"":""Subject"",""Text"":""Provisional application of the Secretariat Measure"",""Url"":null},{""Title"":""Status"",""Text"":""Adopted 20/06/2003"",""Url"":null},{""Title"":""Category"",""Text"":""Institutional \u0026 legal matters"",""Url"":null},{""Title"":""Topics"",""Text"":""- Secretariat"",""Url"":null},{""Title"":""Attachments"",""Text"":""Initial Scale of Contributions to the Budget of the Secretariat of the Antarctic Treaty\n                                \n                                    Letter of Commitment of the Argentine Republic"",""Url"":""https://documents.ats.aq/recatt/att159_e.pdf""},{""Title"":""Relevant Final Report paragraph"",""Text"":""38"",""Url"":null},{""Title"":""Memo"",""Text"":""Measure 1 (2003) effective since 06/10/2009"",""Url"":null}]",null,,
01/01/1958,01/01/2158,0,0,0,3,8,11,299,57,D3,3,2003,ATCM XXVI - CEP VI,Madrid,Staff regulations for the Secretariat,https://www.ats.aq/devAS/Meetings/Measure/299?s=1&iframe=1&from=01/01/1958&to=01/01/2158&cat=0&top=0&type=3&stat=0&txt=&curr=0,"Decision 3 (2003) - ATCM XXVI - CEP VI, Madrid",Adopted 20/06/2003. No longer current: D 4 (2019),,,0,,,,7,https://documents.ats.aq/recatt/att161_e.pdf,"[{""Title"":""Subject"",""Text"":""Staff regulations for the Secretariat"",""Url"":null},{""Title"":""Status"",""Text"":""Adopted 20/06/2003. No longer current: D 4 (2019)"",""Url"":null},{""Title"":""Category"",""Text"":""Institutional \u0026 legal matters"",""Url"":null},{""Title"":""Topics"",""Text"":""- Secretariat"",""Url"":null},{""Title"":""Attachments"",""Text"":""Staff Regulations for the Secretariat of the Antarctic Treaty"",""Url"":""https://documents.ats.aq/recatt/att161_e.pdf""},{""Title"":""Relevant Final Report paragraph"",""Text"":""38"",""Url"":null},{""Title"":""Memo"",""Text"":""Note: Schedules A and B containing salary scales are no longer current. Updated versions are adopted regularly as a part of the Secretariat´s Programme and Budget."",""Url"":null}]",null,,
01/01/1958,01/01/2158,0,0,0,3,8,12,300,57,D4,4,2003,ATCM XXVI - CEP VI,Madrid,Financial Regulations for the Secretariat,https://www.ats.aq/devAS/Meetings/Measure/300?s=1&iframe=1&from=01/01/1958&to=01/01/2158&cat=0&top=0&type=3&stat=0&txt=&curr=0,"Decision 4 (2003) - ATCM XXVI - CEP VI, Madrid",Adopted 20/06/2003,,,0,,,,7,https://documents.ats.aq/recatt/att162_e.pdf,"[{""Title"":""Subject"",""Text"":""Financial Regulations for the Secretariat"",""Url"":null},{""Title"":""Status"",""Text"":""Adopted 20/06/2003"",""Url"":null},{""Title"":""Category"",""Text"":""Institutional \u0026 legal matters"",""Url"":null},{""Title"":""Topics"",""Text"":""- Secretariat"",""Url"":null},{""Title"":""Attachments"",""Text"":""Financial Regulations for the Secretariat of the Antarctic Treaty"",""Url"":""https://documents.ats.aq/recatt/att162_e.pdf""},{""Title"":""Relevant Final Report paragraph"",""Text"":""38"",""Url"":null},{""Title"":""Memo"",""Text"":""Amended by Decision 6 (2005)"",""Url"":null}]",null,,
01/01/1958,01/01/2158,0,0,0,3,8,13,301,57,D5,5,2003,ATCM XXVI - CEP VI,Madrid,Expert Meeting on tourism,https://www.ats.aq/devAS/Meetings/Measure/301?s=1&iframe=1&from=01/01/1958&to=01/01/2158&cat=0&top=0&type=3&stat=0&txt=&curr=0,"Decision 5 (2003) - ATCM XXVI - CEP VI, Madrid",Adopted 20/06/2003,,,0,,,,6,,"[{""Title"":""Subject"",""Text"":""Expert Meeting on tourism"",""Url"":null},{""Title"":""Status"",""Text"":""Adopted 20/06/2003"",""Url"":null},{""Title"":""Category"",""Text"":""Tourism and Non-Governmental Activities"",""Url"":null},{""Title"":""Topics"",""Text"":""- Meeting of Experts"",""Url"":null},{""Title"":""Attachments"",""Text"":"""",""Url"":null},{""Title"":""Relevant Final Report paragraph"",""Text"":""151"",""Url"":null}]",null,,
01/01/1958,01/01/2158,0,0,0,3,8,14,288,56,D1,1,2002,ATCM XXV - CEP V,Warsaw,Adoption of naming and numbering system for ASPAs,https://www.ats.aq/devAS/Meetings/Measure/288?s=1&iframe=1&from=01/01/1958&to=01/01/2158&cat=0&top=0&type=3&stat=0&txt=&curr=0,"Decision 1 (2002) - ATCM XXV - CEP V, Warsaw",Adopted 20/09/2002,,,0,,,,6,https://documents.ats.aq/recatt/att093_e.pdf,"[{""Title"":""Subject"",""Text"":""Adoption of naming and numbering system for ASPAs"",""Url"":null},{""Title"":""Status"",""Text"":""Adopted 20/09/2002"",""Url"":null},{""Title"":""Category"",""Text"":""Area protection and management"",""Url"":null},{""Title"":""Topics"",""Text"":""- ASPAs (Antarctic Specially Protected Areas)"",""Url"":null},{""Title"":""Attachments"",""Text"":""Naming and numbering system for Antarctic Specially Protected Areas"",""Url"":""https://documents.ats.aq/recatt/att093_e.pdf""},{""Title"":""Relevant Final Report paragraph"",""Text"":""76"",""Url"":null}]",null,,
01/01/1958,01/01/2158,0,0,0,3,9,0,289,56,D2,2,2002,ATCM XXV - CEP V,Warsaw,Emblem of the Antarctic Treaty,https://www.ats.aq/devAS/Meetings/Measure/289?s=1&iframe=1&from=01/01/1958&to=01/01/2158&cat=0&top=0&type=3&stat=0&txt=&curr=0,"Decision 2 (2002) - ATCM XXV - CEP V, Warsaw",Adopted 20/09/2002,,,0,,,,6,https://documents.ats.aq/recatt/att094_e.pdf,"[{""Title"":""Subject"",""Text"":""Emblem of the Antarctic Treaty"",""Url"":null},{""Title"":""Status"",""Text"":""Adopted 20/09/2002"",""Url"":null},{""Title"":""Category"",""Text"":""Institutional \u0026 legal matters"",""Url"":null},{""Title"":""Topics"",""Text"":""- Antarctic Treaty System\n                                - ATCM (Antarctic Treaty Consultative Meeting)\n                                - Secretariat"",""Url"":null},{""Title"":""Attachments"",""Text"":""Emblem of the Antarctic Treaty"",""Url"":""https://documents.ats.aq/recatt/att094_e.pdf""},{""Title"":""Relevant Final Report paragraph"",""Text"":""15"",""Url"":null}]",null,,
01/01/1958,01/01/2158,0,0,0,3,9,1,290,56,D3,3,2002,ATCM XXV - CEP V,Warsaw,ATCM Recommendations designated as spent,https://www.ats.aq/devAS/Meetings/Measure/290?s=1&iframe=1&from=01/01/1958&to=01/01/2158&cat=0&top=0&type=3&stat=0&txt=&curr=0,"Decision 3 (2002) - ATCM XXV - CEP V, Warsaw",Adopted 20/09/2002,,,0,,,,6,https://documents.ats.aq/recatt/att095_e.pdf,"[{""Title"":""Subject"",""Text"":""ATCM Recommendations designated as spent"",""Url"":null},{""Title"":""Status"",""Text"":""Adopted 20/09/2002"",""Url"":null},{""Title"":""Category"",""Text"":""Institutional \u0026 legal matters"",""Url"":null},{""Title"":""Topics"",""Text"":""- Recommendations"",""Url"":null},{""Title"":""Attachments"",""Text"":""Spent recommendations"",""Url"":""https://documents.ats.aq/recatt/att095_e.pdf""},{""Title"":""Relevant Final Report paragraph"",""Text"":""23"",""Url"":null}]",null,,
01/01/1958,01/01/2158,0,0,0,3,9,2,278,55,D1,1,2001,ATCM XXIV - CEP IV,St. Petersburg,Establishment of Secretariat in Buenos Aires,https://www.ats.aq/devAS/Meetings/Measure/278?s=1&iframe=1&from=01/01/1958&to=01/01/2158&cat=0&top=0&type=3&stat=0&txt=&curr=0,"Decision 1 (2001) - ATCM XXIV - CEP IV, St. Petersburg",Adopted 20/07/2001,,,0,,,,6,,"[{""Title"":""Subject"",""Text"":""Establishment of Secretariat in Buenos Aires"",""Url"":null},{""Title"":""Status"",""Text"":""Adopted 20/07/2001"",""Url"":null},{""Title"":""Category"",""Text"":""Institutional \u0026 legal matters"",""Url"":null},{""Title"":""Topics"",""Text"":""- Secretariat"",""Url"":null},{""Title"":""Attachments"",""Text"":"""",""Url"":null},{""Title"":""Relevant Final Report paragraph"",""Text"":""24"",""Url"":null}]",null,,
01/01/1958,01/01/2158,0,0,0,3,9,3,279,55,D2,2,2001,ATCM XXIV - CEP IV,St. Petersburg,Revised Guidelines on Circulation and Handling of CEP Documents.,https://www.ats.aq/devAS/Meetings/Measure/279?s=1&iframe=1&from=01/01/1958&to=01/01/2158&cat=0&top=0&type=3&stat=0&txt=&curr=0,"Decision 2 (2001) - ATCM XXIV - CEP IV, St. Petersburg",Adopted 20/07/2001. Replaced: D 3 (2009),,,0,,,,6,https://documents.ats.aq/recatt/att088_e.pdf,"[{""Title"":""Subject"",""Text"":""Revised Guidelines on Circulation and Handling of CEP Documents."",""Url"":null},{""Title"":""Status"",""Text"":""Adopted 20/07/2001. Replaced: D 3 (2009)"",""Url"":null},{""Title"":""Category"",""Text"":""Institutional \u0026 legal matters"",""Url"":null},{""Title"":""Topics"",""Text"":""- CEP (Committee for Environmental Protection)\n                                - Document handling"",""Url"":null},{""Title"":""Attachments"",""Text"":""Guidelines on Circulation and Handling of CEP Documents"",""Url"":""https://documents.ats.aq/recatt/att088_e.pdf""},{""Title"":""Relevant Final Report paragraph"",""Text"":""40"",""Url"":null}]",null,,
01/01/1958,01/01/2158,0,0,0,3,9,4,280,55,D3,3,2001,ATCM XXIV - CEP IV,St. Petersburg,Elaboration of draft liability annex,https://www.ats.aq/devAS/Meetings/Measure/280?s=1&iframe=1&from=01/01/1958&to=01/01/2158&cat=0&top=0&type=3&stat=0&txt=&curr=0,"Decision 3 (2001) - ATCM XXIV - CEP IV, St. Petersburg",Adopted 20/07/2001. No longer current: D 1 (2011),,,0,,,,6,,"[{""Title"":""Subject"",""Text"":""Elaboration of draft liability annex"",""Url"":null},{""Title"":""Status"",""Text"":""Adopted 20/07/2001. No longer current: D 1 (2011)"",""Url"":null},{""Title"":""Category"",""Text"":""Environmental protection"",""Url"":null},{""Title"":""Topics"",""Text"":""- Annex VI (Liability)\n                                - Liability"",""Url"":null},{""Title"":""Attachments"",""Text"":"""",""Url"":null},{""Title"":""Relevant Final Report paragraph"",""Text"":""82"",""Url"":null}]",null,,
01/01/1958,01/01/2158,0,0,0,3,9,5,272,54,S-D1,1,2000,SATCM XII - CEP III,The Hague,List of CEP observers,https://www.ats.aq/devAS/Meetings/Measure/272?s=1&iframe=1&from=01/01/1958&to=01/01/2158&cat=0&top=0&type=3&stat=0&txt=&curr=0,"Decision 1 (2000) - SATCM XII - CEP III, The Hague",Adopted 15/09/2000. Replaced: D 1 (2016),,,0,,,,6,,"[{""Title"":""Subject"",""Text"":""List of CEP observers"",""Url"":null},{""Title"":""Status"",""Text"":""Adopted 15/09/2000. Replaced: D 1 (2016)"",""Url"":null},{""Title"":""Category"",""Text"":""Institutional \u0026 legal matters"",""Url"":null},{""Title"":""Topics"",""Text"":""- CEP (Committee for Environmental Protection)\n                                - Observers\n                                - Rules of Procedure"",""Url"":null},{""Title"":""Attachments"",""Text"":"""",""Url"":null},{""Title"":""Relevant Final Report paragraph"",""Text"":""13"",""Url"":null}]",null,,
01/01/1958,01/01/2158,0,0,0,3,9,6,262,53,D1,1,1999,ATCM XXIII -  CEP II,Lima,CEP web site,https://www.ats.aq/devAS/Meetings/Measure/262?s=1&iframe=1&from=01/01/1958&to=01/01/2158&cat=0&top=0&type=3&stat=0&txt=&curr=0,"Decision 1 (1999) - ATCM XXIII -  CEP II, Lima",Adopted 04/06/1999,,,0,,,,6,,"[{""Title"":""Subject"",""Text"":""CEP web site"",""Url"":null},{""Title"":""Status"",""Text"":""Adopted 04/06/1999"",""Url"":null},{""Title"":""Category"",""Text"":""Institutional \u0026 legal matters"",""Url"":null},{""Title"":""Topics"",""Text"":""- ATCM Home Page\n                                - CEP (Committee for Environmental Protection)\n                                - Secretariat"",""Url"":null},{""Title"":""Attachments"",""Text"":"""",""Url"":null},{""Title"":""Relevant Final Report paragraph"",""Text"":""58"",""Url"":null}]",null,,
01/01/1958,01/01/2158,0,0,0,3,9,7,263,53,D2,2,1999,ATCM XXIII -  CEP II,Lima,Expert meeting to develop draft guidelines for Antarctic shipping,https://www.ats.aq/devAS/Meetings/Measure/263?s=1&iframe=1&from=01/01/1958&to=01/01/2158&cat=0&top=0&type=3&stat=0&txt=&curr=0,"Decision 2 (1999) - ATCM XXIII -  CEP II, Lima",Adopted 04/06/1999. No longer current: D 1 (2012),,,0,,,,6,,"[{""Title"":""Subject"",""Text"":""Expert meeting to develop draft guidelines for Antarctic shipping"",""Url"":null},{""Title"":""Status"",""Text"":""Adopted 04/06/1999. No longer current: D 1 (2012)"",""Url"":null},{""Title"":""Category"",""Text"":""Operational matters\n                                \nMarine pollution"",""Url"":null},{""Title"":""Topics"",""Text"":""- Guidelines\n                                - IMO (International Maritime Organisation)\n                                - Meeting of Experts\n                                - Polar Shipping Code"",""Url"":null},{""Title"":""Attachments"",""Text"":"""",""Url"":null},{""Title"":""Relevant Final Report paragraph"",""Text"":""105"",""Url"":null}]",null,,
01/01/1958,01/01/2158,0,0,0,3,9,8,251,52,D1,1,1998,ATCM XXII - CEP I,Tromsø,Recognition of Bulgaria as a Consultative Party,https://www.ats.aq/devAS/Meetings/Measure/251?s=1&iframe=1&from=01/01/1958&to=01/01/2158&cat=0&top=0&type=3&stat=0&txt=&curr=0,"Decision 1 (1998) - ATCM XXII - CEP I, Tromsø",Adopted 05/06/1998,,,0,,,,6,,"[{""Title"":""Subject"",""Text"":""Recognition of Bulgaria as a Consultative Party"",""Url"":null},{""Title"":""Status"",""Text"":""Adopted 05/06/1998"",""Url"":null},{""Title"":""Category"",""Text"":""General matters"",""Url"":null},{""Title"":""Topics"",""Text"":""- Bulgaria\n                                - Consultative Party Status"",""Url"":null},{""Title"":""Attachments"",""Text"":"""",""Url"":null},{""Title"":""Relevant Final Report paragraph"",""Text"":""146"",""Url"":null}]",null,,
01/01/1958,01/01/2158,0,0,0,3,9,9,252,52,D2,2,1998,ATCM XXII - CEP I,Tromsø,Rules of Procedure for the Committee for Environmental Protection,https://www.ats.aq/devAS/Meetings/Measure/252?s=1&iframe=1&from=01/01/1958&to=01/01/2158&cat=0&top=0&type=3&stat=0&txt=&curr=0,"Decision 2 (1998) - ATCM XXII - CEP I, Tromsø",Adopted 05/06/1998. No longer current: D 3 (2010),,,0,,,,6,https://documents.ats.aq/recatt/att300_e.pdf,"[{""Title"":""Subject"",""Text"":""Rules of Procedure for the Committee for Environmental Protection"",""Url"":null},{""Title"":""Status"",""Text"":""Adopted 05/06/1998. No longer current: D 3 (2010)"",""Url"":null},{""Title"":""Category"",""Text"":""Institutional \u0026 legal matters"",""Url"":null},{""Title"":""Topics"",""Text"":""- CEP (Committee for Environmental Protection)\n                                - Rules of Procedure"",""Url"":null},{""Title"":""Attachments"",""Text"":""Circulation and Handling of CEP Documents\n                                \n                                    Rules of Procedure"",""Url"":""https://documents.ats.aq/recatt/att300_e.pdf""},{""Title"":""Relevant Final Report paragraph"",""Text"":""8"",""Url"":null}]",null,,
01/01/1958,01/01/2158,0,0,0,3,9,10,253,52,D3,3,1998,ATCM XXII - CEP I,Tromsø,Liability Annex to the Environmental Protocol,https://www.ats.aq/devAS/Meetings/Measure/253?s=1&iframe=1&from=01/01/1958&to=01/01/2158&cat=0&top=0&type=3&stat=0&txt=&curr=0,"Decision 3 (1998) - ATCM XXII - CEP I, Tromsø",Adopted 05/06/1998. No longer current: D 1 (2011),,,0,,,,6,,"[{""Title"":""Subject"",""Text"":""Liability Annex to the Environmental Protocol"",""Url"":null},{""Title"":""Status"",""Text"":""Adopted 05/06/1998. No longer current: D 1 (2011)"",""Url"":null},{""Title"":""Category"",""Text"":""Environmental protection"",""Url"":null},{""Title"":""Topics"",""Text"":""- Annex VI (Liability)\n                                - Emergency response\n                                - Liability"",""Url"":null},{""Title"":""Attachments"",""Text"":"""",""Url"":null},{""Title"":""Relevant Final Report paragraph"",""Text"":""68"",""Url"":null}]",null,,
01/01/1958,01/01/2158,0,0,0,3,9,11,254,52,D4,4,1998,ATCM XXII - CEP I,Tromsø,"Marine protected areas: CCAMLR approval of SSSI 1 (Cape Royds), 20 (Biscoe Point), 26 (Chile Bay), 27 (Port Foster), 28 (South Bay), 32 (Cape Shirreff), 34 (Lions Rump), 35 (Bransfield Strait) and 36 (Dallmann Bay)",https://www.ats.aq/devAS/Meetings/Measure/254?s=1&iframe=1&from=01/01/1958&to=01/01/2158&cat=0&top=0&type=3&stat=0&txt=&curr=0,"Decision 4 (1998) - ATCM XXII - CEP I, Tromsø",Adopted 05/06/1998. No longer current: D 9 (2005),,,0,,,,6,https://documents.ats.aq/recatt/att227_e.pdf,"[{""Title"":""Subject"",""Text"":""Marine protected areas: CCAMLR approval of SSSI 1 (Cape Royds), 20 (Biscoe Point), 26 (Chile Bay), 27 (Port Foster), 28 (South Bay), 32 (Cape Shirreff), 34 (Lions Rump), 35 (Bransfield Strait) and 36 (Dallmann Bay)"",""Url"":null},{""Title"":""Status"",""Text"":""Adopted 05/06/1998. No longer current: D 9 (2005)"",""Url"":null},{""Title"":""Category"",""Text"":""Area protection and management"",""Url"":null},{""Title"":""Topics"",""Text"":""- Biscoe Point (ASPA 139)\n                                - Bransfield Strait (ASPA 152)\n                                - Cape Royds (ASPA 121)\n                                - Cape Shirreff (ASPA 149)\n                                - CCAMLR (Convention on the Conservation of Antarctic Marine Living Resources)\n                                - Chile Bay (ASPA 144)\n                                - Dallmann Bay (ASPA 153)\n                                - Lions Rump (ASPA 151)\n                                - Marine Protected Areas\n                                - Port Foster (ASPA 145)\n                                - South Bay (ASPA 146)\n                                - SSSIs (Sites of Special Scientific Interest)"",""Url"":null},{""Title"":""Attachments"",""Text"":""List of SSSIs"",""Url"":""https://documents.ats.aq/recatt/att227_e.pdf""},{""Title"":""Relevant Final Report paragraph"",""Text"":""53"",""Url"":null}]",null,,
01/01/1958,01/01/2158,0,0,0,3,9,12,244,51,D1,1,1997,ATCM XXI,Christchurch,Revised Rules of Procedure for the ATCM,https://www.ats.aq/devAS/Meetings/Measure/244?s=1&iframe=1&from=01/01/1958&to=01/01/2158&cat=0&top=0&type=3&stat=0&txt=&curr=0,"Decision 1 (1997) - ATCM XXI, Christchurch",Adopted 30/05/1997. Replaced: D 1 (2004),,,0,,,,6,https://documents.ats.aq/recatt/att236_e.pdf,"[{""Title"":""Subject"",""Text"":""Revised Rules of Procedure for the ATCM"",""Url"":null},{""Title"":""Status"",""Text"":""Adopted 30/05/1997. Replaced: D 1 (2004)"",""Url"":null},{""Title"":""Category"",""Text"":""Institutional \u0026 legal matters"",""Url"":null},{""Title"":""Topics"",""Text"":""- Rules of Procedure"",""Url"":null},{""Title"":""Attachments"",""Text"":""Revised Rules of Procedure"",""Url"":""https://documents.ats.aq/recatt/att236_e.pdf""},{""Title"":""Relevant Final Report paragraph"",""Text"":""81"",""Url"":null}]",null,,
01/01/1958,01/01/2158,0,0,0,3,9,13,245,51,D2,2,1997,ATCM XXI,Christchurch,Revised procedures for the recognition of new Consultative Parties,https://www.ats.aq/devAS/Meetings/Measure/245?s=1&iframe=1&from=01/01/1958&to=01/01/2158&cat=0&top=0&type=3&stat=0&txt=&curr=0,"Decision 2 (1997) - ATCM XXI, Christchurch",Adopted 30/05/1997. Replaced: D 4 (2005),,,0,,,,6,,"[{""Title"":""Subject"",""Text"":""Revised procedures for the recognition of new Consultative Parties"",""Url"":null},{""Title"":""Status"",""Text"":""Adopted 30/05/1997. Replaced: D 4 (2005)"",""Url"":null},{""Title"":""Category"",""Text"":""Institutional \u0026 legal matters"",""Url"":null},{""Title"":""Topics"",""Text"":""- Consultative Party Status"",""Url"":null},{""Title"":""Attachments"",""Text"":"""",""Url"":null},{""Title"":""Relevant Final Report paragraph"",""Text"":""160"",""Url"":null}]",null,,
01/01/1958,01/01/2158,0,0,0,3,9,14,221,49,D1,1,1995,ATCM XIX,Seoul,"Recommendations divided into Measures, Decisions and Resolutions.",https://www.ats.aq/devAS/Meetings/Measure/221?s=1&iframe=1&from=01/01/1958&to=01/01/2158&cat=0&top=0&type=3&stat=0&txt=&curr=0,"Decision 1 (1995) - ATCM XIX, Seoul",Adopted 19/05/1995,,,0,,,,6,,"[{""Title"":""Subject"",""Text"":""Recommendations divided into Measures, Decisions and Resolutions."",""Url"":null},{""Title"":""Status"",""Text"":""Adopted 19/05/1995"",""Url"":null},{""Title"":""Category"",""Text"":""Institutional \u0026 legal matters"",""Url"":null},{""Title"":""Topics"",""Text"":""- Decisions\n                                - Final Report\n                                - Measures\n                                - Recommendations\n                                - Resolutions"",""Url"":null},{""Title"":""Attachments"",""Text"":"""",""Url"":null},{""Title"":""Relevant Final Report paragraph"",""Text"":""69"",""Url"":null}]",null,,
01/01/1958,01/01/2158,0,0,0,3,10,0,222,49,D2,2,1995,ATCM XIX,Seoul,Amendment to Rules of Procedure,https://www.ats.aq/devAS/Meetings/Measure/222?s=1&iframe=1&from=01/01/1958&to=01/01/2158&cat=0&top=0&type=3&stat=0&txt=&curr=0,"Decision 2 (1995) - ATCM XIX, Seoul",Adopted 19/05/1995. Replaced: D 1 (1997),,,0,,,,6,,"[{""Title"":""Subject"",""Text"":""Amendment to Rules of Procedure"",""Url"":null},{""Title"":""Status"",""Text"":""Adopted 19/05/1995. Replaced: D 1 (1997)"",""Url"":null},{""Title"":""Category"",""Text"":""Institutional \u0026 legal matters"",""Url"":null},{""Title"":""Topics"",""Text"":""- Decisions\n                                - Measures\n                                - Resolutions\n                                - Rules of Procedure"",""Url"":null},{""Title"":""Attachments"",""Text"":"""",""Url"":null},{""Title"":""Relevant Final Report paragraph"",""Text"":""70"",""Url"":null}]",null,,
01/01/1958,01/01/2158,0,0,0,4,1,0,849,98,R1,1,2025,ATCM 47 - CEP 27,Milan,Site Guidelines for Visitors,https://www.ats.aq/devAS/Meetings/Measure/849?s=1&iframe=1&from=01/01/1958&to=01/01/2158&cat=0&top=0&type=4&stat=0&txt=&curr=0,"Resolution 1 (2025) - ATCM 47 - CEP 27, Milan",Adopted 03/07/2025,,,0,,,,6,https://documents.ats.aq/recatt/att802_e.pdf,"[{""Title"":""Subject"",""Text"":""Site Guidelines for Visitors"",""Url"":null},{""Title"":""Status"",""Text"":""Adopted 03/07/2025"",""Url"":null},{""Title"":""Category"",""Text"":""Tourism and Non-Governmental Activities"",""Url"":null},{""Title"":""Topics"",""Text"":""- Astrolabe Island\n                                - Cape Bird, Ross Island\n                                - Devil Island\n                                - Neko Harbour\n                                - Paulet Island\n                                - Site Guidelines\n                                - Site Guidelines replacement\n                                - Stonington Island, Marguerite Bay, Antarctic Peninsula \n                                - Tourism Management"",""Url"":null},{""Title"":""Attachments"",""Text"":""Annex: List of sites subject to site guidelines"",""Url"":""https://documents.ats.aq/recatt/att802_e.pdf""},{""Title"":""Relevant Final Report paragraph"",""Text"":""117"",""Url"":null}]",null,,
01/01/1958,01/01/2158,0,0,0,4,1,1,850,98,R2,2,2025,ATCM 47 - CEP 27,Milan,Revised Guidelines for implementation of the Framework for Antarctic Specially Protected Areas,https://www.ats.aq/devAS/Meetings/Measure/850?s=1&iframe=1&from=01/01/1958&to=01/01/2158&cat=0&top=0&type=4&stat=0&txt=&curr=0,"Resolution 2 (2025) - ATCM 47 - CEP 27, Milan",Adopted 03/07/2025,,,0,,,,6,https://documents.ats.aq/recatt/att803_e.pdf,"[{""Title"":""Subject"",""Text"":""Revised Guidelines for implementation of the Framework for Antarctic Specially Protected Areas"",""Url"":null},{""Title"":""Status"",""Text"":""Adopted 03/07/2025"",""Url"":null},{""Title"":""Category"",""Text"":""Area protection and management"",""Url"":null},{""Title"":""Topics"",""Text"":""- ASPAs (Antarctic Specially Protected Areas)\n                                - Guidelines"",""Url"":null},{""Title"":""Attachments"",""Text"":""Annex: Revised Guidelines for implementation of the Framework for Protected Areas"",""Url"":""https://documents.ats.aq/recatt/att803_e.pdf""},{""Title"":""Relevant Final Report paragraph"",""Text"":""122"",""Url"":null}]",null,,
01/01/1958,01/01/2158,0,0,0,4,1,2,851,98,R3,3,2025,ATCM 47 - CEP 27,Milan,"Revised Guide to the presentation of Working Papers containing proposals for Antarctic Specially Protected Areas, Antarctic Specially Managed Areas or Historic Sites and Monuments",https://www.ats.aq/devAS/Meetings/Measure/851?s=1&iframe=1&from=01/01/1958&to=01/01/2158&cat=0&top=0&type=4&stat=0&txt=&curr=0,"Resolution 3 (2025) - ATCM 47 - CEP 27, Milan",Adopted 03/07/2025,,,0,,,,6,https://documents.ats.aq/recatt/att804_e.pdf,"[{""Title"":""Subject"",""Text"":""Revised Guide to the presentation of Working Papers containing proposals for Antarctic Specially Protected Areas, Antarctic Specially Managed Areas or Historic Sites and Monuments"",""Url"":null},{""Title"":""Status"",""Text"":""Adopted 03/07/2025"",""Url"":null},{""Title"":""Category"",""Text"":""Area protection and management"",""Url"":null},{""Title"":""Topics"",""Text"":""- ASMAs (Antarctic Specially Managed Areas)\n                                - ASPAs (Antarctic Specially Protected Areas)\n                                - Guidelines\n                                - HSMs - general"",""Url"":null},{""Title"":""Attachments"",""Text"":""Annex: Revised Guide to the presentation of Working Papers containing proposals for Antarctic Specially Protected Areas, Antarctic Specially Managed Areas or Historic Sites and Monuments"",""Url"":""https://documents.ats.aq/recatt/att804_e.pdf""},{""Title"":""Relevant Final Report paragraph"",""Text"":""126"",""Url"":null}]",null,,
01/01/1958,01/01/2158,0,0,0,4,1,3,852,98,R4,4,2025,ATCM 47 - CEP 27,Milan,General Guidelines for Visitors to the Antarctic,https://www.ats.aq/devAS/Meetings/Measure/852?s=1&iframe=1&from=01/01/1958&to=01/01/2158&cat=0&top=0&type=4&stat=0&txt=&curr=0,"Resolution 4 (2025) - ATCM 47 - CEP 27, Milan",Adopted 03/07/2025,,,0,,,,6,https://documents.ats.aq/recatt/att805_e.pdf,"[{""Title"":""Subject"",""Text"":""General Guidelines for Visitors to the Antarctic"",""Url"":null},{""Title"":""Status"",""Text"":""Adopted 03/07/2025"",""Url"":null},{""Title"":""Category"",""Text"":""Tourism and Non-Governmental Activities"",""Url"":null},{""Title"":""Topics"",""Text"":""- Guidelines\n                                - Tourism Management\n                                - Tourism planning\n                                - Tourist landings\n                                - Visits to stations"",""Url"":null},{""Title"":""Attachments"",""Text"":""Annex: General Guidelines for Visitors to the Antarctic"",""Url"":""https://documents.ats.aq/recatt/att805_e.pdf""},{""Title"":""Relevant Final Report paragraph"",""Text"":""217"",""Url"":null}]",null,,
01/01/1958,01/01/2158,0,0,0,4,1,4,853,98,R5,5,2025,ATCM 47 - CEP 27,Milan,Towards ending plastic pollution in the Antarctic Treaty area,https://www.ats.aq/devAS/Meetings/Measure/853?s=1&iframe=1&from=01/01/1958&to=01/01/2158&cat=0&top=0&type=4&stat=0&txt=&curr=0,"Resolution 5 (2025) - ATCM 47 - CEP 27, Milan",Adopted 03/07/2025,,,0,,,,6,,"[{""Title"":""Subject"",""Text"":""Towards ending plastic pollution in the Antarctic Treaty area"",""Url"":null},{""Title"":""Status"",""Text"":""Adopted 03/07/2025"",""Url"":null},{""Title"":""Category"",""Text"":""Environmental protection"",""Url"":null},{""Title"":""Topics"",""Text"":""- Annex III (Waste disposal)\n                                - Annex IV (Marine Pollution)\n                                - Environmental monitoring"",""Url"":null},{""Title"":""Attachments"",""Text"":"""",""Url"":null},{""Title"":""Relevant Final Report paragraph"",""Text"":""307"",""Url"":null}]",null,,
01/01/1958,01/01/2158,0,0,0,4,1,5,836,97,R1,1,2024,ATCM 46 - CEP 26,Kochi,Revised Guide to the Preparation of Management Plans for Antarctic Specially Protected Areas,https://www.ats.aq/devAS/Meetings/Measure/836?s=1&iframe=1&from=01/01/1958&to=01/01/2158&cat=0&top=0&type=4&stat=0&txt=&curr=0,"Resolution 1 (2024) - ATCM 46 - CEP 26, Kochi",Adopted 30/05/2024,,,0,,,,6,https://documents.ats.aq/recatt/att770_e.pdf,"[{""Title"":""Subject"",""Text"":""Revised Guide to the Preparation of Management Plans for Antarctic Specially Protected Areas"",""Url"":null},{""Title"":""Status"",""Text"":""Adopted 30/05/2024"",""Url"":null},{""Title"":""Category"",""Text"":""Area protection and management"",""Url"":null},{""Title"":""Topics"",""Text"":""- Guidelines"",""Url"":null},{""Title"":""Attachments"",""Text"":""Annex: Guide to the Preparation of Management Plans for Antarctic Specially Protected Areas"",""Url"":""https://documents.ats.aq/recatt/att770_e.pdf""},{""Title"":""Relevant Final Report paragraph"",""Text"":""109"",""Url"":null}]",null,,
01/01/1958,01/01/2158,0,0,0,4,1,6,837,97,R2,2,2024,ATCM 46 - CEP 26,Kochi,General Guidelines for Visitors to the Antarctic,https://www.ats.aq/devAS/Meetings/Measure/837?s=1&iframe=1&from=01/01/1958&to=01/01/2158&cat=0&top=0&type=4&stat=0&txt=&curr=0,"Resolution 2 (2024) - ATCM 46 - CEP 26, Kochi",Adopted 30/05/2024,,,0,,,,7,https://documents.ats.aq/recatt/att771_e.pdf,"[{""Title"":""Subject"",""Text"":""General Guidelines for Visitors to the Antarctic"",""Url"":null},{""Title"":""Status"",""Text"":""Adopted 30/05/2024"",""Url"":null},{""Title"":""Category"",""Text"":""Tourism and Non-Governmental Activities"",""Url"":null},{""Title"":""Topics"",""Text"":""- Guidelines\n                                - Tourism Management\n                                - Tourism planning\n                                - Tourist landings\n                                - Visits to stations"",""Url"":null},{""Title"":""Attachments"",""Text"":""Annex: General Guidelines for Visitors to the Antarctic\n                                        . Replaced by R4 (2025)"",""Url"":""https://documents.ats.aq/recatt/att771_e.pdf""},{""Title"":""Relevant Final Report paragraph"",""Text"":""188"",""Url"":null},{""Title"":""Memo"",""Text"":""The General Guidelines for Visitors attached to this Resolution, revised only in English, have been included without changes as Annex to Resolution 4 (2025). The French and Spanish versions have been revised and adopted by Resolution 4 (2025). The Russian version has been included without changes as Annex to Resolution 4 (2025)."",""Url"":null}]",null,,
01/01/1958,01/01/2158,0,0,0,4,1,7,805,95,R1,1,2023,ATCM XLV - CEP XXV,Helsinki,Consideration of Mitigation Measures in Environmental Impact Assessment,https://www.ats.aq/devAS/Meetings/Measure/805?s=1&iframe=1&from=01/01/1958&to=01/01/2158&cat=0&top=0&type=4&stat=0&txt=&curr=0,"Resolution 1 (2023) - ATCM XLV - CEP XXV, Helsinki",Adopted 08/06/2023,,,0,,,,6,,"[{""Title"":""Subject"",""Text"":""Consideration of Mitigation Measures in Environmental Impact Assessment"",""Url"":null},{""Title"":""Status"",""Text"":""Adopted 08/06/2023"",""Url"":null},{""Title"":""Category"",""Text"":""Environmental impact assessment"",""Url"":null},{""Title"":""Topics"",""Text"":""- IEE (Initial Environmental Evaluation)"",""Url"":null},{""Title"":""Attachments"",""Text"":"""",""Url"":null},{""Title"":""Relevant Final Report paragraph"",""Text"":""73"",""Url"":null}]",null,,
01/01/1958,01/01/2158,0,0,0,4,1,8,806,95,R2,2,2023,ATCM XLV - CEP XXV,Helsinki,Helsinki Declaration on Climate Change and the Antarctic,https://www.ats.aq/devAS/Meetings/Measure/806?s=1&iframe=1&from=01/01/1958&to=01/01/2158&cat=0&top=0&type=4&stat=0&txt=&curr=0,"Resolution 2 (2023) - ATCM XLV - CEP XXV, Helsinki",Adopted 08/06/2023,,,0,,,,6,,"[{""Title"":""Subject"",""Text"":""Helsinki Declaration on Climate Change and the Antarctic"",""Url"":null},{""Title"":""Status"",""Text"":""Adopted 08/06/2023"",""Url"":null},{""Title"":""Category"",""Text"":""Environmental protection"",""Url"":null},{""Title"":""Topics"",""Text"":""- Global change research"",""Url"":null},{""Title"":""Attachments"",""Text"":"""",""Url"":null},{""Title"":""Relevant Final Report paragraph"",""Text"":""198"",""Url"":null}]",null,,
01/01/1958,01/01/2158,0,0,0,4,1,9,807,95,R3,3,2023,ATCM XLV - CEP XXV,Helsinki,"Reaffirming ongoing commitment to the prohibition on Antarctic mineral resource activities, other than for scientific research",https://www.ats.aq/devAS/Meetings/Measure/807?s=1&iframe=1&from=01/01/1958&to=01/01/2158&cat=0&top=0&type=4&stat=0&txt=&curr=0,"Resolution 3 (2023) - ATCM XLV - CEP XXV, Helsinki",Adopted 08/06/2023,,,0,,,,6,,"[{""Title"":""Subject"",""Text"":""Reaffirming ongoing commitment to the prohibition on Antarctic mineral resource activities, other than for scientific research"",""Url"":null},{""Title"":""Status"",""Text"":""Adopted 08/06/2023"",""Url"":null},{""Title"":""Category"",""Text"":""Mineral resources"",""Url"":null},{""Title"":""Topics"",""Text"":""- Environment Protocol\n                                - Mineral exploration"",""Url"":null},{""Title"":""Attachments"",""Text"":"""",""Url"":null},{""Title"":""Relevant Final Report paragraph"",""Text"":""210"",""Url"":null}]",null,,
01/01/1958,01/01/2158,0,0,0,4,1,10,808,95,R4,4,2023,ATCM XLV - CEP XXV,Helsinki,Urgent measures to be taken with respect to certain tourist and non-governmental activities,https://www.ats.aq/devAS/Meetings/Measure/808?s=1&iframe=1&from=01/01/1958&to=01/01/2158&cat=0&top=0&type=4&stat=0&txt=&curr=0,"Resolution 4 (2023) - ATCM XLV - CEP XXV, Helsinki",Adopted 08/06/2023,,,0,,,,6,,"[{""Title"":""Subject"",""Text"":""Urgent measures to be taken with respect to certain tourist and non-governmental activities"",""Url"":null},{""Title"":""Status"",""Text"":""Adopted 08/06/2023"",""Url"":null},{""Title"":""Category"",""Text"":""Tourism and Non-Governmental Activities"",""Url"":null},{""Title"":""Topics"",""Text"":""- Land-based tourism\n                                - Tourism Management"",""Url"":null},{""Title"":""Attachments"",""Text"":"""",""Url"":null},{""Title"":""Relevant Final Report paragraph"",""Text"":""414"",""Url"":null}]",null,,
01/01/1958,01/01/2158,0,0,0,4,1,11,774,94,R1,1,2022,ATCM XLIV - CEP XXIV,Berlin,Revised Guidelines for the assessment and management of Heritage in Antarctica,https://www.ats.aq/devAS/Meetings/Measure/774?s=1&iframe=1&from=01/01/1958&to=01/01/2158&cat=0&top=0&type=4&stat=0&txt=&curr=0,"Resolution 1 (2022) - ATCM XLIV - CEP XXIV, Berlin",Adopted 02/06/2022,,,0,,,,6,https://documents.ats.aq/recatt/att734_e.pdf,"[{""Title"":""Subject"",""Text"":""Revised Guidelines for the assessment and management of Heritage in Antarctica"",""Url"":null},{""Title"":""Status"",""Text"":""Adopted 02/06/2022"",""Url"":null},{""Title"":""Category"",""Text"":""Area protection and management"",""Url"":null},{""Title"":""Topics"",""Text"":""- Guidelines\n                                - HSMs - general"",""Url"":null},{""Title"":""Attachments"",""Text"":""Annex: Guidelines for the assessment and management of Heritage in Antarctica"",""Url"":""https://documents.ats.aq/recatt/att734_e.pdf""},{""Title"":""Relevant Final Report paragraph"",""Text"":""87"",""Url"":null}]",null,,
01/01/1958,01/01/2158,0,0,0,4,1,12,775,94,R2,2,2022,ATCM XLIV - CEP XXIV,Berlin,Site Guidelines for Visitors,https://www.ats.aq/devAS/Meetings/Measure/775?s=1&iframe=1&from=01/01/1958&to=01/01/2158&cat=0&top=0&type=4&stat=0&txt=&curr=0,"Resolution 2 (2022) - ATCM XLIV - CEP XXIV, Berlin",Adopted 02/06/2022. No longer current: R 1 (2025),,,0,,,,6,https://documents.ats.aq/recatt/att735_e.pdf,"[{""Title"":""Subject"",""Text"":""Site Guidelines for Visitors"",""Url"":null},{""Title"":""Status"",""Text"":""Adopted 02/06/2022. No longer current: R 1 (2025)"",""Url"":null},{""Title"":""Category"",""Text"":""Tourism and Non-Governmental Activities"",""Url"":null},{""Title"":""Topics"",""Text"":""- HSMs - general\n                                - Site Guidelines\n                                - Site Guidelines removal\n                                - Site Guidelines replacement\n                                - Torgersen Island, Arthur Harbour, Southwest Anvers Island \n                                - Tourism Management\n                                - Wordie House, Winter Island, Argentine Islands"",""Url"":null},{""Title"":""Attachments"",""Text"":""Annex: List of Sites subject to Site Guidelines"",""Url"":""https://documents.ats.aq/recatt/att735_e.pdf""},{""Title"":""Relevant Final Report paragraph"",""Text"":""89"",""Url"":null}]",null,,
01/01/1958,01/01/2158,0,0,0,4,1,13,776,94,R3,3,2022,ATCM XLIV - CEP XXIV,Berlin,Air Safety in Antarctica,https://www.ats.aq/devAS/Meetings/Measure/776?s=1&iframe=1&from=01/01/1958&to=01/01/2158&cat=0&top=0&type=4&stat=0&txt=&curr=0,"Resolution 3 (2022) - ATCM XLIV - CEP XXIV, Berlin",Adopted 02/06/2022,,,0,,,,6,,"[{""Title"":""Subject"",""Text"":""Air Safety in Antarctica"",""Url"":null},{""Title"":""Status"",""Text"":""Adopted 02/06/2022"",""Url"":null},{""Title"":""Category"",""Text"":""Operational matters"",""Url"":null},{""Title"":""Topics"",""Text"":""- Air Safety"",""Url"":null},{""Title"":""Attachments"",""Text"":"""",""Url"":null},{""Title"":""Relevant Final Report paragraph"",""Text"":""186"",""Url"":null}]",null,,
01/01/1958,01/01/2158,0,0,0,4,1,14,777,94,R4,4,2022,ATCM XLIV - CEP XXIV,Berlin,Antarctic Climate Change and the Environment: A Decadal Synopsis and Recommendations for Action report,https://www.ats.aq/devAS/Meetings/Measure/777?s=1&iframe=1&from=01/01/1958&to=01/01/2158&cat=0&top=0&type=4&stat=0&txt=&curr=0,"Resolution 4 (2022) - ATCM XLIV - CEP XXIV, Berlin",Adopted 02/06/2022,,,0,,,,6,,"[{""Title"":""Subject"",""Text"":""Antarctic Climate Change and the Environment: A Decadal Synopsis and Recommendations for Action report"",""Url"":null},{""Title"":""Status"",""Text"":""Adopted 02/06/2022"",""Url"":null},{""Title"":""Category"",""Text"":""Scientific cooperation"",""Url"":null},{""Title"":""Topics"",""Text"":""- Global change research"",""Url"":null},{""Title"":""Attachments"",""Text"":"""",""Url"":null},{""Title"":""Relevant Final Report paragraph"",""Text"":""277"",""Url"":null}]",null,,
01/01/1958,01/01/2158,0,0,0,4,2,0,778,94,R5,5,2022,ATCM XLIV - CEP XXIV,Berlin,Permanent facilities for tourism and other non-governmental activities in Antarctica,https://www.ats.aq/devAS/Meetings/Measure/778?s=1&iframe=1&from=01/01/1958&to=01/01/2158&cat=0&top=0&type=4&stat=0&txt=&curr=0,"Resolution 5 (2022) - ATCM XLIV - CEP XXIV, Berlin",Adopted 02/06/2022,,,0,,,,6,,"[{""Title"":""Subject"",""Text"":""Permanent facilities for tourism and other non-governmental activities in Antarctica"",""Url"":null},{""Title"":""Status"",""Text"":""Adopted 02/06/2022"",""Url"":null},{""Title"":""Category"",""Text"":""Tourism and Non-Governmental Activities"",""Url"":null},{""Title"":""Topics"",""Text"":""- Effects of tourism\n                                - Tourism Facilities\n                                - Tourism Management"",""Url"":null},{""Title"":""Attachments"",""Text"":"""",""Url"":null},{""Title"":""Relevant Final Report paragraph"",""Text"":""301"",""Url"":null}]",null,,
01/01/1958,01/01/2158,0,0,0,4,2,1,779,94,R6,6,2022,ATCM XLIV - CEP XXIV,Berlin,Revised standard Post Visit Report Form,https://www.ats.aq/devAS/Meetings/Measure/779?s=1&iframe=1&from=01/01/1958&to=01/01/2158&cat=0&top=0&type=4&stat=0&txt=&curr=0,"Resolution 6 (2022) - ATCM XLIV - CEP XXIV, Berlin",Adopted 02/06/2022,,,0,,,,7,https://documents.ats.aq/recatt/att736_e.pdf,"[{""Title"":""Subject"",""Text"":""Revised standard Post Visit Report Form"",""Url"":null},{""Title"":""Status"",""Text"":""Adopted 02/06/2022"",""Url"":null},{""Title"":""Category"",""Text"":""Tourism and Non-Governmental Activities\n                                \nInformation exchange"",""Url"":null},{""Title"":""Topics"",""Text"":""- Post Visit Report Form\n                                - Tourism reporting"",""Url"":null},{""Title"":""Attachments"",""Text"":""Annex: Changes in standard Post Visit Report Form"",""Url"":""https://documents.ats.aq/recatt/att736_e.pdf""},{""Title"":""Relevant Final Report paragraph"",""Text"":""323"",""Url"":null},{""Title"":""Memo"",""Text"":""The updated version of the Standard Post Visit Report Form can be downloaded from https://documents.ats.aq/atcm44/ww/atcm44_ww021_e.xlsx"",""Url"":null}]",null,,
01/01/1958,01/01/2158,0,0,0,4,2,2,740,92,R1,1,2021,ATCM XLIII - CEP XXIII,Paris,SCAR Environmental Code of Conduct for Geosciences Field Research Activities in Antarctica,https://www.ats.aq/devAS/Meetings/Measure/740?s=1&iframe=1&from=01/01/1958&to=01/01/2158&cat=0&top=0&type=4&stat=0&txt=&curr=0,"Resolution 1 (2021) - ATCM XLIII - CEP XXIII, Paris",Adopted 24/06/2021,,,0,,,,6,https://documents.ats.aq/recatt/att704_e.pdf,"[{""Title"":""Subject"",""Text"":""SCAR Environmental Code of Conduct for Geosciences Field Research Activities in Antarctica"",""Url"":null},{""Title"":""Status"",""Text"":""Adopted 24/06/2021"",""Url"":null},{""Title"":""Category"",""Text"":""Environmental protection"",""Url"":null},{""Title"":""Topics"",""Text"":""- Code of Conduct\n                                - Geological specimens\n                                - SCAR (Scientific Committee on Antarctic Research)"",""Url"":null},{""Title"":""Attachments"",""Text"":""Annex: SCAR Environmental Code of Conduct for Geosciences Field Research Activities in Antarctica"",""Url"":""https://documents.ats.aq/recatt/att704_e.pdf""},{""Title"":""Relevant Final Report paragraph"",""Text"":""49"",""Url"":null}]",null,,
01/01/1958,01/01/2158,0,0,0,4,2,3,741,92,R2,2,2021,ATCM XLIII - CEP XXIII,Paris,"Revised Guide to the presentation of Working Papers containing proposals for Antarctic Specially Protected Areas, Antarctic Specially Managed Areas or Historic Sites and Monuments",https://www.ats.aq/devAS/Meetings/Measure/741?s=1&iframe=1&from=01/01/1958&to=01/01/2158&cat=0&top=0&type=4&stat=0&txt=&curr=0,"Resolution 2 (2021) - ATCM XLIII - CEP XXIII, Paris",Adopted 24/06/2021. No longer current: R 3 (2025),,,0,,,,6,https://documents.ats.aq/recatt/att705_e.pdf,"[{""Title"":""Subject"",""Text"":""Revised Guide to the presentation of Working Papers containing proposals for Antarctic Specially Protected Areas, Antarctic Specially Managed Areas or Historic Sites and Monuments"",""Url"":null},{""Title"":""Status"",""Text"":""Adopted 24/06/2021. No longer current: R 3 (2025)"",""Url"":null},{""Title"":""Category"",""Text"":""Area protection and management"",""Url"":null},{""Title"":""Topics"",""Text"":""- ASPAs (Antarctic Specially Protected Areas)\n                                - HSMs - general"",""Url"":null},{""Title"":""Attachments"",""Text"":""Annex: Revised Guide to the presentation of Working Papers containing proposals for ASPA, ASMA or HSM"",""Url"":""https://documents.ats.aq/recatt/att705_e.pdf""},{""Title"":""Relevant Final Report paragraph"",""Text"":""59"",""Url"":null}]",null,,
01/01/1958,01/01/2158,0,0,0,4,2,4,742,92,R3,3,2021,ATCM XLIII - CEP XXIII,Paris,Site Guidelines for Visitors,https://www.ats.aq/devAS/Meetings/Measure/742?s=1&iframe=1&from=01/01/1958&to=01/01/2158&cat=0&top=0&type=4&stat=0&txt=&curr=0,"Resolution 3 (2021) - ATCM XLIII - CEP XXIII, Paris",Adopted 24/06/2021. No longer current: R 2 (2022),,,0,,,,6,https://documents.ats.aq/recatt/att706_e.pdf,"[{""Title"":""Subject"",""Text"":""Site Guidelines for Visitors"",""Url"":null},{""Title"":""Status"",""Text"":""Adopted 24/06/2021. No longer current: R 2 (2022)"",""Url"":null},{""Title"":""Category"",""Text"":""Tourism and Non-Governmental Activities"",""Url"":null},{""Title"":""Topics"",""Text"":""- Cape Adare\n                                - Cape Evans\n                                - HSMs - general\n                                - Hut Point\n                                - Site Guidelines\n                                - Site Guidelines replacement\n                                - Tourism Management"",""Url"":null},{""Title"":""Attachments"",""Text"":""Annex: List of sites subject to Site Guidelines"",""Url"":""https://documents.ats.aq/recatt/att706_e.pdf""},{""Title"":""Relevant Final Report paragraph"",""Text"":""64"",""Url"":null}]",null,,
01/01/1958,01/01/2158,0,0,0,4,2,5,743,92,R4,4,2021,ATCM XLIII - CEP XXIII,Paris,General Guidelines and Site Guidelines Checklist for Visitors to the Antarctic,https://www.ats.aq/devAS/Meetings/Measure/743?s=1&iframe=1&from=01/01/1958&to=01/01/2158&cat=0&top=0&type=4&stat=0&txt=&curr=0,"Resolution 4 (2021) - ATCM XLIII - CEP XXIII, Paris",Adopted 24/06/2021,,,0,,,,7,https://documents.ats.aq/recatt/att707_e.pdf,"[{""Title"":""Subject"",""Text"":""General Guidelines and Site Guidelines Checklist for Visitors to the Antarctic"",""Url"":null},{""Title"":""Status"",""Text"":""Adopted 24/06/2021"",""Url"":null},{""Title"":""Category"",""Text"":""Tourism and Non-Governmental Activities"",""Url"":null},{""Title"":""Topics"",""Text"":""- Guidelines\n                                - Site Guidelines\n                                - Tourism Management\n                                - Tourism planning\n                                - Tourist landings\n                                - Visits to stations"",""Url"":null},{""Title"":""Attachments"",""Text"":""Annex 1:  General Guidelines for Visitors to the Antarctic\n                                        . Replaced by R2 (2024)\n                                \n                                    Annex 2:  Site Guidelines for Visitors Checklist"",""Url"":""https://documents.ats.aq/recatt/att707_e.pdf""},{""Title"":""Relevant Final Report paragraph"",""Text"":""65"",""Url"":null},{""Title"":""Memo"",""Text"":""The General Guidelines for Visitors attached to this Resolution have been revised only in English by Resolution 2 (2024) and included without changes as Annex to Resolution 4 (2025). The French and Spanish versions have been revised and adopted by Resolution 4 (2025). The Russian version has been included without changes as Annex to Resolution 4 (2025)."",""Url"":null}]",null,,
01/01/1958,01/01/2158,0,0,0,4,2,6,744,92,R5,5,2021,ATCM XLIII - CEP XXIII,Paris,Coronavirus Disease 2019 and Antarctica,https://www.ats.aq/devAS/Meetings/Measure/744?s=1&iframe=1&from=01/01/1958&to=01/01/2158&cat=0&top=0&type=4&stat=0&txt=&curr=0,"Resolution 5 (2021) - ATCM XLIII - CEP XXIII, Paris",Adopted 24/06/2021,,,0,,,,6,,"[{""Title"":""Subject"",""Text"":""Coronavirus Disease 2019 and Antarctica"",""Url"":null},{""Title"":""Status"",""Text"":""Adopted 24/06/2021"",""Url"":null},{""Title"":""Category"",""Text"":""Operational matters"",""Url"":null},{""Title"":""Topics"",""Text"":"""",""Url"":null},{""Title"":""Attachments"",""Text"":"""",""Url"":null},{""Title"":""Relevant Final Report paragraph"",""Text"":""98"",""Url"":null}]",null,,
01/01/1958,01/01/2158,0,0,0,4,2,7,745,92,R6,6,2021,ATCM XLIII - CEP XXIII,Paris,Air Safety in Antarctica,https://www.ats.aq/devAS/Meetings/Measure/745?s=1&iframe=1&from=01/01/1958&to=01/01/2158&cat=0&top=0&type=4&stat=0&txt=&curr=0,"Resolution 6 (2021) - ATCM XLIII - CEP XXIII, Paris",Adopted 24/06/2021. No longer current: R 3 (2022),,,0,,,,6,,"[{""Title"":""Subject"",""Text"":""Air Safety in Antarctica"",""Url"":null},{""Title"":""Status"",""Text"":""Adopted 24/06/2021. No longer current: R 3 (2022)"",""Url"":null},{""Title"":""Category"",""Text"":""Operational matters"",""Url"":null},{""Title"":""Topics"",""Text"":""- Air Safety"",""Url"":null},{""Title"":""Attachments"",""Text"":"""",""Url"":null},{""Title"":""Relevant Final Report paragraph"",""Text"":""159"",""Url"":null}]",null,,
01/01/1958,01/01/2158,0,0,0,4,2,8,746,92,R7,7,2021,ATCM XLIII - CEP XXIII,Paris,Earthquake Emergency Management System,https://www.ats.aq/devAS/Meetings/Measure/746?s=1&iframe=1&from=01/01/1958&to=01/01/2158&cat=0&top=0&type=4&stat=0&txt=&curr=0,"Resolution 7 (2021) - ATCM XLIII - CEP XXIII, Paris",Adopted 24/06/2021,,,0,,,,6,,"[{""Title"":""Subject"",""Text"":""Earthquake Emergency Management System"",""Url"":null},{""Title"":""Status"",""Text"":""Adopted 24/06/2021"",""Url"":null},{""Title"":""Category"",""Text"":""Operational matters"",""Url"":null},{""Title"":""Topics"",""Text"":"""",""Url"":null},{""Title"":""Attachments"",""Text"":"""",""Url"":null},{""Title"":""Relevant Final Report paragraph"",""Text"":""171"",""Url"":null}]",null,,
01/01/1958,01/01/2158,0,0,0,4,2,9,747,92,R8,8,2021,ATCM XLIII - CEP XXIII,Paris,Antarctica in a Changing Climate,https://www.ats.aq/devAS/Meetings/Measure/747?s=1&iframe=1&from=01/01/1958&to=01/01/2158&cat=0&top=0&type=4&stat=0&txt=&curr=0,"Resolution 8 (2021) - ATCM XLIII - CEP XXIII, Paris",Adopted 24/06/2021,,,0,,,,6,,"[{""Title"":""Subject"",""Text"":""Antarctica in a Changing Climate"",""Url"":null},{""Title"":""Status"",""Text"":""Adopted 24/06/2021"",""Url"":null},{""Title"":""Category"",""Text"":""Scientific cooperation"",""Url"":null},{""Title"":""Topics"",""Text"":""- Global change research"",""Url"":null},{""Title"":""Attachments"",""Text"":"""",""Url"":null},{""Title"":""Relevant Final Report paragraph"",""Text"":""205"",""Url"":null}]",null,,
01/01/1958,01/01/2158,0,0,0,4,2,10,748,92,R9,9,2021,ATCM XLIII - CEP XXIII,Paris,Voluntary on-board observer operational framework for vessel-based tourism in the Antarctic Treaty Area,https://www.ats.aq/devAS/Meetings/Measure/748?s=1&iframe=1&from=01/01/1958&to=01/01/2158&cat=0&top=0&type=4&stat=0&txt=&curr=0,"Resolution 9 (2021) - ATCM XLIII - CEP XXIII, Paris",Adopted 24/06/2021,,,0,,,,6,https://documents.ats.aq/recatt/att709_e.pdf,"[{""Title"":""Subject"",""Text"":""Voluntary on-board observer operational framework for vessel-based tourism in the Antarctic Treaty Area"",""Url"":null},{""Title"":""Status"",""Text"":""Adopted 24/06/2021"",""Url"":null},{""Title"":""Category"",""Text"":""Tourism and Non-Governmental Activities"",""Url"":null},{""Title"":""Topics"",""Text"":""- Tourism Management\n                                - Vessel-based activities"",""Url"":null},{""Title"":""Attachments"",""Text"":""Annex: Voluntary on-board observer operational framework for vessel-based tourism in the Antarctic Treaty Area"",""Url"":""https://documents.ats.aq/recatt/att709_e.pdf""},{""Title"":""Relevant Final Report paragraph"",""Text"":""237"",""Url"":null}]",null,,
01/01/1958,01/01/2158,0,0,0,4,2,11,749,92,R10,10,2021,ATCM XLIII - CEP XXIII,Paris,Post Visit Site Report Form for Tourism and Non-Governmental Activities in Antarctica,https://www.ats.aq/devAS/Meetings/Measure/749?s=1&iframe=1&from=01/01/1958&to=01/01/2158&cat=0&top=0&type=4&stat=0&txt=&curr=0,"Resolution 10 (2021) - ATCM XLIII - CEP XXIII, Paris",Adopted 24/06/2021,,,0,,,,7,https://documents.ats.aq/recatt/att710_e.pdf,"[{""Title"":""Subject"",""Text"":""Post Visit Site Report Form for Tourism and Non-Governmental Activities in Antarctica"",""Url"":null},{""Title"":""Status"",""Text"":""Adopted 24/06/2021"",""Url"":null},{""Title"":""Category"",""Text"":""Tourism and Non-Governmental Activities\n                                \nInformation exchange"",""Url"":null},{""Title"":""Topics"",""Text"":""- Post Visit Report Form\n                                - Tourism reporting"",""Url"":null},{""Title"":""Attachments"",""Text"":""Annex: Post-Visit Site Report Form\n                                        . Replaced by R6 (2022)"",""Url"":""https://documents.ats.aq/recatt/att710_e.pdf""},{""Title"":""Relevant Final Report paragraph"",""Text"":""251"",""Url"":null},{""Title"":""Memo"",""Text"":""The Post Visit Site Report Form annexed to this Resolution was amended by Resolution 6 (2022)"",""Url"":null}]",null,,
01/01/1958,01/01/2158,0,0,0,4,2,12,701,87,R1,1,2019,ATCM XLII - CEP XXII,Prague,Revised Antarctic Clean-Up Manual,https://www.ats.aq/devAS/Meetings/Measure/701?s=1&iframe=1&from=01/01/1958&to=01/01/2158&cat=0&top=0&type=4&stat=0&txt=&curr=0,"Resolution 1 (2019) - ATCM XLII - CEP XXII, Prague",Adopted 11/07/2019,,,0,,,,6,https://documents.ats.aq/recatt/att667_e.pdf,"[{""Title"":""Subject"",""Text"":""Revised Antarctic Clean-Up Manual"",""Url"":null},{""Title"":""Status"",""Text"":""Adopted 11/07/2019"",""Url"":null},{""Title"":""Category"",""Text"":""Waste disposal and management"",""Url"":null},{""Title"":""Topics"",""Text"":""- Annex III (Waste disposal)"",""Url"":null},{""Title"":""Attachments"",""Text"":""Antarctic Clean-Up Manual"",""Url"":""https://documents.ats.aq/recatt/att667_e.pdf""},{""Title"":""Relevant Final Report paragraph"",""Text"":""45"",""Url"":null}]",null,,
01/01/1958,01/01/2158,0,0,0,4,2,13,702,87,R2,2,2019,ATCM XLII - CEP XXII,Prague,Site Guidelines for Visitors,https://www.ats.aq/devAS/Meetings/Measure/702?s=1&iframe=1&from=01/01/1958&to=01/01/2158&cat=0&top=0&type=4&stat=0&txt=&curr=0,"Resolution 2 (2019) - ATCM XLII - CEP XXII, Prague",Adopted 11/07/2019. No longer current: R 3 (2021),,,0,,,,6,https://documents.ats.aq/recatt/att668_e.pdf,"[{""Title"":""Subject"",""Text"":""Site Guidelines for Visitors"",""Url"":null},{""Title"":""Status"",""Text"":""Adopted 11/07/2019. No longer current: R 3 (2021)"",""Url"":null},{""Title"":""Category"",""Text"":""Tourism and Non-Governmental Activities"",""Url"":null},{""Title"":""Topics"",""Text"":""- Half Moon Island\n                                - HSMs - general\n                                - Site Guidelines\n                                - Site Guidelines replacement\n                                - Snow Hill\n                                - Torgersen Island, Arthur Harbour, Southwest Anvers Island \n                                - Tourism Management\n                                - Yankee Harbour"",""Url"":null},{""Title"":""Attachments"",""Text"":""List of sites subject to Site Guidelines"",""Url"":""https://documents.ats.aq/recatt/att668_e.pdf""},{""Title"":""Relevant Final Report paragraph"",""Text"":""71"",""Url"":null}]",null,,
01/01/1958,01/01/2158,0,0,0,4,2,14,703,87,R3,3,2019,ATCM XLII - CEP XXII,Prague,Visitor Site Guidelines Assessment and Review Checklist,https://www.ats.aq/devAS/Meetings/Measure/703?s=1&iframe=1&from=01/01/1958&to=01/01/2158&cat=0&top=0&type=4&stat=0&txt=&curr=0,"Resolution 3 (2019) - ATCM XLII - CEP XXII, Prague",Adopted 11/07/2019. No longer current: R 4 (2021),,,0,,,,6,https://documents.ats.aq/recatt/att669_e.pdf,"[{""Title"":""Subject"",""Text"":""Visitor Site Guidelines Assessment and Review Checklist"",""Url"":null},{""Title"":""Status"",""Text"":""Adopted 11/07/2019. No longer current: R 4 (2021)"",""Url"":null},{""Title"":""Category"",""Text"":""Tourism and Non-Governmental Activities"",""Url"":null},{""Title"":""Topics"",""Text"":""- Site Guidelines\n                                - Tourism Management"",""Url"":null},{""Title"":""Attachments"",""Text"":""Site Guidelines for Visitors Checklist"",""Url"":""https://documents.ats.aq/recatt/att669_e.pdf""},{""Title"":""Relevant Final Report paragraph"",""Text"":""73"",""Url"":null}]",null,,
01/01/1958,01/01/2158,0,0,0,4,3,0,704,87,R4,4,2019,ATCM XLII - CEP XXII,Prague,Scientific Committee on Antarctic Research’s Code of Conduct for the Use of Animals for Scientific Purposes in Antarctica,https://www.ats.aq/devAS/Meetings/Measure/704?s=1&iframe=1&from=01/01/1958&to=01/01/2158&cat=0&top=0&type=4&stat=0&txt=&curr=0,"Resolution 4 (2019) - ATCM XLII - CEP XXII, Prague",Adopted 11/07/2019,,,0,,,,6,https://documents.ats.aq/recatt/att670_e.pdf,"[{""Title"":""Subject"",""Text"":""Scientific Committee on Antarctic Research’s Code of Conduct for the Use of Animals for Scientific Purposes in Antarctica"",""Url"":null},{""Title"":""Status"",""Text"":""Adopted 11/07/2019"",""Url"":null},{""Title"":""Category"",""Text"":""Fauna and flora"",""Url"":null},{""Title"":""Topics"",""Text"":""- Annex II (Flora and Fauna)\n                                - SCAR (Scientific Committee on Antarctic Research)"",""Url"":null},{""Title"":""Attachments"",""Text"":""SCAR’s Code of Conduct for the Use of Animals for Scientific Purposes in Antarctica"",""Url"":""https://documents.ats.aq/recatt/att670_e.pdf""},{""Title"":""Relevant Final Report paragraph"",""Text"":""89"",""Url"":null}]",null,,
01/01/1958,01/01/2158,0,0,0,4,3,1,705,87,R5,5,2019,ATCM XLII - CEP XXII,Prague,Reducing Plastic Pollution in Antarctica and the Southern Ocean,https://www.ats.aq/devAS/Meetings/Measure/705?s=1&iframe=1&from=01/01/1958&to=01/01/2158&cat=0&top=0&type=4&stat=0&txt=&curr=0,"Resolution 5 (2019) - ATCM XLII - CEP XXII, Prague",Adopted 11/07/2019,,,0,,,,6,,"[{""Title"":""Subject"",""Text"":""Reducing Plastic Pollution in Antarctica and the Southern Ocean"",""Url"":null},{""Title"":""Status"",""Text"":""Adopted 11/07/2019"",""Url"":null},{""Title"":""Category"",""Text"":""Environmental protection"",""Url"":null},{""Title"":""Topics"",""Text"":""- Annex III (Waste disposal)\n                                - Annex IV (Marine Pollution)"",""Url"":null},{""Title"":""Attachments"",""Text"":"""",""Url"":null},{""Title"":""Relevant Final Report paragraph"",""Text"":""96"",""Url"":null}]",null,,
01/01/1958,01/01/2158,0,0,0,4,3,2,706,87,R6,6,2019,ATCM XLII - CEP XXII,Prague,Hydrographic Mapping of Antarctic Waters,https://www.ats.aq/devAS/Meetings/Measure/706?s=1&iframe=1&from=01/01/1958&to=01/01/2158&cat=0&top=0&type=4&stat=0&txt=&curr=0,"Resolution 6 (2019) - ATCM XLII - CEP XXII, Prague",Adopted 11/07/2019,,,0,,,,6,,"[{""Title"":""Subject"",""Text"":""Hydrographic Mapping of Antarctic Waters"",""Url"":null},{""Title"":""Status"",""Text"":""Adopted 11/07/2019"",""Url"":null},{""Title"":""Category"",""Text"":""Scientific cooperation\n                                \nOperational matters"",""Url"":null},{""Title"":""Topics"",""Text"":""- Annex IV (Marine Pollution)\n                                - Hydrography\n                                - IHO (International Hydrographic Organization)\n                                - Shipping"",""Url"":null},{""Title"":""Attachments"",""Text"":"""",""Url"":null},{""Title"":""Relevant Final Report paragraph"",""Text"":""242"",""Url"":null}]",null,,
01/01/1958,01/01/2158,0,0,0,4,3,3,707,87,R7,7,2019,ATCM XLII - CEP XXII,Prague,SCAR’s Sixtieth Anniversary and the Role of SCAR in Providing Scientific Advice to Support the Work of the Antarctic Treaty System,https://www.ats.aq/devAS/Meetings/Measure/707?s=1&iframe=1&from=01/01/1958&to=01/01/2158&cat=0&top=0&type=4&stat=0&txt=&curr=0,"Resolution 7 (2019) - ATCM XLII - CEP XXII, Prague",Adopted 11/07/2019,,,0,,,,6,,"[{""Title"":""Subject"",""Text"":""SCAR’s Sixtieth Anniversary and the Role of SCAR in Providing Scientific Advice to Support the Work of the Antarctic Treaty System"",""Url"":null},{""Title"":""Status"",""Text"":""Adopted 11/07/2019"",""Url"":null},{""Title"":""Category"",""Text"":""Scientific cooperation"",""Url"":null},{""Title"":""Topics"",""Text"":""- SCAR (Scientific Committee on Antarctic Research)"",""Url"":null},{""Title"":""Attachments"",""Text"":"""",""Url"":null},{""Title"":""Relevant Final Report paragraph"",""Text"":""314"",""Url"":null}]",null,,
01/01/1958,01/01/2158,0,0,0,4,3,4,676,85,R1,1,2018,ATCM XLI - CEP XXI,Buenos Aires,Site Guidelines for visitors,https://www.ats.aq/devAS/Meetings/Measure/676?s=1&iframe=1&from=01/01/1958&to=01/01/2158&cat=0&top=0&type=4&stat=0&txt=&curr=0,"Resolution 1 (2018) - ATCM XLI - CEP XXI, Buenos Aires",Adopted 18/05/2018. No longer current: R 2 (2019),,,0,,,,6,https://documents.ats.aq/recatt/att642_e.pdf,"[{""Title"":""Subject"",""Text"":""Site Guidelines for visitors"",""Url"":null},{""Title"":""Status"",""Text"":""Adopted 18/05/2018. No longer current: R 2 (2019)"",""Url"":null},{""Title"":""Category"",""Text"":""Tourism and Non-Governmental Activities"",""Url"":null},{""Title"":""Topics"",""Text"":""- Astrolabe Island\n                                - Georges Point, Rongé Island\n                                - HSMs - general\n                                - Portal Point\n                                - Site Guidelines\n                                - Site Guidelines replacement\n                                - Tourism Management"",""Url"":null},{""Title"":""Attachments"",""Text"":""Annex: List of Sites Subject to Site Guidelines"",""Url"":""https://documents.ats.aq/recatt/att642_e.pdf""},{""Title"":""Relevant Final Report paragraph"",""Text"":""109"",""Url"":null}]",null,,
01/01/1958,01/01/2158,0,0,0,4,3,5,677,85,R2,2,2018,ATCM XLI - CEP XXI,Buenos Aires,Guidelines for the assessment and management of Heritage in Antarctica,https://www.ats.aq/devAS/Meetings/Measure/677?s=1&iframe=1&from=01/01/1958&to=01/01/2158&cat=0&top=0&type=4&stat=0&txt=&curr=0,"Resolution 2 (2018) - ATCM XLI - CEP XXI, Buenos Aires",Adopted 18/05/2018. No longer current: R 1 (2022),,,0,,,,6,https://documents.ats.aq/recatt/att643_e.pdf,"[{""Title"":""Subject"",""Text"":""Guidelines for the assessment and management of Heritage in Antarctica"",""Url"":null},{""Title"":""Status"",""Text"":""Adopted 18/05/2018. No longer current: R 1 (2022)"",""Url"":null},{""Title"":""Category"",""Text"":""Area protection and management"",""Url"":null},{""Title"":""Topics"",""Text"":""- Guidelines\n                                - HSMs - general"",""Url"":null},{""Title"":""Attachments"",""Text"":""Annex: Guidelines for the assessment and management of Heritage in Antarctica"",""Url"":""https://documents.ats.aq/recatt/att643_e.pdf""},{""Title"":""Relevant Final Report paragraph"",""Text"":""117"",""Url"":null}]",null,,
01/01/1958,01/01/2158,0,0,0,4,3,6,678,85,R3,3,2018,ATCM XLI - CEP XXI,Buenos Aires,"Revised Guide to the presentation of Working Papers containing proposals for Antarctic Specially Protected Areas, Antarctic Specially Managed Areas or Historic Sites and Monuments",https://www.ats.aq/devAS/Meetings/Measure/678?s=1&iframe=1&from=01/01/1958&to=01/01/2158&cat=0&top=0&type=4&stat=0&txt=&curr=0,"Resolution 3 (2018) - ATCM XLI - CEP XXI, Buenos Aires",Adopted 18/05/2018. No longer current: R 2 (2021),,,0,,,,6,https://documents.ats.aq/recatt/att644_e.pdf,"[{""Title"":""Subject"",""Text"":""Revised Guide to the presentation of Working Papers containing proposals for Antarctic Specially Protected Areas, Antarctic Specially Managed Areas or Historic Sites and Monuments"",""Url"":null},{""Title"":""Status"",""Text"":""Adopted 18/05/2018. No longer current: R 2 (2021)"",""Url"":null},{""Title"":""Category"",""Text"":""Area protection and management"",""Url"":null},{""Title"":""Topics"",""Text"":""- Guidelines"",""Url"":null},{""Title"":""Attachments"",""Text"":""Annex: Revised Guide to the presentation of Working Papers containing proposals for ASPA, ASMA and HSM"",""Url"":""https://documents.ats.aq/recatt/att644_e.pdf""},{""Title"":""Relevant Final Report paragraph"",""Text"":""117"",""Url"":null}]",null,,
01/01/1958,01/01/2158,0,0,0,4,3,7,679,85,R4,4,2018,ATCM XLI - CEP XXI,Buenos Aires,Environmental Guidelines for operation of Remotely Piloted Aircraft Systems (RPAS) in Antarctica,https://www.ats.aq/devAS/Meetings/Measure/679?s=1&iframe=1&from=01/01/1958&to=01/01/2158&cat=0&top=0&type=4&stat=0&txt=&curr=0,"Resolution 4 (2018) - ATCM XLI - CEP XXI, Buenos Aires",Adopted 18/05/2018,,,0,,,,6,https://documents.ats.aq/recatt/att645_e.pdf,"[{""Title"":""Subject"",""Text"":""Environmental Guidelines for operation of Remotely Piloted Aircraft Systems (RPAS) in Antarctica"",""Url"":null},{""Title"":""Status"",""Text"":""Adopted 18/05/2018"",""Url"":null},{""Title"":""Category"",""Text"":""Environmental protection"",""Url"":null},{""Title"":""Topics"",""Text"":""- Guidelines"",""Url"":null},{""Title"":""Attachments"",""Text"":""Annex: Environmental Guidelines for Operation of RPAS in Antarctica"",""Url"":""https://documents.ats.aq/recatt/att645_e.pdf""},{""Title"":""Relevant Final Report paragraph"",""Text"":""123"",""Url"":null}]",null,,
01/01/1958,01/01/2158,0,0,0,4,3,8,680,85,R5,5,2018,ATCM XLI - CEP XXI,Buenos Aires,SCAR’s Environmental Code of Conduct for Terrestrial Scientific Field Research in Antarctica,https://www.ats.aq/devAS/Meetings/Measure/680?s=1&iframe=1&from=01/01/1958&to=01/01/2158&cat=0&top=0&type=4&stat=0&txt=&curr=0,"Resolution 5 (2018) - ATCM XLI - CEP XXI, Buenos Aires",Adopted 18/05/2018,,,0,,,,6,https://documents.ats.aq/recatt/att646_e.pdf,"[{""Title"":""Subject"",""Text"":""SCAR’s Environmental Code of Conduct for Terrestrial Scientific Field Research in Antarctica"",""Url"":null},{""Title"":""Status"",""Text"":""Adopted 18/05/2018"",""Url"":null},{""Title"":""Category"",""Text"":""Scientific cooperation"",""Url"":null},{""Title"":""Topics"",""Text"":""- Code of Conduct\n                                - Research plans\n                                - SCAR (Scientific Committee on Antarctic Research)"",""Url"":null},{""Title"":""Attachments"",""Text"":""Annex: SCAR’s Environmental Code of Conduct for Terrestrial Scientific Field Research in Antarctica"",""Url"":""https://documents.ats.aq/recatt/att646_e.pdf""},{""Title"":""Relevant Final Report paragraph"",""Text"":""126"",""Url"":null}]",null,,
01/01/1958,01/01/2158,0,0,0,4,3,9,659,82,R1,1,2017,ATCM XL - CEP XX,Beijing,Guidance Material for Antarctic Specially Managed Area (ASMA) designations,https://www.ats.aq/devAS/Meetings/Measure/659?s=1&iframe=1&from=01/01/1958&to=01/01/2158&cat=0&top=0&type=4&stat=0&txt=&curr=0,"Resolution 1 (2017) - ATCM XL - CEP XX, Beijing",Adopted 01/06/2017,,,0,,,,6,https://documents.ats.aq/recatt/att625_e.pdf,"[{""Title"":""Subject"",""Text"":""Guidance Material for Antarctic Specially Managed Area (ASMA) designations"",""Url"":null},{""Title"":""Status"",""Text"":""Adopted 01/06/2017"",""Url"":null},{""Title"":""Category"",""Text"":""Area protection and management"",""Url"":null},{""Title"":""Topics"",""Text"":""- ASMAs (Antarctic Specially Managed Areas)"",""Url"":null},{""Title"":""Attachments"",""Text"":""Annex A: Guidance for assessing an area for a potential ASMA designation\n                                \n                                    Annex B: Guidelines for the preparation of ASMA Management Plans"",""Url"":""https://documents.ats.aq/recatt/att625_e.pdf""},{""Title"":""Relevant Final Report paragraph"",""Text"":""64"",""Url"":null}]",null,,
01/01/1958,01/01/2158,0,0,0,4,3,10,660,82,R2,2,2017,ATCM XL - CEP XX,Beijing,SCAR’s Code of Conduct for the Exploration and Research of Subglacial Aquatic Environments,https://www.ats.aq/devAS/Meetings/Measure/660?s=1&iframe=1&from=01/01/1958&to=01/01/2158&cat=0&top=0&type=4&stat=0&txt=&curr=0,"Resolution 2 (2017) - ATCM XL - CEP XX, Beijing",Adopted 01/06/2017,,,0,,,,6,https://documents.ats.aq/recatt/att627_e.pdf,"[{""Title"":""Subject"",""Text"":""SCAR’s Code of Conduct for the Exploration and Research of Subglacial Aquatic Environments"",""Url"":null},{""Title"":""Status"",""Text"":""Adopted 01/06/2017"",""Url"":null},{""Title"":""Category"",""Text"":""Environmental protection"",""Url"":null},{""Title"":""Topics"",""Text"":""- Code of Conduct\n                                - IEE (Initial Environmental Evaluation)\n                                - Research plans\n                                - SCAR (Scientific Committee on Antarctic Research)"",""Url"":null},{""Title"":""Attachments"",""Text"":""Annex: SCAR’s Code of Conduct for the Exploration and Research of Subglacial Aquatic Environments"",""Url"":""https://documents.ats.aq/recatt/att627_e.pdf""},{""Title"":""Relevant Final Report paragraph"",""Text"":""66"",""Url"":null}]",null,,
01/01/1958,01/01/2158,0,0,0,4,3,11,661,82,R3,3,2017,ATCM XL - CEP XX,Beijing,Revised Antarctic Conservation Biogeographic Regions,https://www.ats.aq/devAS/Meetings/Measure/661?s=1&iframe=1&from=01/01/1958&to=01/01/2158&cat=0&top=0&type=4&stat=0&txt=&curr=0,"Resolution 3 (2017) - ATCM XL - CEP XX, Beijing",Adopted 01/06/2017,,,0,,,,6,https://documents.ats.aq/recatt/att628_e.pdf,"[{""Title"":""Subject"",""Text"":""Revised Antarctic Conservation Biogeographic Regions"",""Url"":null},{""Title"":""Status"",""Text"":""Adopted 01/06/2017"",""Url"":null},{""Title"":""Category"",""Text"":""Area protection and management"",""Url"":null},{""Title"":""Topics"",""Text"":""- ASMAs (Antarctic Specially Managed Areas)\n                                - ASPAs (Antarctic Specially Protected Areas)"",""Url"":null},{""Title"":""Attachments"",""Text"":""Annex: Antarctic Conservation Biogeographic Regions (Version 2)"",""Url"":""https://documents.ats.aq/recatt/att628_e.pdf""},{""Title"":""Relevant Final Report paragraph"",""Text"":""69"",""Url"":null}]",null,,
01/01/1958,01/01/2158,0,0,0,4,3,12,662,82,R4,4,2017,ATCM XL - CEP XX,Beijing,Green Expedition in the Antarctic,https://www.ats.aq/devAS/Meetings/Measure/662?s=1&iframe=1&from=01/01/1958&to=01/01/2158&cat=0&top=0&type=4&stat=0&txt=&curr=0,"Resolution 4 (2017) - ATCM XL - CEP XX, Beijing",Adopted 01/06/2017,,,0,,,,6,,"[{""Title"":""Subject"",""Text"":""Green Expedition in the Antarctic"",""Url"":null},{""Title"":""Status"",""Text"":""Adopted 01/06/2017"",""Url"":null},{""Title"":""Category"",""Text"":""Environmental protection"",""Url"":null},{""Title"":""Topics"",""Text"":""- Expeditions\n                                - Research plans"",""Url"":null},{""Title"":""Attachments"",""Text"":"""",""Url"":null},{""Title"":""Relevant Final Report paragraph"",""Text"":""85"",""Url"":null}]",null,,
01/01/1958,01/01/2158,0,0,0,4,3,13,663,82,R5,5,2017,ATCM XL - CEP XX,Beijing,Establishment of the Ross Sea Region Marine Protected Area,https://www.ats.aq/devAS/Meetings/Measure/663?s=1&iframe=1&from=01/01/1958&to=01/01/2158&cat=0&top=0&type=4&stat=0&txt=&curr=0,"Resolution 5 (2017) - ATCM XL - CEP XX, Beijing",Adopted 01/06/2017,,,0,,,,6,,"[{""Title"":""Subject"",""Text"":""Establishment of the Ross Sea Region Marine Protected Area"",""Url"":null},{""Title"":""Status"",""Text"":""Adopted 01/06/2017"",""Url"":null},{""Title"":""Category"",""Text"":""Marine living resources"",""Url"":null},{""Title"":""Topics"",""Text"":""- Marine Protected Areas"",""Url"":null},{""Title"":""Attachments"",""Text"":"""",""Url"":null},{""Title"":""Relevant Final Report paragraph"",""Text"":""104"",""Url"":null}]",null,,
01/01/1958,01/01/2158,0,0,0,4,3,14,664,82,R6,6,2017,ATCM XL - CEP XX,Beijing,"Guidelines on Contingency Planning, Insurance and Other Matters for Tourist and Other Non-Governmental Activities in the Antarctic Treaty Area",https://www.ats.aq/devAS/Meetings/Measure/664?s=1&iframe=1&from=01/01/1958&to=01/01/2158&cat=0&top=0&type=4&stat=0&txt=&curr=0,"Resolution 6 (2017) - ATCM XL - CEP XX, Beijing",Adopted 01/06/2017,,,0,,,,6,https://documents.ats.aq/recatt/att629_e.pdf,"[{""Title"":""Subject"",""Text"":""Guidelines on Contingency Planning, Insurance and Other Matters for Tourist and Other Non-Governmental Activities in the Antarctic Treaty Area"",""Url"":null},{""Title"":""Status"",""Text"":""Adopted 01/06/2017"",""Url"":null},{""Title"":""Category"",""Text"":""Tourism and Non-Governmental Activities"",""Url"":null},{""Title"":""Topics"",""Text"":""- Contingency plans\n                                - Guidelines\n                                - IMO (International Maritime Organisation)\n                                - Insurance\n                                - Safety issues\n                                - Search and Rescue (SAR)\n                                - Tourism planning\n                                - Vessel-based activities"",""Url"":null},{""Title"":""Attachments"",""Text"":""Annex: Guidelines on Contingency Planning, Insurance and Other Matters for Tourist and Other Non-Governmental Activities in the Antarctic Treaty Area"",""Url"":""https://documents.ats.aq/recatt/att629_e.pdf""},{""Title"":""Relevant Final Report paragraph"",""Text"":""377"",""Url"":null}]",null,,
01/01/1958,01/01/2158,0,0,0,4,4,0,637,81,R1,1,2016,ATCM XXXIX - CEP XIX,Santiago,Revised Guidelines for Environmental Impact Assessment in Antarctica,https://www.ats.aq/devAS/Meetings/Measure/637?s=1&iframe=1&from=01/01/1958&to=01/01/2158&cat=0&top=0&type=4&stat=0&txt=&curr=0,"Resolution 1 (2016) - ATCM XXXIX - CEP XIX, Santiago",Adopted 01/06/2016,,,0,,,,6,https://documents.ats.aq/recatt/att605_e.pdf,"[{""Title"":""Subject"",""Text"":""Revised Guidelines for Environmental Impact Assessment in Antarctica"",""Url"":null},{""Title"":""Status"",""Text"":""Adopted 01/06/2016"",""Url"":null},{""Title"":""Category"",""Text"":""Environmental impact assessment"",""Url"":null},{""Title"":""Topics"",""Text"":""- Environment Protocol\n                                - Guidelines"",""Url"":null},{""Title"":""Attachments"",""Text"":""Annex: Revised Guidelines for Environmental Impact Assessment in Antarctica"",""Url"":""https://documents.ats.aq/recatt/att605_e.pdf""},{""Title"":""Relevant Final Report paragraph"",""Text"":""59"",""Url"":null}]",null,,
01/01/1958,01/01/2158,0,0,0,4,4,1,638,81,R2,2,2016,ATCM XXXIX - CEP XIX,Santiago,Site Guidelines for visitors,https://www.ats.aq/devAS/Meetings/Measure/638?s=1&iframe=1&from=01/01/1958&to=01/01/2158&cat=0&top=0&type=4&stat=0&txt=&curr=0,"Resolution 2 (2016) - ATCM XXXIX - CEP XIX, Santiago",Adopted 01/06/2016. No longer current: R 1 (2018),,,0,,,,6,https://documents.ats.aq/recatt/att606_e.pdf,"[{""Title"":""Subject"",""Text"":""Site Guidelines for visitors"",""Url"":null},{""Title"":""Status"",""Text"":""Adopted 01/06/2016. No longer current: R 1 (2018)"",""Url"":null},{""Title"":""Category"",""Text"":""Tourism and Non-Governmental Activities"",""Url"":null},{""Title"":""Topics"",""Text"":""- Point Wild, Elephant Island\n                                - Site Guidelines\n                                - Tourism Management\n                                - Yalour Islands, Wilhelm Archipelago"",""Url"":null},{""Title"":""Attachments"",""Text"":""Annex: List of Sites Subject to Site Guidelines"",""Url"":""https://documents.ats.aq/recatt/att606_e.pdf""},{""Title"":""Relevant Final Report paragraph"",""Text"":""76"",""Url"":null}]",null,,
01/01/1958,01/01/2158,0,0,0,4,4,2,639,81,R3,3,2016,ATCM XXXIX - CEP XIX,Santiago,Code of Conduct for Activity within Terrestrial Geothermal Environments in Antarctica,https://www.ats.aq/devAS/Meetings/Measure/639?s=1&iframe=1&from=01/01/1958&to=01/01/2158&cat=0&top=0&type=4&stat=0&txt=&curr=0,"Resolution 3 (2016) - ATCM XXXIX - CEP XIX, Santiago",Adopted 01/06/2016,,,0,,,,6,https://documents.ats.aq/recatt/att607_e.pdf,"[{""Title"":""Subject"",""Text"":""Code of Conduct for Activity within Terrestrial Geothermal Environments in Antarctica"",""Url"":null},{""Title"":""Status"",""Text"":""Adopted 01/06/2016"",""Url"":null},{""Title"":""Category"",""Text"":""Environmental impact assessment"",""Url"":null},{""Title"":""Topics"",""Text"":""- Code of Conduct\n                                - Geothermal Environments"",""Url"":null},{""Title"":""Attachments"",""Text"":""Annex: SCAR Code of Conduct for Activity within Terrestrial Geothermal Environments in Antarctica"",""Url"":""https://documents.ats.aq/recatt/att607_e.pdf""},{""Title"":""Relevant Final Report paragraph"",""Text"":""79"",""Url"":null}]",null,,
01/01/1958,01/01/2158,0,0,0,4,4,3,640,81,R4,4,2016,ATCM XXXIX - CEP XIX,Santiago,Non-native Species Manual,https://www.ats.aq/devAS/Meetings/Measure/640?s=1&iframe=1&from=01/01/1958&to=01/01/2158&cat=0&top=0&type=4&stat=0&txt=&curr=0,"Resolution 4 (2016) - ATCM XXXIX - CEP XIX, Santiago",Adopted 01/06/2016,,,0,,,,7,https://documents.ats.aq/recatt/att608_e.pdf,"[{""Title"":""Subject"",""Text"":""Non-native Species Manual"",""Url"":null},{""Title"":""Status"",""Text"":""Adopted 01/06/2016"",""Url"":null},{""Title"":""Category"",""Text"":""Fauna and flora\n                                \nEnvironmental protection"",""Url"":null},{""Title"":""Topics"",""Text"":""- Alien species\n                                - Guidelines"",""Url"":null},{""Title"":""Attachments"",""Text"":""Annex: Non-native Species Manual"",""Url"":""https://documents.ats.aq/recatt/att608_e.pdf""},{""Title"":""Relevant Final Report paragraph"",""Text"":""84"",""Url"":null},{""Title"":""Memo"",""Text"":""Latest update of the Manual: paragraph 193 CEP XXII Report (2019)"",""Url"":null}]",null,,
01/01/1958,01/01/2158,0,0,0,4,4,4,641,81,R5,5,2016,ATCM XXXIX - CEP XIX,Santiago,"Revised Guide to the presentation of Working Papers containing proposals for Antarctic Specially Protected Areas, Antarctic Specially Managed Areas or Historic Sites and Monuments",https://www.ats.aq/devAS/Meetings/Measure/641?s=1&iframe=1&from=01/01/1958&to=01/01/2158&cat=0&top=0&type=4&stat=0&txt=&curr=0,"Resolution 5 (2016) - ATCM XXXIX - CEP XIX, Santiago",Adopted 01/06/2016. No longer current: R 3 (2018),,,0,,,,6,https://documents.ats.aq/recatt/att609_e.pdf,"[{""Title"":""Subject"",""Text"":""Revised Guide to the presentation of Working Papers containing proposals for Antarctic Specially Protected Areas, Antarctic Specially Managed Areas or Historic Sites and Monuments"",""Url"":null},{""Title"":""Status"",""Text"":""Adopted 01/06/2016. No longer current: R 3 (2018)"",""Url"":null},{""Title"":""Category"",""Text"":""Area protection and management\n                                \nGeneral matters"",""Url"":null},{""Title"":""Topics"",""Text"":""- ASMAs (Antarctic Specially Managed Areas)\n                                - ASPAs (Antarctic Specially Protected Areas)\n                                - Guidelines\n                                - HSMs - general"",""Url"":null},{""Title"":""Attachments"",""Text"":""Annex: Guide to the presentation of Working Papers containing proposals for Antarctic Specially Protected Areas, Antarctic Specially Managed Areas or Historic Sites and Monuments"",""Url"":""https://documents.ats.aq/recatt/att609_e.pdf""},{""Title"":""Relevant Final Report paragraph"",""Text"":""100"",""Url"":null}]",null,,
01/01/1958,01/01/2158,0,0,0,4,4,5,642,81,R6,6,2016,ATCM XXXIX - CEP XIX,Santiago,"Confirming ongoing commitment to the prohibition on Antarctic mineral resource activities, other than for scientific research; support for the Antarctic Mining Ban",https://www.ats.aq/devAS/Meetings/Measure/642?s=1&iframe=1&from=01/01/1958&to=01/01/2158&cat=0&top=0&type=4&stat=0&txt=&curr=0,"Resolution 6 (2016) - ATCM XXXIX - CEP XIX, Santiago",Adopted 01/06/2016,,,0,,,,6,,"[{""Title"":""Subject"",""Text"":""Confirming ongoing commitment to the prohibition on Antarctic mineral resource activities, other than for scientific research; support for the Antarctic Mining Ban"",""Url"":null},{""Title"":""Status"",""Text"":""Adopted 01/06/2016"",""Url"":null},{""Title"":""Category"",""Text"":""Environmental protection\n                                \nMineral resources"",""Url"":null},{""Title"":""Topics"",""Text"":""- Environment Protocol\n                                - Mineral exploration"",""Url"":null},{""Title"":""Attachments"",""Text"":"""",""Url"":null},{""Title"":""Relevant Final Report paragraph"",""Text"":""110"",""Url"":null}]",null,,
01/01/1958,01/01/2158,0,0,0,4,4,6,612,80,R1,1,2015,ATCM XXXVIII - CEP XVIII,Sofia,Cooperative Air Transport System,https://www.ats.aq/devAS/Meetings/Measure/612?s=1&iframe=1&from=01/01/1958&to=01/01/2158&cat=0&top=0&type=4&stat=0&txt=&curr=0,"Resolution 1 (2015) - ATCM XXXVIII - CEP XVIII, Sofia",Adopted 10/06/2015,,,0,,,,6,,"[{""Title"":""Subject"",""Text"":""Cooperative Air Transport System"",""Url"":null},{""Title"":""Status"",""Text"":""Adopted 10/06/2015"",""Url"":null},{""Title"":""Category"",""Text"":""Operational matters"",""Url"":null},{""Title"":""Topics"",""Text"":""- Air Transport\n                                - Logistics"",""Url"":null},{""Title"":""Attachments"",""Text"":"""",""Url"":null},{""Title"":""Relevant Final Report paragraph"",""Text"":""91"",""Url"":null}]",null,,
01/01/1958,01/01/2158,0,0,0,4,4,7,613,80,R2,2,2015,ATCM XXXVIII - CEP XVIII,Sofia,Antarctic Information and Telecommunications Technology Systems,https://www.ats.aq/devAS/Meetings/Measure/613?s=1&iframe=1&from=01/01/1958&to=01/01/2158&cat=0&top=0&type=4&stat=0&txt=&curr=0,"Resolution 2 (2015) - ATCM XXXVIII - CEP XVIII, Sofia",Adopted 10/06/2015,,,0,,,,6,,"[{""Title"":""Subject"",""Text"":""Antarctic Information and Telecommunications Technology Systems"",""Url"":null},{""Title"":""Status"",""Text"":""Adopted 10/06/2015"",""Url"":null},{""Title"":""Category"",""Text"":""Operational matters"",""Url"":null},{""Title"":""Topics"",""Text"":""- Telecommunication"",""Url"":null},{""Title"":""Attachments"",""Text"":"""",""Url"":null},{""Title"":""Relevant Final Report paragraph"",""Text"":""92"",""Url"":null}]",null,,
01/01/1958,01/01/2158,0,0,0,4,4,8,614,80,R3,3,2015,ATCM XXXVIII - CEP XVIII,Sofia,The Antarctic Environments Portal,https://www.ats.aq/devAS/Meetings/Measure/614?s=1&iframe=1&from=01/01/1958&to=01/01/2158&cat=0&top=0&type=4&stat=0&txt=&curr=0,"Resolution 3 (2015) - ATCM XXXVIII - CEP XVIII, Sofia",Adopted 10/06/2015,,,0,,,,6,,"[{""Title"":""Subject"",""Text"":""The Antarctic Environments Portal"",""Url"":null},{""Title"":""Status"",""Text"":""Adopted 10/06/2015"",""Url"":null},{""Title"":""Category"",""Text"":""Environmental protection"",""Url"":null},{""Title"":""Topics"",""Text"":""- CEP (Committee for Environmental Protection)\n                                - SCAR (Scientific Committee on Antarctic Research)"",""Url"":null},{""Title"":""Attachments"",""Text"":"""",""Url"":null},{""Title"":""Relevant Final Report paragraph"",""Text"":""112"",""Url"":null}]",null,,
01/01/1958,01/01/2158,0,0,0,4,4,9,615,80,R4,4,2015,ATCM XXXVIII - CEP XVIII,Sofia,Committee for Environmental Protection Climate Change Response Work Programme,https://www.ats.aq/devAS/Meetings/Measure/615?s=1&iframe=1&from=01/01/1958&to=01/01/2158&cat=0&top=0&type=4&stat=0&txt=&curr=0,"Resolution 4 (2015) - ATCM XXXVIII - CEP XVIII, Sofia",Adopted 10/06/2015,,,0,,,,6,,"[{""Title"":""Subject"",""Text"":""Committee for Environmental Protection Climate Change Response Work Programme"",""Url"":null},{""Title"":""Status"",""Text"":""Adopted 10/06/2015"",""Url"":null},{""Title"":""Category"",""Text"":""Scientific cooperation"",""Url"":null},{""Title"":""Topics"",""Text"":""- CEP (Committee for Environmental Protection)\n                                - Global change research\n                                - SCAR (Scientific Committee on Antarctic Research)"",""Url"":null},{""Title"":""Attachments"",""Text"":"""",""Url"":null},{""Title"":""Relevant Final Report paragraph"",""Text"":""128"",""Url"":null}]",null,,
01/01/1958,01/01/2158,0,0,0,4,4,10,616,80,R5,5,2015,ATCM XXXVIII - CEP XVIII,Sofia,Important Bird Areas in Antarctica,https://www.ats.aq/devAS/Meetings/Measure/616?s=1&iframe=1&from=01/01/1958&to=01/01/2158&cat=0&top=0&type=4&stat=0&txt=&curr=0,"Resolution 5 (2015) - ATCM XXXVIII - CEP XVIII, Sofia",Adopted 10/06/2015,,,0,,,,6,,"[{""Title"":""Subject"",""Text"":""Important Bird Areas in Antarctica"",""Url"":null},{""Title"":""Status"",""Text"":""Adopted 10/06/2015"",""Url"":null},{""Title"":""Category"",""Text"":""Environmental protection"",""Url"":null},{""Title"":""Topics"",""Text"":""- ACAP (Agreement on Conservation of Albatrosses and Petrels)\n                                - Annex II (Flora and Fauna)\n                                - Annex V (Area Protection and Management)\n                                - Birds\n                                - Environmental monitoring"",""Url"":null},{""Title"":""Attachments"",""Text"":"""",""Url"":null},{""Title"":""Relevant Final Report paragraph"",""Text"":""161"",""Url"":null}]",null,,
01/01/1958,01/01/2158,0,0,0,4,4,11,617,80,R6,6,2015,ATCM XXXVIII - CEP XVIII,Sofia,The role of Antarctica in global climate processes,https://www.ats.aq/devAS/Meetings/Measure/617?s=1&iframe=1&from=01/01/1958&to=01/01/2158&cat=0&top=0&type=4&stat=0&txt=&curr=0,"Resolution 6 (2015) - ATCM XXXVIII - CEP XVIII, Sofia",Adopted 10/06/2015,,,0,,,,6,,"[{""Title"":""Subject"",""Text"":""The role of Antarctica in global climate processes"",""Url"":null},{""Title"":""Status"",""Text"":""Adopted 10/06/2015"",""Url"":null},{""Title"":""Category"",""Text"":""Scientific cooperation"",""Url"":null},{""Title"":""Topics"",""Text"":""- Global change research\n                                - SCAR (Scientific Committee on Antarctic Research)"",""Url"":null},{""Title"":""Attachments"",""Text"":"""",""Url"":null},{""Title"":""Relevant Final Report paragraph"",""Text"":""333"",""Url"":null}]",null,,
01/01/1958,01/01/2158,0,0,0,4,4,12,580,79,R1,1,2014,ATCM XXXVII - CEP XVII,Brasilia,Fuel Storage and Handling,https://www.ats.aq/devAS/Meetings/Measure/580?s=1&iframe=1&from=01/01/1958&to=01/01/2158&cat=0&top=0&type=4&stat=0&txt=&curr=0,"Resolution 1 (2014) - ATCM XXXVII - CEP XVII, Brasilia",Adopted 07/05/2014,,,0,,,,6,,"[{""Title"":""Subject"",""Text"":""Fuel Storage and Handling"",""Url"":null},{""Title"":""Status"",""Text"":""Adopted 07/05/2014"",""Url"":null},{""Title"":""Category"",""Text"":""Environmental protection\n                                \nOperational matters"",""Url"":null},{""Title"":""Topics"",""Text"":""- Contingency plans\n                                - Fuel storage and handling\n                                - Oil contamination"",""Url"":null},{""Title"":""Attachments"",""Text"":"""",""Url"":null},{""Title"":""Relevant Final Report paragraph"",""Text"":""63"",""Url"":null}]",null,,
01/01/1958,01/01/2158,0,0,0,4,4,13,581,79,R2,2,2014,ATCM XXXVII - CEP XVII,Brasilia,"Cooperation, Facilitation, and Exchange of Meteorological and Related Oceanographic and Cryospheric Environmental Information",https://www.ats.aq/devAS/Meetings/Measure/581?s=1&iframe=1&from=01/01/1958&to=01/01/2158&cat=0&top=0&type=4&stat=0&txt=&curr=0,"Resolution 2 (2014) - ATCM XXXVII - CEP XVII, Brasilia",Adopted 07/05/2014,,,0,,,,6,,"[{""Title"":""Subject"",""Text"":""Cooperation, Facilitation, and Exchange of Meteorological and Related Oceanographic and Cryospheric Environmental Information"",""Url"":null},{""Title"":""Status"",""Text"":""Adopted 07/05/2014"",""Url"":null},{""Title"":""Category"",""Text"":""Scientific cooperation"",""Url"":null},{""Title"":""Topics"",""Text"":""- Meteorology\n                                - Oceanography\n                                - WMO (World Meteorological Organisation)"",""Url"":null},{""Title"":""Attachments"",""Text"":"""",""Url"":null},{""Title"":""Relevant Final Report paragraph"",""Text"":""64"",""Url"":null}]",null,,
01/01/1958,01/01/2158,0,0,0,4,4,14,582,79,R3,3,2014,ATCM XXXVII - CEP XVII,Brasilia,Supporting the Polar Code,https://www.ats.aq/devAS/Meetings/Measure/582?s=1&iframe=1&from=01/01/1958&to=01/01/2158&cat=0&top=0&type=4&stat=0&txt=&curr=0,"Resolution 3 (2014) - ATCM XXXVII - CEP XVII, Brasilia",Adopted 07/05/2014,,,0,,,,6,,"[{""Title"":""Subject"",""Text"":""Supporting the Polar Code"",""Url"":null},{""Title"":""Status"",""Text"":""Adopted 07/05/2014"",""Url"":null},{""Title"":""Category"",""Text"":""Operational matters"",""Url"":null},{""Title"":""Topics"",""Text"":""- IMO (International Maritime Organisation)\n                                - Polar Shipping Code\n                                - Shipping"",""Url"":null},{""Title"":""Attachments"",""Text"":"""",""Url"":null},{""Title"":""Relevant Final Report paragraph"",""Text"":""69"",""Url"":null}]",null,,
01/01/1958,01/01/2158,0,0,0,4,5,0,583,79,R4,4,2014,ATCM XXXVII - CEP XVII,Brasilia,Site Guidelines for visitors,https://www.ats.aq/devAS/Meetings/Measure/583?s=1&iframe=1&from=01/01/1958&to=01/01/2158&cat=0&top=0&type=4&stat=0&txt=&curr=0,"Resolution 4 (2014) - ATCM XXXVII - CEP XVII, Brasilia",Adopted 07/05/2014. No longer current: R 2 (2016),,,0,,,,6,https://documents.ats.aq/recatt/att561_e.pdf,"[{""Title"":""Subject"",""Text"":""Site Guidelines for visitors"",""Url"":null},{""Title"":""Status"",""Text"":""Adopted 07/05/2014. No longer current: R 2 (2016)"",""Url"":null},{""Title"":""Category"",""Text"":""Tourism and Non-Governmental Activities"",""Url"":null},{""Title"":""Topics"",""Text"":""- Horseshoe Island, Antarctic Peninsula\n                                - HSMs - general\n                                - Mawson´s Huts and Cape Denison, East Antarctica\n                                - Site Guidelines\n                                - Site Guidelines replacement\n                                - Tourism Management"",""Url"":null},{""Title"":""Attachments"",""Text"":""Annex: List of Sites subject to Site Guidelines"",""Url"":""https://documents.ats.aq/recatt/att561_e.pdf""},{""Title"":""Relevant Final Report paragraph"",""Text"":""138"",""Url"":null}]",null,,
01/01/1958,01/01/2158,0,0,0,4,5,1,584,79,R5,5,2014,ATCM XXXVII - CEP XVII,Brasilia,Strengthening Cooperation in Hydrographic Surveying and Charting of Antarctic Waters,https://www.ats.aq/devAS/Meetings/Measure/584?s=1&iframe=1&from=01/01/1958&to=01/01/2158&cat=0&top=0&type=4&stat=0&txt=&curr=0,"Resolution 5 (2014) - ATCM XXXVII - CEP XVII, Brasilia",Adopted 07/05/2014,,,0,,,,6,,"[{""Title"":""Subject"",""Text"":""Strengthening Cooperation in Hydrographic Surveying and Charting of Antarctic Waters"",""Url"":null},{""Title"":""Status"",""Text"":""Adopted 07/05/2014"",""Url"":null},{""Title"":""Category"",""Text"":""Scientific cooperation\n                                \nOperational matters"",""Url"":null},{""Title"":""Topics"",""Text"":""- IHO (International Hydrographic Organization)"",""Url"":null},{""Title"":""Attachments"",""Text"":"""",""Url"":null},{""Title"":""Relevant Final Report paragraph"",""Text"":""60"",""Url"":null}]",null,,
01/01/1958,01/01/2158,0,0,0,4,5,2,585,79,R6,6,2014,ATCM XXXVII - CEP XVII,Brasilia,Toward a Risk-based Assessment of Tourism and Non-governmental Activities,https://www.ats.aq/devAS/Meetings/Measure/585?s=1&iframe=1&from=01/01/1958&to=01/01/2158&cat=0&top=0&type=4&stat=0&txt=&curr=0,"Resolution 6 (2014) - ATCM XXXVII - CEP XVII, Brasilia",Adopted 07/05/2014,,,0,,,,6,,"[{""Title"":""Subject"",""Text"":""Toward a Risk-based Assessment of Tourism and Non-governmental Activities"",""Url"":null},{""Title"":""Status"",""Text"":""Adopted 07/05/2014"",""Url"":null},{""Title"":""Category"",""Text"":""Tourism and Non-Governmental Activities"",""Url"":null},{""Title"":""Topics"",""Text"":""- Activities' authorization procedures\n                                - Effects of tourism\n                                - Risk-based assessment\n                                - Safety issues\n                                - Tourism planning"",""Url"":null},{""Title"":""Attachments"",""Text"":"""",""Url"":null},{""Title"":""Relevant Final Report paragraph"",""Text"":""228"",""Url"":null}]",null,,
01/01/1958,01/01/2158,0,0,0,4,5,3,586,79,R7,7,2014,ATCM XXXVII - CEP XVII,Brasilia,Entering into force of Measure 4 (2004),https://www.ats.aq/devAS/Meetings/Measure/586?s=1&iframe=1&from=01/01/1958&to=01/01/2158&cat=0&top=0&type=4&stat=0&txt=&curr=0,"Resolution 7 (2014) - ATCM XXXVII - CEP XVII, Brasilia",Adopted 07/05/2014,,,0,,,,6,,"[{""Title"":""Subject"",""Text"":""Entering into force of Measure 4 (2004)"",""Url"":null},{""Title"":""Status"",""Text"":""Adopted 07/05/2014"",""Url"":null},{""Title"":""Category"",""Text"":""Tourism and Non-Governmental Activities\n                                \nInstitutional \u0026 legal matters"",""Url"":null},{""Title"":""Topics"",""Text"":""- Tourism regulation"",""Url"":null},{""Title"":""Attachments"",""Text"":"""",""Url"":null},{""Title"":""Relevant Final Report paragraph"",""Text"":""261"",""Url"":null}]",null,,
01/01/1958,01/01/2158,0,0,0,4,5,4,554,78,R1,1,2013,ATCM XXXVI - CEP XVI,Brussels,Air Safety in Antarctica,https://www.ats.aq/devAS/Meetings/Measure/554?s=1&iframe=1&from=01/01/1958&to=01/01/2158&cat=0&top=0&type=4&stat=0&txt=&curr=0,"Resolution 1 (2013) - ATCM XXXVI - CEP XVI, Brussels",Adopted 29/05/2013. No longer current: R 6 (2021),,,0,,,,6,,"[{""Title"":""Subject"",""Text"":""Air Safety in Antarctica"",""Url"":null},{""Title"":""Status"",""Text"":""Adopted 29/05/2013. No longer current: R 6 (2021)"",""Url"":null},{""Title"":""Category"",""Text"":""Operational matters"",""Url"":null},{""Title"":""Topics"",""Text"":""- Air Safety"",""Url"":null},{""Title"":""Attachments"",""Text"":"""",""Url"":null},{""Title"":""Relevant Final Report paragraph"",""Text"":""38"",""Url"":null}]",null,,
01/01/1958,01/01/2158,0,0,0,4,5,5,555,78,R2,2,2013,ATCM XXXVI - CEP XVI,Brussels,Antarctic Clean-Up Manual,https://www.ats.aq/devAS/Meetings/Measure/555?s=1&iframe=1&from=01/01/1958&to=01/01/2158&cat=0&top=0&type=4&stat=0&txt=&curr=0,"Resolution 2 (2013) - ATCM XXXVI - CEP XVI, Brussels",Adopted 29/05/2013. No longer current: R 1 (2019),,,0,,,,6,https://documents.ats.aq/recatt/att538_e.pdf,"[{""Title"":""Subject"",""Text"":""Antarctic Clean-Up Manual"",""Url"":null},{""Title"":""Status"",""Text"":""Adopted 29/05/2013. No longer current: R 1 (2019)"",""Url"":null},{""Title"":""Category"",""Text"":""Waste disposal and management"",""Url"":null},{""Title"":""Topics"",""Text"":""- Annex III (Waste disposal)"",""Url"":null},{""Title"":""Attachments"",""Text"":""Antarctic Clean-Up Manual\n                                \n                                    Antarctic Clean-Up Manual 2014"",""Url"":""https://documents.ats.aq/recatt/att538_e.pdf""},{""Title"":""Relevant Final Report paragraph"",""Text"":""109"",""Url"":null}]",null,,
01/01/1958,01/01/2158,0,0,0,4,5,6,556,78,R3,3,2013,ATCM XXXVI - CEP XVI,Brussels,Site Guidelines for visitors,https://www.ats.aq/devAS/Meetings/Measure/556?s=1&iframe=1&from=01/01/1958&to=01/01/2158&cat=0&top=0&type=4&stat=0&txt=&curr=0,"Resolution 3 (2013) - ATCM XXXVI - CEP XVI, Brussels",Adopted 29/05/2013. No longer current: R 4 (2014),,,0,,,,6,https://documents.ats.aq/recatt/att539_e.pdf,"[{""Title"":""Subject"",""Text"":""Site Guidelines for visitors"",""Url"":null},{""Title"":""Status"",""Text"":""Adopted 29/05/2013. No longer current: R 4 (2014)"",""Url"":null},{""Title"":""Category"",""Text"":""Tourism and Non-Governmental Activities"",""Url"":null},{""Title"":""Topics"",""Text"":""- HSMs - general\n                                - Orne Harbour, Southern arm of Orne Harbour, Gerlache Strait\n                                - Orne Islands, Gerlache Strait\n                                - Site Guidelines\n                                - Site Guidelines replacement\n                                - Tourism Management"",""Url"":null},{""Title"":""Attachments"",""Text"":""List of Sites subject to Site Guidelines"",""Url"":""https://documents.ats.aq/recatt/att539_e.pdf""},{""Title"":""Relevant Final Report paragraph"",""Text"":""139"",""Url"":null}]",null,,
01/01/1958,01/01/2158,0,0,0,4,5,7,557,78,R4,4,2013,ATCM XXXVI - CEP XVI,Brussels,Improved Collaboration on Search and Rescue (SAR) in Antarctica,https://www.ats.aq/devAS/Meetings/Measure/557?s=1&iframe=1&from=01/01/1958&to=01/01/2158&cat=0&top=0&type=4&stat=0&txt=&curr=0,"Resolution 4 (2013) - ATCM XXXVI - CEP XVI, Brussels",Adopted 29/05/2013,,,0,,,,6,,"[{""Title"":""Subject"",""Text"":""Improved Collaboration on Search and Rescue (SAR) in Antarctica"",""Url"":null},{""Title"":""Status"",""Text"":""Adopted 29/05/2013"",""Url"":null},{""Title"":""Category"",""Text"":""Operational matters"",""Url"":null},{""Title"":""Topics"",""Text"":""- Search and Rescue (SAR)"",""Url"":null},{""Title"":""Attachments"",""Text"":"""",""Url"":null},{""Title"":""Relevant Final Report paragraph"",""Text"":""221"",""Url"":null}]",null,,
01/01/1958,01/01/2158,0,0,0,4,5,8,558,78,R5,5,2013,ATCM XXXVI - CEP XVI,Brussels,International cooperation in cultural projects about Antarctica,https://www.ats.aq/devAS/Meetings/Measure/558?s=1&iframe=1&from=01/01/1958&to=01/01/2158&cat=0&top=0&type=4&stat=0&txt=&curr=0,"Resolution 5 (2013) - ATCM XXXVI - CEP XVI, Brussels",Adopted 29/05/2013,,,0,,,,6,,"[{""Title"":""Subject"",""Text"":""International cooperation in cultural projects about Antarctica"",""Url"":null},{""Title"":""Status"",""Text"":""Adopted 29/05/2013"",""Url"":null},{""Title"":""Category"",""Text"":""General matters"",""Url"":null},{""Title"":""Topics"",""Text"":""- Education and culture"",""Url"":null},{""Title"":""Attachments"",""Text"":"""",""Url"":null},{""Title"":""Relevant Final Report paragraph"",""Text"":""313"",""Url"":null}]",null,,
01/01/1958,01/01/2158,0,0,0,4,5,9,559,78,R6,6,2013,ATCM XXXVI - CEP XVI,Brussels,Biological Prospecting in Antarctica,https://www.ats.aq/devAS/Meetings/Measure/559?s=1&iframe=1&from=01/01/1958&to=01/01/2158&cat=0&top=0&type=4&stat=0&txt=&curr=0,"Resolution 6 (2013) - ATCM XXXVI - CEP XVI, Brussels",Adopted 29/05/2013,,,0,,,,6,,"[{""Title"":""Subject"",""Text"":""Biological Prospecting in Antarctica"",""Url"":null},{""Title"":""Status"",""Text"":""Adopted 29/05/2013"",""Url"":null},{""Title"":""Category"",""Text"":""Fauna and flora\n                                \nEnvironmental protection"",""Url"":null},{""Title"":""Topics"",""Text"":"""",""Url"":null},{""Title"":""Attachments"",""Text"":"""",""Url"":null},{""Title"":""Relevant Final Report paragraph"",""Text"":""327"",""Url"":null}]",null,,
01/01/1958,01/01/2158,0,0,0,4,5,10,515,77,R1,1,2012,ATCM XXXV - CEP XV,Hobart,Strengthening Support for the Protocol on Environmental Protection to the Antarctic Treaty,https://www.ats.aq/devAS/Meetings/Measure/515?s=1&iframe=1&from=01/01/1958&to=01/01/2158&cat=0&top=0&type=4&stat=0&txt=&curr=0,"Resolution 1 (2012) - ATCM XXXV - CEP XV, Hobart",Adopted 20/06/2012,,,0,,,,6,,"[{""Title"":""Subject"",""Text"":""Strengthening Support for the Protocol on Environmental Protection to the Antarctic Treaty"",""Url"":null},{""Title"":""Status"",""Text"":""Adopted 20/06/2012"",""Url"":null},{""Title"":""Category"",""Text"":""Institutional \u0026 legal matters\n                                \nEnvironmental protection"",""Url"":null},{""Title"":""Topics"",""Text"":""- Environment Protocol\n                                - Implementing legislation"",""Url"":null},{""Title"":""Attachments"",""Text"":"""",""Url"":null},{""Title"":""Relevant Final Report paragraph"",""Text"":""42"",""Url"":null}]",null,,
01/01/1958,01/01/2158,0,0,0,4,5,11,516,77,R2,2,2012,ATCM XXXV - CEP XV,Hobart,Cooperation on questions related to the exercise of jurisdiction in the Antarctic Treaty area,https://www.ats.aq/devAS/Meetings/Measure/516?s=1&iframe=1&from=01/01/1958&to=01/01/2158&cat=0&top=0&type=4&stat=0&txt=&curr=0,"Resolution 2 (2012) - ATCM XXXV - CEP XV, Hobart",Adopted 20/06/2012,,,0,,,,6,,"[{""Title"":""Subject"",""Text"":""Cooperation on questions related to the exercise of jurisdiction in the Antarctic Treaty area"",""Url"":null},{""Title"":""Status"",""Text"":""Adopted 20/06/2012"",""Url"":null},{""Title"":""Category"",""Text"":""Institutional \u0026 legal matters"",""Url"":null},{""Title"":""Topics"",""Text"":"""",""Url"":null},{""Title"":""Attachments"",""Text"":"""",""Url"":null},{""Title"":""Relevant Final Report paragraph"",""Text"":""46"",""Url"":null}]",null,,
01/01/1958,01/01/2158,0,0,0,4,5,12,517,77,R3,3,2012,ATCM XXXV - CEP XV,Hobart,Improving Cooperation in Antarctica,https://www.ats.aq/devAS/Meetings/Measure/517?s=1&iframe=1&from=01/01/1958&to=01/01/2158&cat=0&top=0&type=4&stat=0&txt=&curr=0,"Resolution 3 (2012) - ATCM XXXV - CEP XV, Hobart",Adopted 20/06/2012,,,0,,,,6,,"[{""Title"":""Subject"",""Text"":""Improving Cooperation in Antarctica"",""Url"":null},{""Title"":""Status"",""Text"":""Adopted 20/06/2012"",""Url"":null},{""Title"":""Category"",""Text"":""Operational matters"",""Url"":null},{""Title"":""Topics"",""Text"":"""",""Url"":null},{""Title"":""Attachments"",""Text"":"""",""Url"":null},{""Title"":""Relevant Final Report paragraph"",""Text"":""54"",""Url"":null}]",null,,
01/01/1958,01/01/2158,0,0,0,4,5,13,518,77,R4,4,2012,ATCM XXXV - CEP XV,Hobart,Site Guidelines for visitors,https://www.ats.aq/devAS/Meetings/Measure/518?s=1&iframe=1&from=01/01/1958&to=01/01/2158&cat=0&top=0&type=4&stat=0&txt=&curr=0,"Resolution 4 (2012) - ATCM XXXV - CEP XV, Hobart",Adopted 20/06/2012. No longer current: R 3 (2013),,,0,,,,6,https://documents.ats.aq/recatt/att497_e.pdf,"[{""Title"":""Subject"",""Text"":""Site Guidelines for visitors"",""Url"":null},{""Title"":""Status"",""Text"":""Adopted 20/06/2012. No longer current: R 3 (2013)"",""Url"":null},{""Title"":""Category"",""Text"":""Tourism and Non-Governmental Activities"",""Url"":null},{""Title"":""Topics"",""Text"":""- ATCM (Antarctic Treaty Consultative Meeting)\n                                - CEP (Committee for Environmental Protection)\n                                - D’Hainaut Island, Mikkelsen Harbour, Trinity Island\n                                - Pendulum Cove, Deception Island, South Shetland Islands \n                                - Port Charcot, Booth Island \n                                - Site Guidelines\n                                - Tourism Management"",""Url"":null},{""Title"":""Attachments"",""Text"":""List of Sites subject to Site Guidelines"",""Url"":""https://documents.ats.aq/recatt/att497_e.pdf""},{""Title"":""Relevant Final Report paragraph"",""Text"":""111"",""Url"":null}]",null,,
01/01/1958,01/01/2158,0,0,0,4,5,14,519,77,R5,5,2012,ATCM XXXV - CEP XV,Hobart,Barrientos Island – Aitcho Islands visitor Site Guidelines,https://www.ats.aq/devAS/Meetings/Measure/519?s=1&iframe=1&from=01/01/1958&to=01/01/2158&cat=0&top=0&type=4&stat=0&txt=&curr=0,"Resolution 5 (2012) - ATCM XXXV - CEP XV, Hobart",Adopted 20/06/2012,,,0,,,,6,,"[{""Title"":""Subject"",""Text"":""Barrientos Island – Aitcho Islands visitor Site Guidelines"",""Url"":null},{""Title"":""Status"",""Text"":""Adopted 20/06/2012"",""Url"":null},{""Title"":""Category"",""Text"":""Tourism and Non-Governmental Activities"",""Url"":null},{""Title"":""Topics"",""Text"":""- Barrientos Island, Aitcho Islands\n                                - CEP (Committee for Environmental Protection)\n                                - Environmental monitoring\n                                - Research plans\n                                - Site Guidelines\n                                - Site Guidelines replacement\n                                - Tourism Management"",""Url"":null},{""Title"":""Attachments"",""Text"":"""",""Url"":null},{""Title"":""Relevant Final Report paragraph"",""Text"":""113"",""Url"":null}]",null,,
01/01/1958,01/01/2158,0,0,0,4,6,0,520,77,R6,6,2012,ATCM XXXV - CEP XV,Hobart,Antarctic Conservation Biogeographic Regions,https://www.ats.aq/devAS/Meetings/Measure/520?s=1&iframe=1&from=01/01/1958&to=01/01/2158&cat=0&top=0&type=4&stat=0&txt=&curr=0,"Resolution 6 (2012) - ATCM XXXV - CEP XV, Hobart",Adopted 20/06/2012. No longer current: R 3 (2017),,,0,,,,6,https://documents.ats.aq/recatt/att500_e.pdf,"[{""Title"":""Subject"",""Text"":""Antarctic Conservation Biogeographic Regions"",""Url"":null},{""Title"":""Status"",""Text"":""Adopted 20/06/2012. No longer current: R 3 (2017)"",""Url"":null},{""Title"":""Category"",""Text"":""Area protection and management"",""Url"":null},{""Title"":""Topics"",""Text"":""- Environmental domains"",""Url"":null},{""Title"":""Attachments"",""Text"":""Antarctic Conservation Biogeographic Regions"",""Url"":""https://documents.ats.aq/recatt/att500_e.pdf""},{""Title"":""Relevant Final Report paragraph"",""Text"":""120"",""Url"":null}]",null,,
01/01/1958,01/01/2158,0,0,0,4,6,1,521,77,R7,7,2012,ATCM XXXV - CEP XV,Hobart,Vessel Safety in the Antarctic Treaty Area,https://www.ats.aq/devAS/Meetings/Measure/521?s=1&iframe=1&from=01/01/1958&to=01/01/2158&cat=0&top=0&type=4&stat=0&txt=&curr=0,"Resolution 7 (2012) - ATCM XXXV - CEP XV, Hobart",Adopted 20/06/2012,,,0,,,,6,,"[{""Title"":""Subject"",""Text"":""Vessel Safety in the Antarctic Treaty Area"",""Url"":null},{""Title"":""Status"",""Text"":""Adopted 20/06/2012"",""Url"":null},{""Title"":""Category"",""Text"":""Operational matters"",""Url"":null},{""Title"":""Topics"",""Text"":""- Vessel Safety"",""Url"":null},{""Title"":""Attachments"",""Text"":"""",""Url"":null},{""Title"":""Relevant Final Report paragraph"",""Text"":""151"",""Url"":null}]",null,,
01/01/1958,01/01/2158,0,0,0,4,6,2,522,77,R8,8,2012,ATCM XXXV - CEP XV,Hobart,"Improved Coordination of Maritime,  Aeronautical and Land-Based Search and Rescue",https://www.ats.aq/devAS/Meetings/Measure/522?s=1&iframe=1&from=01/01/1958&to=01/01/2158&cat=0&top=0&type=4&stat=0&txt=&curr=0,"Resolution 8 (2012) - ATCM XXXV - CEP XV, Hobart",Adopted 20/06/2012,,,0,,,,6,,"[{""Title"":""Subject"",""Text"":""Improved Coordination of Maritime,  Aeronautical and Land-Based Search and Rescue"",""Url"":null},{""Title"":""Status"",""Text"":""Adopted 20/06/2012"",""Url"":null},{""Title"":""Category"",""Text"":""Operational matters"",""Url"":null},{""Title"":""Topics"",""Text"":""- Search and Rescue (SAR)"",""Url"":null},{""Title"":""Attachments"",""Text"":"""",""Url"":null},{""Title"":""Relevant Final Report paragraph"",""Text"":""155"",""Url"":null}]",null,,
01/01/1958,01/01/2158,0,0,0,4,6,3,523,77,R9,9,2012,ATCM XXXV - CEP XV,Hobart,The Assessment of Land-Based Expeditionary Activities,https://www.ats.aq/devAS/Meetings/Measure/523?s=1&iframe=1&from=01/01/1958&to=01/01/2158&cat=0&top=0&type=4&stat=0&txt=&curr=0,"Resolution 9 (2012) - ATCM XXXV - CEP XV, Hobart",Adopted 20/06/2012,,,0,,,,6,https://documents.ats.aq/recatt/att504_e.pdf,"[{""Title"":""Subject"",""Text"":""The Assessment of Land-Based Expeditionary Activities"",""Url"":null},{""Title"":""Status"",""Text"":""Adopted 20/06/2012"",""Url"":null},{""Title"":""Category"",""Text"":""Tourism and Non-Governmental Activities"",""Url"":null},{""Title"":""Topics"",""Text"":""- Activities' authorization procedures\n                                - Land-based tourism\n                                - Tourism planning"",""Url"":null},{""Title"":""Attachments"",""Text"":""Questions to consider as part of the authorisation or comparable regulatory process for non-Governmental land-based activities in Antarctica"",""Url"":""https://documents.ats.aq/recatt/att504_e.pdf""},{""Title"":""Relevant Final Report paragraph"",""Text"":""162"",""Url"":null}]",null,,
01/01/1958,01/01/2158,0,0,0,4,6,4,524,77,R10,10,2012,ATCM XXXV - CEP XV,Hobart,Yachting Guidelines,https://www.ats.aq/devAS/Meetings/Measure/524?s=1&iframe=1&from=01/01/1958&to=01/01/2158&cat=0&top=0&type=4&stat=0&txt=&curr=0,"Resolution 10 (2012) - ATCM XXXV - CEP XV, Hobart",Adopted 20/06/2012,,,0,,,,6,https://documents.ats.aq/recatt/att505_e.pdf,"[{""Title"":""Subject"",""Text"":""Yachting Guidelines"",""Url"":null},{""Title"":""Status"",""Text"":""Adopted 20/06/2012"",""Url"":null},{""Title"":""Category"",""Text"":""Tourism and Non-Governmental Activities"",""Url"":null},{""Title"":""Topics"",""Text"":""- Guidelines\n                                - Safety issues\n                                - Search and Rescue (SAR)\n                                - Tourism planning\n                                - Vessel-based activities\n                                - Yachting"",""Url"":null},{""Title"":""Attachments"",""Text"":""Checklist of yacht specific items for preparing safe Antarctic voyages"",""Url"":""https://documents.ats.aq/recatt/att505_e.pdf""},{""Title"":""Relevant Final Report paragraph"",""Text"":""166"",""Url"":null}]",null,,
01/01/1958,01/01/2158,0,0,0,4,6,5,525,77,R11,11,2012,ATCM XXXV - CEP XV,Hobart,Checklist for visitors’ in-field activities,https://www.ats.aq/devAS/Meetings/Measure/525?s=1&iframe=1&from=01/01/1958&to=01/01/2158&cat=0&top=0&type=4&stat=0&txt=&curr=0,"Resolution 11 (2012) - ATCM XXXV - CEP XV, Hobart",Adopted 20/06/2012,,,0,,,,6,https://documents.ats.aq/recatt/att507_e.pdf,"[{""Title"":""Subject"",""Text"":""Checklist for visitors’ in-field activities"",""Url"":null},{""Title"":""Status"",""Text"":""Adopted 20/06/2012"",""Url"":null},{""Title"":""Category"",""Text"":""Institutional \u0026 legal matters"",""Url"":null},{""Title"":""Topics"",""Text"":""- Inspections\n                                - Tourism\n                                - Tourist landings"",""Url"":null},{""Title"":""Attachments"",""Text"":""Checklist for Visitor´s In-field Activities"",""Url"":""https://documents.ats.aq/recatt/att507_e.pdf""},{""Title"":""Relevant Final Report paragraph"",""Text"":""191"",""Url"":null}]",null,,
01/01/1958,01/01/2158,0,0,0,4,6,6,494,76,R1,1,2011,ATCM XXXIV - CEP XIV,Buenos Aires,Strengthening Support for the Protocol on Environmental Protection to the Antarctic Treaty,https://www.ats.aq/devAS/Meetings/Measure/494?s=1&iframe=1&from=01/01/1958&to=01/01/2158&cat=0&top=0&type=4&stat=0&txt=&curr=0,"Resolution 1 (2011) - ATCM XXXIV - CEP XIV, Buenos Aires",Adopted 01/07/2011. No longer current: R 1 (2012),,,0,,,,6,,"[{""Title"":""Subject"",""Text"":""Strengthening Support for the Protocol on Environmental Protection to the Antarctic Treaty"",""Url"":null},{""Title"":""Status"",""Text"":""Adopted 01/07/2011. No longer current: R 1 (2012)"",""Url"":null},{""Title"":""Category"",""Text"":""Institutional \u0026 legal matters"",""Url"":null},{""Title"":""Topics"",""Text"":""- Environment Protocol"",""Url"":null},{""Title"":""Attachments"",""Text"":"""",""Url"":null},{""Title"":""Relevant Final Report paragraph"",""Text"":""59"",""Url"":null}]",null,,
01/01/1958,01/01/2158,0,0,0,4,6,7,495,76,R2,2,2011,ATCM XXXIV - CEP XIV,Buenos Aires,Revised Guide to the Preparation of Management Plans for Antarctic Specially Protected Areas,https://www.ats.aq/devAS/Meetings/Measure/495?s=1&iframe=1&from=01/01/1958&to=01/01/2158&cat=0&top=0&type=4&stat=0&txt=&curr=0,"Resolution 2 (2011) - ATCM XXXIV - CEP XIV, Buenos Aires",Adopted 01/07/2011. No longer current: R 1 (2024),,,0,,,,6,https://documents.ats.aq/recatt/att477_e.pdf,"[{""Title"":""Subject"",""Text"":""Revised Guide to the Preparation of Management Plans for Antarctic Specially Protected Areas"",""Url"":null},{""Title"":""Status"",""Text"":""Adopted 01/07/2011. No longer current: R 1 (2024)"",""Url"":null},{""Title"":""Category"",""Text"":""Area protection and management"",""Url"":null},{""Title"":""Topics"",""Text"":""- Antarctic Specially Protected Area (ASPA) visit report form\n                                - ASPAs (Antarctic Specially Protected Areas)\n                                - CEP (Committee for Environmental Protection)\n                                - Guidelines"",""Url"":null},{""Title"":""Attachments"",""Text"":""Revised Guide to the Preparation of Management Plans for Antarctic Specially Protected Areas\n                                        . Replaced by R1 (2024)"",""Url"":""https://documents.ats.aq/recatt/att477_e.pdf""},{""Title"":""Relevant Final Report paragraph"",""Text"":""119"",""Url"":null}]",null,,
01/01/1958,01/01/2158,0,0,0,4,6,8,496,76,R3,3,2011,ATCM XXXIV - CEP XIV,Buenos Aires,General Guidelines for Visitors to the Antarctic,https://www.ats.aq/devAS/Meetings/Measure/496?s=1&iframe=1&from=01/01/1958&to=01/01/2158&cat=0&top=0&type=4&stat=0&txt=&curr=0,"Resolution 3 (2011) - ATCM XXXIV - CEP XIV, Buenos Aires",Adopted 01/07/2011. No longer current: R 4 (2021),,,0,,,,6,https://documents.ats.aq/recatt/att483_e.pdf,"[{""Title"":""Subject"",""Text"":""General Guidelines for Visitors to the Antarctic"",""Url"":null},{""Title"":""Status"",""Text"":""Adopted 01/07/2011. No longer current: R 4 (2021)"",""Url"":null},{""Title"":""Category"",""Text"":""Tourism and Non-Governmental Activities"",""Url"":null},{""Title"":""Topics"",""Text"":""- Guidelines\n                                - Tourism Management\n                                - Tourism regulation\n                                - Tourist landings\n                                - Visits to stations"",""Url"":null},{""Title"":""Attachments"",""Text"":""General Guidelines for Visitors to the Antarctic"",""Url"":""https://documents.ats.aq/recatt/att483_e.pdf""},{""Title"":""Relevant Final Report paragraph"",""Text"":""127"",""Url"":null}]",null,,
01/01/1958,01/01/2158,0,0,0,4,6,9,497,76,R4,4,2011,ATCM XXXIV - CEP XIV,Buenos Aires,Site Guidelines for visitors,https://www.ats.aq/devAS/Meetings/Measure/497?s=1&iframe=1&from=01/01/1958&to=01/01/2158&cat=0&top=0&type=4&stat=0&txt=&curr=0,"Resolution 4 (2011) - ATCM XXXIV - CEP XIV, Buenos Aires",Adopted 01/07/2011. No longer current: R 4 (2012),,,0,,,,6,https://documents.ats.aq/recatt/att484_e.pdf,"[{""Title"":""Subject"",""Text"":""Site Guidelines for visitors"",""Url"":null},{""Title"":""Status"",""Text"":""Adopted 01/07/2011. No longer current: R 4 (2012)"",""Url"":null},{""Title"":""Category"",""Text"":""Tourism and Non-Governmental Activities"",""Url"":null},{""Title"":""Topics"",""Text"":""- Mawson´s Huts and Cape Denison, East Antarctica\n                                - North-east beach of Ardley Island \n                                - Site Guidelines\n                                - Site Guidelines replacement\n                                - Taylor Valley Visitor Zone, Southern Victoria Land \n                                - Tourism Management"",""Url"":null},{""Title"":""Attachments"",""Text"":""List of Sites subject to Site Guidelines"",""Url"":""https://documents.ats.aq/recatt/att484_e.pdf""},{""Title"":""Relevant Final Report paragraph"",""Text"":""129"",""Url"":null}]",null,,
01/01/1958,01/01/2158,0,0,0,4,6,10,498,76,R5,5,2011,ATCM XXXIV - CEP XIV,Buenos Aires,"Revised Guide to the Presentation of Working Papers Containing Proposals for Antarctic Specially Protected Areas, Antarctic Specially Managed Areas or Historic Sites and Monuments",https://www.ats.aq/devAS/Meetings/Measure/498?s=1&iframe=1&from=01/01/1958&to=01/01/2158&cat=0&top=0&type=4&stat=0&txt=&curr=0,"Resolution 5 (2011) - ATCM XXXIV - CEP XIV, Buenos Aires",Adopted 01/07/2011. No longer current: R 5 (2016),,,0,,,,6,https://documents.ats.aq/recatt/att485_e.pdf,"[{""Title"":""Subject"",""Text"":""Revised Guide to the Presentation of Working Papers Containing Proposals for Antarctic Specially Protected Areas, Antarctic Specially Managed Areas or Historic Sites and Monuments"",""Url"":null},{""Title"":""Status"",""Text"":""Adopted 01/07/2011. No longer current: R 5 (2016)"",""Url"":null},{""Title"":""Category"",""Text"":""Institutional \u0026 legal matters"",""Url"":null},{""Title"":""Topics"",""Text"":""- ASMAs (Antarctic Specially Managed Areas)\n                                - ASPAs (Antarctic Specially Protected Areas)\n                                - Environmental domains\n                                - Guidelines\n                                - HSMs - general"",""Url"":null},{""Title"":""Attachments"",""Text"":""Guide to the presentation of Working Papers containing proposals for Antarctic Specially Protected Areas, Antarctic Specially Managed Areas or Historic Sites and Monuments"",""Url"":""https://documents.ats.aq/recatt/att485_e.pdf""},{""Title"":""Relevant Final Report paragraph"",""Text"":""134"",""Url"":null}]",null,,
01/01/1958,01/01/2158,0,0,0,4,6,11,499,76,R6,6,2011,ATCM XXXIV - CEP XIV,Buenos Aires,Non-Native Species,https://www.ats.aq/devAS/Meetings/Measure/499?s=1&iframe=1&from=01/01/1958&to=01/01/2158&cat=0&top=0&type=4&stat=0&txt=&curr=0,"Resolution 6 (2011) - ATCM XXXIV - CEP XIV, Buenos Aires",Adopted 01/07/2011. Replaced: R 4 (2016),,,0,,,,6,https://documents.ats.aq/recatt/att486_e.pdf,"[{""Title"":""Subject"",""Text"":""Non-Native Species"",""Url"":null},{""Title"":""Status"",""Text"":""Adopted 01/07/2011. Replaced: R 4 (2016)"",""Url"":null},{""Title"":""Category"",""Text"":""Fauna and flora"",""Url"":null},{""Title"":""Topics"",""Text"":""- Alien species\n                                - Guidelines"",""Url"":null},{""Title"":""Attachments"",""Text"":""Non-native Species Manual"",""Url"":""https://documents.ats.aq/recatt/att486_e.pdf""},{""Title"":""Relevant Final Report paragraph"",""Text"":""139"",""Url"":null}]",null,,
01/01/1958,01/01/2158,0,0,0,4,6,12,471,73,R1,1,2010,ATCM XXXIII - CEP XIII,Punta del Este,Site Guidelines for visitors,https://www.ats.aq/devAS/Meetings/Measure/471?s=1&iframe=1&from=01/01/1958&to=01/01/2158&cat=0&top=0&type=4&stat=0&txt=&curr=0,"Resolution 1 (2010) - ATCM XXXIII - CEP XIII, Punta del Este",Adopted 14/05/2010. No longer current: R 4 (2011),,,0,,,,6,https://documents.ats.aq/recatt/att461_e.pdf,"[{""Title"":""Subject"",""Text"":""Site Guidelines for visitors"",""Url"":null},{""Title"":""Status"",""Text"":""Adopted 14/05/2010. No longer current: R 4 (2011)"",""Url"":null},{""Title"":""Category"",""Text"":""Tourism and Non-Governmental Activities"",""Url"":null},{""Title"":""Topics"",""Text"":""- Damoy Point, Wiencke Island, Antarctic Peninsula \n                                - Danco Island, Errera Channel, Antarctic Peninsula \n                                - Seabee Hook, Cape Hallett, Northern Victoria Land, Ross Sea, Visitor Site A and Visitor Site B \n                                - Site Guidelines\n                                - Torgersen Island, Arthur Harbour, Southwest Anvers Island \n                                - Tourism Management"",""Url"":null},{""Title"":""Attachments"",""Text"":""List of Sites subject to Site Guidelines"",""Url"":""https://documents.ats.aq/recatt/att461_e.pdf""},{""Title"":""Relevant Final Report paragraph"",""Text"":""136"",""Url"":null}]",null,,
01/01/1958,01/01/2158,0,0,0,4,6,13,472,73,R2,2,2010,ATCM XXXIII - CEP XIII,Punta del Este,The contribution of the IPY to hydrographic knowledge of waters of the Antarctic Treaty area,https://www.ats.aq/devAS/Meetings/Measure/472?s=1&iframe=1&from=01/01/1958&to=01/01/2158&cat=0&top=0&type=4&stat=0&txt=&curr=0,"Resolution 2 (2010) - ATCM XXXIII - CEP XIII, Punta del Este",Adopted 14/05/2010. No longer current: D 1 (2014),,,0,,,,6,,"[{""Title"":""Subject"",""Text"":""The contribution of the IPY to hydrographic knowledge of waters of the Antarctic Treaty area"",""Url"":null},{""Title"":""Status"",""Text"":""Adopted 14/05/2010. No longer current: D 1 (2014)"",""Url"":null},{""Title"":""Category"",""Text"":""Scientific cooperation"",""Url"":null},{""Title"":""Topics"",""Text"":""- Hydrography\n                                - IHO (International Hydrographic Organization)\n                                - IPY (International Polar Year 2007-8)"",""Url"":null},{""Title"":""Attachments"",""Text"":"""",""Url"":null},{""Title"":""Relevant Final Report paragraph"",""Text"":""216"",""Url"":null}]",null,,
01/01/1958,01/01/2158,0,0,0,4,6,14,473,73,R3,3,2010,ATCM XXXIII - CEP XIII,Punta del Este,Revised Antarctic inspection Checklist “A”,https://www.ats.aq/devAS/Meetings/Measure/473?s=1&iframe=1&from=01/01/1958&to=01/01/2158&cat=0&top=0&type=4&stat=0&txt=&curr=0,"Resolution 3 (2010) - ATCM XXXIII - CEP XIII, Punta del Este",Adopted 14/05/2010,,,0,,,,6,https://documents.ats.aq/recatt/att462_e.pdf,"[{""Title"":""Subject"",""Text"":""Revised Antarctic inspection Checklist “A”"",""Url"":null},{""Title"":""Status"",""Text"":""Adopted 14/05/2010"",""Url"":null},{""Title"":""Category"",""Text"":""Institutional \u0026 legal matters"",""Url"":null},{""Title"":""Topics"",""Text"":""- Inspections"",""Url"":null},{""Title"":""Attachments"",""Text"":""Checklist \""A\"" Antarctic Stations and Subsidiary Installations"",""Url"":""https://documents.ats.aq/recatt/att462_e.pdf""},{""Title"":""Relevant Final Report paragraph"",""Text"":""412"",""Url"":null}]",null,,
01/01/1958,01/01/2158,0,0,0,4,7,0,474,73,R4,4,2010,ATCM XXXIII - CEP XIII,Punta del Este,SCAR Antarctic Climate Change and the Environment Report,https://www.ats.aq/devAS/Meetings/Measure/474?s=1&iframe=1&from=01/01/1958&to=01/01/2158&cat=0&top=0&type=4&stat=0&txt=&curr=0,"Resolution 4 (2010) - ATCM XXXIII - CEP XIII, Punta del Este",Adopted 14/05/2010,,,0,,,,6,,"[{""Title"":""Subject"",""Text"":""SCAR Antarctic Climate Change and the Environment Report"",""Url"":null},{""Title"":""Status"",""Text"":""Adopted 14/05/2010"",""Url"":null},{""Title"":""Category"",""Text"":""Scientific cooperation"",""Url"":null},{""Title"":""Topics"",""Text"":""- Global change research\n                                - SCAR (Scientific Committee on Antarctic Research)"",""Url"":null},{""Title"":""Attachments"",""Text"":"""",""Url"":null},{""Title"":""Relevant Final Report paragraph"",""Text"":""426"",""Url"":null}]",null,,
01/01/1958,01/01/2158,0,0,0,4,7,1,475,73,R5,5,2010,ATCM XXXIII - CEP XIII,Punta del Este,Co-ordination among Antarctic Treaty Parties on Antarctic proposals under consideration in the IMO,https://www.ats.aq/devAS/Meetings/Measure/475?s=1&iframe=1&from=01/01/1958&to=01/01/2158&cat=0&top=0&type=4&stat=0&txt=&curr=0,"Resolution 5 (2010) - ATCM XXXIII - CEP XIII, Punta del Este",Adopted 14/05/2010,,,0,,,,6,,"[{""Title"":""Subject"",""Text"":""Co-ordination among Antarctic Treaty Parties on Antarctic proposals under consideration in the IMO"",""Url"":null},{""Title"":""Status"",""Text"":""Adopted 14/05/2010"",""Url"":null},{""Title"":""Category"",""Text"":""Marine pollution"",""Url"":null},{""Title"":""Topics"",""Text"":""- IMO (International Maritime Organisation)"",""Url"":null},{""Title"":""Attachments"",""Text"":"""",""Url"":null},{""Title"":""Relevant Final Report paragraph"",""Text"":""340"",""Url"":null}]",null,,
01/01/1958,01/01/2158,0,0,0,4,7,2,476,73,R6,6,2010,ATCM XXXIII - CEP XIII,Punta del Este,Improving the co-ordination of maritime search and rescue in the Antarctic Treaty area,https://www.ats.aq/devAS/Meetings/Measure/476?s=1&iframe=1&from=01/01/1958&to=01/01/2158&cat=0&top=0&type=4&stat=0&txt=&curr=0,"Resolution 6 (2010) - ATCM XXXIII - CEP XIII, Punta del Este",Adopted 14/05/2010,,,0,,,,6,,"[{""Title"":""Subject"",""Text"":""Improving the co-ordination of maritime search and rescue in the Antarctic Treaty area"",""Url"":null},{""Title"":""Status"",""Text"":""Adopted 14/05/2010"",""Url"":null},{""Title"":""Category"",""Text"":""Operational matters"",""Url"":null},{""Title"":""Topics"",""Text"":""- IMO (International Maritime Organisation)\n                                - Information exchange\n                                - Search and Rescue (SAR)\n                                - Shipping\n                                - Vessel-based activities"",""Url"":null},{""Title"":""Attachments"",""Text"":"""",""Url"":null},{""Title"":""Relevant Final Report paragraph"",""Text"":""190"",""Url"":null}]",null,,
01/01/1958,01/01/2158,0,0,0,4,7,3,477,73,R7,7,2010,ATCM XXXIII - CEP XIII,Punta del Este,Enhancement of port State control for passenger vessels bound for the Antarctic Treaty area,https://www.ats.aq/devAS/Meetings/Measure/477?s=1&iframe=1&from=01/01/1958&to=01/01/2158&cat=0&top=0&type=4&stat=0&txt=&curr=0,"Resolution 7 (2010) - ATCM XXXIII - CEP XIII, Punta del Este",Adopted 14/05/2010,,,0,,,,6,,"[{""Title"":""Subject"",""Text"":""Enhancement of port State control for passenger vessels bound for the Antarctic Treaty area"",""Url"":null},{""Title"":""Status"",""Text"":""Adopted 14/05/2010"",""Url"":null},{""Title"":""Category"",""Text"":""Operational matters"",""Url"":null},{""Title"":""Topics"",""Text"":""- IMO (International Maritime Organisation)\n                                - Shipping"",""Url"":null},{""Title"":""Attachments"",""Text"":"""",""Url"":null},{""Title"":""Relevant Final Report paragraph"",""Text"":""316"",""Url"":null}]",null,,
01/01/1958,01/01/2158,0,0,0,4,7,4,442,72,R1,1,2009,ATCM XXXII - CEP XII,Baltimore,Enhancement of Environmental Protection up to the Antarctic Convergence,https://www.ats.aq/devAS/Meetings/Measure/442?s=1&iframe=1&from=01/01/1958&to=01/01/2158&cat=0&top=0&type=4&stat=0&txt=&curr=0,"Resolution 1 (2009) - ATCM XXXII - CEP XII, Baltimore",Adopted 17/04/2009,,,0,,,,6,,"[{""Title"":""Subject"",""Text"":""Enhancement of Environmental Protection up to the Antarctic Convergence"",""Url"":null},{""Title"":""Status"",""Text"":""Adopted 17/04/2009"",""Url"":null},{""Title"":""Category"",""Text"":""Environmental protection"",""Url"":null},{""Title"":""Topics"",""Text"":""- Antarctic convergence\n                                - CCAMLR (Convention on the Conservation of Antarctic Marine Living Resources)\n                                - IMO (International Maritime Organisation)"",""Url"":null},{""Title"":""Attachments"",""Text"":"""",""Url"":null},{""Title"":""Relevant Final Report paragraph"",""Text"":""39"",""Url"":null}]",null,,
01/01/1958,01/01/2158,0,0,0,4,7,5,443,72,R2,2,2009,ATCM XXXII - CEP XII,Baltimore,Role and place of COMNAP,https://www.ats.aq/devAS/Meetings/Measure/443?s=1&iframe=1&from=01/01/1958&to=01/01/2158&cat=0&top=0&type=4&stat=0&txt=&curr=0,"Resolution 2 (2009) - ATCM XXXII - CEP XII, Baltimore",Adopted 17/04/2009,,,0,,,,6,,"[{""Title"":""Subject"",""Text"":""Role and place of COMNAP"",""Url"":null},{""Title"":""Status"",""Text"":""Adopted 17/04/2009"",""Url"":null},{""Title"":""Category"",""Text"":""Institutional \u0026 legal matters\n                                \nOperational matters"",""Url"":null},{""Title"":""Topics"",""Text"":""- Antarctic Treaty System\n                                - COMNAP (Council of Managers of National Antarctic Programs)"",""Url"":null},{""Title"":""Attachments"",""Text"":"""",""Url"":null},{""Title"":""Relevant Final Report paragraph"",""Text"":""45"",""Url"":null}]",null,,
01/01/1958,01/01/2158,0,0,0,4,7,6,444,72,R3,3,2009,ATCM XXXII - CEP XII,Baltimore,Guidelines for the designation and protection of Historic Sites and Monuments,https://www.ats.aq/devAS/Meetings/Measure/444?s=1&iframe=1&from=01/01/1958&to=01/01/2158&cat=0&top=0&type=4&stat=0&txt=&curr=0,"Resolution 3 (2009) - ATCM XXXII - CEP XII, Baltimore",Adopted 17/04/2009,,,0,,,,6,https://documents.ats.aq/recatt/att433_e.pdf,"[{""Title"":""Subject"",""Text"":""Guidelines for the designation and protection of Historic Sites and Monuments"",""Url"":null},{""Title"":""Status"",""Text"":""Adopted 17/04/2009"",""Url"":null},{""Title"":""Category"",""Text"":""Historic Sites and Monuments\n                                \nArea protection and management"",""Url"":null},{""Title"":""Topics"",""Text"":""- Guidelines\n                                - HSMs - general"",""Url"":null},{""Title"":""Attachments"",""Text"":""Guidelines for the Designation and Protection of Historic Sites and Monuments"",""Url"":""https://documents.ats.aq/recatt/att433_e.pdf""},{""Title"":""Relevant Final Report paragraph"",""Text"":""93"",""Url"":null}]",null,,
01/01/1958,01/01/2158,0,0,0,4,7,7,445,72,R4,4,2009,ATCM XXXII - CEP XII,Baltimore,Site Guidelines for Visitors,https://www.ats.aq/devAS/Meetings/Measure/445?s=1&iframe=1&from=01/01/1958&to=01/01/2158&cat=0&top=0&type=4&stat=0&txt=&curr=0,"Resolution 4 (2009) - ATCM XXXII - CEP XII, Baltimore",Adopted 17/04/2009. No longer current: R 1 (2010),,,0,,,,6,https://documents.ats.aq/recatt/att435_e.pdf,"[{""Title"":""Subject"",""Text"":""Site Guidelines for Visitors"",""Url"":null},{""Title"":""Status"",""Text"":""Adopted 17/04/2009. No longer current: R 1 (2010)"",""Url"":null},{""Title"":""Category"",""Text"":""Tourism and Non-Governmental Activities"",""Url"":null},{""Title"":""Topics"",""Text"":""- Baily Head, Deception Island, South Shetland Islands \n                                - Cape Royds, Ross Island\n                                - Detaille Island, Antarctic Peninsula \n                                - Horseshoe Island, Antarctic Peninsula\n                                - Site Guidelines\n                                - Stonington Island, Marguerite Bay, Antarctic Peninsula \n                                - Telefon Bay, Deception Island, South Shetland Islands \n                                - Tourism Management\n                                - Wordie House, Winter Island, Argentine Islands"",""Url"":null},{""Title"":""Attachments"",""Text"":""List of Sites subject to Site Guidelines"",""Url"":""https://documents.ats.aq/recatt/att435_e.pdf""},{""Title"":""Relevant Final Report paragraph"",""Text"":""94"",""Url"":null}]",null,,
01/01/1958,01/01/2158,0,0,0,4,7,8,446,72,R5,5,2009,ATCM XXXII - CEP XII,Baltimore,Protection of the Southern Giant Petrel,https://www.ats.aq/devAS/Meetings/Measure/446?s=1&iframe=1&from=01/01/1958&to=01/01/2158&cat=0&top=0&type=4&stat=0&txt=&curr=0,"Resolution 5 (2009) - ATCM XXXII - CEP XII, Baltimore",Adopted 17/04/2009,,,0,,,,6,,"[{""Title"":""Subject"",""Text"":""Protection of the Southern Giant Petrel"",""Url"":null},{""Title"":""Status"",""Text"":""Adopted 17/04/2009"",""Url"":null},{""Title"":""Category"",""Text"":""Fauna and flora"",""Url"":null},{""Title"":""Topics"",""Text"":""- ACAP (Agreement on Conservation of Albatrosses and Petrels)\n                                - Petrels"",""Url"":null},{""Title"":""Attachments"",""Text"":"""",""Url"":null},{""Title"":""Relevant Final Report paragraph"",""Text"":""101"",""Url"":null}]",null,,
01/01/1958,01/01/2158,0,0,0,4,7,9,447,72,R6,6,2009,ATCM XXXII - CEP XII,Baltimore,Ensuring the legacy of the IPY,https://www.ats.aq/devAS/Meetings/Measure/447?s=1&iframe=1&from=01/01/1958&to=01/01/2158&cat=0&top=0&type=4&stat=0&txt=&curr=0,"Resolution 6 (2009) - ATCM XXXII - CEP XII, Baltimore",Adopted 17/04/2009,,,0,,,,6,,"[{""Title"":""Subject"",""Text"":""Ensuring the legacy of the IPY"",""Url"":null},{""Title"":""Status"",""Text"":""Adopted 17/04/2009"",""Url"":null},{""Title"":""Category"",""Text"":""Scientific cooperation"",""Url"":null},{""Title"":""Topics"",""Text"":""- Data access and exchange\n                                - IPY (International Polar Year 2007-8)"",""Url"":null},{""Title"":""Attachments"",""Text"":"""",""Url"":null},{""Title"":""Relevant Final Report paragraph"",""Text"":""150"",""Url"":null}]",null,,
01/01/1958,01/01/2158,0,0,0,4,7,10,448,72,R7,7,2009,ATCM XXXII - CEP XII,Baltimore,General Principles of Antarctic Tourism,https://www.ats.aq/devAS/Meetings/Measure/448?s=1&iframe=1&from=01/01/1958&to=01/01/2158&cat=0&top=0&type=4&stat=0&txt=&curr=0,"Resolution 7 (2009) - ATCM XXXII - CEP XII, Baltimore",Adopted 17/04/2009,,,0,,,,6,,"[{""Title"":""Subject"",""Text"":""General Principles of Antarctic Tourism"",""Url"":null},{""Title"":""Status"",""Text"":""Adopted 17/04/2009"",""Url"":null},{""Title"":""Category"",""Text"":""Tourism and Non-Governmental Activities"",""Url"":null},{""Title"":""Topics"",""Text"":""- Education and Outreach\n                                - Effects of tourism\n                                - Tourism planning"",""Url"":null},{""Title"":""Attachments"",""Text"":"""",""Url"":null},{""Title"":""Relevant Final Report paragraph"",""Text"":""185"",""Url"":null}]",null,,
01/01/1958,01/01/2158,0,0,0,4,7,11,449,72,R8,8,2009,ATCM XXXII - CEP XII,Baltimore,Antarctic Shipping Code,https://www.ats.aq/devAS/Meetings/Measure/449?s=1&iframe=1&from=01/01/1958&to=01/01/2158&cat=0&top=0&type=4&stat=0&txt=&curr=0,"Resolution 8 (2009) - ATCM XXXII - CEP XII, Baltimore",Adopted 17/04/2009. No longer current: D 1 (2012),,,0,,,,6,,"[{""Title"":""Subject"",""Text"":""Antarctic Shipping Code"",""Url"":null},{""Title"":""Status"",""Text"":""Adopted 17/04/2009. No longer current: D 1 (2012)"",""Url"":null},{""Title"":""Category"",""Text"":""Operational matters"",""Url"":null},{""Title"":""Topics"",""Text"":""- IMO (International Maritime Organisation)\n                                - Shipping"",""Url"":null},{""Title"":""Attachments"",""Text"":"""",""Url"":null},{""Title"":""Relevant Final Report paragraph"",""Text"":""232"",""Url"":null}]",null,,
01/01/1958,01/01/2158,0,0,0,4,7,12,450,72,R9,9,2009,ATCM XXXII - CEP XII,Baltimore,Collection and use of Antarctic biological material,https://www.ats.aq/devAS/Meetings/Measure/450?s=1&iframe=1&from=01/01/1958&to=01/01/2158&cat=0&top=0&type=4&stat=0&txt=&curr=0,"Resolution 9 (2009) - ATCM XXXII - CEP XII, Baltimore",Adopted 17/04/2009,,,0,,,,6,,"[{""Title"":""Subject"",""Text"":""Collection and use of Antarctic biological material"",""Url"":null},{""Title"":""Status"",""Text"":""Adopted 17/04/2009"",""Url"":null},{""Title"":""Category"",""Text"":""Scientific cooperation"",""Url"":null},{""Title"":""Topics"",""Text"":""- Biological prospecting"",""Url"":null},{""Title"":""Attachments"",""Text"":"""",""Url"":null},{""Title"":""Relevant Final Report paragraph"",""Text"":""292"",""Url"":null}]",null,,
01/01/1958,01/01/2158,0,0,0,4,7,13,410,71,R1,1,2008,ATCM XXXI - CEP XI,Kyiv,"Guide to the Presentation of Working Papers Containing Proposals for Antarctic Specially Protected Areas, Antarctic Specially Managed Areas or Historic Sites and Monuments",https://www.ats.aq/devAS/Meetings/Measure/410?s=1&iframe=1&from=01/01/1958&to=01/01/2158&cat=0&top=0&type=4&stat=0&txt=&curr=0,"Resolution 1 (2008) - ATCM XXXI - CEP XI, Kyiv",Adopted 13/06/2008. No longer current: R 5 (2011),,,0,,,,6,https://documents.ats.aq/recatt/att406_e.pdf,"[{""Title"":""Subject"",""Text"":""Guide to the Presentation of Working Papers Containing Proposals for Antarctic Specially Protected Areas, Antarctic Specially Managed Areas or Historic Sites and Monuments"",""Url"":null},{""Title"":""Status"",""Text"":""Adopted 13/06/2008. No longer current: R 5 (2011)"",""Url"":null},{""Title"":""Category"",""Text"":""Area protection and management\n                                \nHistoric Sites and Monuments"",""Url"":null},{""Title"":""Topics"",""Text"":""- Annex V (Area Protection and Management)\n                                - ASMAs (Antarctic Specially Managed Areas)\n                                - ASPAs (Antarctic Specially Protected Areas)\n                                - Guidelines\n                                - HSMs - general"",""Url"":null},{""Title"":""Attachments"",""Text"":""Guide for presentation of WP on ASPA, ASMA or HSMs"",""Url"":""https://documents.ats.aq/recatt/att406_e.pdf""},{""Title"":""Relevant Final Report paragraph"",""Text"":""39"",""Url"":null}]",null,,
01/01/1958,01/01/2158,0,0,0,4,7,14,411,71,R2,2,2008,ATCM XXXI - CEP XI,Kyiv,Site Guidelines for Visitors,https://www.ats.aq/devAS/Meetings/Measure/411?s=1&iframe=1&from=01/01/1958&to=01/01/2158&cat=0&top=0&type=4&stat=0&txt=&curr=0,"Resolution 2 (2008) - ATCM XXXI - CEP XI, Kyiv",Adopted 13/06/2008. No longer current: R 4 (2009),,,0,,,,6,https://documents.ats.aq/recatt/att407_e.pdf,"[{""Title"":""Subject"",""Text"":""Site Guidelines for Visitors"",""Url"":null},{""Title"":""Status"",""Text"":""Adopted 13/06/2008. No longer current: R 4 (2009)"",""Url"":null},{""Title"":""Category"",""Text"":""Tourism and Non-Governmental Activities"",""Url"":null},{""Title"":""Topics"",""Text"":""- Devil Island\n                                - Half Moon Island\n                                - Shingle Cove\n                                - Site Guidelines\n                                - Tourism Management\n                                - Whalers Bay"",""Url"":null},{""Title"":""Attachments"",""Text"":""List of Sites subject to Site Guidelines"",""Url"":""https://documents.ats.aq/recatt/att407_e.pdf""},{""Title"":""Relevant Final Report paragraph"",""Text"":""94"",""Url"":null}]",null,,
01/01/1958,01/01/2158,0,0,0,4,8,0,412,71,R3,3,2008,ATCM XXXI - CEP XI,Kyiv,Environmental Domains Analysis for the Antarctic continent as a dynamic model for a systematic environmental geographic framework,https://www.ats.aq/devAS/Meetings/Measure/412?s=1&iframe=1&from=01/01/1958&to=01/01/2158&cat=0&top=0&type=4&stat=0&txt=&curr=0,"Resolution 3 (2008) - ATCM XXXI - CEP XI, Kyiv",Adopted 13/06/2008,,,0,,,,6,https://documents.ats.aq/recatt/att408_e.pdf,"[{""Title"":""Subject"",""Text"":""Environmental Domains Analysis for the Antarctic continent as a dynamic model for a systematic environmental geographic framework"",""Url"":null},{""Title"":""Status"",""Text"":""Adopted 13/06/2008"",""Url"":null},{""Title"":""Category"",""Text"":""Area protection and management"",""Url"":null},{""Title"":""Topics"",""Text"":""- Environmental domains"",""Url"":null},{""Title"":""Attachments"",""Text"":""Environmental Domains Analysis for the Antarctic continent"",""Url"":""https://documents.ats.aq/recatt/att408_e.pdf""},{""Title"":""Relevant Final Report paragraph"",""Text"":""97"",""Url"":null}]",null,,
01/01/1958,01/01/2158,0,0,0,4,8,1,413,71,R4,4,2008,ATCM XXXI - CEP XI,Kyiv,Checklist for inspections of Antarctic Specially Protected Areas and Antarctic Specially Managed Areas,https://www.ats.aq/devAS/Meetings/Measure/413?s=1&iframe=1&from=01/01/1958&to=01/01/2158&cat=0&top=0&type=4&stat=0&txt=&curr=0,"Resolution 4 (2008) - ATCM XXXI - CEP XI, Kyiv",Adopted 13/06/2008,,,0,,,,6,https://documents.ats.aq/recatt/att409_e.pdf,"[{""Title"":""Subject"",""Text"":""Checklist for inspections of Antarctic Specially Protected Areas and Antarctic Specially Managed Areas"",""Url"":null},{""Title"":""Status"",""Text"":""Adopted 13/06/2008"",""Url"":null},{""Title"":""Category"",""Text"":""Institutional \u0026 legal matters\n                                \nArea protection and management"",""Url"":null},{""Title"":""Topics"",""Text"":""- ASMAs (Antarctic Specially Managed Areas)\n                                - Inspections"",""Url"":null},{""Title"":""Attachments"",""Text"":""Checklist to assist in the inspection of ASPA and ASMA"",""Url"":""https://documents.ats.aq/recatt/att409_e.pdf""},{""Title"":""Relevant Final Report paragraph"",""Text"":""254"",""Url"":null}]",null,,
01/01/1958,01/01/2158,0,0,0,4,8,2,414,71,R5,5,2008,ATCM XXXI - CEP XI,Kyiv,Hydrographic surveying and charting,https://www.ats.aq/devAS/Meetings/Measure/414?s=1&iframe=1&from=01/01/1958&to=01/01/2158&cat=0&top=0&type=4&stat=0&txt=&curr=0,"Resolution 5 (2008) - ATCM XXXI - CEP XI, Kyiv",Adopted 13/06/2008. No longer current: D 1 (2014),,,0,,,,6,,"[{""Title"":""Subject"",""Text"":""Hydrographic surveying and charting"",""Url"":null},{""Title"":""Status"",""Text"":""Adopted 13/06/2008. No longer current: D 1 (2014)"",""Url"":null},{""Title"":""Category"",""Text"":""Operational matters"",""Url"":null},{""Title"":""Topics"",""Text"":""- Hydrography\n                                - IHO (International Hydrographic Organization)"",""Url"":null},{""Title"":""Attachments"",""Text"":"""",""Url"":null},{""Title"":""Relevant Final Report paragraph"",""Text"":""125"",""Url"":null}]",null,,
01/01/1958,01/01/2158,0,0,0,4,8,3,415,71,R6,6,2008,ATCM XXXI - CEP XI,Kyiv,Maritime Rescue Coordination Centres and Search and Rescue in the Antarctic Treaty Area,https://www.ats.aq/devAS/Meetings/Measure/415?s=1&iframe=1&from=01/01/1958&to=01/01/2158&cat=0&top=0&type=4&stat=0&txt=&curr=0,"Resolution 6 (2008) - ATCM XXXI - CEP XI, Kyiv",Adopted 13/06/2008,,,0,,,,6,,"[{""Title"":""Subject"",""Text"":""Maritime Rescue Coordination Centres and Search and Rescue in the Antarctic Treaty Area"",""Url"":null},{""Title"":""Status"",""Text"":""Adopted 13/06/2008"",""Url"":null},{""Title"":""Category"",""Text"":""Tourism and Non-Governmental Activities\n                                \nOperational matters"",""Url"":null},{""Title"":""Topics"",""Text"":""- IMO (International Maritime Organisation)\n                                - Search and Rescue (SAR)\n                                - Shipping\n                                - Tourism planning\n                                - Vessel-based activities"",""Url"":null},{""Title"":""Attachments"",""Text"":"""",""Url"":null},{""Title"":""Relevant Final Report paragraph"",""Text"":""160"",""Url"":null}]",null,,
01/01/1958,01/01/2158,0,0,0,4,8,4,382,62,R1,1,2007,ATCM XXX - CEP X,New Delhi,Site Guidelines for Visitors,https://www.ats.aq/devAS/Meetings/Measure/382?s=1&iframe=1&from=01/01/1958&to=01/01/2158&cat=0&top=0&type=4&stat=0&txt=&curr=0,"Resolution 1 (2007) - ATCM XXX - CEP X, New Delhi",Adopted 11/05/2007. No longer current: R 2 (2008),,,0,,,,6,https://documents.ats.aq/recatt/att366_e.pdf,"[{""Title"":""Subject"",""Text"":""Site Guidelines for Visitors"",""Url"":null},{""Title"":""Status"",""Text"":""Adopted 11/05/2007. No longer current: R 2 (2008)"",""Url"":null},{""Title"":""Category"",""Text"":""Tourism and Non-Governmental Activities"",""Url"":null},{""Title"":""Topics"",""Text"":""- Brown Bluff\n                                - Site Guidelines\n                                - Site Guidelines replacement\n                                - Snow Hill\n                                - Tourism Management"",""Url"":null},{""Title"":""Attachments"",""Text"":""Barrientos Island - Rev. Guide for visitors\n                                \n                                    Brown Bluff - Guide for visitors\n                                \n                                    Cuverville Island - Rev. Guide for visitors\n                                \n                                    Goudier Island - Guide for visitors\n                                \n                                    Hannah Point - Guide for visitors\n                                \n                                    Jougla Point - Rev. Guide for visitors\n                                \n                                    List of Sites subject to Site Guidelines\n                                \n                                    Neko Harbor - Guide for visitors\n                                \n                                    Paulet Island - Guide for visitors\n                                \n                                    Penguin Island - Rev. Guide for visitors\n                                \n                                    Petermann Island - Guide for visitors\n                                \n                                    Pleneau Island - Guide for visitors\n                                \n                                    Snow Hill  - Guide for visitors\n                                \n                                    Turret Point - Guide for visitors\n                                \n                                    Yankee Harbour - Guide for visitors"",""Url"":""https://documents.ats.aq/recatt/att366_e.pdf""},{""Title"":""Relevant Final Report paragraph"",""Text"":""96"",""Url"":null}]",null,,
01/01/1958,01/01/2158,0,0,0,4,8,5,383,62,R2,2,2007,ATCM XXX - CEP X,New Delhi,Conservation of the Southern Giant Petrel,https://www.ats.aq/devAS/Meetings/Measure/383?s=1&iframe=1&from=01/01/1958&to=01/01/2158&cat=0&top=0&type=4&stat=0&txt=&curr=0,"Resolution 2 (2007) - ATCM XXX - CEP X, New Delhi",Adopted 11/05/2007,,,0,,,,6,,"[{""Title"":""Subject"",""Text"":""Conservation of the Southern Giant Petrel"",""Url"":null},{""Title"":""Status"",""Text"":""Adopted 11/05/2007"",""Url"":null},{""Title"":""Category"",""Text"":""Fauna and flora"",""Url"":null},{""Title"":""Topics"",""Text"":""- Birds\n                                - Petrels\n                                - Specially protected species"",""Url"":null},{""Title"":""Attachments"",""Text"":"""",""Url"":null},{""Title"":""Relevant Final Report paragraph"",""Text"":""97"",""Url"":null}]",null,,
01/01/1958,01/01/2158,0,0,0,4,8,6,384,62,R3,3,2007,ATCM XXX - CEP X,New Delhi,Long-Term Monitoring,https://www.ats.aq/devAS/Meetings/Measure/384?s=1&iframe=1&from=01/01/1958&to=01/01/2158&cat=0&top=0&type=4&stat=0&txt=&curr=0,"Resolution 3 (2007) - ATCM XXX - CEP X, New Delhi",Adopted 11/05/2007,,,0,,,,6,,"[{""Title"":""Subject"",""Text"":""Long-Term Monitoring"",""Url"":null},{""Title"":""Status"",""Text"":""Adopted 11/05/2007"",""Url"":null},{""Title"":""Category"",""Text"":""Environmental protection"",""Url"":null},{""Title"":""Topics"",""Text"":""- Environmental monitoring\n                                - IPY (International Polar Year 2007-8)"",""Url"":null},{""Title"":""Attachments"",""Text"":"""",""Url"":null},{""Title"":""Relevant Final Report paragraph"",""Text"":""130"",""Url"":null}]",null,,
01/01/1958,01/01/2158,0,0,0,4,8,7,385,62,R4,4,2007,ATCM XXX - CEP X,New Delhi,Ship-based Tourism,https://www.ats.aq/devAS/Meetings/Measure/385?s=1&iframe=1&from=01/01/1958&to=01/01/2158&cat=0&top=0&type=4&stat=0&txt=&curr=0,"Resolution 4 (2007) - ATCM XXX - CEP X, New Delhi",Adopted 11/05/2007,,,0,,,,6,,"[{""Title"":""Subject"",""Text"":""Ship-based Tourism"",""Url"":null},{""Title"":""Status"",""Text"":""Adopted 11/05/2007"",""Url"":null},{""Title"":""Category"",""Text"":""Tourism and Non-Governmental Activities"",""Url"":null},{""Title"":""Topics"",""Text"":""- Tourism Management\n                                - Tourist landings\n                                - Vessel-based activities"",""Url"":null},{""Title"":""Attachments"",""Text"":"""",""Url"":null},{""Title"":""Relevant Final Report paragraph"",""Text"":""160"",""Url"":null}]",null,,
01/01/1958,01/01/2158,0,0,0,4,8,8,386,62,R5,5,2007,ATCM XXX - CEP X,New Delhi,Long-term effects of tourism,https://www.ats.aq/devAS/Meetings/Measure/386?s=1&iframe=1&from=01/01/1958&to=01/01/2158&cat=0&top=0&type=4&stat=0&txt=&curr=0,"Resolution 5 (2007) - ATCM XXX - CEP X, New Delhi",Adopted 11/05/2007,,,0,,,,6,,"[{""Title"":""Subject"",""Text"":""Long-term effects of tourism"",""Url"":null},{""Title"":""Status"",""Text"":""Adopted 11/05/2007"",""Url"":null},{""Title"":""Category"",""Text"":""Tourism and Non-Governmental Activities"",""Url"":null},{""Title"":""Topics"",""Text"":""- Activities' authorization procedures\n                                - Effects of tourism"",""Url"":null},{""Title"":""Attachments"",""Text"":"""",""Url"":null},{""Title"":""Relevant Final Report paragraph"",""Text"":""174"",""Url"":null}]",null,,
01/01/1958,01/01/2158,0,0,0,4,8,9,363,60,R1,1,2006,ATCM XXIX - CEP IX,Edinburgh,CCAMLR in the Antarctic Treaty System,https://www.ats.aq/devAS/Meetings/Measure/363?s=1&iframe=1&from=01/01/1958&to=01/01/2158&cat=0&top=0&type=4&stat=0&txt=&curr=0,"Resolution 1 (2006) - ATCM XXIX - CEP IX, Edinburgh",Adopted 23/06/2006,,,0,,,,6,,"[{""Title"":""Subject"",""Text"":""CCAMLR in the Antarctic Treaty System"",""Url"":null},{""Title"":""Status"",""Text"":""Adopted 23/06/2006"",""Url"":null},{""Title"":""Category"",""Text"":""Marine living resources\n                                \nEnvironmental protection"",""Url"":null},{""Title"":""Topics"",""Text"":""- Antarctic Treaty System\n                                - ATCM (Antarctic Treaty Consultative Meeting)\n                                - CCAMLR (Convention on the Conservation of Antarctic Marine Living Resources)"",""Url"":null},{""Title"":""Attachments"",""Text"":"""",""Url"":null},{""Title"":""Relevant Final Report paragraph"",""Text"":""34"",""Url"":null}]",null,,
01/01/1958,01/01/2158,0,0,0,4,8,10,364,60,R2,2,2006,ATCM XXIX - CEP IX,Edinburgh,Site Guidelines for Visitors,https://www.ats.aq/devAS/Meetings/Measure/364?s=1&iframe=1&from=01/01/1958&to=01/01/2158&cat=0&top=0&type=4&stat=0&txt=&curr=0,"Resolution 2 (2006) - ATCM XXIX - CEP IX, Edinburgh",Adopted 23/06/2006. No longer current: R 2 (2008),,,0,,,,6,https://documents.ats.aq/recatt/att344_e.pdf,"[{""Title"":""Subject"",""Text"":""Site Guidelines for Visitors"",""Url"":null},{""Title"":""Status"",""Text"":""Adopted 23/06/2006. No longer current: R 2 (2008)"",""Url"":null},{""Title"":""Category"",""Text"":""Tourism and Non-Governmental Activities"",""Url"":null},{""Title"":""Topics"",""Text"":""- Goudier Island, Port Lockroy\n                                - Hannah Point\n                                - Neko Harbour\n                                - Paulet Island\n                                - Petermann Island\n                                - Pleneau Island\n                                - Site Guidelines\n                                - Site Guidelines replacement\n                                - Tourism Management\n                                - Turret Point\n                                - Yankee Harbour"",""Url"":null},{""Title"":""Attachments"",""Text"":""Annex: List of Sites\n                                \n                                    Barrientos Island - Rev. Guide for visitors\n                                \n                                    Cuverville Island - Rev. Guide for visitors\n                                \n                                    Goudier Island - Guide for visitors\n                                \n                                    Hannah Point - Guide for visitors\n                                \n                                    Jougla Point - Rev. Guide for visitors\n                                \n                                    Neko Harbor - Guide for visitors\n                                \n                                    Paulet Island - Guide for visitors\n                                \n                                    Penguin Island - Rev. Guide for visitors\n                                \n                                    Petermann Island - Guide for visitors\n                                \n                                    Pleneau Island - Guide for visitors\n                                \n                                    Turret Point - Guide for visitors\n                                \n                                    Yankee Harbour - Guide for visitors"",""Url"":""https://documents.ats.aq/recatt/att344_e.pdf""},{""Title"":""Relevant Final Report paragraph"",""Text"":""81"",""Url"":null}]",null,,
01/01/1958,01/01/2158,0,0,0,4,8,11,365,60,R3,3,2006,ATCM XXIX - CEP IX,Edinburgh,Ballast Water Exchange,https://www.ats.aq/devAS/Meetings/Measure/365?s=1&iframe=1&from=01/01/1958&to=01/01/2158&cat=0&top=0&type=4&stat=0&txt=&curr=0,"Resolution 3 (2006) - ATCM XXIX - CEP IX, Edinburgh",Adopted 23/06/2006,,,0,,,,6,https://documents.ats.aq/recatt/att345_e.pdf,"[{""Title"":""Subject"",""Text"":""Ballast Water Exchange"",""Url"":null},{""Title"":""Status"",""Text"":""Adopted 23/06/2006"",""Url"":null},{""Title"":""Category"",""Text"":""Marine pollution\n                                \nEnvironmental protection"",""Url"":null},{""Title"":""Topics"",""Text"":""- Annex II (Flora and Fauna)\n                                - Annex IV (Marine Pollution)\n                                - IMO (International Maritime Organisation)"",""Url"":null},{""Title"":""Attachments"",""Text"":""Annex: Practical Guidelines for Ballast Water Exchange in the Antarctic Treaty Area"",""Url"":""https://documents.ats.aq/recatt/att345_e.pdf""},{""Title"":""Relevant Final Report paragraph"",""Text"":""83"",""Url"":null}]",null,,
01/01/1958,01/01/2158,0,0,0,4,8,12,366,60,R4,4,2006,ATCM XXIX - CEP IX,Edinburgh,Southern Giant Petrels,https://www.ats.aq/devAS/Meetings/Measure/366?s=1&iframe=1&from=01/01/1958&to=01/01/2158&cat=0&top=0&type=4&stat=0&txt=&curr=0,"Resolution 4 (2006) - ATCM XXIX - CEP IX, Edinburgh",Adopted 23/06/2006,,,0,,,,6,,"[{""Title"":""Subject"",""Text"":""Southern Giant Petrels"",""Url"":null},{""Title"":""Status"",""Text"":""Adopted 23/06/2006"",""Url"":null},{""Title"":""Category"",""Text"":""Fauna and flora"",""Url"":null},{""Title"":""Topics"",""Text"":""- Birds\n                                - Petrels\n                                - Specially protected species"",""Url"":null},{""Title"":""Attachments"",""Text"":"""",""Url"":null},{""Title"":""Relevant Final Report paragraph"",""Text"":""84"",""Url"":null}]",null,,
01/01/1958,01/01/2158,0,0,0,4,8,13,346,59,R1,1,2005,ATCM XXVIII - CEP VIII,Stockholm,Environmental Impact Assesment: Circulation of information,https://www.ats.aq/devAS/Meetings/Measure/346?s=1&iframe=1&from=01/01/1958&to=01/01/2158&cat=0&top=0&type=4&stat=0&txt=&curr=0,"Resolution 1 (2005) - ATCM XXVIII - CEP VIII, Stockholm",Adopted 17/06/2005,,,0,,,,6,,"[{""Title"":""Subject"",""Text"":""Environmental Impact Assesment: Circulation of information"",""Url"":null},{""Title"":""Status"",""Text"":""Adopted 17/06/2005"",""Url"":null},{""Title"":""Category"",""Text"":""Environmental impact assessment\n                                \nInformation exchange"",""Url"":null},{""Title"":""Topics"",""Text"":"""",""Url"":null},{""Title"":""Attachments"",""Text"":"""",""Url"":null},{""Title"":""Relevant Final Report paragraph"",""Text"":""94"",""Url"":null}]",null,,
01/01/1958,01/01/2158,0,0,0,4,8,14,347,59,R2,2,2005,ATCM XXVIII - CEP VIII,Stockholm,Guidelines for Environmental Monitoring,https://www.ats.aq/devAS/Meetings/Measure/347?s=1&iframe=1&from=01/01/1958&to=01/01/2158&cat=0&top=0&type=4&stat=0&txt=&curr=0,"Resolution 2 (2005) - ATCM XXVIII - CEP VIII, Stockholm",Adopted 17/06/2005,,,0,,,,6,https://documents.ats.aq/recatt/att265_e.pdf,"[{""Title"":""Subject"",""Text"":""Guidelines for Environmental Monitoring"",""Url"":null},{""Title"":""Status"",""Text"":""Adopted 17/06/2005"",""Url"":null},{""Title"":""Category"",""Text"":""Environmental protection"",""Url"":null},{""Title"":""Topics"",""Text"":""- Environmental monitoring\n                                - Guidelines"",""Url"":null},{""Title"":""Attachments"",""Text"":""Practical Guidelines for Developing and Designing Environmental Monitoring Programs in Antarctica"",""Url"":""https://documents.ats.aq/recatt/att265_e.pdf""},{""Title"":""Relevant Final Report paragraph"",""Text"":""94"",""Url"":null}]",null,,
01/01/1958,01/01/2158,0,0,0,4,9,0,348,59,R3,3,2005,ATCM XXVIII - CEP VIII,Stockholm,Fuel Storage and Handling,https://www.ats.aq/devAS/Meetings/Measure/348?s=1&iframe=1&from=01/01/1958&to=01/01/2158&cat=0&top=0&type=4&stat=0&txt=&curr=0,"Resolution 3 (2005) - ATCM XXVIII - CEP VIII, Stockholm",Adopted 17/06/2005. No longer current: D 1 (2014),,,0,,,,6,,"[{""Title"":""Subject"",""Text"":""Fuel Storage and Handling"",""Url"":null},{""Title"":""Status"",""Text"":""Adopted 17/06/2005. No longer current: D 1 (2014)"",""Url"":null},{""Title"":""Category"",""Text"":""Operational matters\n                                \nEnvironmental protection"",""Url"":null},{""Title"":""Topics"",""Text"":""- COMNAP (Council of Managers of National Antarctic Programs)\n                                - Fuel storage and handling\n                                - Oil contamination"",""Url"":null},{""Title"":""Attachments"",""Text"":"""",""Url"":null},{""Title"":""Relevant Final Report paragraph"",""Text"":""94"",""Url"":null}]",null,,
01/01/1958,01/01/2158,0,0,0,4,9,1,349,59,R4,4,2005,ATCM XXVIII - CEP VIII,Stockholm,Revised EIA guidelines,https://www.ats.aq/devAS/Meetings/Measure/349?s=1&iframe=1&from=01/01/1958&to=01/01/2158&cat=0&top=0&type=4&stat=0&txt=&curr=0,"Resolution 4 (2005) - ATCM XXVIII - CEP VIII, Stockholm",Adopted 17/06/2005. No longer current: R 1 (2016),,,0,,,,6,https://documents.ats.aq/recatt/att266_e.pdf,"[{""Title"":""Subject"",""Text"":""Revised EIA guidelines"",""Url"":null},{""Title"":""Status"",""Text"":""Adopted 17/06/2005. No longer current: R 1 (2016)"",""Url"":null},{""Title"":""Category"",""Text"":""Environmental impact assessment"",""Url"":null},{""Title"":""Topics"",""Text"":""- CEE (Comprehensive Environmental Evaluation)\n                                - Guidelines\n                                - IEE (Initial Environmental Evaluation)"",""Url"":null},{""Title"":""Attachments"",""Text"":""Amended Guidelines for Environmental Impact Assessment"",""Url"":""https://documents.ats.aq/recatt/att266_e.pdf""},{""Title"":""Relevant Final Report paragraph"",""Text"":""94"",""Url"":null}]",null,,
01/01/1958,01/01/2158,0,0,0,4,9,2,350,59,R5,5,2005,ATCM XXVIII - CEP VIII,Stockholm,Site Guidelines for Visitors,https://www.ats.aq/devAS/Meetings/Measure/350?s=1&iframe=1&from=01/01/1958&to=01/01/2158&cat=0&top=0&type=4&stat=0&txt=&curr=0,"Resolution 5 (2005) - ATCM XXVIII - CEP VIII, Stockholm",Adopted 17/06/2005. No longer current: R 1 (2010),,,0,,,,6,https://documents.ats.aq/recatt/att350_e.pdf,"[{""Title"":""Subject"",""Text"":""Site Guidelines for Visitors"",""Url"":null},{""Title"":""Status"",""Text"":""Adopted 17/06/2005. No longer current: R 1 (2010)"",""Url"":null},{""Title"":""Category"",""Text"":""Tourism and Non-Governmental Activities"",""Url"":null},{""Title"":""Topics"",""Text"":""- Barrientos Island, Aitcho Islands\n                                - Cuverville Island\n                                - Jougla Point\n                                - Penguin Island\n                                - Site Guidelines\n                                - Tourism Management"",""Url"":null},{""Title"":""Attachments"",""Text"":""Aitcho Islands - Guide for visitors\n                                \n                                    Cuverville Island - Guide for visitors\n                                \n                                    Jougla Point - Guide for visitors\n                                \n                                    List of current Site Guidelines\n                                \n                                    Penguin Island - Guide for visitors"",""Url"":""https://documents.ats.aq/recatt/att350_e.pdf""},{""Title"":""Relevant Final Report paragraph"",""Text"":""160"",""Url"":null}]",null,,
01/01/1958,01/01/2158,0,0,0,4,9,3,351,59,R6,6,2005,ATCM XXVIII - CEP VIII,Stockholm,Post Visit Site Report Form,https://www.ats.aq/devAS/Meetings/Measure/351?s=1&iframe=1&from=01/01/1958&to=01/01/2158&cat=0&top=0&type=4&stat=0&txt=&curr=0,"Resolution 6 (2005) - ATCM XXVIII - CEP VIII, Stockholm",Adopted 17/06/2005. No longer current: R 10 (2021),,,0,,,,6,https://documents.ats.aq/recatt/att267_e.pdf,"[{""Title"":""Subject"",""Text"":""Post Visit Site Report Form"",""Url"":null},{""Title"":""Status"",""Text"":""Adopted 17/06/2005. No longer current: R 10 (2021)"",""Url"":null},{""Title"":""Category"",""Text"":""Tourism and Non-Governmental Activities\n                                \nInformation exchange"",""Url"":null},{""Title"":""Topics"",""Text"":""- Post Visit Report Form\n                                - Tourism reporting"",""Url"":null},{""Title"":""Attachments"",""Text"":""Post Visit Site Report Form for Tourism and Non-Governmental Activities in Antarctica"",""Url"":""https://documents.ats.aq/recatt/att267_e.pdf""},{""Title"":""Relevant Final Report paragraph"",""Text"":""163"",""Url"":null}]",null,,
01/01/1958,01/01/2158,0,0,0,4,9,4,352,59,R7,7,2005,ATCM XXVIII - CEP VIII,Stockholm,Biological Prospecting,https://www.ats.aq/devAS/Meetings/Measure/352?s=1&iframe=1&from=01/01/1958&to=01/01/2158&cat=0&top=0&type=4&stat=0&txt=&curr=0,"Resolution 7 (2005) - ATCM XXVIII - CEP VIII, Stockholm",Adopted 17/06/2005,,,0,,,,6,,"[{""Title"":""Subject"",""Text"":""Biological Prospecting"",""Url"":null},{""Title"":""Status"",""Text"":""Adopted 17/06/2005"",""Url"":null},{""Title"":""Category"",""Text"":""Scientific cooperation\n                                \nFauna and flora                                \nInformation exchange"",""Url"":null},{""Title"":""Topics"",""Text"":""- Biological prospecting"",""Url"":null},{""Title"":""Attachments"",""Text"":"""",""Url"":null},{""Title"":""Relevant Final Report paragraph"",""Text"":""235"",""Url"":null}]",null,,
01/01/1958,01/01/2158,0,0,0,4,9,5,326,58,R1,1,2004,ATCM XXVII - CEP VII,Capetown,Marine pollution and fishing activities,https://www.ats.aq/devAS/Meetings/Measure/326?s=1&iframe=1&from=01/01/1958&to=01/01/2158&cat=0&top=0&type=4&stat=0&txt=&curr=0,"Resolution 1 (2004) - ATCM XXVII - CEP VII, Capetown",Adopted 04/06/2004,,,0,,,,6,,"[{""Title"":""Subject"",""Text"":""Marine pollution and fishing activities"",""Url"":null},{""Title"":""Status"",""Text"":""Adopted 04/06/2004"",""Url"":null},{""Title"":""Category"",""Text"":""Marine pollution"",""Url"":null},{""Title"":""Topics"",""Text"":""- CCAMLR (Convention on the Conservation of Antarctic Marine Living Resources)"",""Url"":null},{""Title"":""Attachments"",""Text"":"""",""Url"":null},{""Title"":""Relevant Final Report paragraph"",""Text"":""86"",""Url"":null}]",null,,
01/01/1958,01/01/2158,0,0,0,4,9,6,327,58,R2,2,2004,ATCM XXVII - CEP VII,Capetown,Guidelines for Aircraft near concentrations of birds,https://www.ats.aq/devAS/Meetings/Measure/327?s=1&iframe=1&from=01/01/1958&to=01/01/2158&cat=0&top=0&type=4&stat=0&txt=&curr=0,"Resolution 2 (2004) - ATCM XXVII - CEP VII, Capetown",Adopted 04/06/2004,,,0,,,,6,https://documents.ats.aq/recatt/att224_e.pdf,"[{""Title"":""Subject"",""Text"":""Guidelines for Aircraft near concentrations of birds"",""Url"":null},{""Title"":""Status"",""Text"":""Adopted 04/06/2004"",""Url"":null},{""Title"":""Category"",""Text"":""Operational matters\n                                \nFauna and flora"",""Url"":null},{""Title"":""Topics"",""Text"":""- Air Transport\n                                - Guidelines"",""Url"":null},{""Title"":""Attachments"",""Text"":""Guidelines for the Operation of Aircraft near concentrations of birds"",""Url"":""https://documents.ats.aq/recatt/att224_e.pdf""},{""Title"":""Relevant Final Report paragraph"",""Text"":""89"",""Url"":null}]",null,,
01/01/1958,01/01/2158,0,0,0,4,9,7,328,58,R3,3,2004,ATCM XXVII - CEP VII,Capetown,Tourism and non-Governmental activities,https://www.ats.aq/devAS/Meetings/Measure/328?s=1&iframe=1&from=01/01/1958&to=01/01/2158&cat=0&top=0&type=4&stat=0&txt=&curr=0,"Resolution 3 (2004) - ATCM XXVII - CEP VII, Capetown",Adopted 04/06/2004,,,0,,,,6,,"[{""Title"":""Subject"",""Text"":""Tourism and non-Governmental activities"",""Url"":null},{""Title"":""Status"",""Text"":""Adopted 04/06/2004"",""Url"":null},{""Title"":""Category"",""Text"":""Tourism and Non-Governmental Activities\n                                \nInformation exchange"",""Url"":null},{""Title"":""Topics"",""Text"":""- Activities' authorization procedures\n                                - Information exchange\n                                - Tourism reporting"",""Url"":null},{""Title"":""Attachments"",""Text"":"""",""Url"":null},{""Title"":""Relevant Final Report paragraph"",""Text"":""172"",""Url"":null}]",null,,
01/01/1958,01/01/2158,0,0,0,4,9,8,329,58,R4,4,2004,ATCM XXVII - CEP VII,Capetown,Tourist Guidelines,https://www.ats.aq/devAS/Meetings/Measure/329?s=1&iframe=1&from=01/01/1958&to=01/01/2158&cat=0&top=0&type=4&stat=0&txt=&curr=0,"Resolution 4 (2004) - ATCM XXVII - CEP VII, Capetown",Adopted 04/06/2004. No longer current: R 6 (2017),,,0,,,,6,https://documents.ats.aq/recatt/att225_e.pdf,"[{""Title"":""Subject"",""Text"":""Tourist Guidelines"",""Url"":null},{""Title"":""Status"",""Text"":""Adopted 04/06/2004. No longer current: R 6 (2017)"",""Url"":null},{""Title"":""Category"",""Text"":""Tourism and Non-Governmental Activities"",""Url"":null},{""Title"":""Topics"",""Text"":""- Contingency plans\n                                - Insurance\n                                - Safety issues\n                                - Search and Rescue (SAR)\n                                - Tourism planning"",""Url"":null},{""Title"":""Attachments"",""Text"":""Tourism guidelines"",""Url"":""https://documents.ats.aq/recatt/att225_e.pdf""},{""Title"":""Relevant Final Report paragraph"",""Text"":""179"",""Url"":null}]",null,,
01/01/1958,01/01/2158,0,0,0,4,9,9,330,58,R5,5,2004,ATCM XXVII - CEP VII,Capetown,Intersessional contact group on exchange of information,https://www.ats.aq/devAS/Meetings/Measure/330?s=1&iframe=1&from=01/01/1958&to=01/01/2158&cat=0&top=0&type=4&stat=0&txt=&curr=0,"Resolution 5 (2004) - ATCM XXVII - CEP VII, Capetown",Adopted 04/06/2004,,,0,,,,6,,"[{""Title"":""Subject"",""Text"":""Intersessional contact group on exchange of information"",""Url"":null},{""Title"":""Status"",""Text"":""Adopted 04/06/2004"",""Url"":null},{""Title"":""Category"",""Text"":""Information exchange"",""Url"":null},{""Title"":""Topics"",""Text"":"""",""Url"":null},{""Title"":""Attachments"",""Text"":"""",""Url"":null},{""Title"":""Relevant Final Report paragraph"",""Text"":""225"",""Url"":null}]",null,,
01/01/1958,01/01/2158,0,0,0,4,9,10,302,57,R1,1,2003,ATCM XXVI - CEP VI,Madrid,Advice to vessel and yacht operators,https://www.ats.aq/devAS/Meetings/Measure/302?s=1&iframe=1&from=01/01/1958&to=01/01/2158&cat=0&top=0&type=4&stat=0&txt=&curr=0,"Resolution 1 (2003) - ATCM XXVI - CEP VI, Madrid",Adopted 20/06/2003,,,0,,,,6,,"[{""Title"":""Subject"",""Text"":""Advice to vessel and yacht operators"",""Url"":null},{""Title"":""Status"",""Text"":""Adopted 20/06/2003"",""Url"":null},{""Title"":""Category"",""Text"":""Marine pollution"",""Url"":null},{""Title"":""Topics"",""Text"":""- Environment Protocol\n                                - Shipping\n                                - Tourism\n                                - Vessel-based activities\n                                - Yachting"",""Url"":null},{""Title"":""Attachments"",""Text"":"""",""Url"":null},{""Title"":""Relevant Final Report paragraph"",""Text"":""117"",""Url"":null}]",null,,
01/01/1958,01/01/2158,0,0,0,4,9,11,303,57,R2,2,2003,ATCM XXVI - CEP VI,Madrid,Support for  the International Polar Year 2007/8,https://www.ats.aq/devAS/Meetings/Measure/303?s=1&iframe=1&from=01/01/1958&to=01/01/2158&cat=0&top=0&type=4&stat=0&txt=&curr=0,"Resolution 2 (2003) - ATCM XXVI - CEP VI, Madrid",Adopted 20/06/2003,,,0,,,,6,,"[{""Title"":""Subject"",""Text"":""Support for  the International Polar Year 2007/8"",""Url"":null},{""Title"":""Status"",""Text"":""Adopted 20/06/2003"",""Url"":null},{""Title"":""Category"",""Text"":""Scientific cooperation"",""Url"":null},{""Title"":""Topics"",""Text"":""- IPY (International Polar Year 2007-8)"",""Url"":null},{""Title"":""Attachments"",""Text"":"""",""Url"":null},{""Title"":""Relevant Final Report paragraph"",""Text"":""128"",""Url"":null}]",null,,
01/01/1958,01/01/2158,0,0,0,4,9,12,304,57,R3,3,2003,ATCM XXVI - CEP VI,Madrid,Hydrographic surveying and charting activities,https://www.ats.aq/devAS/Meetings/Measure/304?s=1&iframe=1&from=01/01/1958&to=01/01/2158&cat=0&top=0&type=4&stat=0&txt=&curr=0,"Resolution 3 (2003) - ATCM XXVI - CEP VI, Madrid",Adopted 20/06/2003. No longer current: D 1 (2014),,,0,,,,6,,"[{""Title"":""Subject"",""Text"":""Hydrographic surveying and charting activities"",""Url"":null},{""Title"":""Status"",""Text"":""Adopted 20/06/2003. No longer current: D 1 (2014)"",""Url"":null},{""Title"":""Category"",""Text"":""Operational matters"",""Url"":null},{""Title"":""Topics"",""Text"":""- Hydrography\n                                - IHO (International Hydrographic Organization)"",""Url"":null},{""Title"":""Attachments"",""Text"":"""",""Url"":null},{""Title"":""Relevant Final Report paragraph"",""Text"":""55"",""Url"":null}]",null,,
01/01/1958,01/01/2158,0,0,0,4,9,13,305,57,R4,4,2003,ATCM XXVI - CEP VI,Madrid,Albatross and Petrel Agreement,https://www.ats.aq/devAS/Meetings/Measure/305?s=1&iframe=1&from=01/01/1958&to=01/01/2158&cat=0&top=0&type=4&stat=0&txt=&curr=0,"Resolution 4 (2003) - ATCM XXVI - CEP VI, Madrid",Adopted 20/06/2003,,,0,,,,6,,"[{""Title"":""Subject"",""Text"":""Albatross and Petrel Agreement"",""Url"":null},{""Title"":""Status"",""Text"":""Adopted 20/06/2003"",""Url"":null},{""Title"":""Category"",""Text"":""Fauna and flora"",""Url"":null},{""Title"":""Topics"",""Text"":""- ACAP (Agreement on Conservation of Albatrosses and Petrels)\n                                - Birds"",""Url"":null},{""Title"":""Attachments"",""Text"":"""",""Url"":null},{""Title"":""Relevant Final Report paragraph"",""Text"":""79"",""Url"":null}]",null,,
01/01/1958,01/01/2158,0,0,0,4,9,14,291,56,R1,1,2002,ATCM XXV - CEP V,Warsaw,Review of conservation status of Antarctic Species,https://www.ats.aq/devAS/Meetings/Measure/291?s=1&iframe=1&from=01/01/1958&to=01/01/2158&cat=0&top=0&type=4&stat=0&txt=&curr=0,"Resolution 1 (2002) - ATCM XXV - CEP V, Warsaw",Adopted 20/09/2002,,,0,,,,6,,"[{""Title"":""Subject"",""Text"":""Review of conservation status of Antarctic Species"",""Url"":null},{""Title"":""Status"",""Text"":""Adopted 20/09/2002"",""Url"":null},{""Title"":""Category"",""Text"":""Fauna and flora"",""Url"":null},{""Title"":""Topics"",""Text"":""- CEP (Committee for Environmental Protection)\n                                - IUCN (International Union for the Conservation of Nature)\n                                - SCAR (Scientific Committee on Antarctic Research)\n                                - Specially protected species"",""Url"":null},{""Title"":""Attachments"",""Text"":"""",""Url"":null},{""Title"":""Relevant Final Report paragraph"",""Text"":""63"",""Url"":null}]",null,,
01/01/1958,01/01/2158,0,0,0,4,10,0,292,56,R2,2,2002,ATCM XXV - CEP V,Warsaw,Revision of ASPA Management Plans,https://www.ats.aq/devAS/Meetings/Measure/292?s=1&iframe=1&from=01/01/1958&to=01/01/2158&cat=0&top=0&type=4&stat=0&txt=&curr=0,"Resolution 2 (2002) - ATCM XXV - CEP V, Warsaw",Adopted 20/09/2002,,,0,,,,6,,"[{""Title"":""Subject"",""Text"":""Revision of ASPA Management Plans"",""Url"":null},{""Title"":""Status"",""Text"":""Adopted 20/09/2002"",""Url"":null},{""Title"":""Category"",""Text"":""Area protection and management"",""Url"":null},{""Title"":""Topics"",""Text"":""- ASPAs (Antarctic Specially Protected Areas)"",""Url"":null},{""Title"":""Attachments"",""Text"":"""",""Url"":null},{""Title"":""Relevant Final Report paragraph"",""Text"":""74"",""Url"":null}]",null,,
01/01/1958,01/01/2158,0,0,0,4,10,1,293,56,R3,3,2002,ATCM XXV - CEP V,Warsaw,Support for CCAMLR,https://www.ats.aq/devAS/Meetings/Measure/293?s=1&iframe=1&from=01/01/1958&to=01/01/2158&cat=0&top=0&type=4&stat=0&txt=&curr=0,"Resolution 3 (2002) - ATCM XXV - CEP V, Warsaw",Adopted 20/09/2002,,,0,,,,6,,"[{""Title"":""Subject"",""Text"":""Support for CCAMLR"",""Url"":null},{""Title"":""Status"",""Text"":""Adopted 20/09/2002"",""Url"":null},{""Title"":""Category"",""Text"":""Marine living resources"",""Url"":null},{""Title"":""Topics"",""Text"":""- CCAMLR (Convention on the Conservation of Antarctic Marine Living Resources)\n                                - IUU (Illegal, Unreported and Unregulated) fishing"",""Url"":null},{""Title"":""Attachments"",""Text"":"""",""Url"":null},{""Title"":""Relevant Final Report paragraph"",""Text"":""154"",""Url"":null}]",null,,
01/01/1958,01/01/2158,0,0,0,4,10,2,281,55,R1,1,2001,ATCM XXIV - CEP IV,St. Petersburg,Decision on superseded recommendations,https://www.ats.aq/devAS/Meetings/Measure/281?s=1&iframe=1&from=01/01/1958&to=01/01/2158&cat=0&top=0&type=4&stat=0&txt=&curr=0,"Resolution 1 (2001) - ATCM XXIV - CEP IV, St. Petersburg",Adopted 20/07/2001,,,0,,,,6,,"[{""Title"":""Subject"",""Text"":""Decision on superseded recommendations"",""Url"":null},{""Title"":""Status"",""Text"":""Adopted 20/07/2001"",""Url"":null},{""Title"":""Category"",""Text"":""Institutional \u0026 legal matters"",""Url"":null},{""Title"":""Topics"",""Text"":""- Decisions\n                                - Measures\n                                - Recommendations\n                                - Resolutions"",""Url"":null},{""Title"":""Attachments"",""Text"":"""",""Url"":null},{""Title"":""Relevant Final Report paragraph"",""Text"":""30"",""Url"":null}]",null,,
01/01/1958,01/01/2158,0,0,0,4,10,3,282,55,R2,2,2001,ATCM XXIV - CEP IV,St. Petersburg,Support for the CCAMLR Catch Documentation Scheme.,https://www.ats.aq/devAS/Meetings/Measure/282?s=1&iframe=1&from=01/01/1958&to=01/01/2158&cat=0&top=0&type=4&stat=0&txt=&curr=0,"Resolution 2 (2001) - ATCM XXIV - CEP IV, St. Petersburg",Adopted 20/07/2001,,,0,,,,6,,"[{""Title"":""Subject"",""Text"":""Support for the CCAMLR Catch Documentation Scheme."",""Url"":null},{""Title"":""Status"",""Text"":""Adopted 20/07/2001"",""Url"":null},{""Title"":""Category"",""Text"":""Marine living resources"",""Url"":null},{""Title"":""Topics"",""Text"":""- CCAMLR (Convention on the Conservation of Antarctic Marine Living Resources)\n                                - IUU (Illegal, Unreported and Unregulated) fishing"",""Url"":null},{""Title"":""Attachments"",""Text"":"""",""Url"":null},{""Title"":""Relevant Final Report paragraph"",""Text"":""35"",""Url"":null}]",null,,
01/01/1958,01/01/2158,0,0,0,4,10,4,283,55,R3,3,2001,ATCM XXIV - CEP IV,St. Petersburg,Protection of Antarctic meteorites.,https://www.ats.aq/devAS/Meetings/Measure/283?s=1&iframe=1&from=01/01/1958&to=01/01/2158&cat=0&top=0&type=4&stat=0&txt=&curr=0,"Resolution 3 (2001) - ATCM XXIV - CEP IV, St. Petersburg",Adopted 20/07/2001,,,0,,,,6,,"[{""Title"":""Subject"",""Text"":""Protection of Antarctic meteorites."",""Url"":null},{""Title"":""Status"",""Text"":""Adopted 20/07/2001"",""Url"":null},{""Title"":""Category"",""Text"":""Environmental protection\n                                \nScientific cooperation"",""Url"":null},{""Title"":""Topics"",""Text"":""- Geological specimens\n                                - Meteorites"",""Url"":null},{""Title"":""Attachments"",""Text"":"""",""Url"":null},{""Title"":""Relevant Final Report paragraph"",""Text"":""44"",""Url"":null}]",null,,
01/01/1958,01/01/2158,0,0,0,4,10,5,284,55,R4,4,2001,ATCM XXIV - CEP IV,St. Petersburg,Review of Historic Sites and Monuments.,https://www.ats.aq/devAS/Meetings/Measure/284?s=1&iframe=1&from=01/01/1958&to=01/01/2158&cat=0&top=0&type=4&stat=0&txt=&curr=0,"Resolution 4 (2001) - ATCM XXIV - CEP IV, St. Petersburg",Adopted 20/07/2001,,,0,,,,6,https://documents.ats.aq/recatt/att091_e.pdf,"[{""Title"":""Subject"",""Text"":""Review of Historic Sites and Monuments."",""Url"":null},{""Title"":""Status"",""Text"":""Adopted 20/07/2001"",""Url"":null},{""Title"":""Category"",""Text"":""Historic Sites and Monuments\n                                \nArea protection and management"",""Url"":null},{""Title"":""Topics"",""Text"":""- CEP (Committee for Environmental Protection)\n                                - HSMs - general"",""Url"":null},{""Title"":""Attachments"",""Text"":""List of Parties responsible for reviewing Historical Sites and Monuments"",""Url"":""https://documents.ats.aq/recatt/att091_e.pdf""},{""Title"":""Relevant Final Report paragraph"",""Text"":""54"",""Url"":null}]",null,,
01/01/1958,01/01/2158,0,0,0,4,10,6,285,55,R5,5,2001,ATCM XXIV - CEP IV,St. Petersburg,Guidelines for handling pre-1958 historic remains,https://www.ats.aq/devAS/Meetings/Measure/285?s=1&iframe=1&from=01/01/1958&to=01/01/2158&cat=0&top=0&type=4&stat=0&txt=&curr=0,"Resolution 5 (2001) - ATCM XXIV - CEP IV, St. Petersburg",Adopted 20/07/2001,,,0,,,,6,https://documents.ats.aq/recatt/att090_e.pdf,"[{""Title"":""Subject"",""Text"":""Guidelines for handling pre-1958 historic remains"",""Url"":null},{""Title"":""Status"",""Text"":""Adopted 20/07/2001"",""Url"":null},{""Title"":""Category"",""Text"":""Historic Sites and Monuments\n                                \nArea protection and management"",""Url"":null},{""Title"":""Topics"",""Text"":""- Guidelines\n                                - HSMs - general"",""Url"":null},{""Title"":""Attachments"",""Text"":""GUIDELINES for handling of pre-1958 historic remains"",""Url"":""https://documents.ats.aq/recatt/att090_e.pdf""},{""Title"":""Relevant Final Report paragraph"",""Text"":""54"",""Url"":null}]",null,,
01/01/1958,01/01/2158,0,0,0,4,10,7,286,55,R6,6,2001,ATCM XXIV - CEP IV,St. Petersburg,Information Exchange to be carried out through central website according to Information Exchange Requirements (attached),https://www.ats.aq/devAS/Meetings/Measure/286?s=1&iframe=1&from=01/01/1958&to=01/01/2158&cat=0&top=0&type=4&stat=0&txt=&curr=0,"Resolution 6 (2001) - ATCM XXIV - CEP IV, St. Petersburg",Adopted 20/07/2001,,,0,,,,7,https://documents.ats.aq/recatt/att315_e.pdf,"[{""Title"":""Subject"",""Text"":""Information Exchange to be carried out through central website according to Information Exchange Requirements (attached)"",""Url"":null},{""Title"":""Status"",""Text"":""Adopted 20/07/2001"",""Url"":null},{""Title"":""Category"",""Text"":""Information exchange"",""Url"":null},{""Title"":""Topics"",""Text"":""- ATCM Home Page\n                                - Final Report"",""Url"":null},{""Title"":""Attachments"",""Text"":""Information Exchange Requirements"",""Url"":""https://documents.ats.aq/recatt/att315_e.pdf""},{""Title"":""Relevant Final Report paragraph"",""Text"":""150"",""Url"":null},{""Title"":""Memo"",""Text"":""Appendix 4 of the ATCM XXIV Final Report, supplemented according to Decision 6 (2013), is no longer current by Decision 6 (2015)."",""Url"":null}]",null,,
01/01/1958,01/01/2158,0,0,0,4,10,8,273,54,S-R1,1,2000,SATCM XII - CEP III,The Hague,Guidelines for Implementation of the Framework for Protected Areas,https://www.ats.aq/devAS/Meetings/Measure/273?s=1&iframe=1&from=01/01/1958&to=01/01/2158&cat=0&top=0&type=4&stat=0&txt=&curr=0,"Resolution 1 (2000) - SATCM XII - CEP III, The Hague",Adopted 15/09/2000. No longer current: R 2 (2025),,,0,,,,6,https://documents.ats.aq/recatt/att081_e.pdf,"[{""Title"":""Subject"",""Text"":""Guidelines for Implementation of the Framework for Protected Areas"",""Url"":null},{""Title"":""Status"",""Text"":""Adopted 15/09/2000. No longer current: R 2 (2025)"",""Url"":null},{""Title"":""Category"",""Text"":""Area protection and management"",""Url"":null},{""Title"":""Topics"",""Text"":""- ASPAs (Antarctic Specially Protected Areas)\n                                - Guidelines"",""Url"":null},{""Title"":""Attachments"",""Text"":""Guidelines for Implementation of the Framework for Protected Areas"",""Url"":""https://documents.ats.aq/recatt/att081_e.pdf""},{""Title"":""Relevant Final Report paragraph"",""Text"":""14"",""Url"":null}]",null,,
01/01/1958,01/01/2158,0,0,0,4,10,9,274,54,S-R2,2,2000,SATCM XII - CEP III,The Hague,Support for CCAMLR Catch Documentation Scheme,https://www.ats.aq/devAS/Meetings/Measure/274?s=1&iframe=1&from=01/01/1958&to=01/01/2158&cat=0&top=0&type=4&stat=0&txt=&curr=0,"Resolution 2 (2000) - SATCM XII - CEP III, The Hague",Adopted 15/09/2000,,,0,,,,6,,"[{""Title"":""Subject"",""Text"":""Support for CCAMLR Catch Documentation Scheme"",""Url"":null},{""Title"":""Status"",""Text"":""Adopted 15/09/2000"",""Url"":null},{""Title"":""Category"",""Text"":""Marine living resources"",""Url"":null},{""Title"":""Topics"",""Text"":""- CCAMLR (Convention on the Conservation of Antarctic Marine Living Resources)\n                                - IUU (Illegal, Unreported and Unregulated) fishing"",""Url"":null},{""Title"":""Attachments"",""Text"":"""",""Url"":null},{""Title"":""Relevant Final Report paragraph"",""Text"":""30"",""Url"":null}]",null,,
01/01/1958,01/01/2158,0,0,0,4,10,10,264,53,R1,1,1999,ATCM XXIII -  CEP II,Lima,EIA Guidelines,https://www.ats.aq/devAS/Meetings/Measure/264?s=1&iframe=1&from=01/01/1958&to=01/01/2158&cat=0&top=0&type=4&stat=0&txt=&curr=0,"Resolution 1 (1999) - ATCM XXIII -  CEP II, Lima",Adopted 04/06/1999. No longer current: D 1 (2011),,,0,,,,6,https://documents.ats.aq/recatt/att078_e.pdf,"[{""Title"":""Subject"",""Text"":""EIA Guidelines"",""Url"":null},{""Title"":""Status"",""Text"":""Adopted 04/06/1999. No longer current: D 1 (2011)"",""Url"":null},{""Title"":""Category"",""Text"":""Environmental impact assessment"",""Url"":null},{""Title"":""Topics"",""Text"":""- CEE (Comprehensive Environmental Evaluation)\n                                - Guidelines\n                                - IEE (Initial Environmental Evaluation)"",""Url"":null},{""Title"":""Attachments"",""Text"":""Guidelines for Environmental Impact Assessment in Antarctica"",""Url"":""https://documents.ats.aq/recatt/att078_e.pdf""},{""Title"":""Relevant Final Report paragraph"",""Text"":""58"",""Url"":null}]",null,,
01/01/1958,01/01/2158,0,0,0,4,10,11,265,53,R2,2,1999,ATCM XXIII -  CEP II,Lima,Review of Specially Protected Species,https://www.ats.aq/devAS/Meetings/Measure/265?s=1&iframe=1&from=01/01/1958&to=01/01/2158&cat=0&top=0&type=4&stat=0&txt=&curr=0,"Resolution 2 (1999) - ATCM XXIII -  CEP II, Lima",Adopted 04/06/1999,,,0,,,,6,,"[{""Title"":""Subject"",""Text"":""Review of Specially Protected Species"",""Url"":null},{""Title"":""Status"",""Text"":""Adopted 04/06/1999"",""Url"":null},{""Title"":""Category"",""Text"":""Fauna and flora"",""Url"":null},{""Title"":""Topics"",""Text"":""- IUCN (International Union for the Conservation of Nature)\n                                - SCAR (Scientific Committee on Antarctic Research)\n                                - Specially protected species"",""Url"":null},{""Title"":""Attachments"",""Text"":"""",""Url"":null},{""Title"":""Relevant Final Report paragraph"",""Text"":""58"",""Url"":null}]",null,,
01/01/1958,01/01/2158,0,0,0,4,10,12,266,53,R3,3,1999,ATCM XXIII -  CEP II,Lima,Support for CCAMLR,https://www.ats.aq/devAS/Meetings/Measure/266?s=1&iframe=1&from=01/01/1958&to=01/01/2158&cat=0&top=0&type=4&stat=0&txt=&curr=0,"Resolution 3 (1999) - ATCM XXIII -  CEP II, Lima",Adopted 04/06/1999,,,0,,,,6,,"[{""Title"":""Subject"",""Text"":""Support for CCAMLR"",""Url"":null},{""Title"":""Status"",""Text"":""Adopted 04/06/1999"",""Url"":null},{""Title"":""Category"",""Text"":""Marine living resources"",""Url"":null},{""Title"":""Topics"",""Text"":""- CCAMLR (Convention on the Conservation of Antarctic Marine Living Resources)\n                                - IUU (Illegal, Unreported and Unregulated) fishing"",""Url"":null},{""Title"":""Attachments"",""Text"":"""",""Url"":null},{""Title"":""Relevant Final Report paragraph"",""Text"":""42"",""Url"":null}]",null,,
01/01/1958,01/01/2158,0,0,0,4,10,13,267,53,R4,4,1999,ATCM XXIII -  CEP II,Lima,Potential for enhanced cooperation on environmental protection,https://www.ats.aq/devAS/Meetings/Measure/267?s=1&iframe=1&from=01/01/1958&to=01/01/2158&cat=0&top=0&type=4&stat=0&txt=&curr=0,"Resolution 4 (1999) - ATCM XXIII -  CEP II, Lima",Adopted 04/06/1999. No longer current: D 1 (2011),,,0,,,,6,,"[{""Title"":""Subject"",""Text"":""Potential for enhanced cooperation on environmental protection"",""Url"":null},{""Title"":""Status"",""Text"":""Adopted 04/06/1999. No longer current: D 1 (2011)"",""Url"":null},{""Title"":""Category"",""Text"":""Environmental protection"",""Url"":null},{""Title"":""Topics"",""Text"":"""",""Url"":null},{""Title"":""Attachments"",""Text"":"""",""Url"":null},{""Title"":""Relevant Final Report paragraph"",""Text"":""67"",""Url"":null}]",null,,
01/01/1958,01/01/2158,0,0,0,4,10,14,268,53,R5,5,1999,ATCM XXIII -  CEP II,Lima,Liability Annex deliberations,https://www.ats.aq/devAS/Meetings/Measure/268?s=1&iframe=1&from=01/01/1958&to=01/01/2158&cat=0&top=0&type=4&stat=0&txt=&curr=0,"Resolution 5 (1999) - ATCM XXIII -  CEP II, Lima",Adopted 04/06/1999,,,0,,,,6,,"[{""Title"":""Subject"",""Text"":""Liability Annex deliberations"",""Url"":null},{""Title"":""Status"",""Text"":""Adopted 04/06/1999"",""Url"":null},{""Title"":""Category"",""Text"":""Environmental protection"",""Url"":null},{""Title"":""Topics"",""Text"":""- Annex VI (Liability)\n                                - COMNAP (Council of Managers of National Antarctic Programs)\n                                - Insurance\n                                - Liability\n                                - SCAR (Scientific Committee on Antarctic Research)"",""Url"":null},{""Title"":""Attachments"",""Text"":"""",""Url"":null},{""Title"":""Relevant Final Report paragraph"",""Text"":""97"",""Url"":null}]",null,,
01/01/1958,01/01/2158,0,0,0,4,11,0,269,53,R6,6,1999,ATCM XXIII -  CEP II,Lima,Non-consultative parties and the Environmental Protocol,https://www.ats.aq/devAS/Meetings/Measure/269?s=1&iframe=1&from=01/01/1958&to=01/01/2158&cat=0&top=0&type=4&stat=0&txt=&curr=0,"Resolution 6 (1999) - ATCM XXIII -  CEP II, Lima",Adopted 04/06/1999,,,0,,,,6,,"[{""Title"":""Subject"",""Text"":""Non-consultative parties and the Environmental Protocol"",""Url"":null},{""Title"":""Status"",""Text"":""Adopted 04/06/1999"",""Url"":null},{""Title"":""Category"",""Text"":""Tourism and Non-Governmental Activities"",""Url"":null},{""Title"":""Topics"",""Text"":""- Environment Protocol\n                                - Non-Consultative Parties\n                                - Vessel-based activities"",""Url"":null},{""Title"":""Attachments"",""Text"":"""",""Url"":null},{""Title"":""Relevant Final Report paragraph"",""Text"":""122"",""Url"":null}]",null,,
01/01/1958,01/01/2158,0,0,0,4,11,1,255,52,R1,1,1998,ATCM XXII - CEP I,Tromsø,National responsibilities for revising management plans of Antarctic protected areas,https://www.ats.aq/devAS/Meetings/Measure/255?s=1&iframe=1&from=01/01/1958&to=01/01/2158&cat=0&top=0&type=4&stat=0&txt=&curr=0,"Resolution 1 (1998) - ATCM XXII - CEP I, Tromsø",Adopted 05/06/1998,,,0,,,,6,https://documents.ats.aq/recatt/att083_e.pdf,"[{""Title"":""Subject"",""Text"":""National responsibilities for revising management plans of Antarctic protected areas"",""Url"":null},{""Title"":""Status"",""Text"":""Adopted 05/06/1998"",""Url"":null},{""Title"":""Category"",""Text"":""Area protection and management"",""Url"":null},{""Title"":""Topics"",""Text"":""- Ablation Point (ASPA 147)\n                                - Admiralty Bay (ASPA 128)\n                                - Ardley Island (ASPA 150)\n                                - Arrival Heights (ASPA 122)\n                                - Avian Island (ASPA 117)\n                                - Bailey Peninsula (ASPA 135)\n                                - Barwick Valley (ASPA 123)\n                                - Biscoe Point (ASPA 139)\n                                - Bransfield Strait (ASPA 152)\n                                - Byers Peninsula (ASPA 126)\n                                - Cape Crozier (ASPA 124)\n                                - Cape Hallet (ASPA 106)\n                                - Cape Royds (ASPA 121)\n                                - Cape Shirreff (ASPA 149)\n                                - Caughley Beach (SSSI 10)\n                                - Chile Bay (ASPA 144)\n                                - Clark Peninsula (ASPA 136)\n                                - Coppermine Peninsula (ASPA 112)\n                                - Coronation Island (ASPA 114)\n                                - Dallmann Bay (ASPA 153)\n                                - Davis Valley ponds and Forlidas Pond (ASPA 119)\n                                - Deception Island (ASPA 140)\n                                - Emergency response\n                                - Fildes Peninsula (ASPA 125)\n                                - Green Island (ASPA 108)\n                                - Haswell Island (ASPA 127)\n                                - Lagotellerie Island (ASPA 115)\n                                - Lions Rump (ASPA 151)\n                                - Litchfield Island (ASPA 113)\n                                - Lynch Island (ASPA 110)\n                                - Marine Plain (ASPA 143)\n                                - Mount Flora (ASPA 148)\n                                - Port Foster (ASPA 145)\n                                - Sabrina Island (ASPA 104)\n                                - South Bay (ASPA 146)\n                                - Summit of Mount Melbourne (ASPA 118)\n                                - Svarthamaren (ASPA 142)\n                                - White Island (ASPA 137)\n                                - Yukidori Valley (ASPA 141)"",""Url"":null},{""Title"":""Attachments"",""Text"":""NATIONAL RESPONSIBILITIES FOR REVISING MANAGEMENT PLANS OF\nANTARCTIC PROTECTED AREAS"",""Url"":""https://documents.ats.aq/recatt/att083_e.pdf""},{""Title"":""Relevant Final Report paragraph"",""Text"":""41"",""Url"":null}]",null,,
01/01/1958,01/01/2158,0,0,0,4,11,2,256,52,R2,2,1998,ATCM XXII - CEP I,Tromsø,Guide for the Preparation of ASPA Management Plans,https://www.ats.aq/devAS/Meetings/Measure/256?s=1&iframe=1&from=01/01/1958&to=01/01/2158&cat=0&top=0&type=4&stat=0&txt=&curr=0,"Resolution 2 (1998) - ATCM XXII - CEP I, Tromsø",Adopted 05/06/1998. No longer current: R 2 (2011),,,0,,,,6,https://documents.ats.aq/recatt/att082_e.pdf,"[{""Title"":""Subject"",""Text"":""Guide for the Preparation of ASPA Management Plans"",""Url"":null},{""Title"":""Status"",""Text"":""Adopted 05/06/1998. No longer current: R 2 (2011)"",""Url"":null},{""Title"":""Category"",""Text"":""Area protection and management"",""Url"":null},{""Title"":""Topics"",""Text"":""- ASPAs (Antarctic Specially Protected Areas)"",""Url"":null},{""Title"":""Attachments"",""Text"":""Guide to the Preparation of Management Plans for Antarctic Specially Protected Areas"",""Url"":""https://documents.ats.aq/recatt/att082_e.pdf""},{""Title"":""Relevant Final Report paragraph"",""Text"":""41"",""Url"":null}]",null,,
01/01/1958,01/01/2158,0,0,0,4,11,3,257,52,R3,3,1998,ATCM XXII - CEP I,Tromsø,Draft Polar Shipping Code,https://www.ats.aq/devAS/Meetings/Measure/257?s=1&iframe=1&from=01/01/1958&to=01/01/2158&cat=0&top=0&type=4&stat=0&txt=&curr=0,"Resolution 3 (1998) - ATCM XXII - CEP I, Tromsø",Adopted 05/06/1998,,,0,,,,6,,"[{""Title"":""Subject"",""Text"":""Draft Polar Shipping Code"",""Url"":null},{""Title"":""Status"",""Text"":""Adopted 05/06/1998"",""Url"":null},{""Title"":""Category"",""Text"":""Operational matters\n                                \nMarine pollution"",""Url"":null},{""Title"":""Topics"",""Text"":""- IMO (International Maritime Organisation)\n                                - Polar Shipping Code\n                                - Shipping"",""Url"":null},{""Title"":""Attachments"",""Text"":"""",""Url"":null},{""Title"":""Relevant Final Report paragraph"",""Text"":""94"",""Url"":null}]",null,,
01/01/1958,01/01/2158,0,0,0,4,11,4,258,52,R4,4,1998,ATCM XXII - CEP I,Tromsø,National Antarctic Data Centres,https://www.ats.aq/devAS/Meetings/Measure/258?s=1&iframe=1&from=01/01/1958&to=01/01/2158&cat=0&top=0&type=4&stat=0&txt=&curr=0,"Resolution 4 (1998) - ATCM XXII - CEP I, Tromsø",Adopted 05/06/1998,,,0,,,,6,,"[{""Title"":""Subject"",""Text"":""National Antarctic Data Centres"",""Url"":null},{""Title"":""Status"",""Text"":""Adopted 05/06/1998"",""Url"":null},{""Title"":""Category"",""Text"":""Scientific cooperation"",""Url"":null},{""Title"":""Topics"",""Text"":""- Data access and exchange"",""Url"":null},{""Title"":""Attachments"",""Text"":"""",""Url"":null},{""Title"":""Relevant Final Report paragraph"",""Text"":""130"",""Url"":null}]",null,,
01/01/1958,01/01/2158,0,0,0,4,11,5,259,52,R5,5,1998,ATCM XXII - CEP I,Tromsø,ATCM Home Page,https://www.ats.aq/devAS/Meetings/Measure/259?s=1&iframe=1&from=01/01/1958&to=01/01/2158&cat=0&top=0&type=4&stat=0&txt=&curr=0,"Resolution 5 (1998) - ATCM XXII - CEP I, Tromsø",Adopted 05/06/1998,,,0,,,,6,,"[{""Title"":""Subject"",""Text"":""ATCM Home Page"",""Url"":null},{""Title"":""Status"",""Text"":""Adopted 05/06/1998"",""Url"":null},{""Title"":""Category"",""Text"":""Institutional \u0026 legal matters"",""Url"":null},{""Title"":""Topics"",""Text"":""- ATCM (Antarctic Treaty Consultative Meeting)\n                                - ATCM Home Page\n                                - Document handling\n                                - Final Report\n                                - Public information"",""Url"":null},{""Title"":""Attachments"",""Text"":"""",""Url"":null},{""Title"":""Relevant Final Report paragraph"",""Text"":""22"",""Url"":null}]",null,,
01/01/1958,01/01/2158,0,0,0,4,11,6,260,52,R6,6,1998,ATCM XXII - CEP I,Tromsø,Fuel oil handling guidelines,https://www.ats.aq/devAS/Meetings/Measure/260?s=1&iframe=1&from=01/01/1958&to=01/01/2158&cat=0&top=0&type=4&stat=0&txt=&curr=0,"Resolution 6 (1998) - ATCM XXII - CEP I, Tromsø",Adopted 05/06/1998. No longer current: D 1 (2014),,,0,,,,6,https://documents.ats.aq/recatt/att073_e.pdf,"[{""Title"":""Subject"",""Text"":""Fuel oil handling guidelines"",""Url"":null},{""Title"":""Status"",""Text"":""Adopted 05/06/1998. No longer current: D 1 (2014)"",""Url"":null},{""Title"":""Category"",""Text"":""Operational matters"",""Url"":null},{""Title"":""Topics"",""Text"":""- COMNAP (Council of Managers of National Antarctic Programs)\n                                - Fuel storage and handling\n                                - Guidelines\n                                - Oil contamination\n                                - SCALOP (Standing Committee on Antarctic Logistics and Operations)"",""Url"":null},{""Title"":""Attachments"",""Text"":""Recommended Procedures for Fuel Oil Transfer at Stations and Bases"",""Url"":""https://documents.ats.aq/recatt/att073_e.pdf""},{""Title"":""Relevant Final Report paragraph"",""Text"":""60"",""Url"":null}]",null,,
01/01/1958,01/01/2158,0,0,0,4,11,7,246,51,R1,1,1997,ATCM XXI,Christchurch,Contingency plans,https://www.ats.aq/devAS/Meetings/Measure/246?s=1&iframe=1&from=01/01/1958&to=01/01/2158&cat=0&top=0&type=4&stat=0&txt=&curr=0,"Resolution 1 (1997) - ATCM XXI, Christchurch",Adopted 30/05/1997. No longer current: D 2 (2015),,,0,,,,6,,"[{""Title"":""Subject"",""Text"":""Contingency plans"",""Url"":null},{""Title"":""Status"",""Text"":""Adopted 30/05/1997. No longer current: D 2 (2015)"",""Url"":null},{""Title"":""Category"",""Text"":""Operational matters"",""Url"":null},{""Title"":""Topics"",""Text"":""- COMNAP (Council of Managers of National Antarctic Programs)\n                                - Contingency plans\n                                - IAATO (International Association of Antarctica Tour Operators)\n                                - IMO (International Maritime Organisation)"",""Url"":null},{""Title"":""Attachments"",""Text"":"""",""Url"":null},{""Title"":""Relevant Final Report paragraph"",""Text"":""20"",""Url"":null}]",null,,
01/01/1958,01/01/2158,0,0,0,4,11,8,247,51,R2,2,1997,ATCM XXI,Christchurch,Procedures for Comprehensive Environmental Evaluation follow-up,https://www.ats.aq/devAS/Meetings/Measure/247?s=1&iframe=1&from=01/01/1958&to=01/01/2158&cat=0&top=0&type=4&stat=0&txt=&curr=0,"Resolution 2 (1997) - ATCM XXI, Christchurch",Adopted 30/05/1997,,,0,,,,6,,"[{""Title"":""Subject"",""Text"":""Procedures for Comprehensive Environmental Evaluation follow-up"",""Url"":null},{""Title"":""Status"",""Text"":""Adopted 30/05/1997"",""Url"":null},{""Title"":""Category"",""Text"":""Environmental impact assessment"",""Url"":null},{""Title"":""Topics"",""Text"":""- CEE (Comprehensive Environmental Evaluation)"",""Url"":null},{""Title"":""Attachments"",""Text"":"""",""Url"":null},{""Title"":""Relevant Final Report paragraph"",""Text"":""35"",""Url"":null}]",null,,
01/01/1958,01/01/2158,0,0,0,4,11,9,248,51,R3,3,1997,ATCM XXI,Christchurch,Tourism reporting form,https://www.ats.aq/devAS/Meetings/Measure/248?s=1&iframe=1&from=01/01/1958&to=01/01/2158&cat=0&top=0&type=4&stat=0&txt=&curr=0,"Resolution 3 (1997) - ATCM XXI, Christchurch",Adopted 30/05/1997,,,0,,,,6,https://documents.ats.aq/recatt/att074_e.pdf,"[{""Title"":""Subject"",""Text"":""Tourism reporting form"",""Url"":null},{""Title"":""Status"",""Text"":""Adopted 30/05/1997"",""Url"":null},{""Title"":""Category"",""Text"":""Tourism and Non-Governmental Activities\n                                \nInformation exchange"",""Url"":null},{""Title"":""Topics"",""Text"":""- Post Visit Report Form\n                                - Tourism reporting"",""Url"":null},{""Title"":""Attachments"",""Text"":""TRIAL REPORT FORM FOR TOURISM AND NGO ACTIVITIES IN ANTARCTIC TREATY AREA"",""Url"":""https://documents.ats.aq/recatt/att074_e.pdf""},{""Title"":""Relevant Final Report paragraph"",""Text"":""90"",""Url"":null}]",null,,
01/01/1958,01/01/2158,0,0,0,4,11,10,234,50,R1,1,1996,ATCM XX,Utrecht,Guidance for inspections of remote field camps,https://www.ats.aq/devAS/Meetings/Measure/234?s=1&iframe=1&from=01/01/1958&to=01/01/2158&cat=0&top=0&type=4&stat=0&txt=&curr=0,"Resolution 1 (1996) - ATCM XX, Utrecht",Adopted 10/05/1996,,,0,,,,6,,"[{""Title"":""Subject"",""Text"":""Guidance for inspections of remote field camps"",""Url"":null},{""Title"":""Status"",""Text"":""Adopted 10/05/1996"",""Url"":null},{""Title"":""Category"",""Text"":""Institutional \u0026 legal matters"",""Url"":null},{""Title"":""Topics"",""Text"":""- Inspections"",""Url"":null},{""Title"":""Attachments"",""Text"":"""",""Url"":null},{""Title"":""Relevant Final Report paragraph"",""Text"":""90"",""Url"":null}]",null,,
01/01/1958,01/01/2158,0,0,0,4,11,11,235,50,R2,2,1996,ATCM XX,Utrecht,Educational and cultural activities,https://www.ats.aq/devAS/Meetings/Measure/235?s=1&iframe=1&from=01/01/1958&to=01/01/2158&cat=0&top=0&type=4&stat=0&txt=&curr=0,"Resolution 2 (1996) - ATCM XX, Utrecht",Adopted 10/05/1996,,,0,,,,6,,"[{""Title"":""Subject"",""Text"":""Educational and cultural activities"",""Url"":null},{""Title"":""Status"",""Text"":""Adopted 10/05/1996"",""Url"":null},{""Title"":""Category"",""Text"":""General matters"",""Url"":null},{""Title"":""Topics"",""Text"":""- Education and Outreach"",""Url"":null},{""Title"":""Attachments"",""Text"":"""",""Url"":null},{""Title"":""Relevant Final Report paragraph"",""Text"":""113"",""Url"":null}]",null,,
01/01/1958,01/01/2158,0,0,0,4,11,12,236,50,R3,3,1996,ATCM XX,Utrecht,"Extension of expiry dates for SSSI 2 (Arrival Heights), 13 (Potter Peninsula), 20 (Biscoe Point), 23 (Svarthamaren), 24 (Mount Melbourne), 25 (Marine Plain), 26 (Chile Bay), 27 (Port Foster), 28 (South Bay), 29 (Ablation Point), 31 (Mount Flora) and 32 (Cape Shirreff)",https://www.ats.aq/devAS/Meetings/Measure/236?s=1&iframe=1&from=01/01/1958&to=01/01/2158&cat=0&top=0&type=4&stat=0&txt=&curr=0,"Resolution 3 (1996) - ATCM XX, Utrecht",Adopted 10/05/1996. No longer current: D 1 (2011),,,0,,,,6,,"[{""Title"":""Subject"",""Text"":""Extension of expiry dates for SSSI 2 (Arrival Heights), 13 (Potter Peninsula), 20 (Biscoe Point), 23 (Svarthamaren), 24 (Mount Melbourne), 25 (Marine Plain), 26 (Chile Bay), 27 (Port Foster), 28 (South Bay), 29 (Ablation Point), 31 (Mount Flora) and 32 (Cape Shirreff)"",""Url"":null},{""Title"":""Status"",""Text"":""Adopted 10/05/1996. No longer current: D 1 (2011)"",""Url"":null},{""Title"":""Category"",""Text"":""Area protection and management"",""Url"":null},{""Title"":""Topics"",""Text"":""- Ablation Point (ASPA 147)\n                                - Arrival Heights (ASPA 122)\n                                - Biscoe Point (ASPA 139)\n                                - Cape Shirreff (ASPA 149)\n                                - Chile Bay (ASPA 144)\n                                - Marine Plain (ASPA 143)\n                                - Mount Flora (ASPA 148)\n                                - Port Foster (ASPA 145)\n                                - Potter Peninsula (ASPA 132)\n                                - South Bay (ASPA 146)\n                                - SSSIs (Sites of Special Scientific Interest)\n                                - Summit of Mount Melbourne (ASPA 118)\n                                - Svarthamaren (ASPA 142)"",""Url"":null},{""Title"":""Attachments"",""Text"":"""",""Url"":null},{""Title"":""Relevant Final Report paragraph"",""Text"":""146"",""Url"":null}]",null,,
01/01/1958,01/01/2158,0,0,0,4,11,13,237,50,R4,4,1996,ATCM XX,Utrecht,Guidelines for proposing Historic Sites and Monuments,https://www.ats.aq/devAS/Meetings/Measure/237?s=1&iframe=1&from=01/01/1958&to=01/01/2158&cat=0&top=0&type=4&stat=0&txt=&curr=0,"Resolution 4 (1996) - ATCM XX, Utrecht",Adopted 10/05/1996,,,0,,,,6,,"[{""Title"":""Subject"",""Text"":""Guidelines for proposing Historic Sites and Monuments"",""Url"":null},{""Title"":""Status"",""Text"":""Adopted 10/05/1996"",""Url"":null},{""Title"":""Category"",""Text"":""Historic Sites and Monuments\n                                \nArea protection and management"",""Url"":null},{""Title"":""Topics"",""Text"":""- HSMs - general"",""Url"":null},{""Title"":""Attachments"",""Text"":"""",""Url"":null},{""Title"":""Relevant Final Report paragraph"",""Text"":""152"",""Url"":null}]",null,,
01/01/1958,01/01/2158,0,0,0,4,11,14,238,50,R5,5,1996,ATCM XX,Utrecht,Numbering system for ASPAs,https://www.ats.aq/devAS/Meetings/Measure/238?s=1&iframe=1&from=01/01/1958&to=01/01/2158&cat=0&top=0&type=4&stat=0&txt=&curr=0,"Resolution 5 (1996) - ATCM XX, Utrecht",Adopted 10/05/1996. No longer current: D 1 (2011),,,0,,,,6,https://documents.ats.aq/recatt/att084_e.pdf,"[{""Title"":""Subject"",""Text"":""Numbering system for ASPAs"",""Url"":null},{""Title"":""Status"",""Text"":""Adopted 10/05/1996. No longer current: D 1 (2011)"",""Url"":null},{""Title"":""Category"",""Text"":""Area protection and management"",""Url"":null},{""Title"":""Topics"",""Text"":""- ASPAs (Antarctic Specially Protected Areas)\n                                - SPAs (Specially Protected Areas)\n                                - SSSIs (Sites of Special Scientific Interest)"",""Url"":null},{""Title"":""Attachments"",""Text"":""Proposed Renumbering of Antarctic Protected Areas"",""Url"":""https://documents.ats.aq/recatt/att084_e.pdf""},{""Title"":""Relevant Final Report paragraph"",""Text"":""153"",""Url"":null}]",null,,
01/01/1958,01/01/2158,0,0,0,4,12,0,223,49,R1,1,1995,ATCM XIX,Seoul,Coordination of Hydrographic surveying and charting,https://www.ats.aq/devAS/Meetings/Measure/223?s=1&iframe=1&from=01/01/1958&to=01/01/2158&cat=0&top=0&type=4&stat=0&txt=&curr=0,"Resolution 1 (1995) - ATCM XIX, Seoul",Adopted 19/05/1995. No longer current: D 1 (2014),,,0,,,,6,,"[{""Title"":""Subject"",""Text"":""Coordination of Hydrographic surveying and charting"",""Url"":null},{""Title"":""Status"",""Text"":""Adopted 19/05/1995. No longer current: D 1 (2014)"",""Url"":null},{""Title"":""Category"",""Text"":""Operational matters\n                                \nEnvironmental protection"",""Url"":null},{""Title"":""Topics"",""Text"":""- Hydrography\n                                - IHO (International Hydrographic Organization)"",""Url"":null},{""Title"":""Attachments"",""Text"":"""",""Url"":null},{""Title"":""Relevant Final Report paragraph"",""Text"":""30"",""Url"":null}]",null,,
01/01/1958,01/01/2158,0,0,0,4,12,1,224,49,R2,2,1995,ATCM XIX,Seoul,Disposal of nuclear waste negotiations,https://www.ats.aq/devAS/Meetings/Measure/224?s=1&iframe=1&from=01/01/1958&to=01/01/2158&cat=0&top=0&type=4&stat=0&txt=&curr=0,"Resolution 2 (1995) - ATCM XIX, Seoul",Adopted 19/05/1995,,,0,,,,6,,"[{""Title"":""Subject"",""Text"":""Disposal of nuclear waste negotiations"",""Url"":null},{""Title"":""Status"",""Text"":""Adopted 19/05/1995"",""Url"":null},{""Title"":""Category"",""Text"":""Waste disposal and management"",""Url"":null},{""Title"":""Topics"",""Text"":""- Nuclear waste"",""Url"":null},{""Title"":""Attachments"",""Text"":"""",""Url"":null},{""Title"":""Relevant Final Report paragraph"",""Text"":""53"",""Url"":null}]",null,,
01/01/1958,01/01/2158,0,0,0,4,12,2,225,49,R3,3,1995,ATCM XIX,Seoul,Tourist reporting,https://www.ats.aq/devAS/Meetings/Measure/225?s=1&iframe=1&from=01/01/1958&to=01/01/2158&cat=0&top=0&type=4&stat=0&txt=&curr=0,"Resolution 3 (1995) - ATCM XIX, Seoul",Adopted 19/05/1995,,,0,,,,6,,"[{""Title"":""Subject"",""Text"":""Tourist reporting"",""Url"":null},{""Title"":""Status"",""Text"":""Adopted 19/05/1995"",""Url"":null},{""Title"":""Category"",""Text"":""Tourism and Non-Governmental Activities\n                                \nInformation exchange"",""Url"":null},{""Title"":""Topics"",""Text"":""- Tourism reporting"",""Url"":null},{""Title"":""Attachments"",""Text"":"""",""Url"":null},{""Title"":""Relevant Final Report paragraph"",""Text"":""57"",""Url"":null}]",null,,
01/01/1958,01/01/2158,0,0,0,4,12,3,226,49,R4,4,1995,ATCM XIX,Seoul,Improved fuel storage and handling,https://www.ats.aq/devAS/Meetings/Measure/226?s=1&iframe=1&from=01/01/1958&to=01/01/2158&cat=0&top=0&type=4&stat=0&txt=&curr=0,"Resolution 4 (1995) - ATCM XIX, Seoul",Adopted 19/05/1995. No longer current: D 1 (2011),,,0,,,,6,,"[{""Title"":""Subject"",""Text"":""Improved fuel storage and handling"",""Url"":null},{""Title"":""Status"",""Text"":""Adopted 19/05/1995. No longer current: D 1 (2011)"",""Url"":null},{""Title"":""Category"",""Text"":""Operational matters\n                                \nEnvironmental protection                                \nInformation exchange"",""Url"":null},{""Title"":""Topics"",""Text"":""- COMNAP (Council of Managers of National Antarctic Programs)\n                                - Fuel storage and handling"",""Url"":null},{""Title"":""Attachments"",""Text"":"""",""Url"":null},{""Title"":""Relevant Final Report paragraph"",""Text"":""72"",""Url"":null}]",null,,
01/01/1958,01/01/2158,0,0,0,4,12,4,227,49,R5,5,1995,ATCM XIX,Seoul,Inspection checklists,https://www.ats.aq/devAS/Meetings/Measure/227?s=1&iframe=1&from=01/01/1958&to=01/01/2158&cat=0&top=0&type=4&stat=0&txt=&curr=0,"Resolution 5 (1995) - ATCM XIX, Seoul",Adopted 19/05/1995,,,0,,,,7,https://documents.ats.aq/recatt/att003_e.pdf,"[{""Title"":""Subject"",""Text"":""Inspection checklists"",""Url"":null},{""Title"":""Status"",""Text"":""Adopted 19/05/1995"",""Url"":null},{""Title"":""Category"",""Text"":""Institutional \u0026 legal matters"",""Url"":null},{""Title"":""Topics"",""Text"":""- Inspections"",""Url"":null},{""Title"":""Attachments"",""Text"":""Antarctic Inspection Checklists"",""Url"":""https://documents.ats.aq/recatt/att003_e.pdf""},{""Title"":""Relevant Final Report paragraph"",""Text"":""82"",""Url"":null},{""Title"":""Memo"",""Text"":""Checklist A replaced by Resolution 3 (2010)"",""Url"":null}]",null,,
01/01/1958,01/01/2158,0,0,0,4,12,5,228,49,R6,6,1995,ATCM XIX,Seoul,Circulation of information on EIAs,https://www.ats.aq/devAS/Meetings/Measure/228?s=1&iframe=1&from=01/01/1958&to=01/01/2158&cat=0&top=0&type=4&stat=0&txt=&curr=0,"Resolution 6 (1995) - ATCM XIX, Seoul",Adopted 19/05/1995. No longer current: D 1 (2011),,,0,,,,6,,"[{""Title"":""Subject"",""Text"":""Circulation of information on EIAs"",""Url"":null},{""Title"":""Status"",""Text"":""Adopted 19/05/1995. No longer current: D 1 (2011)"",""Url"":null},{""Title"":""Category"",""Text"":""Environmental impact assessment\n                                \nInformation exchange"",""Url"":null},{""Title"":""Topics"",""Text"":"""",""Url"":null},{""Title"":""Attachments"",""Text"":"""",""Url"":null},{""Title"":""Relevant Final Report paragraph"",""Text"":""92"",""Url"":null}]",null,,
01/01/1958,01/01/2158,0,0,0,4,12,6,229,49,R7,7,1995,ATCM XIX,Seoul,"Extension of expiry dates for SSSI 1 (Cape Royds), 3 (Barwick Valley), 8 (Admiralty Bay), 9 (Rothera Point), 14 (Harmony Point), 15 (Cierva Point), 16 (Bailey Peninsula), 17 (Clark Peninsula), 19 (Linnaeus Terrace) and 21 (Deception Island)",https://www.ats.aq/devAS/Meetings/Measure/229?s=1&iframe=1&from=01/01/1958&to=01/01/2158&cat=0&top=0&type=4&stat=0&txt=&curr=0,"Resolution 7 (1995) - ATCM XIX, Seoul",Adopted 19/05/1995. No longer current: D 1 (2011),,,0,,,,6,,"[{""Title"":""Subject"",""Text"":""Extension of expiry dates for SSSI 1 (Cape Royds), 3 (Barwick Valley), 8 (Admiralty Bay), 9 (Rothera Point), 14 (Harmony Point), 15 (Cierva Point), 16 (Bailey Peninsula), 17 (Clark Peninsula), 19 (Linnaeus Terrace) and 21 (Deception Island)"",""Url"":null},{""Title"":""Status"",""Text"":""Adopted 19/05/1995. No longer current: D 1 (2011)"",""Url"":null},{""Title"":""Category"",""Text"":""Area protection and management"",""Url"":null},{""Title"":""Topics"",""Text"":""- Admiralty Bay (ASPA 128)\n                                - Bailey Peninsula (ASPA 135)\n                                - Barwick Valley (ASPA 123)\n                                - Cape Royds (ASPA 121)\n                                - Cierva Point (ASPA 134)\n                                - Clark Peninsula (ASPA 136)\n                                - Deception Island (ASPA 140)\n                                - Harmony Point (ASPA 133)\n                                - Linnaeus Terrace (ASPA 138)\n                                - Rothera Point (ASPA 129)\n                                - SSSIs (Sites of Special Scientific Interest)"",""Url"":null},{""Title"":""Attachments"",""Text"":"""",""Url"":null},{""Title"":""Relevant Final Report paragraph"",""Text"":""104"",""Url"":null}]",null,,
01/01/1958,01/01/2158,0,0,0,4,12,7,230,49,R8,8,1995,ATCM XIX,Seoul,Guidelines for proposing new Historic Sites and Monuments,https://www.ats.aq/devAS/Meetings/Measure/230?s=1&iframe=1&from=01/01/1958&to=01/01/2158&cat=0&top=0&type=4&stat=0&txt=&curr=0,"Resolution 8 (1995) - ATCM XIX, Seoul",Adopted 19/05/1995,,,0,,,,6,,"[{""Title"":""Subject"",""Text"":""Guidelines for proposing new Historic Sites and Monuments"",""Url"":null},{""Title"":""Status"",""Text"":""Adopted 19/05/1995"",""Url"":null},{""Title"":""Category"",""Text"":""Historic Sites and Monuments\n                                \nArea protection and management"",""Url"":null},{""Title"":""Topics"",""Text"":""- Guidelines\n                                - HSMs - general"",""Url"":null},{""Title"":""Attachments"",""Text"":"""",""Url"":null},{""Title"":""Relevant Final Report paragraph"",""Text"":""107"",""Url"":null}]",null,,
01/01/1958,01/01/2158,0,0,0,4,12,8,231,49,R9,9,1995,ATCM XIX,Seoul,Format of Management Plans,https://www.ats.aq/devAS/Meetings/Measure/231?s=1&iframe=1&from=01/01/1958&to=01/01/2158&cat=0&top=0&type=4&stat=0&txt=&curr=0,"Resolution 9 (1995) - ATCM XIX, Seoul",Adopted 19/05/1995. No longer current: R 1 (2008),,,0,,,,6,,"[{""Title"":""Subject"",""Text"":""Format of Management Plans"",""Url"":null},{""Title"":""Status"",""Text"":""Adopted 19/05/1995. No longer current: R 1 (2008)"",""Url"":null},{""Title"":""Category"",""Text"":""Area protection and management"",""Url"":null},{""Title"":""Topics"",""Text"":""- ASPAs (Antarctic Specially Protected Areas)\n                                - Moe Island (ASPA 109)\n                                - SPAs (Specially Protected Areas)"",""Url"":null},{""Title"":""Attachments"",""Text"":"""",""Url"":null},{""Title"":""Relevant Final Report paragraph"",""Text"":""111"",""Url"":null}]",null,,
