paper_id,category,fractional_weight
275,Operation of the Antarctic Treaty system Reports,1.0
278,Environmental Impact Assessment EIA Other EIA Matters,1.0
282,Science issues,1.0
285,Marine Acoustics,1.0
286,Climate Change,0.5
286,Environmental Protection General,0.5
287,Operation of the Antarctic Treaty system Reports,0.5
287,Science issues,0.5
288,Operation of the Antarctic Treaty system General,1.0
289,Management Plans,1.0
290,Comprehensive Environmental Evaluations,1.0
291,Comprehensive Environmental Evaluations,1.0
295,Exchange of Information,1.0
296,Management Plans,1.0
297,Management Plans,1.0
298,Inspections,1.0
299,Tourism and NG_Activities,1.0
300,Environmental Monitoring and Reporting,0.5
300,Tourism and NG_Activities,0.5
301,Cooperation with Other Organisations,1.0
302,Management Plans,1.0
303,Management Plans,1.0
304,Management Plans,1.0
305,Management Plans,1.0
306,Environmental Domains Analysis,0.3333333333333333
306,Environmental Protection General,0.3333333333333333
306,Operation of the Antarctic Treaty system Reports,0.3333333333333333
307,Environmental Impact Assessment EIA Other EIA Matters,0.5
307,Tourism and NG_Activities,0.5
309,CEP Strategy Discussions,1.0
310,Science issues,1.0
311,Inspections,1.0
312,Environmental Protection General,0.5
312,Operation of the Antarctic Treaty system Reports,0.5
313,Marine Protected Areas,1.0
315,Marine Acoustics,1.0
316,Environmental Protection General,0.5
316,Operation of the Antarctic Treaty system General,0.5
317,Inspections,1.0
319,Exchange of Information,1.0
320,International Polar Year,0.5
320,Sub glacial Lakes,0.5
321,Management Plans,1.0
322,Site Guidelines for Visitors,0.5
322,Tourism and NG_Activities,0.5
323,Search and Rescue,0.5
323,Tourism and NG_Activities,0.5
324,Operational issues,1.0
325,Management Plans,1.0
326,Environmental Protection General,0.5
326,Science issues,0.5
327,Fauna and Flora_General,0.5
327,Specially Protected Species,0.5
328,Specially Protected Species,1.0
329,Climate Change,1.0
330,Environmental Monitoring and Reporting,1.0
331,Exchange of Information,1.0
332,Environmental Protection General,1.0
333,Environmental Protection General,1.0
334,Science issues,1.0
336,Management Plans,1.0
337,Management Plans,1.0
339,Drilling,1.0
341,Operation of the Antarctic Treaty system Reports,1.0
343,International Polar Year,1.0
344,Environmental Monitoring and Reporting,1.0
345,Environmental Monitoring and Reporting,1.0
346,Exchange of Information,1.0
347,International Polar Year,0.5
347,Science issues,0.5
349,Operation of the Antarctic Treaty system Reports,1.0
350,Area Protection and Management Plans General,0.5
350,Inspections,0.5
351,Environmental Protection General,0.5
351,Waste management and disposal,0.5
352,Exchange of Information,1.0
353,Fauna and Flora_General,1.0
354,Environmental Protection General,1.0
355,Waste management and disposal,1.0
356,Educational issues,1.0
357,Nonnative Species and Quarantine,1.0
358,Nonnative Species and Quarantine,0.5
358,Prevention of marine pollution,0.5
360,Cooperation with Other Organisations,0.5
360,Marine Protected Areas,0.5
361,Exchange of Information,1.0
362,Operational issues,0.5
362,Search and Rescue,0.5
363,Environmental Domains Analysis,1.0
364,Marine Acoustics,1.0
365,Nonnative Species and Quarantine,1.0
366,Operation of the Antarctic Treaty system General,1.0
367,Science issues,1.0
368,Operational issues,1.0
369,Educational issues,1.0
371,Exchange of Information,1.0
372,Environmental Protection General,1.0
373,Nonnative Species and Quarantine,1.0
374,Safety and Operations in Antarctica,1.0
376,Environmental Protection General,1.0
377,Comprehensive Environmental Evaluations,1.0
378,International Polar Year,0.5
378,Science issues,0.5
379,Marine Protected Areas,1.0
380,Liability,1.0
381,Exchange of Information,1.0
385,Science issues,1.0
386,International Polar Year,1.0
387,Science issues,1.0
388,Operational issues,1.0
390,Sub glacial Lakes,1.0
391,Science issues,1.0
392,Operation of the Antarctic Treaty system General,1.0
393,International Polar Year,1.0
394,Biological Prospecting,1.0
395,Biological Prospecting,1.0
396,Science issues,1.0
397,Cooperation with Other Organisations,1.0
398,Area Protection and Management Plans General,1.0
399,Exchange of Information,1.0
400,Environmental Impact Assessment EIA Other EIA Matters,1.0
401,Environmental Impact Assessment EIA Other EIA Matters,1.0
402,International Polar Year,1.0
403,Operation of the Antarctic Treaty system Reports,1.0
404,Operation of the Antarctic Treaty system Reports,1.0
405,International Polar Year,1.0
406,Science issues,1.0
407,Operational issues,1.0
410,Environmental Protection General,0.5
410,Operation of the Antarctic Treaty system General,0.5
412,Site Guidelines for Visitors,0.5
412,Tourism and NG_Activities,0.5
413,Comprehensive Environmental Evaluations,1.0
414,Tourism and NG_Activities,1.0
416,Marine Protected Areas,1.0
420,Tourism and NG_Activities,1.0
421,Marine Acoustics,1.0
422,Management Plans,1.0
423,Environmental Impact Assessment EIA Other EIA Matters,1.0
424,Exchange of Information,1.0
425,International Polar Year,1.0
426,Science issues,1.0
427,Operational issues,1.0
430,Exchange of Information,1.0
432,Historic Sites and Monuments,1.0
434,Educational issues,1.0
436,Exchange of Information,1.0
438,International Polar Year,0.5
438,Science issues,0.5
439,Waste management and disposal,1.0
440,Emergency report and contingency planning,1.0
442,Operational issues,0.5
442,Safety and Operations in Antarctica,0.5
443,Educational issues,0.5
443,International Polar Year,0.5
444,Historic Sites and Monuments,1.0
445,Site Guidelines for Visitors,0.5
445,Tourism and NG_Activities,0.5
450,Comprehensive Environmental Evaluations,1.0
452,Educational issues,1.0
453,Science issues,1.0
457,Site Guidelines for Visitors,0.5
457,Tourism and NG_Activities,0.5
458,International Polar Year,1.0
459,Science issues,1.0
460,Operation of the Antarctic Treaty system Reports,1.0
462,Management Plans,1.0
463,Climate Change,1.0
464,Historic Sites and Monuments,1.0
465,Operational issues,1.0
466,Science issues,1.0
467,Environmental Monitoring and Reporting,1.0
469,Management Plans,1.0
470,Area Protection and Management Plans General,1.0
471,Operational issues,1.0
472,Site Guidelines for Visitors,0.5
472,Tourism and NG_Activities,0.5
473,Management Plans,1.0
474,Tourism and NG_Activities,1.0
477,Area Protection and Management Plans General,1.0
478,Safety and Operations in Antarctica,1.0
479,Search and Rescue,0.5
479,Tourism and NG_Activities,0.5
481,Tourism and NG_Activities,1.0
482,Tourism and NG_Activities,1.0
483,Inspections,1.0
484,Historic Sites and Monuments,1.0
487,Human Footprint and wilderness values,1.0
489,Climate Change,0.5
489,Science issues,0.5
492,Operation of the Antarctic Treaty system Reports,1.0
493,Nonnative Species and Quarantine,1.0
494,Exchange of Information,1.0
495,Emergency report and contingency planning,0.3333333333333333
495,Search and Rescue,0.3333333333333333
495,Tourism and NG_Activities,0.3333333333333333
497,Historic Sites and Monuments,1.0
499,Operation of the Antarctic Treaty system Reports,1.0
500,Exchange of Information,1.0
501,Science issues,1.0
503,Environmental Impact Assessment EIA Other EIA Matters,1.0
504,Cooperation with Other Organisations,1.0
506,Tourism and NG_Activities,1.0
507,Fauna and Flora_General,0.3333333333333333
507,Science issues,0.3333333333333333
507,Specially Protected Species,0.3333333333333333
508,Area Protection and Management Plans General,0.5
508,Management Plans,0.5
509,Educational issues,1.0
510,Operation of the Antarctic Treaty system The Secretariat,1.0
511,Area Protection and Management Plans General,1.0
512,Environmental Protection General,0.5
512,Operation of the Antarctic Treaty system General,0.5
518,Climate Change,1.0
524,Cooperation with Other Organisations,0.5
524,Operation of the Antarctic Treaty system General,0.5
526,Comprehensive Environmental Evaluations,1.0
528,Opening statements,0.5
528,Operation of the Antarctic Treaty system General,0.5
532,Operation of the Antarctic Treaty system The Secretariat,1.0
535,Operational issues,0.5
535,Waste management and disposal,0.5
536,Environmental Protection General,0.5
536,Historic Sites and Monuments,0.5
538,Exchange of Information,1.0
545,International Polar Year,1.0
547,International Polar Year,1.0
549,Operational issues,1.0
700,Exchange of Information,1.0
701,Fauna and Flora_General,0.5
701,Nonnative Species and Quarantine,0.5
702,Marine Protected Areas,1.0
706,Site Guidelines for Visitors,0.5
706,Tourism and NG_Activities,0.5
707,Site Guidelines for Visitors,0.5
707,Tourism and NG_Activities,0.5
708,Fauna and Flora_General,1.0
709,Exchange of Information,1.0
711,Science issues,1.0
712,Marine Protected Areas,1.0
714,Marine Protected Areas,1.0
716,Operation of the Antarctic Treaty system Reports,1.0
723,Operational issues,0.5
723,Safety and Operations in Antarctica,0.5
724,Operation of the Antarctic Treaty system Reports,1.0
725,Cooperation with Other Organisations,0.5
725,Marine Protected Areas,0.5
726,Management Plans,1.0
727,Management Plans,1.0
729,Operation of the CEP,1.0
730,Management Plans,1.0
731,Nonnative Species and Quarantine,1.0
732,Science issues,1.0
733,Tourism and NG_Activities,1.0
735,Cooperation with Other Organisations,1.0
737,Environmental Monitoring and Reporting,1.0
738,Emergency report and contingency planning,1.0
739,Tourism and NG_Activities,1.0
741,Historic Sites and Monuments,1.0
742,Biological Prospecting,1.0
745,Exchange of Information,1.0
746,Exchange of Information,1.0
747,Area Protection and Management Plans General,1.0
748,Environmental Protection General,1.0
749,Management Plans,1.0
750,Comprehensive Environmental Evaluations,1.0
751,Management Plans,1.0
753,Cooperation with Other Organisations,1.0
754,Management Plans,1.0
757,Management Plans,1.0
758,Management Plans,1.0
759,Environmental Domains Analysis,1.0
760,Inspections,1.0
761,Inspections,1.0
762,Exchange of Information,1.0
763,Exchange of Information,1.0
764,International Polar Year,1.0
765,Tourism and NG_Activities,1.0
766,Comprehensive Environmental Evaluations,1.0
767,Management Plans,1.0
768,Safety and Operations in Antarctica,1.0
769,International Polar Year,1.0
771,Waste management and disposal,1.0
773,Comprehensive Environmental Evaluations,1.0
774,Fauna and Flora_General,0.5
774,International Polar Year,0.5
775,Science issues,1.0
776,Science issues,1.0
777,Exchange of Information,1.0
778,Environmental Monitoring and Reporting,0.5
778,Tourism and NG_Activities,0.5
779,Cooperation with Other Organisations,0.5
779,Operation of the Antarctic Treaty system Reports,0.5
780,Operational issues,1.0
781,International Polar Year,1.0
782,Tourism and NG_Activities,1.0
783,Exchange of Information,1.0
784,Operational issues,1.0
785,Environmental Protection General,0.5
785,Waste management and disposal,0.5
786,Operational issues,1.0
787,Exchange of Information,1.0
788,Operational issues,1.0
789,Operational issues,1.0
790,Environmental Protection General,0.3333333333333333
790,Fauna and Flora_General,0.3333333333333333
790,Tourism and NG_Activities,0.3333333333333333
792,Educational issues,1.0
795,Environmental Impact Assessment EIA Other EIA Matters,1.0
796,Environmental Protection General,1.0
797,Environmental Impact Assessment EIA Other EIA Matters,0.5
797,Environmental Protection General,0.5
798,Nonnative Species and Quarantine,1.0
799,Prevention of marine pollution,1.0
801,Nonnative Species and Quarantine,1.0
802,Climate Change,1.0
803,Environmental Protection General,1.0
804,Exchange of Information,1.0
805,Science issues,1.0
806,Exchange of Information,1.0
807,Prevention of marine pollution,1.0
808,Educational issues,1.0
809,Educational issues,0.5
809,Science issues,0.5
810,Operation of the Antarctic Treaty system Reports,1.0
811,Management Plans,1.0
812,Educational issues,1.0
813,Nonnative Species and Quarantine,1.0
814,Cooperation with Other Organisations,1.0
815,Cooperation with Other Organisations,0.5
815,Marine Protected Areas,0.5
816,Waste management and disposal,1.0
819,Marine Acoustics,1.0
820,Climate Change,1.0
821,Environmental Impact Assessment EIA Other EIA Matters,0.5
821,Tourism and NG_Activities,0.5
822,International Polar Year,1.0
823,Site Guidelines for Visitors,0.5
823,Tourism and NG_Activities,0.5
824,Site Guidelines for Visitors,0.5
824,Tourism and NG_Activities,0.5
825,Cooperation with Other Organisations,1.0
826,Drilling,0.5
826,Sub glacial Lakes,0.5
827,Drilling,0.5
827,Sub glacial Lakes,0.5
828,Educational issues,1.0
829,Safety and Operations in Antarctica,1.0
830,Environmental Monitoring and Reporting,0.5
830,Safety and Operations in Antarctica,0.5
831,Science issues,1.0
832,International Polar Year,1.0
835,Exchange of Information,1.0
836,Climate Change,1.0
837,Environmental Monitoring and Reporting,0.5
837,Waste management and disposal,0.5
839,Management Plans,1.0
841,Operation of the Antarctic Treaty system Reports,0.5
841,Science issues,0.5
842,Environmental Impact Assessment EIA Other EIA Matters,1.0
844,Environmental Impact Assessment EIA Other EIA Matters,1.0
845,Nonnative Species and Quarantine,0.5
845,Prevention of marine pollution,0.5
846,Nonnative Species and Quarantine,0.5
846,Prevention of marine pollution,0.5
847,Marine Acoustics,1.0
848,Fauna and Flora_General,1.0
849,Tourism and NG_Activities,1.0
851,Tourism and NG_Activities,1.0
852,Operation of the Antarctic Treaty system Reports,1.0
853,International Polar Year,1.0
854,Environmental Impact Assessment EIA Other EIA Matters,0.5
854,Fauna and Flora_General,0.5
855,Climate Change,0.5
855,Environmental Impact Assessment EIA Other EIA Matters,0.5
856,Specially Protected Species,1.0
857,Tourism and NG_Activities,1.0
861,Emergency report and contingency planning,0.3333333333333333
861,Search and Rescue,0.3333333333333333
861,Tourism and NG_Activities,0.3333333333333333
862,Specially Protected Species,1.0
863,Historic Sites and Monuments,1.0
864,Fauna and Flora_General,0.5
864,International Polar Year,0.5
866,Environmental Protection General,1.0
867,Site Guidelines for Visitors,0.5
867,Tourism and NG_Activities,0.5
872,Marine Acoustics,1.0
873,Tourism and NG_Activities,1.0
874,Science issues,1.0
875,Educational issues,1.0
880,Marine Acoustics,1.0
881,Environmental Protection General,1.0
882,Exchange of Information,1.0
883,Educational issues,0.5
883,Safety and Operations in Antarctica,0.5
884,International Polar Year,1.0
885,Operational issues,1.0
887,Exchange of Information,1.0
888,Operation of the Antarctic Treaty system General,0.5
888,Operation of the Antarctic Treaty system Reports,0.5
889,Operation of the Antarctic Treaty system Reports,1.0
890,Fauna and Flora_General,1.0
891,Educational issues,1.0
892,Educational issues,1.0
893,Operational issues,1.0
894,Biological Prospecting,1.0
895,CEP Strategy Discussions,1.0
896,CEP Strategy Discussions,1.0
898,Cooperation with Other Organisations,0.5
898,Operation of the Antarctic Treaty system Reports,0.5
899,Management Plans,1.0
900,Area Protection and Management Plans General,1.0
901,Operation of the Antarctic Treaty system General,1.0
903,Waste management and disposal,1.0
904,Management Plans,1.0
906,Biological Prospecting,1.0
908,Environmental Impact Assessment EIA Other EIA Matters,1.0
909,Historic Sites and Monuments,1.0
911,Operation of the Antarctic Treaty system Reports,1.0
912,Tourism and NG_Activities,1.0
913,Nonnative Species and Quarantine,0.5
913,Prevention of marine pollution,0.5
917,Operation of the Antarctic Treaty system Reports,1.0
920,Management Plans,1.0
921,Biological Prospecting,1.0
925,Environmental Protection General,0.5
925,Operation of the Antarctic Treaty system General,0.5
936,CEP Strategy Discussions,1.0
958,Operation of the Antarctic Treaty system General,1.0
960,Site Guidelines for Visitors,0.5
960,Tourism and NG_Activities,0.5
963,Management Plans,1.0
964,Biological Prospecting,1.0
965,Environmental Impact Assessment EIA Other EIA Matters,1.0
968,Marine Protected Areas,1.0
969,Marine Protected Areas,1.0
970,Comprehensive Environmental Evaluations,1.0
971,Comprehensive Environmental Evaluations,1.0
972,Environmental Protection General,0.5
972,Tourism and NG_Activities,0.5
973,Management Plans,1.0
974,Operation of the Antarctic Treaty system Reports,1.0
975,Management Plans,1.0
976,Management Plans,1.0
978,CEP Strategy Discussions,1.0
983,Biological Prospecting,1.0
984,Environmental Impact Assessment EIA Other EIA Matters,0.5
984,Fauna and Flora_General,0.5
985,Management Plans,1.0
986,Management Plans,1.0
988,Comprehensive Environmental Evaluations,1.0
989,Nonnative Species and Quarantine,1.0
990,CEP Strategy Discussions,1.0
991,Environmental Protection General,0.5
991,Operation of the Antarctic Treaty system General,0.5
992,CEP Strategy Discussions,0.5
992,Management Plans,0.5
993,Environmental Monitoring and Reporting,0.5
993,Nonnative Species and Quarantine,0.5
994,Search and Rescue,0.5
994,Tourism and NG_Activities,0.5
995,Tourism and NG_Activities,1.0
996,Tourism and NG_Activities,1.0
997,Cooperation with Other Organisations,1.0
998,State of the Antarctic Environment Report SAER,1.0
1000,Area Protection and Management Plans General,0.5
1000,Inspections,0.5
1001,Environmental Domains Analysis,1.0
1002,Cooperation with Other Organisations,1.0
1005,Management Plans,1.0
1006,Management Plans,1.0
1007,Environmental Protection General,0.5
1007,Safety and Operations in Antarctica,0.5
1008,Environmental Impact Assessment EIA Other EIA Matters,0.5
1008,Tourism and NG_Activities,0.5
1009,Climate Change,1.0
1010,Search and Rescue,0.5
1010,Tourism and NG_Activities,0.5
1013,Environmental Protection General,0.5
1013,Safety and Operations in Antarctica,0.5
1014,Management Plans,1.0
1017,Safety and Operations in Antarctica,0.5
1017,Search and Rescue,0.5
1018,Safety and Operations in Antarctica,1.0
1019,Safety and Operations in Antarctica,1.0
1020,Science issues,1.0
1021,Prevention of marine pollution,0.3333333333333333
1021,Safety and Operations in Antarctica,0.3333333333333333
1021,Search and Rescue,0.3333333333333333
1022,Historic Sites and Monuments,1.0
1023,Tourism and NG_Activities,1.0
1024,Site Guidelines for Visitors,0.5
1024,Tourism and NG_Activities,0.5
1026,CEP Strategy Discussions,1.0
1027,Site Guidelines for Visitors,0.5
1027,Tourism and NG_Activities,0.5
1029,Management Plans,1.0
1030,Exchange of Information,1.0
1031,Exchange of Information,1.0
1032,Operation of the Antarctic Treaty system General,1.0
1033,Environmental Monitoring and Reporting,0.5
1033,Tourism and NG_Activities,0.5
1034,Operation of the Antarctic Treaty system General,1.0
1035,Tourism and NG_Activities,1.0
1036,Tourism and NG_Activities,1.0
1037,Management Plans,1.0
1038,Comprehensive Environmental Evaluations,1.0
1039,Nonnative Species and Quarantine,1.0
1040,Environmental Protection General,0.5
1040,Operation of the Antarctic Treaty system General,0.5
1041,Search and Rescue,0.5
1041,Tourism and NG_Activities,0.5
1043,Management Plans,1.0
1044,Educational issues,1.0
1045,Fauna and Flora_General,1.0
1046,Exchange of Information,1.0
1047,Inspections,1.0
1048,Environmental Monitoring and Reporting,0.5
1048,Fauna and Flora_General,0.5
1049,Climate Change,1.0
1050,Exchange of Information,1.0
1051,Exchange of Information,1.0
1052,Inspections,1.0
1053,Environmental Domains Analysis,1.0
1055,Environmental Impact Assessment EIA Other EIA Matters,1.0
1056,Operation of the Antarctic Treaty system Reports,1.0
1057,Operation of the Antarctic Treaty system Reports,1.0
1058,Science issues,1.0
1059,Site Guidelines for Visitors,0.5
1059,Tourism and NG_Activities,0.5
1060,CEP Strategy Discussions,0.3333333333333333
1060,Management Plans,0.3333333333333333
1060,Operation of the CEP,0.3333333333333333
1061,Management Plans,1.0
1062,Area Protection and Management Plans General,1.0
1063,Operation of the Antarctic Treaty system General,1.0
1064,Safety and Operations in Antarctica,1.0
1065,Nonnative Species and Quarantine,1.0
1066,Exchange of Information,1.0
1068,Exchange of Information,1.0
1069,Site Guidelines for Visitors,0.5
1069,Tourism and NG_Activities,0.5
1070,Science issues,1.0
1071,Operational issues,1.0
1072,Educational issues,1.0
1073,Science issues,1.0
1074,Environmental Impact Assessment EIA Other EIA Matters,0.3333333333333333
1074,Search and Rescue,0.3333333333333333
1074,Tourism and NG_Activities,0.3333333333333333
1075,Exchange of Information,1.0
1076,Operation of the Antarctic Treaty system General,1.0
1077,Sub glacial Lakes,1.0
1078,Environmental Impact Assessment EIA Other EIA Matters,1.0
1079,International Polar Year,1.0
1080,Climate Change,0.5
1080,Science issues,0.5
1081,Science issues,1.0
1082,Environmental Impact Assessment EIA Other EIA Matters,1.0
1083,Climate Change,1.0
1084,Climate Change,1.0
1085,Search and Rescue,0.5
1085,Tourism and NG_Activities,0.5
1086,Operational issues,1.0
1087,Drilling,1.0
1088,Exchange of Information,1.0
1089,Environmental Impact Assessment EIA Other EIA Matters,1.0
1090,Climate Change,1.0
1091,Area Protection and Management Plans General,1.0
1092,Prevention of marine pollution,0.5
1092,Tourism and NG_Activities,0.5
1093,International Polar Year,1.0
1094,Science issues,1.0
1097,Climate Change,1.0
1099,Area Protection and Management Plans General,1.0
1102,Science issues,1.0
1103,Exchange of Information,1.0
1104,Science issues,1.0
1107,Exchange of Information,1.0
1110,Science issues,1.0
1111,Science issues,1.0
1112,Operation of the Antarctic Treaty system Reports,0.5
1112,Science issues,0.5
1113,Historic Sites and Monuments,1.0
1114,Environmental Monitoring and Reporting,1.0
1116,Nonnative Species and Quarantine,1.0
1117,Science issues,1.0
1118,Comprehensive Environmental Evaluations,1.0
1119,Science issues,1.0
1123,Operation of the Antarctic Treaty system Reports,1.0
1124,Waste management and disposal,1.0
1126,Operational issues,1.0
1128,Search and Rescue,0.5
1128,Tourism and NG_Activities,0.5
1129,Site Guidelines for Visitors,0.5
1129,Tourism and NG_Activities,0.5
1130,Tourism and NG_Activities,1.0
1131,Tourism and NG_Activities,1.0
1132,Tourism and NG_Activities,1.0
1133,Tourism and NG_Activities,1.0
1134,Operational issues,1.0
1135,International Polar Year,1.0
1136,Operation of the Antarctic Treaty system Reports,1.0
1137,Exchange of Information,1.0
1138,Emergency report and contingency planning,1.0
1139,Operational issues,0.5
1139,Science issues,0.5
1140,Nonnative Species and Quarantine,1.0
1141,Area Protection and Management Plans General,0.5
1141,Historic Sites and Monuments,0.5
1143,Science issues,1.0
1144,Exchange of Information,1.0
1145,Environmental Monitoring and Reporting,0.5
1145,Prevention of marine pollution,0.5
1146,Nonnative Species and Quarantine,1.0
1147,Safety and Operations in Antarctica,0.5
1147,Search and Rescue,0.5
1148,International Polar Year,0.5
1148,Science issues,0.5
1149,Science issues,1.0
1151,Historic Sites and Monuments,1.0
1152,Management Plans,1.0
1153,Safety and Operations in Antarctica,0.5
1153,Search and Rescue,0.5
1154,Management Plans,1.0
1155,Management Plans,1.0
1156,Drilling,0.5
1156,Environmental Impact Assessment EIA Other EIA Matters,0.5
1157,Environmental Impact Assessment EIA Other EIA Matters,1.0
1159,International Polar Year,1.0
1160,Climate Change,0.5
1160,Science issues,0.5
1161,Environmental Impact Assessment EIA Other EIA Matters,1.0
1162,Operational issues,1.0
1163,Fauna and Flora_General,1.0
1165,Safety and Operations in Antarctica,1.0
1167,Specially Protected Species,1.0
1168,Management Plans,0.5
1168,Tourism and NG_Activities,0.5
1169,Area Protection and Management Plans General,0.3333333333333333
1169,Nonnative Species and Quarantine,0.3333333333333333
1169,Sub glacial Lakes,0.3333333333333333
1170,International Polar Year,0.5
1170,Science issues,0.5
1171,Operation of the Antarctic Treaty system General,1.0
1172,Operational issues,1.0
1173,Educational issues,0.5
1173,International Polar Year,0.5
1174,Safety and Operations in Antarctica,0.5
1174,Search and Rescue,0.5
1175,Safety and Operations in Antarctica,1.0
1176,Educational issues,1.0
1177,Management Plans,1.0
1178,Environmental Monitoring and Reporting,1.0
1179,Marine Protected Areas,1.0
1180,Operation of the Antarctic Treaty system Reports,1.0
1181,Safety and Operations in Antarctica,0.5
1181,Search and Rescue,0.5
1182,Environmental Monitoring and Reporting,1.0
1183,Educational issues,1.0
1184,Environmental Impact Assessment EIA Other EIA Matters,0.5
1184,Waste management and disposal,0.5
1188,Fauna and Flora_General,0.5
1188,International Polar Year,0.5
1189,Management Plans,1.0
1192,Management Plans,1.0
1199,Operation of the Antarctic Treaty system Reports,1.0
1201,Management Plans,1.0
1204,Cooperation with Other Organisations,1.0
1208,Specially Protected Species,1.0
1213,Cooperation with Other Organisations,0.5
1213,Operation of the Antarctic Treaty system Reports,0.5
1223,Operation of the Antarctic Treaty system The Secretariat,1.0
1225,International Polar Year,1.0
1229,Management Plans,1.0
1230,Operation of the Antarctic Treaty system Reports,1.0
1234,Operation of the Antarctic Treaty system The Secretariat,1.0
1237,Area Protection and Management Plans General,0.5
1237,Management Plans,0.5
1238,Site Guidelines for Visitors,0.5
1238,Tourism and NG_Activities,0.5
1239,Site Guidelines for Visitors,0.5
1239,Tourism and NG_Activities,0.5
1243,Safety and Operations in Antarctica,0.5
1243,Search and Rescue,0.5
1257,Safety and Operations in Antarctica,0.5
1257,Search and Rescue,0.5
1258,Educational issues,1.0
1262,Science issues,1.0
1263,Science issues,1.0
1323,Nonnative Species and Quarantine,1.0
1324,Nonnative Species and Quarantine,1.0
1325,Nonnative Species and Quarantine,0.5
1325,Tourism and NG_Activities,0.5
1326,Nonnative Species and Quarantine,0.5
1326,Prevention of marine pollution,0.5
1327,Nonnative Species and Quarantine,1.0
1328,Nonnative Species and Quarantine,1.0
1330,Nonnative Species and Quarantine,1.0
1331,Nonnative Species and Quarantine,1.0
1333,Fauna and Flora_General,0.5
1333,Nonnative Species and Quarantine,0.5
1334,Area Protection and Management Plans General,1.0
1335,Operation of the Antarctic Treaty system Reports,1.0
1336,Environmental Protection General,1.0
1337,Fauna and Flora_General,1.0
1338,Science issues,1.0
1339,Operational issues,0.5
1339,Science issues,0.5
1340,Prevention of marine pollution,0.5
1340,Waste management and disposal,0.5
1341,Science issues,1.0
1342,Science issues,1.0
1343,Operation of the Antarctic Treaty system Reports,1.0
1344,Environmental Protection General,1.0
1345,Environmental Impact Assessment EIA Other EIA Matters,1.0
1346,Environmental Impact Assessment EIA Other EIA Matters,1.0
1347,Exchange of Information,1.0
1348,Waste management and disposal,1.0
1349,Environmental Impact Assessment EIA Other EIA Matters,1.0
1350,Inspections,1.0
1353,Inspections,1.0
1354,Inspections,1.0
1355,Inspections,1.0
1356,Inspections,1.0
1357,Inspections,1.0
1358,Environmental Monitoring and Reporting,1.0
1359,Waste management and disposal,1.0
1360,Management Plans,1.0
1361,Environmental Protection General,0.5
1361,Operation of the Antarctic Treaty system General,0.5
1362,Operational issues,0.5
1362,Science issues,0.5
1363,State of the Antarctic Environment Report SAER,1.0
1364,Historic Sites and Monuments,1.0
1365,Prevention of marine pollution,0.5
1365,Waste management and disposal,0.5
1368,Prevention of marine pollution,1.0
1369,State of the Antarctic Environment Report SAER,1.0
1370,Science issues,1.0
1371,Opening statements,1.0
1372,Area Protection and Management Plans General,0.5
1372,Marine Protected Areas,0.5
1373,Comprehensive Environmental Evaluations,1.0
1374,Emergency report and contingency planning,0.5
1374,Prevention of marine pollution,0.5
1375,Environmental Impact Assessment EIA Other EIA Matters,1.0
1376,Environmental Monitoring and Reporting,1.0
1377,Drilling,0.5
1377,Environmental Impact Assessment EIA Other EIA Matters,0.5
1378,Exchange of Information,1.0
1379,Operation of the Antarctic Treaty system Reports,1.0
1380,Operation of the Antarctic Treaty system Reports,1.0
1381,Operation of the Antarctic Treaty system Reports,1.0
1382,Operational issues,1.0
1383,Science issues,1.0
1384,Operation of the Antarctic Treaty system General,1.0
1385,Operation of the Antarctic Treaty system Reports,1.0
1386,Tourism and NG_Activities,1.0
1387,Educational issues,0.5
1387,Tourism and NG_Activities,0.5
1388,Tourism and NG_Activities,1.0
1389,Science issues,1.0
1390,Opening statements,1.0
1391,Opening statements,1.0
1392,Safety and Operations in Antarctica,1.0
1393,Opening statements,1.0
1394,Operation of the Antarctic Treaty system General,1.0
1395,Operation of the Antarctic Treaty system General,1.0
1396,Nonnative Species and Quarantine,1.0
1399,Emergency report and contingency planning,1.0
1400,Area Protection and Management Plans General,1.0
1401,Operation of the Antarctic Treaty system Reports,1.0
1402,Area Protection and Management Plans General,0.5
1402,Management Plans,0.5
1403,Educational issues,1.0
1404,Environmental Protection General,0.5
1404,Operation of the Antarctic Treaty system General,0.5
1405,Operation of the Antarctic Treaty system The Secretariat,1.0
1406,Historic Sites and Monuments,1.0
1407,State of the Antarctic Environment Report SAER,1.0
1408,Emergency report and contingency planning,1.0
1409,Environmental Impact Assessment EIA Other EIA Matters,1.0
1410,Liability,1.0
1411,Emergency report and contingency planning,1.0
1412,Environmental Impact Assessment EIA Other EIA Matters,1.0
1413,Operation of the CEP,1.0
1414,Historic Sites and Monuments,1.0
1415,Environmental Protection General,0.5
1415,Operation of the Antarctic Treaty system General,0.5
1416,Operation of the CEP,1.0
1417,CEP Strategy Discussions,0.5
1417,Operation of the CEP,0.5
1418,Exchange of Information,1.0
1419,Area Protection and Management Plans General,1.0
1420,Area Protection and Management Plans General,1.0
1421,Exchange of Information,1.0
1422,State of the Antarctic Environment Report SAER,1.0
1426,Drilling,1.0
1427,Operation of the Antarctic Treaty system General,1.0
1428,Operation of the Antarctic Treaty system General,1.0
1429,Exchange of Information,1.0
1431,Environmental Protection General,1.0
1432,Exchange of Information,1.0
1433,Environmental Impact Assessment EIA Other EIA Matters,1.0
1434,Environmental Impact Assessment EIA Other EIA Matters,1.0
1435,Exchange of Information,1.0
1436,Historic Sites and Monuments,1.0
1437,Science issues,1.0
1438,Environmental Protection General,1.0
1439,Environmental Protection General,1.0
1440,Environmental Protection General,0.5
1440,Operation of the Antarctic Treaty system General,0.5
1441,Operation of the Antarctic Treaty system General,1.0
1442,Opening statements,1.0
1443,Safety and Operations in Antarctica,1.0
1444,Operational issues,1.0
1445,Safety and Operations in Antarctica,1.0
1446,Area Protection and Management Plans General,0.5
1446,Management Plans,0.5
1447,Safety and Operations in Antarctica,1.0
1448,Safety and Operations in Antarctica,1.0
1449,Educational issues,1.0
1450,Environmental Protection General,0.5
1450,Operation of the Antarctic Treaty system General,0.5
1451,Site Guidelines for Visitors,0.5
1451,Tourism and NG_Activities,0.5
1452,Environmental Monitoring and Reporting,0.5
1452,Waste management and disposal,0.5
1453,Environmental Monitoring and Reporting,0.5
1453,Tourism and NG_Activities,0.5
1454,Environmental Impact Assessment EIA Other EIA Matters,1.0
1455,Educational issues,1.0
1456,Science issues,1.0
1457,Historic Sites and Monuments,1.0
1458,Environmental Impact Assessment EIA Other EIA Matters,1.0
1459,Liability,1.0
1460,Liability,1.0
1461,Tourism and NG_Activities,1.0
1462,Operation of the Antarctic Treaty system The Secretariat,1.0
1463,Environmental Protection General,0.5
1463,Operation of the Antarctic Treaty system General,0.5
1464,Operation of the Antarctic Treaty system Reports,1.0
1465,Operation of the Antarctic Treaty system Reports,1.0
1466,Environmental Impact Assessment EIA Other EIA Matters,1.0
1467,Environmental Protection General,1.0
1468,Emergency report and contingency planning,1.0
1469,Fauna and Flora_General,1.0
1470,Operational issues,0.5
1470,Science issues,0.5
1471,Science issues,1.0
1472,Science issues,1.0
1473,Science issues,1.0
1474,Science issues,1.0
1475,Environmental Protection General,1.0
1476,Science issues,1.0
1477,Science issues,1.0
1478,Opening statements,1.0
1479,International Polar Year,1.0
1480,Educational issues,1.0
1481,Waste management and disposal,1.0
1482,Environmental Impact Assessment EIA Other EIA Matters,1.0
1483,Opening statements,1.0
1484,Waste management and disposal,1.0
1485,Area Protection and Management Plans General,0.5
1485,Management Plans,0.5
1486,Operational issues,1.0
1487,Educational issues,1.0
1488,Operation of the Antarctic Treaty system Reports,1.0
1489,Exchange of Information,1.0
1490,Opening statements,1.0
1491,Educational issues,0.5
1491,Operation of the Antarctic Treaty system General,0.5
1492,Exchange of Information,1.0
1493,Opening statements,1.0
1494,Operation of the Antarctic Treaty system General,1.0
1495,Exchange of Information,1.0
1496,Opening statements,1.0
1497,Operational issues,1.0
1498,Science issues,1.0
1499,Science issues,0.5
1499,Sub glacial Lakes,0.5
1500,Operation of the Antarctic Treaty system General,1.0
1501,Operation of the Antarctic Treaty system Reports,1.0
1502,Opening statements,1.0
1503,Operation of the Antarctic Treaty system Reports,1.0
1504,Science issues,1.0
1505,Environmental Protection General,0.5
1505,Science issues,0.5
1506,Opening statements,1.0
1507,Opening statements,1.0
1508,Environmental Impact Assessment EIA Other EIA Matters,0.5
1508,Environmental Monitoring and Reporting,0.5
1509,Liability,1.0
1510,Opening statements,1.0
1511,Drilling,1.0
1512,Exchange of Information,0.5
1512,Management Plans,0.5
1513,Exchange of Information,1.0
1515,International Polar Year,1.0
1516,Science issues,1.0
1517,Opening statements,1.0
1518,Science issues,1.0
1519,Historic Sites and Monuments,1.0
1521,Opening statements,1.0
1522,Safety and Operations in Antarctica,1.0
1523,Safety and Operations in Antarctica,1.0
1524,Educational issues,1.0
1526,Operation of the Antarctic Treaty system Reports,0.5
1526,Science issues,0.5
1527,Science issues,1.0
1528,Opening statements,1.0
1529,Opening statements,1.0
1530,Opening statements,1.0
1531,Environmental Protection General,0.5
1531,Operation of the Antarctic Treaty system General,0.5
1532,Tourism and NG_Activities,1.0
1533,Opening statements,1.0
1534,Science issues,1.0
1535,Opening statements,1.0
1536,Operation of the Antarctic Treaty system General,1.0
1537,Tourism and NG_Activities,1.0
1538,Opening statements,1.0
1539,Operation of the Antarctic Treaty system Reports,1.0
1540,Opening statements,1.0
1541,Operation of the Antarctic Treaty system Reports,1.0
1542,Opening statements,1.0
1543,Opening statements,1.0
1544,Opening statements,1.0
1545,Opening statements,1.0
1548,Environmental Protection General,1.0
1549,Comprehensive Environmental Evaluations,1.0
1550,Emergency report and contingency planning,1.0
1551,Environmental Impact Assessment EIA Other EIA Matters,0.5
1551,Environmental Monitoring and Reporting,0.5
1552,State of the Antarctic Environment Report SAER,1.0
1553,State of the Antarctic Environment Report SAER,1.0
1554,Comprehensive Environmental Evaluations,0.5
1554,Environmental Impact Assessment EIA Other EIA Matters,0.5
1555,Comprehensive Environmental Evaluations,0.5
1555,Environmental Impact Assessment EIA Other EIA Matters,0.5
1556,Management Plans,1.0
1557,Operation of the Antarctic Treaty system General,1.0
1558,Liability,1.0
1559,Environmental Protection General,0.5
1559,Liability,0.5
1560,Operation of the Antarctic Treaty system General,1.0
1561,Liability,1.0
1562,Operation of the Antarctic Treaty system General,1.0
1563,Liability,1.0
1564,Emergency report and contingency planning,1.0
1565,Exchange of Information,1.0
1566,Liability,1.0
1567,Management Plans,1.0
1568,Environmental Protection General,0.5
1568,Historic Sites and Monuments,0.5
1569,Historic Sites and Monuments,1.0
1570,Liability,1.0
1571,Exchange of Information,1.0
1576,Specially Protected Species,1.0
1577,Operation of the Antarctic Treaty system General,1.0
1578,Exchange of Information,1.0
1579,Liability,1.0
1580,Environmental Protection General,0.5
1580,Operational issues,0.5
1581,Environmental Monitoring and Reporting,1.0
1582,Environmental Monitoring and Reporting,1.0
1583,Area Protection and Management Plans General,0.5
1583,Marine Protected Areas,0.5
1584,Nonnative Species and Quarantine,1.0
1585,Exchange of Information,1.0
1586,Liability,1.0
1587,Liability,1.0
1588,Area Protection and Management Plans General,0.5
1588,Management Plans,0.5
1589,Area Protection and Management Plans General,1.0
1590,Comprehensive Environmental Evaluations,1.0
1591,Science issues,1.0
1592,Safety and Operations in Antarctica,1.0
1593,Liability,1.0
1594,Liability,1.0
1595,Management Plans,1.0
1596,Operation of the CEP,1.0
1597,Specially Protected Species,1.0
1598,Exchange of Information,1.0
1599,Area Protection and Management Plans General,0.5
1599,Environmental Protection General,0.5
1600,Environmental Domains Analysis,1.0
1601,Cooperation with Other Organisations,0.5
1601,Environmental Protection General,0.5
1602,Emergency report and contingency planning,0.5
1602,Environmental Protection General,0.5
1603,Historic Sites and Monuments,1.0
1604,Historic Sites and Monuments,1.0
1605,Management Plans,1.0
1606,Environmental Impact Assessment EIA Other EIA Matters,1.0
1607,Management Plans,1.0
1608,Management Plans,1.0
1609,Historic Sites and Monuments,1.0
1610,Exchange of Information,1.0
1611,Drilling,0.5
1611,Sub glacial Lakes,0.5
1612,Environmental Impact Assessment EIA Other EIA Matters,1.0
1613,Management Plans,1.0
1614,Historic Sites and Monuments,1.0
1615,Exchange of Information,1.0
1616,Exchange of Information,1.0
1617,Waste management and disposal,1.0
1618,Exchange of Information,1.0
1619,Environmental Impact Assessment EIA Other EIA Matters,1.0
1620,Cooperation with Other Organisations,0.5
1620,Exchange of Information,0.5
1622,Cooperation with Other Organisations,0.2
1622,Environmental Impact Assessment EIA Other EIA Matters,0.2
1622,Environmental Monitoring and Reporting,0.2
1622,Prevention of marine pollution,0.2
1622,Waste management and disposal,0.2
1623,Exchange of Information,1.0
1624,Exchange of Information,1.0
1625,Environmental Protection General,1.0
1626,Exchange of Information,1.0
1627,Area Protection and Management Plans General,0.5
1627,Marine Protected Areas,0.5
1628,Historic Sites and Monuments,1.0
1629,Environmental Impact Assessment EIA Other EIA Matters,0.5
1629,Environmental Protection General,0.5
1630,Cooperation with Other Organisations,1.0
1631,Management Plans,1.0
1632,Historic Sites and Monuments,1.0
1633,Exchange of Information,1.0
1634,Exchange of Information,1.0
1635,Exchange of Information,1.0
1636,Exchange of Information,1.0
1637,Historic Sites and Monuments,1.0
1638,Fauna and Flora_General,1.0
1639,Exchange of Information,1.0
1640,Exchange of Information,1.0
1641,Exchange of Information,1.0
1642,Exchange of Information,1.0
1643,Exchange of Information,1.0
1644,Environmental Protection General,1.0
1645,Waste management and disposal,1.0
1646,Exchange of Information,1.0
1647,Environmental Impact Assessment EIA Other EIA Matters,0.5
1647,Tourism and NG_Activities,0.5
1648,Drilling,0.5
1648,Environmental Impact Assessment EIA Other EIA Matters,0.5
1649,Environmental Protection General,1.0
1650,Environmental Protection General,1.0
1651,Exchange of Information,1.0
1652,Environmental Protection General,1.0
1653,Exchange of Information,1.0
1654,Management Plans,1.0
1655,Exchange of Information,1.0
1656,Emergency report and contingency planning,1.0
1657,Management Plans,1.0
1658,Emergency report and contingency planning,0.5
1658,Prevention of marine pollution,0.5
1659,Exchange of Information,1.0
1660,Area Protection and Management Plans General,0.5
1660,Fauna and Flora_General,0.5
1661,Environmental Monitoring and Reporting,0.5
1661,Fauna and Flora_General,0.5
1662,Environmental Protection General,1.0
1664,State of the Antarctic Environment Report SAER,1.0
1665,Exchange of Information,1.0
1666,Tourism and NG_Activities,1.0
1667,Site Guidelines for Visitors,0.5
1667,Tourism and NG_Activities,0.5
1668,Exchange of Information,1.0
1669,Waste management and disposal,1.0
1670,Exchange of Information,1.0
1671,Environmental Protection General,1.0
1672,Waste management and disposal,1.0
1673,Exchange of Information,1.0
1674,Marine Acoustics,1.0
1675,Environmental Monitoring and Reporting,0.5
1675,Tourism and NG_Activities,0.5
1676,Environmental Impact Assessment EIA Other EIA Matters,1.0
1677,Area Protection and Management Plans General,0.5
1677,Management Plans,0.5
1678,Exchange of Information,1.0
1679,Waste management and disposal,1.0
1680,Comprehensive Environmental Evaluations,0.5
1680,Drilling,0.5
1681,Environmental Impact Assessment EIA Other EIA Matters,1.0
1682,Environmental Protection General,1.0
1683,Management Plans,1.0
1684,Emergency report and contingency planning,0.5
1684,Tourism and NG_Activities,0.5
1685,Environmental Protection General,0.5
1685,Exchange of Information,0.5
1686,Environmental Protection General,1.0
1687,Exchange of Information,1.0
1688,Management Plans,1.0
1689,Environmental Impact Assessment EIA Other EIA Matters,1.0
1690,Cooperation with Other Organisations,1.0
1691,Waste management and disposal,1.0
1692,Tourism and NG_Activities,1.0
1693,State of the Antarctic Environment Report SAER,1.0
1694,Sub glacial Lakes,1.0
1695,Environmental Protection General,1.0
1696,Waste management and disposal,1.0
1697,Historic Sites and Monuments,1.0
1699,Exchange of Information,1.0
1700,Fauna and Flora_General,1.0
1702,Exchange of Information,1.0
1703,Exchange of Information,1.0
1704,Management Plans,1.0
1705,Environmental Monitoring and Reporting,1.0
1706,Environmental Protection General,1.0
1707,Exchange of Information,1.0
1708,Historic Sites and Monuments,1.0
1709,Exchange of Information,1.0
1710,Emergency report and contingency planning,1.0
1711,Environmental Impact Assessment EIA Other EIA Matters,1.0
1712,Environmental Impact Assessment EIA Other EIA Matters,0.5
1712,Environmental Protection General,0.5
1713,Environmental Protection General,1.0
1714,Environmental Impact Assessment EIA Other EIA Matters,1.0
1715,Marine Protected Areas,1.0
1716,Management Plans,1.0
1720,Management Plans,1.0
1721,Historic Sites and Monuments,1.0
1722,Environmental Protection General,0.5
1722,Fauna and Flora_General,0.5
1723,Specially Protected Species,1.0
1724,Area Protection and Management Plans General,1.0
1725,Management Plans,1.0
1726,State of the Antarctic Environment Report SAER,1.0
1727,Environmental Domains Analysis,1.0
1728,Environmental Impact Assessment EIA Other EIA Matters,0.5
1728,Environmental Protection General,0.5
1729,Management Plans,1.0
1730,Management Plans,1.0
1731,Management Plans,1.0
1732,Drilling,0.3333333333333333
1732,Environmental Impact Assessment EIA Other EIA Matters,0.3333333333333333
1732,Sub glacial Lakes,0.3333333333333333
1733,Management Plans,1.0
1734,Area Protection and Management Plans General,1.0
1735,Marine Acoustics,1.0
1736,Emergency report and contingency planning,0.5
1736,Environmental Protection General,0.5
1737,Fauna and Flora_General,1.0
1738,Emergency report and contingency planning,1.0
1740,State of the Antarctic Environment Report SAER,1.0
1741,Management Plans,1.0
1742,Management Plans,1.0
1743,Fauna and Flora_General,1.0
1744,Specially Protected Species,1.0
1745,Management Plans,1.0
1746,Biological Prospecting,1.0
1747,Management Plans,1.0
1821,Area Protection and Management Plans General,1.0
1822,Area Protection and Management Plans General,1.0
1823,Management Plans,1.0
1824,Management Plans,1.0
1825,CEP Strategy Discussions,1.0
1826,State of the Antarctic Environment Report SAER,1.0
1827,Tourism and NG_Activities,1.0
1828,Biological Prospecting,1.0
1829,Environmental Protection General,0.3333333333333333
1829,Management Plans,0.3333333333333333
1829,Operational issues,0.3333333333333333
1830,Management Plans,1.0
1831,Environmental Domains Analysis,1.0
1834,Tourism and NG_Activities,1.0
1836,Biological Prospecting,1.0
1837,Biological Prospecting,1.0
1838,Biological Prospecting,1.0
1839,Biological Prospecting,1.0
1840,Biological Prospecting,1.0
1841,Comprehensive Environmental Evaluations,1.0
1842,Management Plans,1.0
1843,Management Plans,1.0
1845,Historic Sites and Monuments,1.0
1846,Environmental Monitoring and Reporting,1.0
1847,Management Plans,1.0
1848,Management Plans,1.0
1849,Environmental Monitoring and Reporting,1.0
1851,Management Plans,1.0
1852,Exchange of Information,1.0
1853,Environmental Impact Assessment EIA Other EIA Matters,1.0
1854,Site Guidelines for Visitors,0.5
1854,Tourism and NG_Activities,0.5
1855,Site Guidelines for Visitors,0.5
1855,Tourism and NG_Activities,0.5
1856,Specially Protected Species,1.0
1857,Specially Protected Species,1.0
1858,Management Plans,1.0
1859,Management Plans,1.0
1861,Management Plans,1.0
1862,Environmental Protection General,0.5
1862,Tourism and NG_Activities,0.5
1863,Historic Sites and Monuments,1.0
1864,Environmental Impact Assessment EIA Other EIA Matters,1.0
1866,Prevention of marine pollution,1.0
1867,Management Plans,1.0
1868,Operation of the Antarctic Treaty system General,0.5
1868,Operation of the CEP,0.5
1869,Operation of the Antarctic Treaty system The Secretariat,1.0
1871,Operation of the Antarctic Treaty system The Secretariat,1.0
1872,Operation of the Antarctic Treaty system General,0.5
1872,Operation of the Antarctic Treaty system The Secretariat,0.5
1873,Liability,1.0
1874,Liability,1.0
1877,Liability,1.0
1878,Liability,1.0
1879,Operation of the Antarctic Treaty system General,1.0
1880,Operation of the Antarctic Treaty system General,1.0
1886,Operation of the Antarctic Treaty system General,1.0
1887,Prevention of marine pollution,0.5
1887,Waste management and disposal,0.5
1888,Operation of the Antarctic Treaty system General,1.0
1889,Operation of the Antarctic Treaty system General,1.0
1890,Operation of the Antarctic Treaty system General,1.0
1891,Operation of the Antarctic Treaty system General,1.0
1892,Operation of the Antarctic Treaty system General,1.0
1893,Environmental Impact Assessment EIA Other EIA Matters,0.5
1893,Exchange of Information,0.5
1894,Environmental Monitoring and Reporting,1.0
1896,Prevention of marine pollution,1.0
1897,Prevention of marine pollution,0.5
1897,Safety and Operations in Antarctica,0.5
1898,Comprehensive Environmental Evaluations,0.5
1898,Environmental Impact Assessment EIA Other EIA Matters,0.5
1899,Environmental Monitoring and Reporting,0.5
1899,Tourism and NG_Activities,0.5
1900,Environmental Impact Assessment EIA Other EIA Matters,1.0
1902,Operation of the Antarctic Treaty system Reports,1.0
1904,Management Plans,1.0
1906,Environmental Domains Analysis,0.5
1906,Nonnative Species and Quarantine,0.5
1909,Biological Prospecting,1.0
1914,Management Plans,1.0
1915,Historic Sites and Monuments,1.0
1916,Management Plans,1.0
1917,Operation of the Antarctic Treaty system General,1.0
1918,Operation of the Antarctic Treaty system The Secretariat,1.0
1919,Liability,1.0
1920,Liability,1.0
1921,Exchange of Information,0.5
1921,Operation of the Antarctic Treaty system General,0.5
1922,Liability,1.0
1923,Science issues,1.0
1924,Exchange of Information,1.0
1926,Operation of the Antarctic Treaty system Reports,1.0
1927,Environmental Protection General,1.0
1928,Science issues,1.0
1929,Environmental Impact Assessment EIA Other EIA Matters,1.0
1930,Exchange of Information,1.0
1931,Exchange of Information,1.0
1932,Environmental Protection General,1.0
1933,Tourism and NG_Activities,1.0
1934,Site Guidelines for Visitors,0.5
1934,Tourism and NG_Activities,0.5
1935,Climate Change,1.0
1936,Operation of the Antarctic Treaty system Reports,1.0
1937,Cooperation with Other Organisations,1.0
1938,Management Plans,1.0
1939,Area Protection and Management Plans General,1.0
1940,Nonnative Species and Quarantine,1.0
1941,International Polar Year,1.0
1942,Operation of the CEP,1.0
1946,Management Plans,1.0
1947,Site Guidelines for Visitors,0.5
1947,Tourism and NG_Activities,0.5
1948,Tourism and NG_Activities,1.0
1949,Site Guidelines for Visitors,0.5
1949,Tourism and NG_Activities,0.5
1950,Management Plans,1.0
1951,Environmental Impact Assessment EIA Other EIA Matters,0.5
1951,Tourism and NG_Activities,0.5
1952,Site Guidelines for Visitors,0.5
1952,Tourism and NG_Activities,0.5
1953,Cooperation with Other Organisations,1.0
1954,Operation of the Antarctic Treaty system General,1.0
1955,Search and Rescue,0.5
1955,Tourism and NG_Activities,0.5
1956,Tourism and NG_Activities,1.0
1957,Biological Prospecting,1.0
1958,Site Guidelines for Visitors,0.5
1958,Tourism and NG_Activities,0.5
1959,Management Plans,1.0
1960,Management Plans,1.0
1961,Management Plans,1.0
1962,Tourism and NG_Activities,1.0
1963,Science issues,1.0
1964,Environmental Protection General,1.0
1965,Area Protection and Management Plans General,1.0
1966,Environmental Impact Assessment EIA Other EIA Matters,1.0
1967,Science issues,1.0
1968,Fauna and Flora_General,0.5
1968,Nonnative Species and Quarantine,0.5
1969,Marine Protected Areas,1.0
1970,Tourism and NG_Activities,1.0
1971,Exchange of Information,1.0
1972,Environmental Monitoring and Reporting,0.5
1972,Tourism and NG_Activities,0.5
1973,Environmental Impact Assessment EIA Other EIA Matters,1.0
1975,Operation of the Antarctic Treaty system Reports,1.0
1976,Comprehensive Environmental Evaluations,0.5
1976,Drilling,0.5
1977,Exchange of Information,1.0
1978,Management Plans,1.0
1979,Management Plans,1.0
1980,Comprehensive Environmental Evaluations,1.0
1981,Operation of the Antarctic Treaty system Reports,1.0
1982,Cooperation with Other Organisations,1.0
1983,Science issues,1.0
1984,International Polar Year,0.5
1984,Science issues,0.5
1985,Operation of the Antarctic Treaty system Reports,1.0
1986,Operation of the Antarctic Treaty system Reports,1.0
1987,Cooperation with Other Organisations,1.0
1988,Prevention of marine pollution,0.5
1988,Tourism and NG_Activities,0.5
1989,Safety and Operations in Antarctica,0.5
1989,Science issues,0.5
1990,Exchange of Information,1.0
1991,Drilling,0.5
1991,Environmental Impact Assessment EIA Other EIA Matters,0.5
1992,Management Plans,1.0
1993,Environmental Impact Assessment EIA Other EIA Matters,1.0
1994,Environmental Protection General,1.0
1995,Environmental Domains Analysis,1.0
1996,Management Plans,1.0
1997,Management Plans,1.0
1998,Biological Prospecting,1.0
1999,Management Plans,1.0
2000,Site Guidelines for Visitors,0.5
2000,Tourism and NG_Activities,0.5
2003,Marine Protected Areas,1.0
2004,Marine Protected Areas,1.0
2005,Search and Rescue,0.5
2005,Tourism and NG_Activities,0.5
2006,Environmental Domains Analysis,1.0
2007,Nonnative Species and Quarantine,1.0
2008,Area Protection and Management Plans General,0.5
2008,Nonnative Species and Quarantine,0.5
2009,Management Plans,0.5
2009,Nonnative Species and Quarantine,0.5
2010,Marine Protected Areas,1.0
2013,Inspections,1.0
2014,Climate Change,1.0
2015,Historic Sites and Monuments,1.0
2016,Environmental Protection General,0.5
2016,Operation of the Antarctic Treaty system General,0.5
2017,Management Plans,1.0
2018,Environmental Impact Assessment EIA Other EIA Matters,0.5
2018,Environmental Monitoring and Reporting,0.5
2020,Environmental Monitoring and Reporting,0.5
2020,Tourism and NG_Activities,0.5
2021,Environmental Impact Assessment EIA Other EIA Matters,0.3333333333333333
2021,Fauna and Flora_General,0.3333333333333333
2021,Tourism and NG_Activities,0.3333333333333333
2022,Operation of the Antarctic Treaty system Reports,1.0
2023,Management Plans,1.0
2024,Search and Rescue,0.5
2024,Tourism and NG_Activities,0.5
2027,Operation of the Antarctic Treaty system Reports,1.0
2028,Operation of the Antarctic Treaty system Reports,1.0
2029,Science issues,1.0
2030,Environmental Impact Assessment EIA Other EIA Matters,1.0
2031,International Polar Year,1.0
2035,Tourism and NG_Activities,1.0
2036,Cooperation with Other Organisations,0.5
2036,Operation of the Antarctic Treaty system General,0.5
2037,Operation of the Antarctic Treaty system General,1.0
2038,Science issues,1.0
2039,Safety and Operations in Antarctica,0.5
2039,Search and Rescue,0.5
2040,Science issues,1.0
2042,Educational issues,1.0
2045,Science issues,1.0
2046,Comprehensive Environmental Evaluations,1.0
2047,Fauna and Flora_General,1.0
2048,Cooperation with Other Organisations,1.0
2049,Operation of the Antarctic Treaty system Reports,1.0
2051,Safety and Operations in Antarctica,0.5
2051,Search and Rescue,0.5
2052,Climate Change,1.0
2053,Nonnative Species and Quarantine,1.0
2054,Environmental Monitoring and Reporting,0.5
2054,Tourism and NG_Activities,0.5
2055,Safety and Operations in Antarctica,1.0
2056,Operational issues,1.0
2057,Environmental Protection General,1.0
2058,Marine Protected Areas,1.0
2059,Environmental Monitoring and Reporting,0.5
2059,Environmental Protection General,0.5
2060,Science issues,1.0
2061,International Polar Year,1.0
2062,Science issues,1.0
2063,Biological Prospecting,1.0
2064,Safety and Operations in Antarctica,1.0
2066,International Polar Year,1.0
2067,Operation of the Antarctic Treaty system Reports,0.5
2067,Science issues,0.5
2068,Science issues,1.0
2069,Area Protection and Management Plans General,1.0
2070,Fauna and Flora_General,1.0
2072,Marine Protected Areas,1.0
2073,Environmental Impact Assessment EIA Other EIA Matters,0.3333333333333333
2073,Search and Rescue,0.3333333333333333
2073,Tourism and NG_Activities,0.3333333333333333
2074,Management Plans,1.0
2075,Nonnative Species and Quarantine,1.0
2076,Marine Protected Areas,1.0
2077,International Polar Year,1.0
2078,Science issues,1.0
2079,Exchange of Information,1.0
2080,Exchange of Information,1.0
2081,Safety and Operations in Antarctica,1.0
2082,Area Protection and Management Plans General,1.0
2083,Environmental Protection General,1.0
2084,Science issues,1.0
2085,Science issues,1.0
2086,Biological Prospecting,1.0
2087,Management Plans,1.0
2088,Exchange of Information,1.0
2089,Environmental Monitoring and Reporting,1.0
2090,Environmental Monitoring and Reporting,0.5
2090,Prevention of marine pollution,0.5
2091,Biological Prospecting,1.0
2092,Science issues,1.0
2093,Environmental Impact Assessment EIA Other EIA Matters,1.0
2094,Exchange of Information,1.0
2095,International Polar Year,1.0
2096,Science issues,1.0
2097,Operation of the Antarctic Treaty system General,1.0
2099,Science issues,1.0
2103,International Polar Year,1.0
2106,Cooperation with Other Organisations,0.5
2106,Operation of the Antarctic Treaty system Reports,0.5
2107,Safety and Operations in Antarctica,0.5
2107,Search and Rescue,0.5
2108,Environmental Protection General,0.5
2108,Tourism and NG_Activities,0.5
2109,Environmental Protection General,1.0
2110,Operational issues,1.0
2111,Environmental Monitoring and Reporting,0.5
2111,Science issues,0.5
2112,Biological Prospecting,1.0
2113,Science issues,1.0
2117,Tourism and NG_Activities,1.0
2122,Management Plans,1.0
2124,Search and Rescue,0.5
2124,Tourism and NG_Activities,0.5
2125,Environmental Protection General,0.5
2125,Operational issues,0.5
2126,Tourism and NG_Activities,1.0
2131,Search and Rescue,0.5
2131,Tourism and NG_Activities,0.5
2132,Science issues,1.0
2133,International Polar Year,1.0
2134,Biological Prospecting,1.0
2135,Fauna and Flora_General,0.5
2135,Science issues,0.5
2145,Educational issues,1.0
2154,Cooperation with Other Organisations,1.0
2156,Science issues,1.0
2159,Inspections,1.0
2160,Exchange of Information,1.0
2161,Educational issues,1.0
2162,Operational issues,1.0
2163,Environmental Protection General,1.0
2165,Tourism and NG_Activities,1.0
2166,Tourism and NG_Activities,1.0
2168,Operation of the Antarctic Treaty system Reports,1.0
2170,Site Guidelines for Visitors,0.5
2170,Tourism and NG_Activities,0.5
2171,Operation of the Antarctic Treaty system Reports,1.0
2172,Environmental Impact Assessment EIA Other EIA Matters,0.5
2172,Tourism and NG_Activities,0.5
2173,Environmental Monitoring and Reporting,0.3333333333333333
2173,Fauna and Flora_General,0.3333333333333333
2173,Prevention of marine pollution,0.3333333333333333
2174,Operation of the Antarctic Treaty system Reports,1.0
2175,International Polar Year,1.0
2176,Science issues,1.0
2177,Educational issues,0.5
2177,Operation of the Antarctic Treaty system General,0.5
2178,Operational issues,1.0
2180,Educational issues,1.0
2181,Biological Prospecting,1.0
2192,Management Plans,1.0
2193,Management Plans,1.0
2194,Science issues,1.0
2195,Operational issues,1.0
2210,Historic Sites and Monuments,1.0
2211,Historic Sites and Monuments,1.0
2212,Biological Prospecting,1.0
2215,Operation of the Antarctic Treaty system General,1.0
2222,Operation of the Antarctic Treaty system General,1.0
2223,Educational issues,1.0
2229,Tourism and NG_Activities,1.0
2230,Cooperation with Other Organisations,0.5
2230,Environmental Protection General,0.5
2232,Operational issues,1.0
2233,Tourism and NG_Activities,1.0
2243,Search and Rescue,0.5
2243,Tourism and NG_Activities,0.5
2267,Environmental Protection General,0.5
2267,Operation of the Antarctic Treaty system General,0.5
2302,International Polar Year,1.0
2303,Science issues,1.0
2309,Tourism and NG_Activities,1.0
2310,Environmental Impact Assessment EIA Other EIA Matters,0.5
2310,Marine Acoustics,0.5
2313,Prevention of marine pollution,1.0
2318,Tourism and NG_Activities,1.0
2319,Tourism and NG_Activities,0.5
2319,Waste management and disposal,0.5
2320,Tourism and NG_Activities,1.0
2321,Waste management and disposal,1.0
2322,Operational issues,1.0
2323,Environmental Protection General,1.0
2324,Environmental Monitoring and Reporting,1.0
2325,Exchange of Information,1.0
2327,Environmental Monitoring and Reporting,1.0
2329,Educational issues,1.0
2330,Tourism and NG_Activities,1.0
2332,Science issues,1.0
2333,Environmental Impact Assessment EIA Other EIA Matters,1.0
2334,Operation of the Antarctic Treaty system General,1.0
2335,Science issues,1.0
2336,Science issues,1.0
2337,Cooperation with Other Organisations,1.0
2338,Exchange of Information,1.0
2339,Comprehensive Environmental Evaluations,1.0
2340,Operation of the Antarctic Treaty system Reports,0.5
2340,Science issues,0.5
2341,Environmental Impact Assessment EIA Other EIA Matters,0.5
2341,Environmental Monitoring and Reporting,0.5
2342,Exchange of Information,1.0
2343,Tourism and NG_Activities,1.0
2344,Environmental Impact Assessment EIA Other EIA Matters,1.0
2346,Environmental Impact Assessment EIA Other EIA Matters,0.5
2346,Environmental Protection General,0.5
2348,Environmental Impact Assessment EIA Other EIA Matters,1.0
2349,Environmental Monitoring and Reporting,1.0
2352,Exchange of Information,1.0
2354,Operational issues,1.0
2355,Operational issues,1.0
2356,Site Guidelines for Visitors,0.5
2356,Tourism and NG_Activities,0.5
2357,Tourism and NG_Activities,1.0
2358,Environmental Protection General,1.0
2359,Exchange of Information,1.0
2360,Fauna and Flora_General,0.5
2360,Science issues,0.5
2361,Science issues,1.0
2362,Science issues,1.0
2363,Science issues,1.0
2364,Tourism and NG_Activities,1.0
2365,Site Guidelines for Visitors,0.5
2365,Tourism and NG_Activities,0.5
2368,Safety and Operations in Antarctica,0.5
2368,Search and Rescue,0.5
2369,Operational issues,0.5
2369,Science issues,0.5
2370,International Polar Year,1.0
2373,Tourism and NG_Activities,1.0
2374,Management Plans,1.0
2375,Science issues,1.0
2376,Tourism and NG_Activities,1.0
2377,Exchange of Information,1.0
2378,Exchange of Information,1.0
2379,Operation of the Antarctic Treaty system The Secretariat,1.0
2380,Climate Change,1.0
2381,Waste management and disposal,1.0
2382,International Polar Year,0.5
2382,Science issues,0.5
2383,Cooperation with Other Organisations,1.0
2384,Liability,1.0
2385,Tourism and NG_Activities,1.0
2386,Operation of the Antarctic Treaty system Reports,1.0
2387,Exchange of Information,1.0
2388,Operation of the Antarctic Treaty system General,1.0
2389,Science issues,1.0
2390,Safety and Operations in Antarctica,0.5
2390,Search and Rescue,0.5
2391,Educational issues,1.0
2392,International Polar Year,0.5
2392,Science issues,0.5
2393,Exchange of Information,1.0
2394,Operation of the Antarctic Treaty system Reports,1.0
2395,Science issues,1.0
2396,Operation of the Antarctic Treaty system General,1.0
2404,Environmental Protection General,0.5
2404,Operation of the Antarctic Treaty system General,0.5
2405,Operation of the Antarctic Treaty system The Secretariat,1.0
2406,Operation of the Antarctic Treaty system The Secretariat,1.0
2407,Operation of the Antarctic Treaty system Reports,1.0
2408,Exchange of Information,1.0
2412,Operational issues,0.5
2412,Tourism and NG_Activities,0.5
2427,Management Plans,1.0
2428,Fauna and Flora_General,1.0
2429,Operation of the Antarctic Treaty system Reports,1.0
2430,Tourism and NG_Activities,1.0
2431,Tourism and NG_Activities,1.0
2432,Search and Rescue,0.5
2432,Tourism and NG_Activities,0.5
2433,Management Plans,1.0
2434,Liability,1.0
2435,Management Plans,1.0
2436,Management Plans,1.0
2437,Operation of the Antarctic Treaty system General,1.0
2438,Emergency report and contingency planning,0.3333333333333333
2438,Search and Rescue,0.3333333333333333
2438,Tourism and NG_Activities,0.3333333333333333
2439,Fauna and Flora_General,1.0
2440,Environmental Monitoring and Reporting,0.5
2440,Tourism and NG_Activities,0.5
2441,Exchange of Information,1.0
2442,Management Plans,1.0
2443,Management Plans,1.0
2444,Management Plans,1.0
2448,Management Plans,1.0
2449,Fauna and Flora_General,0.5
2449,Historic Sites and Monuments,0.5
2450,Management Plans,1.0
2452,Management Plans,1.0
2453,State of the Antarctic Environment Report SAER,1.0
2459,Management Plans,1.0
2461,Fauna and Flora_General,1.0
2462,Tourism and NG_Activities,1.0
2464,Management Plans,1.0
2465,Site Guidelines for Visitors,0.5
2465,Tourism and NG_Activities,0.5
2467,Management Plans,1.0
2468,Environmental Impact Assessment EIA Other EIA Matters,0.5
2468,Tourism and NG_Activities,0.5
2469,Operation of the Antarctic Treaty system The Secretariat,1.0
2471,Operation of the Antarctic Treaty system The Secretariat,1.0
2473,Operation of the Antarctic Treaty system General,1.0
2474,Management Plans,1.0
2475,Management Plans,1.0
2476,Operation of the Antarctic Treaty system General,1.0
2477,Management Plans,1.0
2479,Historic Sites and Monuments,1.0
2480,Operation of the Antarctic Treaty system General,0.5
2480,Operation of the Antarctic Treaty system The Secretariat,0.5
2481,Tourism and NG_Activities,1.0
2482,Tourism and NG_Activities,1.0
2483,Tourism and NG_Activities,1.0
2485,Cooperation with Other Organisations,0.5
2485,Prevention of marine pollution,0.5
2486,Operation of the Antarctic Treaty system General,1.0
2487,Management Plans,1.0
2489,Operation of the Antarctic Treaty system The Secretariat,1.0
2490,Operation of the Antarctic Treaty system General,1.0
2492,Operation of the Antarctic Treaty system Reports,1.0
2493,Area Protection and Management Plans General,1.0
2494,Drilling,1.0
2495,Environmental Impact Assessment EIA Other EIA Matters,1.0
2496,International Polar Year,0.5
2496,Science issues,0.5
2497,Tourism and NG_Activities,1.0
2498,Environmental Monitoring and Reporting,0.5
2498,Tourism and NG_Activities,0.5
2499,Operational issues,0.5
2499,Science issues,0.5
2500,Emergency report and contingency planning,1.0
2501,Environmental Protection General,1.0
2502,Tourism and NG_Activities,1.0
2503,Environmental Impact Assessment EIA Other EIA Matters,1.0
2504,Science issues,1.0
2505,Exchange of Information,1.0
2506,Science issues,1.0
2507,Exchange of Information,1.0
2508,Exchange of Information,1.0
2509,Environmental Domains Analysis,1.0
2510,Operation of the Antarctic Treaty system Reports,1.0
2511,Environmental Impact Assessment EIA Other EIA Matters,0.3333333333333333
2511,Environmental Monitoring and Reporting,0.3333333333333333
2511,Tourism and NG_Activities,0.3333333333333333
2512,Environmental Domains Analysis,1.0
2513,Cooperation with Other Organisations,1.0
2514,Operation of the Antarctic Treaty system General,1.0
2515,Operation of the Antarctic Treaty system The Secretariat,1.0
2516,Science issues,1.0
2517,Environmental Monitoring and Reporting,1.0
2519,Exchange of Information,1.0
2520,Environmental Protection General,1.0
2521,Science issues,1.0
2522,Environmental Impact Assessment EIA Other EIA Matters,1.0
2523,Environmental Protection General,1.0
2524,Comprehensive Environmental Evaluations,0.5
2524,Drilling,0.5
2525,Environmental Monitoring and Reporting,0.5
2525,Tourism and NG_Activities,0.5
2526,Tourism and NG_Activities,1.0
2527,Historic Sites and Monuments,1.0
2528,Emergency report and contingency planning,0.3333333333333333
2528,Environmental Protection General,0.3333333333333333
2528,Waste management and disposal,0.3333333333333333
2530,Environmental Impact Assessment EIA Other EIA Matters,1.0
2531,Science issues,1.0
2532,Area Protection and Management Plans General,0.5
2532,Environmental Monitoring and Reporting,0.5
2533,Environmental Protection General,1.0
2534,International Polar Year,1.0
2535,Inspections,1.0
2536,Cooperation with Other Organisations,1.0
2537,Science issues,1.0
2538,Operation of the Antarctic Treaty system General,1.0
2539,Operation of the Antarctic Treaty system General,1.0
2540,Environmental Protection General,1.0
2541,Waste management and disposal,1.0
2542,Exchange of Information,1.0
2543,Marine Acoustics,1.0
2544,International Polar Year,1.0
2545,Exchange of Information,1.0
2546,Operation of the Antarctic Treaty system General,1.0
2547,Drilling,0.5
2547,Environmental Protection General,0.5
2548,Environmental Protection General,0.5
2548,Operation of the Antarctic Treaty system General,0.5
2549,Operation of the Antarctic Treaty system General,1.0
2550,Tourism and NG_Activities,1.0
2551,Operation of the Antarctic Treaty system Reports,1.0
2553,Cooperation with Other Organisations,1.0
2554,Environmental Protection General,0.5
2554,Exchange of Information,0.5
2555,Cooperation with Other Organisations,0.5
2555,Tourism and NG_Activities,0.5
2556,International Polar Year,0.5
2556,Science issues,0.5
2558,Cooperation with Other Organisations,1.0
2559,Specially Protected Species,1.0
2560,International Polar Year,1.0
2561,Exchange of Information,1.0
2562,Climate Change,0.5
2562,Science issues,0.5
2563,Environmental Impact Assessment EIA Other EIA Matters,0.5
2563,Environmental Protection General,0.5
2564,Educational issues,1.0
2565,Tourism and NG_Activities,1.0
2566,Exchange of Information,1.0
2569,Nonnative Species and Quarantine,0.5
2569,Tourism and NG_Activities,0.5
2570,Comprehensive Environmental Evaluations,1.0
2571,Exchange of Information,1.0
2572,Environmental Impact Assessment EIA Other EIA Matters,1.0
2573,Tourism and NG_Activities,1.0
2574,Marine Acoustics,1.0
2575,Search and Rescue,0.5
2575,Tourism and NG_Activities,0.5
2576,Comprehensive Environmental Evaluations,1.0
2577,Environmental Protection General,0.5
2577,Tourism and NG_Activities,0.5
2578,Exchange of Information,1.0
2579,Operation of the Antarctic Treaty system Reports,0.5
2579,Science issues,0.5
2580,Exchange of Information,1.0
2581,Waste management and disposal,1.0
2582,Drilling,0.5
2582,Environmental Impact Assessment EIA Other EIA Matters,0.5
2583,Comprehensive Environmental Evaluations,1.0
2584,Fauna and Flora_General,0.5
2584,Specially Protected Species,0.5
2585,Exchange of Information,1.0
2586,Exchange of Information,1.0
2587,Exchange of Information,1.0
2588,Environmental Protection General,1.0
2589,Tourism and NG_Activities,1.0
2590,Operational issues,1.0
2591,Exchange of Information,1.0
2593,Safety and Operations in Antarctica,0.5
2593,Search and Rescue,0.5
2594,International Polar Year,1.0
2595,Fauna and Flora_General,1.0
2596,Operational issues,1.0
2597,Sub glacial Lakes,1.0
2598,Science issues,1.0
2599,Exchange of Information,1.0
2600,Cooperation with Other Organisations,0.5
2600,Fauna and Flora_General,0.5
2601,Exchange of Information,1.0
2602,Environmental Protection General,1.0
2603,Historic Sites and Monuments,1.0
2604,Inspections,0.5
2604,Tourism and NG_Activities,0.5
2605,Operational issues,1.0
2606,Liability,1.0
2680,Environmental Impact Assessment EIA Other EIA Matters,1.0
2686,Environmental Impact Assessment EIA Other EIA Matters,0.25
2686,Operation of the Antarctic Treaty system Reports,0.25
2686,Search and Rescue,0.25
2686,Tourism and NG_Activities,0.25
2747,Search and Rescue,0.5
2747,Tourism and NG_Activities,0.5
2748,Biological Prospecting,0.5
2748,Science issues,0.5
2749,Science issues,1.0
2751,Environmental Domains Analysis,0.5
2751,Fauna and Flora_General,0.5
2755,International Polar Year,0.5
2755,Nonnative Species and Quarantine,0.5
2756,Historic Sites and Monuments,1.0
2761,Nonnative Species and Quarantine,1.0
2762,Cooperation with Other Organisations,1.0
2763,Operation of the Antarctic Treaty system Reports,1.0
2765,Nonnative Species and Quarantine,1.0
2766,Nonnative Species and Quarantine,1.0
2767,Area Protection and Management Plans General,0.5
2767,Management Plans,0.5
2768,Inspections,1.0
2774,Environmental Protection General,0.5
2774,International Polar Year,0.5
2775,Comprehensive Environmental Evaluations,1.0
2776,Environmental Impact Assessment EIA Other EIA Matters,0.5
2776,Fauna and Flora_General,0.5
2777,Biological Prospecting,1.0
2778,Nonnative Species and Quarantine,1.0
2780,Environmental Protection General,0.3333333333333333
2780,Nonnative Species and Quarantine,0.3333333333333333
2780,Tourism and NG_Activities,0.3333333333333333
2781,Area Protection and Management Plans General,0.5
2781,Climate Change,0.5
2782,Site Guidelines for Visitors,0.5
2782,Tourism and NG_Activities,0.5
2783,Management Plans,1.0
2784,Prevention of marine pollution,0.3333333333333333
2784,Search and Rescue,0.3333333333333333
2784,Tourism and NG_Activities,0.3333333333333333
2785,Prevention of marine pollution,0.3333333333333333
2785,Search and Rescue,0.3333333333333333
2785,Tourism and NG_Activities,0.3333333333333333
2786,Environmental Protection General,1.0
2787,Operation of the Antarctic Treaty system Reports,0.5
2787,Science issues,0.5
2791,Search and Rescue,0.5
2791,Tourism and NG_Activities,0.5
2792,Cooperation with Other Organisations,0.5
2792,Operation of the Antarctic Treaty system Reports,0.5
2793,Operation of the Antarctic Treaty system General,0.5
2793,Operational issues,0.5
2794,Inspections,1.0
2795,Search and Rescue,0.5
2795,Tourism and NG_Activities,0.5
2796,Environmental Impact Assessment EIA Other EIA Matters,1.0
2797,Biological Prospecting,1.0
2798,Tourism and NG_Activities,1.0
2801,Inspections,1.0
2803,Management Plans,1.0
2804,Environmental Impact Assessment EIA Other EIA Matters,0.5
2804,Tourism and NG_Activities,0.5
2805,Human Footprint and wilderness values,1.0
2806,Management Plans,1.0
2808,Management Plans,1.0
2809,Management Plans,1.0
2810,Management Plans,1.0
2812,Management Plans,1.0
2813,Management Plans,1.0
2814,Environmental Impact Assessment EIA Other EIA Matters,0.5
2814,Tourism and NG_Activities,0.5
2815,Tourism and NG_Activities,1.0
2816,Management Plans,1.0
2817,Site Guidelines for Visitors,0.5
2817,Tourism and NG_Activities,0.5
2818,Area Protection and Management Plans General,1.0
2819,Exchange of Information,1.0
2820,Environmental Impact Assessment EIA Other EIA Matters,0.5
2820,Environmental Protection General,0.5
2821,Nonnative Species and Quarantine,1.0
2822,Site Guidelines for Visitors,0.5
2822,Tourism and NG_Activities,0.5
2823,Operation of the Antarctic Treaty system Reports,1.0
2824,Management Plans,1.0
2825,Management Plans,1.0
2827,Science issues,1.0
2828,Operation of the Antarctic Treaty system General,1.0
2829,Safety and Operations in Antarctica,0.5
2829,Search and Rescue,0.5
2830,Fauna and Flora_General,1.0
2831,Area Protection and Management Plans General,0.5
2831,Management Plans,0.5
2832,Area Protection and Management Plans General,0.5
2832,Management Plans,0.5
2833,Historic Sites and Monuments,1.0
2834,Tourism and NG_Activities,1.0
2835,Tourism and NG_Activities,1.0
2836,Area Protection and Management Plans General,1.0
2837,Historic Sites and Monuments,1.0
2838,Historic Sites and Monuments,1.0
2839,Operational issues,0.5
2839,Waste management and disposal,0.5
2840,Operation of the Antarctic Treaty system General,1.0
2841,Tourism and NG_Activities,1.0
2842,Tourism and NG_Activities,1.0
2843,Area Protection and Management Plans General,1.0
2845,Site Guidelines for Visitors,0.5
2845,Tourism and NG_Activities,0.5
2846,Fauna and Flora_General,0.5
2846,Tourism and NG_Activities,0.5
2847,Environmental Impact Assessment EIA Other EIA Matters,0.5
2847,Tourism and NG_Activities,0.5
2848,Environmental Monitoring and Reporting,0.5
2848,Tourism and NG_Activities,0.5
2850,Science issues,1.0
2851,Educational issues,1.0
2852,Inspections,1.0
2853,Inspections,1.0
2854,Management Plans,1.0
2856,Environmental Protection General,0.5
2856,Fauna and Flora_General,0.5
2857,Area Protection and Management Plans General,1.0
2858,Climate Change,1.0
2859,Management Plans,1.0
2860,Emergency report and contingency planning,1.0
2861,Tourism and NG_Activities,1.0
2862,Operational issues,0.5
2862,Science issues,0.5
2864,Environmental Protection General,1.0
2866,Science issues,1.0
2867,Safety and Operations in Antarctica,1.0
2868,Management Plans,1.0
2869,Comprehensive Environmental Evaluations,0.3333333333333333
2869,Drilling,0.3333333333333333
2869,Sub glacial Lakes,0.3333333333333333
2870,Climate Change,0.5
2870,Science issues,0.5
2871,Tourism and NG_Activities,1.0
2872,Fauna and Flora_General,1.0
2873,Nonnative Species and Quarantine,0.5
2873,Tourism and NG_Activities,0.5
2874,Nonnative Species and Quarantine,1.0
2875,Nonnative Species and Quarantine,1.0
2876,Marine Protected Areas,1.0
2877,Climate Change,1.0
2878,Fauna and Flora_General,0.5
2878,International Polar Year,0.5
2879,Human Footprint and wilderness values,1.0
2880,Human Footprint and wilderness values,1.0
2882,Environmental Protection General,0.5
2882,International Polar Year,0.5
2883,Operation of the Antarctic Treaty system Reports,1.0
2886,Operation of the Antarctic Treaty system Reports,1.0
2887,Operation of the Antarctic Treaty system Reports,1.0
2888,Environmental Protection General,1.0
2889,Science issues,1.0
2890,Science issues,1.0
2891,Educational issues,1.0
2892,Marine Protected Areas,1.0
2893,Management Plans,1.0
2894,Search and Rescue,0.5
2894,Tourism and NG_Activities,0.5
2895,Search and Rescue,0.5
2895,Tourism and NG_Activities,0.5
2896,Site Guidelines for Visitors,0.5
2896,Tourism and NG_Activities,0.5
2897,Environmental Impact Assessment EIA Other EIA Matters,1.0
2898,International Polar Year,1.0
2899,Science issues,1.0
2900,Environmental Monitoring and Reporting,1.0
2901,Historic Sites and Monuments,1.0
2902,Operational issues,1.0
2904,Environmental Monitoring and Reporting,0.5
2904,Fauna and Flora_General,0.5
2905,Tourism and NG_Activities,1.0
2908,Environmental Protection General,1.0
2909,Exchange of Information,1.0
2910,Climate Change,1.0
2911,Operational issues,1.0
2912,Tourism and NG_Activities,1.0
2913,Safety and Operations in Antarctica,1.0
2916,Exchange of Information,1.0
2917,Tourism and NG_Activities,1.0
2918,Tourism and NG_Activities,1.0
2919,Prevention of marine pollution,0.5
2919,Tourism and NG_Activities,0.5
2920,Inspections,0.5
2920,Tourism and NG_Activities,0.5
2922,Marine Protected Areas,1.0
2924,Tourism and NG_Activities,1.0
2925,Educational issues,0.5
2925,Science issues,0.5
2926,Educational issues,1.0
2927,Climate Change,0.5
2927,Science issues,0.5
2928,Cooperation with Other Organisations,0.5
2928,Operation of the Antarctic Treaty system Reports,0.5
2929,Marine Protected Areas,1.0
2930,Educational issues,1.0
2931,Science issues,1.0
2932,Science issues,1.0
2933,Management Plans,0.5
2933,Tourism and NG_Activities,0.5
2934,Historic Sites and Monuments,0.5
2934,Management Plans,0.5
2935,Safety and Operations in Antarctica,1.0
2936,Management Plans,1.0
2937,Biological Prospecting,1.0
2940,Climate Change,0.5
2940,Science issues,0.5
2941,Climate Change,1.0
2942,Environmental Protection General,1.0
2943,International Polar Year,1.0
2944,Environmental Monitoring and Reporting,1.0
2945,Science issues,1.0
2946,Operation of the Antarctic Treaty system Reports,1.0
2948,Science issues,1.0
2949,Environmental Protection General,1.0
2950,Climate Change,1.0
2952,Operational issues,1.0
2953,Area Protection and Management Plans General,1.0
2954,Climate Change,0.5
2954,Operation of the Antarctic Treaty system Reports,0.5
2955,Marine Protected Areas,0.5
2955,Operation of the Antarctic Treaty system Reports,0.5
2957,Management Plans,1.0
2958,Operational issues,0.5
2958,Science issues,0.5
2959,Science issues,1.0
2960,Waste management and disposal,1.0
2961,Site Guidelines for Visitors,0.5
2961,Tourism and NG_Activities,0.5
2962,Search and Rescue,0.5
2962,Tourism and NG_Activities,0.5
2968,Operation of the Antarctic Treaty system Reports,0.5
2968,Tourism and NG_Activities,0.5
2969,Tourism and NG_Activities,1.0
2971,Operation of the Antarctic Treaty system Reports,1.0
2972,Management Plans,1.0
2976,Safety and Operations in Antarctica,1.0
2982,Fauna and Flora_General,1.0
2983,Fauna and Flora_General,1.0
2984,Science issues,1.0
2985,Science issues,1.0
2986,Climate Change,0.5
2986,Science issues,0.5
2987,Environmental Impact Assessment EIA Other EIA Matters,1.0
2988,Science issues,1.0
2991,Tourism and NG_Activities,1.0
2992,Operation of the Antarctic Treaty system General,1.0
2993,Educational issues,1.0
3002,Historic Sites and Monuments,1.0
3003,Biological Prospecting,1.0
3004,Science issues,1.0
3007,Science issues,1.0
3021,Management Plans,1.0
3024,Search and Rescue,0.5
3024,Tourism and NG_Activities,0.5
3028,Tourism and NG_Activities,1.0
3030,Tourism and NG_Activities,1.0
3041,Search and Rescue,1.0
3110,Environmental Domains Analysis,1.0
3119,Exchange of Information,1.0
3120,Exchange of Information,1.0
3121,Science issues,1.0
3122,Exchange of Information,1.0
3123,Environmental Monitoring and Reporting,1.0
3124,Environmental Impact Assessment EIA Other EIA Matters,1.0
3125,Exchange of Information,1.0
3127,Environmental Protection General,1.0
3128,Exchange of Information,1.0
3129,Tourism and NG_Activities,1.0
3130,Operation of the Antarctic Treaty system Reports,1.0
3131,International Polar Year,0.5
3131,Science issues,0.5
3132,Historic Sites and Monuments,1.0
3133,Exchange of Information,1.0
3134,Sub glacial Lakes,1.0
3135,International Polar Year,0.5
3135,Science issues,0.5
3136,Science issues,1.0
3137,Exchange of Information,1.0
3139,Operational issues,1.0
3140,Drilling,0.5
3140,Sub glacial Lakes,0.5
3141,Exchange of Information,1.0
3142,Exchange of Information,1.0
3144,Safety and Operations in Antarctica,1.0
3145,Science issues,1.0
3146,Operational issues,1.0
3147,Operational issues,1.0
3148,Nonnative Species and Quarantine,1.0
3149,Environmental Protection General,1.0
3152,Environmental Monitoring and Reporting,1.0
3153,Environmental Protection General,1.0
3154,Environmental Protection General,1.0
3155,Waste management and disposal,1.0
3156,Tourism and NG_Activities,1.0
3157,Operation of the Antarctic Treaty system Reports,1.0
3158,Safety and Operations in Antarctica,1.0
3159,Cooperation with Other Organisations,1.0
3160,Operation of the Antarctic Treaty system Reports,1.0
3162,Environmental Impact Assessment EIA Other EIA Matters,0.5
3162,Tourism and NG_Activities,0.5
3163,Environmental Protection General,1.0
3165,Exchange of Information,1.0
3166,Environmental Protection General,1.0
3167,Exchange of Information,1.0
3168,Exchange of Information,1.0
3169,Management Plans,1.0
3170,Area Protection and Management Plans General,1.0
3171,Educational issues,1.0
3172,Operation of the Antarctic Treaty system The Secretariat,1.0
3173,Environmental Monitoring and Reporting,0.5
3173,Tourism and NG_Activities,0.5
3174,Management Plans,1.0
3175,Environmental Monitoring and Reporting,1.0
3177,Cooperation with Other Organisations,0.5
3177,Environmental Protection General,0.5
3178,Historic Sites and Monuments,1.0
3179,Tourism and NG_Activities,1.0
3180,Environmental Protection General,1.0
3186,Science issues,1.0
3187,Exchange of Information,1.0
3188,Environmental Protection General,1.0
3190,Environmental Impact Assessment EIA Other EIA Matters,1.0
3191,Prevention of marine pollution,0.5
3191,Tourism and NG_Activities,0.5
3192,Operation of the Antarctic Treaty system Reports,1.0
3193,Environmental Protection General,0.5
3193,Operation of the Antarctic Treaty system General,0.5
3194,Tourism and NG_Activities,1.0
3196,Emergency report and contingency planning,0.5
3196,Tourism and NG_Activities,0.5
3197,Emergency report and contingency planning,0.5
3197,Tourism and NG_Activities,0.5
3198,Tourism and NG_Activities,1.0
3199,Environmental Impact Assessment EIA Other EIA Matters,0.3333333333333333
3199,Site Guidelines for Visitors,0.3333333333333333
3199,Tourism and NG_Activities,0.3333333333333333
3200,Marine Acoustics,1.0
3201,Science issues,1.0
3206,Operational issues,1.0
3207,Marine Acoustics,1.0
3208,Cooperation with Other Organisations,0.5
3208,Tourism and NG_Activities,0.5
3209,Exchange of Information,1.0
3210,Operation of the Antarctic Treaty system General,1.0
3211,Exchange of Information,1.0
3212,Exchange of Information,1.0
3213,Fauna and Flora_General,1.0
3214,Exchange of Information,1.0
3215,Liability,0.5
3215,Tourism and NG_Activities,0.5
3216,Exchange of Information,1.0
3217,Waste management and disposal,1.0
3218,Exchange of Information,1.0
3219,Exchange of Information,1.0
3220,Operation of the Antarctic Treaty system Reports,1.0
3221,Comprehensive Environmental Evaluations,0.5
3221,Sub glacial Lakes,0.5
3222,Tourism and NG_Activities,1.0
3223,Tourism and NG_Activities,1.0
3224,Exchange of Information,1.0
3225,Cooperation with Other Organisations,1.0
3226,Waste management and disposal,1.0
3227,Environmental Impact Assessment EIA Other EIA Matters,0.5
3227,Environmental Protection General,0.5
3228,Operation of the Antarctic Treaty system Reports,1.0
3229,Opening statements,0.5
3229,Operation of the Antarctic Treaty system General,0.5
3230,Specially Protected Species,1.0
3231,Climate Change,0.5
3231,Science issues,0.5
3232,Climate Change,0.5
3232,Science issues,0.5
3233,Operation of the Antarctic Treaty system Reports,0.5
3233,Science issues,0.5
3234,Exchange of Information,1.0
3235,Comprehensive Environmental Evaluations,1.0
3236,Exchange of Information,1.0
3237,Operational issues,0.5
3237,Science issues,0.5
3238,Science issues,1.0
3239,Operation of the Antarctic Treaty system The Secretariat,1.0
3240,Environmental Protection General,1.0
3241,International Polar Year,0.5
3241,Science issues,0.5
3242,Environmental Impact Assessment EIA Other EIA Matters,0.5
3242,Environmental Monitoring and Reporting,0.5
3243,Environmental Protection General,1.0
3244,Historic Sites and Monuments,1.0
3245,Marine Protected Areas,1.0
3246,Prevention of marine pollution,0.5
3246,Tourism and NG_Activities,0.5
3248,International Polar Year,0.5
3248,Science issues,0.5
3249,Operational issues,0.5
3249,Science issues,0.5
3250,Opening statements,1.0
3251,International Polar Year,1.0
3252,Operation of the Antarctic Treaty system The Secretariat,1.0
3253,Operation of the Antarctic Treaty system The Secretariat,1.0
3254,Inspections,1.0
3255,Comprehensive Environmental Evaluations,0.5
3255,Sub glacial Lakes,0.5
3256,Exchange of Information,1.0
3257,Science issues,1.0
3258,Operation of the Antarctic Treaty system General,1.0
3259,International Polar Year,1.0
3260,Exchange of Information,1.0
3261,Operation of the Antarctic Treaty system Reports,1.0
3262,Operation of the Antarctic Treaty system The Secretariat,1.0
3263,Operational issues,0.5
3263,Science issues,0.5
3264,Environmental Protection General,0.5
3264,Science issues,0.5
3265,Science issues,1.0
3266,Science issues,1.0
3267,Operation of the Antarctic Treaty system General,1.0
3268,Environmental Protection General,0.5
3268,Tourism and NG_Activities,0.5
3269,Operational issues,0.5
3269,Tourism and NG_Activities,0.5
3270,Operation of the Antarctic Treaty system Reports,1.0
3271,Tourism and NG_Activities,1.0
3272,Opening statements,1.0
3273,Science issues,1.0
3274,Operational issues,0.5
3274,Safety and Operations in Antarctica,0.5
3275,Exchange of Information,1.0
3278,Exchange of Information,1.0
3279,Environmental Protection General,1.0
3280,Cooperation with Other Organisations,0.5
3280,Science issues,0.5
3281,Tourism and NG_Activities,1.0
3282,Exchange of Information,1.0
3283,Emergency report and contingency planning,1.0
3284,Tourism and NG_Activities,1.0
3285,Tourism and NG_Activities,1.0
3286,Tourism and NG_Activities,1.0
3287,Operation of the Antarctic Treaty system Reports,0.5
3287,Tourism and NG_Activities,0.5
3288,Emergency report and contingency planning,0.5
3288,Tourism and NG_Activities,0.5
3289,Environmental Protection General,0.5
3289,Tourism and NG_Activities,0.5
3290,Liability,1.0
3291,Tourism and NG_Activities,1.0
3292,Operation of the Antarctic Treaty system Reports,1.0
3293,Operation of the Antarctic Treaty system Reports,1.0
3294,Tourism and NG_Activities,1.0
3295,Science issues,1.0
3296,Science issues,1.0
3297,Educational issues,1.0
3298,Science issues,1.0
3299,Tourism and NG_Activities,1.0
3300,Liability,1.0
3301,Operation of the Antarctic Treaty system Reports,0.5
3301,Science issues,0.5
3302,Operation of the Antarctic Treaty system Reports,1.0
3303,Operation of the Antarctic Treaty system The Secretariat,1.0
3304,Operational issues,1.0
3305,Operational issues,0.3333333333333333
3305,Safety and Operations in Antarctica,0.3333333333333333
3305,Search and Rescue,0.3333333333333333
3306,Operation of the Antarctic Treaty system Reports,1.0
3307,Operation of the Antarctic Treaty system Reports,1.0
3308,Science issues,1.0
3309,Tourism and NG_Activities,1.0
3310,Operation of the Antarctic Treaty system The Secretariat,1.0
3311,Operation of the Antarctic Treaty system Reports,1.0
3312,Operation of the Antarctic Treaty system The Secretariat,1.0
3319,Comprehensive Environmental Evaluations,0.5
3319,Sub glacial Lakes,0.5
3320,Comprehensive Environmental Evaluations,0.3333333333333333
3320,Drilling,0.3333333333333333
3320,Sub glacial Lakes,0.3333333333333333
3321,Operation of the Antarctic Treaty system General,1.0
3322,Safety and Operations in Antarctica,1.0
3323,Operation of the Antarctic Treaty system The Secretariat,1.0
3326,Environmental Impact Assessment EIA Other EIA Matters,1.0
3327,Management Plans,1.0
3328,Management Plans,1.0
3329,Management Plans,1.0
3330,Emergency report and contingency planning,1.0
3331,Management Plans,1.0
3332,Operation of the Antarctic Treaty system The Secretariat,1.0
3333,Operation of the Antarctic Treaty system The Secretariat,1.0
3334,Tourism and NG_Activities,1.0
3335,Operation of the Antarctic Treaty system General,1.0
3336,Management Plans,1.0
3337,Management Plans,1.0
3339,Management Plans,1.0
3340,Historic Sites and Monuments,1.0
3341,Historic Sites and Monuments,1.0
3342,Operation of the Antarctic Treaty system General,1.0
3343,Liability,1.0
3344,Area Protection and Management Plans General,0.5
3344,Management Plans,0.5
3345,Area Protection and Management Plans General,0.5
3345,Management Plans,0.5
3346,Environmental Domains Analysis,1.0
3347,State of the Antarctic Environment Report SAER,1.0
3349,Tourism and NG_Activities,1.0
3351,Operation of the Antarctic Treaty system General,1.0
3352,Exchange of Information,1.0
3353,Operation of the Antarctic Treaty system General,1.0
3354,Tourism and NG_Activities,1.0
3355,Historic Sites and Monuments,1.0
3356,Fauna and Flora_General,1.0
3357,Operation of the Antarctic Treaty system The Secretariat,1.0
3358,Environmental Protection General,0.5
3358,Tourism and NG_Activities,0.5
3359,Management Plans,1.0
3360,Management Plans,1.0
3361,Tourism and NG_Activities,1.0
3362,Management Plans,1.0
3363,Management Plans,1.0
3364,Management Plans,1.0
3365,Liability,1.0
3366,Operation of the Antarctic Treaty system General,1.0
3367,Marine Acoustics,1.0
3368,Comprehensive Environmental Evaluations,0.5
3368,Drilling,0.5
3370,Environmental Protection General,0.5
3370,Tourism and NG_Activities,0.5
3371,Environmental Protection General,0.5
3371,Tourism and NG_Activities,0.5
3372,Management Plans,1.0
3373,Historic Sites and Monuments,1.0
3374,Operation of the Antarctic Treaty system General,0.5
3374,Operation of the Antarctic Treaty system The Secretariat,0.5
3375,Operation of the Antarctic Treaty system The Secretariat,1.0
3376,Liability,1.0
3378,Operation of the Antarctic Treaty system General,1.0
3379,Liability,1.0
3381,Operation of the Antarctic Treaty system General,1.0
3382,Management Plans,1.0
3384,Operation of the Antarctic Treaty system General,1.0
3389,Inspections,1.0
3391,Operation of the Antarctic Treaty system The Secretariat,1.0
3392,Operation of the Antarctic Treaty system General,0.5
3392,Operation of the Antarctic Treaty system The Secretariat,0.5
3394,Safety and Operations in Antarctica,1.0
3396,Operation of the Antarctic Treaty system The Secretariat,1.0
3397,Operation of the Antarctic Treaty system The Secretariat,1.0
3399,Operation of the Antarctic Treaty system The Secretariat,1.0
3400,Operation of the Antarctic Treaty system General,1.0
3403,Area Protection and Management Plans General,1.0
3404,Management Plans,1.0
3408,Comprehensive Environmental Evaluations,0.5
3408,Sub glacial Lakes,0.5
3414,Operation of the Antarctic Treaty system The Secretariat,1.0
3417,Operation of the Antarctic Treaty system General,0.5
3417,Operation of the Antarctic Treaty system The Secretariat,0.5
3418,Tourism and NG_Activities,1.0
3556,Operational issues,1.0
3557,Institutional and legal matters,1.0
3558,Science issues,1.0
3559,Exchange of Information,1.0
3560,Exchange of Information,0.5
3560,Operational issues,0.5
3561,Cooperation with Other Organisations,1.0
3562,Historic Sites and Monuments,1.0
3563,Exchange of Information,1.0
3564,Exchange of Information,0.5
3564,Operational issues,0.5
3565,Cooperation with Other Organisations,0.5
3565,Exchange of Information,0.5
3566,Operation of the CEP,1.0
3567,Fauna and Flora_General,1.0
3568,Operational issues,1.0
3570,Environmental Protection General,1.0
3571,Operational issues,1.0
3572,Exchange of Information,1.0
3573,Environmental Protection General,1.0
3574,Science issues,1.0
3575,Exchange of Information,1.0
3576,Operational issues,1.0
3577,Operational issues,1.0
3578,Operation of the Antarctic Treaty system General,1.0
3579,Operation of the Antarctic Treaty system General,1.0
3580,Environmental Protection General,1.0
3581,Operational issues,1.0
3582,Operation of the Antarctic Treaty system General,1.0
3583,Operation of the Antarctic Treaty system General,1.0
3584,Operation of the Antarctic Treaty system General,1.0
3586,Operation of the Antarctic Treaty system General,1.0
3596,Operation of the Antarctic Treaty system General,1.0
3597,Exchange of Information,1.0
3598,Environmental Protection General,0.5
3598,Fauna and Flora_General,0.5
3599,Environmental Protection General,0.5
3599,Fauna and Flora_General,0.5
3600,Exchange of Information,1.0
3601,Exchange of Information,1.0
3602,Exchange of Information,1.0
3603,Exchange of Information,1.0
3604,Science issues,1.0
3605,Operation of the Antarctic Treaty system General,1.0
3606,Operation of the Antarctic Treaty system General,1.0
3607,Exchange of Information,1.0
3608,Operation of the Antarctic Treaty system General,1.0
3609,Exchange of Information,1.0
3610,Operational issues,1.0
3611,Operation of the Antarctic Treaty system General,1.0
3612,Operation of the Antarctic Treaty system General,1.0
3613,Environmental Protection General,0.5
3613,Fauna and Flora_General,0.5
3614,Operational issues,1.0
3615,Environmental Protection General,0.5
3615,Exchange of Information,0.5
3616,Operational issues,1.0
3617,Environmental Protection General,1.0
3618,Environmental Protection General,0.5
3618,Fauna and Flora_General,0.5
3619,Exchange of Information,1.0
3620,Exchange of Information,1.0
3621,Exchange of Information,1.0
3623,Exchange of Information,1.0
3624,Environmental Protection General,0.3333333333333333
3624,Fauna and Flora_General,0.3333333333333333
3624,Operation of the Antarctic Treaty system General,0.3333333333333333
3625,Operation of the Antarctic Treaty system General,1.0
3626,Operation of the Antarctic Treaty system General,1.0
3628,Operation of the Antarctic Treaty system General,1.0
3631,Environmental Protection General,0.5
3631,Fauna and Flora_General,0.5
3632,Environmental Protection General,0.5
3632,Fauna and Flora_General,0.5
3633,Environmental Protection General,0.5
3633,Fauna and Flora_General,0.5
3634,Environmental Protection General,0.5
3634,Fauna and Flora_General,0.5
3635,Environmental Protection General,0.5
3635,Fauna and Flora_General,0.5
3636,Environmental Protection General,0.5
3636,Fauna and Flora_General,0.5
3637,Environmental Protection General,0.5
3637,Fauna and Flora_General,0.5
3638,Environmental Protection General,0.5
3638,Prevention of marine pollution,0.5
3639,Environmental Protection General,0.5
3639,Prevention of marine pollution,0.5
3640,Operational issues,1.0
3641,Operational issues,1.0
3642,Operational issues,1.0
3643,Operational issues,1.0
3644,Operational issues,1.0
3645,Operational issues,1.0
3646,Operational issues,1.0
3647,Operational issues,1.0
3648,Operational issues,1.0
3649,Operational issues,1.0
3651,Operation of the Antarctic Treaty system General,1.0
3652,Operation of the Antarctic Treaty system General,1.0
3653,Operational issues,1.0
3654,Operational issues,1.0
3655,Operation of the Antarctic Treaty system General,0.5
3655,Operational issues,0.5
3656,Operation of the Antarctic Treaty system General,0.5
3656,Operational issues,0.5
3657,Operation of the Antarctic Treaty system General,1.0
3658,Inspections,1.0
3659,Environmental Protection General,0.5
3659,Fauna and Flora_General,0.5
3660,Exchange of Information,0.5
3660,Operational issues,0.5
3661,Exchange of Information,0.5
3661,Operational issues,0.5
3662,Operational issues,1.0
3663,Operational issues,1.0
3664,Operation of the Antarctic Treaty system General,1.0
3665,Operation of the Antarctic Treaty system General,1.0
3666,Operational issues,1.0
3668,Operational issues,1.0
3669,Operation of the Antarctic Treaty system General,1.0
3670,Operation of the Antarctic Treaty system General,1.0
3671,Operation of the Antarctic Treaty system General,1.0
3672,Operation of the Antarctic Treaty system General,1.0
3673,Fauna and Flora_General,0.5
3673,Operation of the Antarctic Treaty system General,0.5
3674,Environmental Protection General,0.5
3674,Fauna and Flora_General,0.5
3675,Operation of the Antarctic Treaty system General,1.0
3676,Operation of the Antarctic Treaty system General,1.0
3677,Operation of the Antarctic Treaty system General,1.0
3678,Environmental Protection General,0.5
3678,Fauna and Flora_General,0.5
3679,Historic Sites and Monuments,1.0
3680,Environmental Protection General,0.5
3680,Fauna and Flora_General,0.5
3681,Environmental Protection General,0.5
3681,Fauna and Flora_General,0.5
3682,Operation of the Antarctic Treaty system General,1.0
3683,Operational issues,1.0
3684,Operation of the Antarctic Treaty system General,1.0
3685,Environmental Protection General,0.5
3685,Fauna and Flora_General,0.5
3686,Environmental Protection General,0.5
3686,Fauna and Flora_General,0.5
3687,Operation of the Antarctic Treaty system General,1.0
3694,Environmental Impact Assessment EIA Other EIA Matters,1.0
3695,Operation of the Antarctic Treaty system General,1.0
3698,Human Footprint and wilderness values,1.0
3699,Human Footprint and wilderness values,1.0
3706,Operation of the Antarctic Treaty system General,1.0
3707,Operation of the Antarctic Treaty system General,1.0
3708,Environmental Protection General,0.5
3708,Fauna and Flora_General,0.5
3717,Opening statements,1.0
3718,Opening statements,1.0
3719,Opening statements,1.0
3720,Opening statements,1.0
3721,Opening statements,1.0
3722,Opening statements,1.0
3724,Opening statements,1.0
3725,Opening statements,1.0
3726,Opening statements,1.0
3727,Opening statements,1.0
3728,Opening statements,1.0
3736,Operation of the Antarctic Treaty system General,1.0
3738,Operation of the Antarctic Treaty system General,1.0
3739,Environmental Protection General,0.5
3739,Fauna and Flora_General,0.5
3741,Operational issues,1.0
3742,Operational issues,1.0
3743,Opening statements,1.0
3745,Opening statements,1.0
3746,Opening statements,1.0
3747,Opening statements,1.0
3749,Opening statements,1.0
3751,Opening statements,1.0
3752,Opening statements,1.0
3753,Operational issues,1.0
3754,Operational issues,1.0
3755,Opening statements,1.0
3756,Operation of the Antarctic Treaty system General,1.0
3757,Opening statements,1.0
3758,Opening statements,1.0
3759,Operation of the Antarctic Treaty system General,1.0
3760,Exchange of Information,1.0
3761,Operational issues,1.0
3762,Opening statements,1.0
3763,Exchange of Information,1.0
3766,Environmental Protection General,0.5
3766,Fauna and Flora_General,0.5
3767,Operation of the Antarctic Treaty system General,1.0
3768,Operation of the Antarctic Treaty system General,1.0
3769,Institutional and legal matters,0.5
3769,Operation of the Antarctic Treaty system General,0.5
3770,Institutional and legal matters,0.5
3770,Operation of the Antarctic Treaty system General,0.5
3771,Environmental Protection General,0.5
3771,Fauna and Flora_General,0.5
3772,Operational issues,1.0
3773,Operational issues,1.0
3774,Environmental Protection General,0.5
3774,Fauna and Flora_General,0.5
3775,Operational issues,1.0
3776,Operational issues,1.0
3777,Environmental Protection General,0.5
3777,Fauna and Flora_General,0.5
3778,Environmental Protection General,0.5
3778,Fauna and Flora_General,0.5
3779,Environmental Protection General,0.5
3779,Fauna and Flora_General,0.5
3780,Tourism and NG_Activities,1.0
3781,Environmental Protection General,0.5
3781,Fauna and Flora_General,0.5
3782,Management Plans,1.0
3783,Management Plans,1.0
3784,Management Plans,1.0
3785,Management Plans,1.0
3786,Fauna and Flora_General,1.0
3787,Fauna and Flora_General,1.0
3788,Management Plans,1.0
3789,Management Plans,1.0
3790,Management Plans,1.0
3791,Management Plans,1.0
3792,Tourism and NG_Activities,1.0
3793,Tourism and NG_Activities,1.0
3794,Environmental Protection General,0.5
3794,Fauna and Flora_General,0.5
3795,Environmental Protection General,0.5
3795,Fauna and Flora_General,0.5
3796,Environmental Protection General,0.5
3796,Fauna and Flora_General,0.5
3797,Environmental Protection General,0.5
3797,Fauna and Flora_General,0.5
3798,Environmental Protection General,0.5
3798,Fauna and Flora_General,0.5
3799,Operation of the Antarctic Treaty system General,1.0
3800,Operational issues,1.0
3801,Operational issues,1.0
3807,Operational issues,1.0
3808,Operation of the Antarctic Treaty system General,1.0
3809,Operation of the Antarctic Treaty system General,1.0
3810,Operation of the Antarctic Treaty system General,1.0
3811,Environmental Protection General,0.5
3811,Fauna and Flora_General,0.5
3812,Environmental Protection General,0.5
3812,Fauna and Flora_General,0.5
3813,Operation of the Antarctic Treaty system General,1.0
3814,Exchange of Information,0.5
3814,Operational issues,0.5
3815,Operational issues,1.0
3816,Environmental Protection General,0.5
3816,Fauna and Flora_General,0.5
3817,Operational issues,1.0
3818,Operation of the Antarctic Treaty system General,0.5
3818,Science issues,0.5
3819,Environmental Protection General,0.5
3819,Fauna and Flora_General,0.5
3820,Operational issues,1.0
3821,Operational issues,1.0
3822,Operational issues,1.0
3823,Tourism and NG_Activities,1.0
3824,Operational issues,1.0
3825,Operational issues,1.0
3826,Tourism and NG_Activities,1.0
3827,Environmental Protection General,0.5
3827,Fauna and Flora_General,0.5
3828,Operational issues,1.0
3829,Environmental Protection General,0.5
3829,Fauna and Flora_General,0.5
3830,Tourism and NG_Activities,1.0
3831,Operational issues,1.0
3832,Operational issues,1.0
3833,Operational issues,1.0
3834,Historic Sites and Monuments,1.0
3835,Historic Sites and Monuments,1.0
3836,Environmental Protection General,0.5
3836,Fauna and Flora_General,0.5
3837,Tourism and NG_Activities,1.0
3838,Operation of the Antarctic Treaty system General,1.0
3839,Operation of the Antarctic Treaty system General,1.0
3840,Tourism and NG_Activities,1.0
3841,Operational issues,0.5
3841,Science issues,0.5
3842,Historic Sites and Monuments,1.0
3843,Environmental Protection General,0.5
3843,Fauna and Flora_General,0.5
3844,Environmental Protection General,0.5
3844,Fauna and Flora_General,0.5
3845,Environmental Protection General,0.3333333333333333
3845,Fauna and Flora_General,0.3333333333333333
3845,Marine living resources,0.3333333333333333
3846,Environmental Protection General,0.3333333333333333
3846,Fauna and Flora_General,0.3333333333333333
3846,Marine living resources,0.3333333333333333
3847,Environmental Protection General,0.3333333333333333
3847,Fauna and Flora_General,0.3333333333333333
3847,Marine living resources,0.3333333333333333
3848,Operational issues,1.0
3849,Operational issues,1.0
3850,Environmental Protection General,0.5
3850,Fauna and Flora_General,0.5
3851,Management Plans,1.0
3852,Historic Sites and Monuments,1.0
3853,Environmental Protection General,0.5
3853,Fauna and Flora_General,0.5
3855,Operational issues,1.0
3856,Operational issues,1.0
3864,Operation of the Antarctic Treaty system Reports,1.0
3866,Exchange of Information,1.0
3867,Area Protection and Management Plans General,1.0
3868,Area Protection and Management Plans General,1.0
3869,Historic Sites and Monuments,1.0
3870,Human Footprint and wilderness values,1.0
3871,Exchange of Information,1.0
3872,Exchange of Information,1.0
3873,Exchange of Information,1.0
3874,Science issues,1.0
3875,Operational issues,0.5
3875,Science issues,0.5
3876,Operational issues,0.5
3876,Science issues,0.5
3878,Operational issues,0.5
3878,Science issues,0.5
3879,Historic Sites and Monuments,1.0
3880,Operational issues,1.0
3881,Operational issues,1.0
3882,Operational issues,1.0
3883,Science issues,1.0
3884,Science issues,1.0
3885,Science issues,1.0
3886,Science issues,1.0
3887,Operational issues,0.5
3887,Science issues,0.5
3888,Fauna and Flora_General,1.0
3889,Fauna and Flora_General,1.0
3890,Exchange of Information,0.5
3890,Fauna and Flora_General,0.5
3891,Area Protection and Management Plans General,1.0
3892,Area Protection and Management Plans General,1.0
3893,Tourism and NG_Activities,1.0
3894,Environmental Protection General,0.5
3894,Fauna and Flora_General,0.5
3895,Human Footprint and wilderness values,1.0
3896,Human Footprint and wilderness values,1.0
3897,Tourism and NG_Activities,1.0
3898,Operational issues,1.0
3899,Operational issues,0.5
3899,Science issues,0.5
3900,Operational issues,0.5
3900,Science issues,0.5
3901,Environmental Protection General,0.5
3901,Science issues,0.5
3902,Environmental Protection General,0.5
3902,Science issues,0.5
3903,Environmental Protection General,0.5
3903,Fauna and Flora_General,0.5
3904,Tourism and NG_Activities,1.0
3905,Tourism and NG_Activities,1.0
3906,Exchange of Information,0.5
3906,Fauna and Flora_General,0.5
3907,Operation of the Antarctic Treaty system General,1.0
3908,Area Protection and Management Plans General,1.0
3909,Institutional and legal matters,0.3333333333333333
3909,Operational issues,0.3333333333333333
3909,Science issues,0.3333333333333333
3910,Operation of the Antarctic Treaty system Reports,1.0
3911,Operational issues,1.0
3912,Operation of the Antarctic Treaty system General,1.0
3913,Operation of the Antarctic Treaty system General,0.5
3913,Operation of the Antarctic Treaty system The Secretariat,0.5
3914,Operational issues,1.0
3915,Operation of the Antarctic Treaty system General,1.0
3916,Operation of the Antarctic Treaty system General,1.0
3917,Opening statements,1.0
3919,Opening statements,1.0
3920,Opening statements,1.0
3921,Operational issues,1.0
3922,Opening statements,1.0
3923,Operation of the Antarctic Treaty system Reports,1.0
3924,Operation of the Antarctic Treaty system Reports,1.0
3925,Operation of the Antarctic Treaty system Reports,1.0
3926,Operation of the Antarctic Treaty system General,1.0
3927,Opening statements,1.0
3928,Opening statements,1.0
3939,Tourism and NG_Activities,1.0
3941,Operation of the Antarctic Treaty system Reports,1.0
3945,Inspections,1.0
3947,Inspections,1.0
3949,Science issues,1.0
3954,Management Plans,1.0
3955,Management Plans,1.0
3956,Historic Sites and Monuments,1.0
3957,Safety and Operations in Antarctica,1.0
3958,Operational issues,0.5
3958,Science issues,0.5
3959,Climate Change,0.3333333333333333
3959,Cooperation with Other Organisations,0.3333333333333333
3959,Environmental Protection General,0.3333333333333333
3960,Area Protection and Management Plans General,0.5
3960,Management Plans,0.5
3961,Comprehensive Environmental Evaluations,1.0
3962,Operation of the CEP,1.0
3963,Environmental Monitoring and Reporting,0.5
3963,Tourism and NG_Activities,0.5
3964,Area Protection and Management Plans General,0.5
3964,Management Plans,0.5
3966,Management Plans,1.0
3967,Tourism and NG_Activities,1.0
3968,Cooperation with Other Organisations,0.5
3968,Operation of the Antarctic Treaty system Reports,0.5
3969,Nonnative Species and Quarantine,1.0
3970,Management Plans,1.0
3971,Comprehensive Environmental Evaluations,1.0
3972,Climate Change,0.5
3972,Science issues,0.5
3973,Tourism and NG_Activities,1.0
3975,Comprehensive Environmental Evaluations,1.0
3976,Comprehensive Environmental Evaluations,0.5
3976,Sub glacial Lakes,0.5
3977,Site Guidelines for Visitors,0.5
3977,Tourism and NG_Activities,0.5
3978,Environmental Monitoring and Reporting,0.3333333333333333
3978,Management Plans,0.3333333333333333
3978,Marine Protected Areas,0.3333333333333333
3979,Tourism and NG_Activities,1.0
3980,Tourism and NG_Activities,1.0
3981,Tourism and NG_Activities,1.0
3982,Tourism and NG_Activities,1.0
3983,Tourism and NG_Activities,1.0
3984,Operation of the Antarctic Treaty system General,1.0
3985,Management Plans,1.0
3994,Operational issues,0.5
3994,Safety and Operations in Antarctica,0.5
3995,Operation of the Antarctic Treaty system General,1.0
3996,Operation of the CEP,1.0
3997,Tourism and NG_Activities,1.0
3998,Historic Sites and Monuments,1.0
4000,Biological Prospecting,1.0
4001,Science issues,1.0
4002,Environmental Protection General,1.0
4003,Management Plans,1.0
4004,Site Guidelines for Visitors,0.5
4004,Tourism and NG_Activities,0.5
4006,Management Plans,1.0
4007,Area Protection and Management Plans General,1.0
4008,Management Plans,1.0
4009,Fauna and Flora_General,0.5
4009,Nonnative Species and Quarantine,0.5
4010,Search and Rescue,0.5
4010,Tourism and NG_Activities,0.5
4011,Human Footprint and wilderness values,1.0
4012,Operation of the Antarctic Treaty system General,0.5
4012,Operation of the CEP,0.5
4013,Search and Rescue,0.5
4013,Tourism and NG_Activities,0.5
4014,Fauna and Flora_General,0.5
4014,Marine Acoustics,0.5
4015,Management Plans,1.0
4016,Environmental Protection General,0.5
4016,Operation of the Antarctic Treaty system General,0.5
4017,Area Protection and Management Plans General,1.0
4018,Comprehensive Environmental Evaluations,1.0
4019,Comprehensive Environmental Evaluations,1.0
4020,Area Protection and Management Plans General,0.5
4020,Climate Change,0.5
4021,Climate Change,1.0
4022,Environmental Protection General,0.5
4022,Tourism and NG_Activities,0.5
4023,Tourism and NG_Activities,1.0
4025,Tourism and NG_Activities,1.0
4026,Management Plans,1.0
4027,Operation of the Antarctic Treaty system General,0.5
4027,Operation of the Antarctic Treaty system Reports,0.5
4028,Tourism and NG_Activities,1.0
4032,Site Guidelines for Visitors,0.5
4032,Tourism and NG_Activities,0.5
4034,Tourism and NG_Activities,1.0
4035,Area Protection and Management Plans General,1.0
4036,Environmental Impact Assessment EIA Other EIA Matters,0.5
4036,Tourism and NG_Activities,0.5
4037,Fauna and Flora_General,0.5
4037,Nonnative Species and Quarantine,0.5
4038,Environmental Monitoring and Reporting,0.5
4038,Fauna and Flora_General,0.5
4039,Search and Rescue,0.5
4039,Tourism and NG_Activities,0.5
4040,Fauna and Flora_General,0.5
4040,Marine Acoustics,0.5
4044,Cooperation with Other Organisations,1.0
4045,Nonnative Species and Quarantine,1.0
4046,Management Plans,1.0
4047,Fauna and Flora_General,1.0
4048,Environmental Protection General,0.5
4048,Liability,0.5
4049,Environmental Monitoring and Reporting,1.0
4050,Science issues,1.0
4051,Science issues,1.0
4052,Operation of the Antarctic Treaty system General,1.0
4053,Inspections,1.0
4054,Inspections,1.0
4055,Inspections,1.0
4057,Nonnative Species and Quarantine,1.0
4058,Climate Change,0.5
4058,Science issues,0.5
4059,International Polar Year,0.5
4059,Science issues,0.5
4060,Human Footprint and wilderness values,1.0
4061,Safety and Operations in Antarctica,1.0
4062,Educational issues,1.0
4063,Educational issues,1.0
4064,Educational issues,1.0
4065,Waste management and disposal,1.0
4066,Environmental Protection General,1.0
4067,Nonnative Species and Quarantine,1.0
4068,Environmental Monitoring and Reporting,1.0
4069,Climate Change,1.0
4070,Fauna and Flora_General,1.0
4071,Cooperation with Other Organisations,0.5
4071,Science issues,0.5
4072,International Polar Year,0.5
4072,Science issues,0.5
4073,Climate Change,0.5
4073,Marine Protected Areas,0.5
4074,Cooperation with Other Organisations,0.5
4074,Operation of the Antarctic Treaty system Reports,0.5
4075,Climate Change,0.5
4075,Environmental Monitoring and Reporting,0.5
4076,International Polar Year,0.5
4076,Science issues,0.5
4077,Safety and Operations in Antarctica,0.5
4077,Search and Rescue,0.5
4078,Safety and Operations in Antarctica,1.0
4079,Climate Change,0.5
4079,Science issues,0.5
4080,Biological Prospecting,1.0
4081,Operational issues,1.0
4082,Comprehensive Environmental Evaluations,1.0
4083,Climate Change,1.0
4084,Operation of the Antarctic Treaty system Reports,1.0
4085,Cooperation with Other Organisations,0.5
4085,Operation of the Antarctic Treaty system Reports,0.5
4086,Fauna and Flora_General,0.5
4086,Nonnative Species and Quarantine,0.5
4087,Area Protection and Management Plans General,1.0
4088,Science issues,1.0
4089,Exchange of Information,1.0
4090,Environmental Impact Assessment EIA Other EIA Matters,0.5
4090,Sub glacial Lakes,0.5
4091,Area Protection and Management Plans General,0.5
4091,Management Plans,0.5
4092,Climate Change,0.5
4092,Operational issues,0.5
4093,Search and Rescue,0.5
4093,Tourism and NG_Activities,0.5
4095,Comprehensive Environmental Evaluations,1.0
4096,Science issues,1.0
4097,Operational issues,1.0
4098,Area Protection and Management Plans General,0.5
4098,Management Plans,0.5
4099,Environmental Impact Assessment EIA Other EIA Matters,0.5
4099,Sub glacial Lakes,0.5
4100,Operation of the Antarctic Treaty system General,1.0
4101,Safety and Operations in Antarctica,1.0
4102,Area Protection and Management Plans General,0.5
4102,Environmental Monitoring and Reporting,0.5
4103,Management Plans,1.0
4104,Cooperation with Other Organisations,0.5
4104,Operation of the Antarctic Treaty system Reports,0.5
4105,Operation of the Antarctic Treaty system Reports,0.5
4105,Science issues,0.5
4106,Operational issues,1.0
4107,Climate Change,1.0
4108,Environmental Impact Assessment EIA Other EIA Matters,0.5
4108,Tourism and NG_Activities,0.5
4109,Safety and Operations in Antarctica,1.0
4110,Human Footprint and wilderness values,1.0
4111,Environmental Impact Assessment EIA Other EIA Matters,0.3333333333333333
4111,Prevention of marine pollution,0.3333333333333333
4111,Tourism and NG_Activities,0.3333333333333333
4112,Climate Change,0.5
4112,Marine living resources,0.5
4114,Marine Protected Areas,1.0
4115,Environmental Protection General,0.5
4115,Safety and Operations in Antarctica,0.5
4116,Climate Change,0.5
4116,Marine Protected Areas,0.5
4117,Exchange of Information,1.0
4118,Environmental Protection General,0.5
4118,Fauna and Flora_General,0.5
4119,Environmental Protection General,1.0
4121,Science issues,1.0
4122,Science issues,1.0
4123,Climate Change,0.5
4123,Science issues,0.5
4124,Biological Prospecting,0.5
4124,Environmental Monitoring and Reporting,0.5
4126,International Polar Year,0.5
4126,Science issues,0.5
4127,Area Protection and Management Plans General,0.5
4127,Fauna and Flora_General,0.5
4128,Climate Change,1.0
4129,Site Guidelines for Visitors,0.5
4129,Tourism and NG_Activities,0.5
4130,Site Guidelines for Visitors,0.5
4130,Tourism and NG_Activities,0.5
4132,Tourism and NG_Activities,1.0
4135,Operation of the Antarctic Treaty system Reports,0.5
4135,Tourism and NG_Activities,0.5
4136,Area Protection and Management Plans General,1.0
4138,Tourism and NG_Activities,1.0
4139,Climate Change,1.0
4140,Science issues,1.0
4141,Environmental Protection General,0.5
4141,Operation of the CEP,0.5
4142,Operation of the Antarctic Treaty system Reports,1.0
4144,Area Protection and Management Plans General,0.5
4144,Fauna and Flora_General,0.5
4146,Operation of the Antarctic Treaty system General,1.0
4147,Historic Sites and Monuments,1.0
4148,Historic Sites and Monuments,1.0
4149,Science issues,1.0
4150,Science issues,1.0
4152,Operational issues,0.5
4152,Safety and Operations in Antarctica,0.5
4154,Tourism and NG_Activities,1.0
4155,Operation of the Antarctic Treaty system General,1.0
4156,Tourism and NG_Activities,1.0
4157,Environmental Impact Assessment EIA Other EIA Matters,0.5
4157,Tourism and NG_Activities,0.5
4158,Educational issues,1.0
4159,Science issues,1.0
4160,Site Guidelines for Visitors,0.5
4160,Tourism and NG_Activities,0.5
4161,Tourism and NG_Activities,1.0
4164,Environmental Impact Assessment EIA Other EIA Matters,1.0
4165,Educational issues,1.0
4168,Operation of the Antarctic Treaty system Reports,1.0
4169,Historic Sites and Monuments,1.0
4170,Tourism and NG_Activities,1.0
4175,Area Protection and Management Plans General,0.5
4175,Management Plans,0.5
4179,Science issues,1.0
4180,Human Footprint and wilderness values,1.0
4181,Site Guidelines for Visitors,0.5
4181,Tourism and NG_Activities,0.5
4182,Safety and Operations in Antarctica,1.0
4183,Safety and Operations in Antarctica,1.0
4186,Area Protection and Management Plans General,1.0
4187,CEP Strategy Discussions,0.5
4187,Operation of the CEP,0.5
4192,Operation of the Antarctic Treaty system General,1.0
4199,Area Protection and Management Plans General,1.0
4217,Science issues,1.0
4325,Operation of the Antarctic Treaty system General,1.0
4331,Management Plans,1.0
4332,Management Plans,1.0
4333,Safety and Operations in Antarctica,1.0
4334,Nonnative Species and Quarantine,1.0
4337,Cooperation with Other Organisations,0.5
4337,Operation of the Antarctic Treaty system Reports,0.5
4338,Nonnative Species and Quarantine,1.0
4339,Environmental Monitoring and Reporting,0.5
4339,Science issues,0.5
4341,Environmental Monitoring and Reporting,1.0
4344,Cooperation with Other Organisations,0.5
4344,Operation of the Antarctic Treaty system Reports,0.5
4345,Climate Change,1.0
4346,Management Plans,1.0
4347,Management Plans,1.0
4348,Management Plans,1.0
4350,Management Plans,1.0
4351,Management Plans,1.0
4352,Safety and Operations in Antarctica,1.0
4353,Operation of the Antarctic Treaty system Reports,1.0
4354,Management Plans,1.0
4355,Management Plans,0.5
4355,Site Guidelines for Visitors,0.5
4356,Management Plans,0.5
4356,Site Guidelines for Visitors,0.5
4358,Environmental Monitoring and Reporting,1.0
4359,Management Plans,1.0
4360,Environmental Monitoring and Reporting,1.0
4361,Emergency report and contingency planning,0.5
4361,Environmental Protection General,0.5
4362,CEP Strategy Discussions,0.3333333333333333
4362,Emergency report and contingency planning,0.3333333333333333
4362,Environmental Protection General,0.3333333333333333
4363,Environmental Impact Assessment EIA Other EIA Matters,1.0
4364,Operational issues,1.0
4367,Operation of the Antarctic Treaty system The Secretariat,1.0
4369,Environmental Protection General,1.0
4380,Operation of the Antarctic Treaty system Reports,1.0
4381,Operation of the Antarctic Treaty system General,1.0
4383,Exchange of Information,1.0
4384,Operation of the Antarctic Treaty system General,1.0
4385,Operation of the Antarctic Treaty system General,1.0
4386,Operation of the Antarctic Treaty system General,1.0
4387,Operation of the Antarctic Treaty system General,1.0
4388,Climate Change,1.0
4389,Climate Change,0.5
4389,Fauna and Flora_General,0.5
4390,Environmental Impact Assessment EIA Other EIA Matters,0.5
4390,Environmental Protection General,0.5
4391,Management Plans,1.0
4393,Historic Sites and Monuments,1.0
4394,Tourism and NG_Activities,1.0
4395,Management Plans,1.0
4396,Climate Change,1.0
4397,Management Plans,1.0
4398,Management Plans,1.0
4399,Management Plans,1.0
4403,Tourism and NG_Activities,1.0
4404,Management Plans,1.0
4405,Management Plans,1.0
4406,Historic Sites and Monuments,1.0
4407,Operation of the Antarctic Treaty system General,1.0
4408,Safety and Operations in Antarctica,1.0
4409,Operation of the Antarctic Treaty system General,1.0
4410,Tourism and NG_Activities,1.0
4411,Safety and Operations in Antarctica,1.0
4412,Human Footprint and wilderness values,0.5
4412,Management Plans,0.5
4414,Safety and Operations in Antarctica,1.0
4415,Management Plans,1.0
4416,Environmental Impact Assessment EIA Other EIA Matters,0.5
4416,Environmental Protection General,0.5
4417,Management Plans,1.0
4419,Cooperation with Other Organisations,0.5
4419,Science issues,0.5
4421,Environmental Monitoring and Reporting,1.0
4423,CEP Strategy Discussions,1.0
4424,Fauna and Flora_General,1.0
4425,Management Plans,1.0
4426,Management Plans,1.0
4427,Management Plans,1.0
4429,Fauna and Flora_General,0.5
4429,Science issues,0.5
4431,Management Plans,1.0
4432,Emergency report and contingency planning,0.5
4432,Environmental Protection General,0.5
4433,Operation of the Antarctic Treaty system General,1.0
4438,Biological Prospecting,1.0
4440,Tourism and NG_Activities,1.0
4446,Nonnative Species and Quarantine,1.0
4447,Environmental Impact Assessment EIA Other EIA Matters,1.0
4448,Management Plans,1.0
4452,Emergency report and contingency planning,0.5
4452,Environmental Protection General,0.5
4458,Environmental Protection General,0.5
4458,Management Plans,0.5
4459,Operation of the Antarctic Treaty system Reports,1.0
4460,Cooperation with Other Organisations,1.0
4461,Fauna and Flora_General,1.0
4462,Environmental Impact Assessment EIA Other EIA Matters,1.0
4464,Historic Sites and Monuments,1.0
4465,Safety and Operations in Antarctica,1.0
4466,Operation of the Antarctic Treaty system Reports,1.0
4468,CEP Strategy Discussions,0.3333333333333333
4468,Climate Change,0.3333333333333333
4468,Operation of the Antarctic Treaty system General,0.3333333333333333
4469,Safety and Operations in Antarctica,1.0
4472,Environmental Impact Assessment EIA Other EIA Matters,1.0
4473,Management Plans,0.5
4473,Marine Protected Areas,0.5
4476,Fauna and Flora_General,0.5
4476,Science issues,0.5
4480,Environmental Impact Assessment EIA Other EIA Matters,1.0
4482,Tourism and NG_Activities,1.0
4485,Environmental Impact Assessment EIA Other EIA Matters,1.0
4486,CEP Strategy Discussions,0.3333333333333333
4486,Climate Change,0.3333333333333333
4486,Educational issues,0.3333333333333333
4487,CEP Strategy Discussions,0.5
4487,Climate Change,0.5
4488,Environmental Monitoring and Reporting,1.0
4489,Inspections,1.0
4498,Science issues,1.0
4499,Management Plans,1.0
4500,Management Plans,0.5
4500,Marine Protected Areas,0.5
4501,Management Plans,0.5
4501,Marine Protected Areas,0.5
4502,Human Footprint and wilderness values,1.0
4503,Environmental Monitoring and Reporting,0.5
4503,Safety and Operations in Antarctica,0.5
4504,Management Plans,0.5
4504,Marine Protected Areas,0.5
4505,Tourism and NG_Activities,1.0
4506,Safety and Operations in Antarctica,1.0
4507,Emergency report and contingency planning,0.5
4507,Environmental Protection General,0.5
4509,Inspections,1.0
4510,Human Footprint and wilderness values,1.0
4511,Management Plans,1.0
4512,Operational issues,1.0
4513,Biological Prospecting,1.0
4514,Safety and Operations in Antarctica,1.0
4515,Safety and Operations in Antarctica,1.0
4516,Management Plans,1.0
4517,Tourism and NG_Activities,1.0
4521,Management Plans,0.5
4521,Marine Protected Areas,0.5
4526,Operational issues,1.0
4530,Operation of the Antarctic Treaty system Reports,1.0
4531,Site Guidelines for Visitors,0.5
4531,Tourism and NG_Activities,0.5
4533,Management Plans,0.5
4533,Tourism and NG_Activities,0.5
4534,Environmental Monitoring and Reporting,0.5
4534,Science issues,0.5
4535,Operation of the Antarctic Treaty system Reports,1.0
4536,CEP Strategy Discussions,0.5
4536,Climate Change,0.5
4539,Liability,1.0
4540,Tourism and NG_Activities,1.0
4541,Safety and Operations in Antarctica,1.0
4542,Environmental Impact Assessment EIA Other EIA Matters,1.0
4543,Tourism and NG_Activities,1.0
4544,Environmental Monitoring and Reporting,1.0
4547,Safety and Operations in Antarctica,1.0
4549,Operation of the Antarctic Treaty system Reports,1.0
4553,Management Plans,1.0
4555,Safety and Operations in Antarctica,1.0
4556,Exchange of Information,1.0
4558,Tourism and NG_Activities,1.0
4562,Management Plans,0.5
4562,Marine Protected Areas,0.5
4564,Tourism and NG_Activities,1.0
4565,Management Plans,1.0
4568,Science issues,1.0
4569,Biological Prospecting,1.0
4571,Operation of the Antarctic Treaty system General,1.0
4572,Management Plans,1.0
4577,Safety and Operations in Antarctica,0.5
4577,Tourism and NG_Activities,0.5
4585,Operation of the Antarctic Treaty system Reports,1.0
4586,Tourism and NG_Activities,1.0
4588,Tourism and NG_Activities,1.0
4589,Tourism and NG_Activities,1.0
4594,Nonnative Species and Quarantine,1.0
4597,Historic Sites and Monuments,1.0
4637,Operation of the Antarctic Treaty system Reports,1.0
4638,Operation of the Antarctic Treaty system General,1.0
4639,Operation of the Antarctic Treaty system General,1.0
4641,Opening statements,1.0
4642,Opening statements,1.0
4643,Opening statements,1.0
4644,Opening statements,1.0
4645,Opening statements,1.0
4646,Opening statements,1.0
4647,Opening statements,1.0
4648,Opening statements,1.0
4649,Opening statements,1.0
4650,Opening statements,1.0
4651,Opening statements,1.0
4652,Opening statements,1.0
4653,Opening statements,1.0
4654,Opening statements,1.0
4655,Operation of the Antarctic Treaty system Reports,1.0
4656,Operation of the Antarctic Treaty system General,0.5
4656,Operational issues,0.5
4657,Operational issues,1.0
4690,Operation of the Antarctic Treaty system The Secretariat,1.0
4691,Operation of the Antarctic Treaty system The Secretariat,1.0
4692,Liability,1.0
4693,Comprehensive Environmental Evaluations,0.5
4693,Operation of the CEP,0.5
4695,Operation of the Antarctic Treaty system Reports,1.0
4696,Operation of the Antarctic Treaty system Reports,1.0
4697,Environmental Impact Assessment EIA Other EIA Matters,1.0
4698,Environmental Impact Assessment EIA Other EIA Matters,1.0
4700,Opening statements,1.0
4701,Opening statements,1.0
4702,Climate Change,0.5
4702,Science issues,0.5
4703,Cooperation with Other Organisations,0.5
4703,Science issues,0.5
4704,Exchange of Information,0.5
4704,Operation of the CEP,0.5
4705,Tourism and NG_Activities,1.0
4706,Operational issues,1.0
4711,Operation of the Antarctic Treaty system Reports,1.0
4712,Operational issues,0.5
4712,Science issues,0.5
4713,Exchange of Information,0.5
4713,Science issues,0.5
4714,Tourism and NG_Activities,1.0
4715,Operation of the Antarctic Treaty system Reports,0.5
4715,Tourism and NG_Activities,0.5
4716,Drilling,0.5
4716,Operation of the Antarctic Treaty system Reports,0.5
4717,Operation of the Antarctic Treaty system Reports,1.0
4718,Operational issues,1.0
4719,Environmental Protection General,0.5
4719,Institutional and legal matters,0.5
4720,Environmental Impact Assessment EIA Other EIA Matters,0.5
4720,Operation of the CEP,0.5
4721,Environmental Impact Assessment EIA Other EIA Matters,0.5
4721,Operation of the CEP,0.5
4722,Institutional and legal matters,1.0
4723,Science issues,1.0
4726,Environmental Impact Assessment EIA Other EIA Matters,1.0
4727,Comprehensive Environmental Evaluations,0.5
4727,Exchange of Information,0.5
4728,Comprehensive Environmental Evaluations,0.5
4728,Exchange of Information,0.5
4729,Operation of the Antarctic Treaty system General,1.0
4730,Area Protection and Management Plans General,1.0
4731,Tourism and NG_Activities,1.0
4732,Inspections,1.0
4733,Cooperation with Other Organisations,0.3333333333333333
4733,Operational issues,0.3333333333333333
4733,Science issues,0.3333333333333333
4734,Operation of the Antarctic Treaty system Reports,1.0
4735,Area Protection and Management Plans General,1.0
4736,Operation of the Antarctic Treaty system The Secretariat,1.0
4737,Cooperation with Other Organisations,0.5
4737,Science issues,0.5
4738,Operation of the Antarctic Treaty system General,1.0
4739,Operation of the Antarctic Treaty system General,1.0
4740,Area Protection and Management Plans General,1.0
4741,Area Protection and Management Plans General,1.0
4742,Area Protection and Management Plans General,1.0
4743,Area Protection and Management Plans General,1.0
4744,Cooperation with Other Organisations,0.3333333333333333
4744,Operational issues,0.3333333333333333
4744,Science issues,0.3333333333333333
4745,Area Protection and Management Plans General,0.5
4745,Management Plans,0.5
4746,Area Protection and Management Plans General,1.0
4747,Area Protection and Management Plans General,0.5
4747,Management Plans,0.5
4748,Area Protection and Management Plans General,0.5
4748,Science issues,0.5
4749,Area Protection and Management Plans General,0.5
4749,Environmental Monitoring and Reporting,0.5
4750,Area Protection and Management Plans General,0.5
4750,Management Plans,0.5
4751,Operation of the Antarctic Treaty system General,1.0
4752,Operation of the Antarctic Treaty system General,1.0
4753,Cooperation with Other Organisations,0.3333333333333333
4753,Operational issues,0.3333333333333333
4753,Science issues,0.3333333333333333
4754,Cooperation with Other Organisations,0.5
4754,Exchange of Information,0.5
4755,Cooperation with Other Organisations,0.5
4755,Science issues,0.5
4756,Operation of the Antarctic Treaty system General,1.0
4757,Tourism and NG_Activities,1.0
4758,Exchange of Information,0.5
4758,Operation of the Antarctic Treaty system General,0.5
4759,Exchange of Information,0.5
4759,Operation of the Antarctic Treaty system General,0.5
4760,Environmental Monitoring and Reporting,0.5
4760,Environmental Protection General,0.5
4761,Exchange of Information,0.5
4761,Operation of the Antarctic Treaty system General,0.5
4762,Environmental Protection General,0.5
4762,Liability,0.5
4763,Tourism and NG_Activities,1.0
4764,Area Protection and Management Plans General,1.0
4765,Area Protection and Management Plans General,1.0
4766,Institutional and legal matters,0.5
4766,Operation of the Antarctic Treaty system General,0.5
4767,Tourism and NG_Activities,1.0
4768,Area Protection and Management Plans General,0.5
4768,Historic Sites and Monuments,0.5
4771,Area Protection and Management Plans General,0.5
4771,Historic Sites and Monuments,0.5
4772,Area Protection and Management Plans General,0.5
4772,Historic Sites and Monuments,0.5
4773,Area Protection and Management Plans General,0.5
4773,Historic Sites and Monuments,0.5
4774,Tourism and NG_Activities,1.0
4775,Exchange of Information,0.5
4775,Operation of the Antarctic Treaty system General,0.5
4776,Operation of the Antarctic Treaty system Reports,1.0
4777,Operation of the Antarctic Treaty system Reports,1.0
4778,Operation of the Antarctic Treaty system Reports,1.0
4779,Operation of the Antarctic Treaty system Reports,1.0
4780,Operation of the Antarctic Treaty system Reports,1.0
4781,Safety and Operations in Antarctica,1.0
4782,Area Protection and Management Plans General,0.5
4782,Historic Sites and Monuments,0.5
4783,Area Protection and Management Plans General,0.5
4783,Historic Sites and Monuments,0.5
4784,Opening statements,0.5
4784,Operation of the Antarctic Treaty system General,0.5
4785,Opening statements,0.5
4785,Operation of the Antarctic Treaty system General,0.5
4786,Tourism and NG_Activities,1.0
4787,Environmental Protection General,0.5
4787,Fauna and Flora_General,0.5
4788,Operation of the Antarctic Treaty system General,1.0
4789,Operation of the Antarctic Treaty system General,1.0
4790,Cooperation with Other Organisations,0.5
4790,Operation of the Antarctic Treaty system General,0.5
4791,Operation of the Antarctic Treaty system General,1.0
4792,Operation of the Antarctic Treaty system General,1.0
4793,Area Protection and Management Plans General,1.0
4794,Area Protection and Management Plans General,1.0
4795,Operation of the Antarctic Treaty system General,1.0
4796,Operation of the Antarctic Treaty system Reports,1.0
4797,Area Protection and Management Plans General,1.0
4798,Operation of the Antarctic Treaty system General,1.0
4800,Operation of the Antarctic Treaty system General,1.0
4801,Operation of the Antarctic Treaty system General,1.0
4802,Operation of the Antarctic Treaty system General,1.0
4803,Opening statements,1.0
4804,Inspections,0.5
4804,Operation of the Antarctic Treaty system Reports,0.5
4805,Opening statements,1.0
4806,Operation of the Antarctic Treaty system Reports,1.0
4807,Operation of the Antarctic Treaty system Reports,1.0
4808,Area Protection and Management Plans General,0.5
4808,Operational issues,0.5
4809,Environmental Monitoring and Reporting,0.5
4809,Environmental Protection General,0.5
4810,Environmental Monitoring and Reporting,0.5
4810,Environmental Protection General,0.5
4811,Operation of the Antarctic Treaty system Reports,0.5
4811,Science issues,0.5
4812,Environmental Monitoring and Reporting,0.5
4812,Operation of the Antarctic Treaty system Reports,0.5
4814,Operation of the Antarctic Treaty system Reports,1.0
4815,Institutional and legal matters,0.5
4815,Operation of the Antarctic Treaty system General,0.5
4816,Opening statements,1.0
4817,Opening statements,1.0
4820,Opening statements,1.0
4821,Tourism and NG_Activities,1.0
4822,Tourism and NG_Activities,1.0
4823,Environmental Protection General,0.5
4823,Institutional and legal matters,0.5
4824,Operation of the Antarctic Treaty system Reports,1.0
4825,Environmental Protection General,1.0
4826,Environmental Protection General,0.5
4826,Operation of the Antarctic Treaty system General,0.5
4827,Institutional and legal matters,0.5
4827,Operation of the Antarctic Treaty system Reports,0.5
4828,Operational issues,0.5
4828,Science issues,0.5
4829,Institutional and legal matters,0.5
4829,Operation of the Antarctic Treaty system Reports,0.5
4830,Exchange of Information,1.0
4831,Area Protection and Management Plans General,1.0
4832,Opening statements,1.0
4833,Exchange of Information,0.3333333333333333
4833,Operational issues,0.3333333333333333
4833,Science issues,0.3333333333333333
4834,Operation of the Antarctic Treaty system Reports,1.0
4835,Opening statements,1.0
4838,Exchange of Information,0.3333333333333333
4838,Operational issues,0.3333333333333333
4838,Science issues,0.3333333333333333
4839,Institutional and legal matters,0.5
4839,Operation of the Antarctic Treaty system General,0.5
4840,Operational issues,0.5
4840,Prevention of marine pollution,0.5
4841,Tourism and NG_Activities,1.0
4842,Opening statements,1.0
4843,Cooperation with Other Organisations,0.5
4843,Operational issues,0.5
4844,Area Protection and Management Plans General,1.0
4845,Operation of the Antarctic Treaty system Reports,1.0
4846,Safety and Operations in Antarctica,1.0
4847,Opening statements,1.0
4848,Opening statements,1.0
4849,Safety and Operations in Antarctica,0.5
4849,Science issues,0.5
4850,Opening statements,1.0
4851,Opening statements,1.0
4852,Opening statements,1.0
4853,Opening statements,1.0
4854,Opening statements,1.0
4855,Institutional and legal matters,0.5
4855,Liability,0.5
4856,Cooperation with Other Organisations,0.5
4856,Science issues,0.5
4857,Cooperation with Other Organisations,0.3333333333333333
4857,Operational issues,0.3333333333333333
4857,Science issues,0.3333333333333333
4858,Opening statements,1.0
4859,Site Guidelines for Visitors,0.5
4859,Tourism and NG_Activities,0.5
4860,Operation of the Antarctic Treaty system Reports,1.0
4861,Area Protection and Management Plans General,0.5
4861,Environmental Protection General,0.5
4862,Opening statements,1.0
4863,Cooperation with Other Organisations,0.5
4863,Science issues,0.5
4864,Area Protection and Management Plans General,1.0
4865,Area Protection and Management Plans General,1.0
4866,Opening statements,1.0
4867,Opening statements,1.0
4868,Inspections,1.0
4869,Tourism and NG_Activities,1.0
4870,Opening statements,1.0
4871,Opening statements,1.0
4872,Opening statements,1.0
4873,Opening statements,1.0
4874,Environmental Impact Assessment EIA Other EIA Matters,0.5
4874,Tourism and NG_Activities,0.5
4875,Cooperation with Other Organisations,0.3333333333333333
4875,Operation of the Antarctic Treaty system Reports,0.3333333333333333
4875,Safety and Operations in Antarctica,0.3333333333333333
4876,Area Protection and Management Plans General,0.5
4876,Waste management and disposal,0.5
4877,Cooperation with Other Organisations,0.3333333333333333
4877,Safety and Operations in Antarctica,0.3333333333333333
4877,Science issues,0.3333333333333333
4878,Institutional and legal matters,0.5
4878,Tourism and NG_Activities,0.5
4879,Area Protection and Management Plans General,0.3333333333333333
4879,Environmental Protection General,0.3333333333333333
4879,Science issues,0.3333333333333333
4880,Institutional and legal matters,1.0
4881,Institutional and legal matters,1.0
4882,Institutional and legal matters,1.0
4883,Institutional and legal matters,1.0
4884,Exchange of Information,0.5
4884,Tourism and NG_Activities,0.5
4885,Operation of the Antarctic Treaty system Reports,1.0
4886,Operation of the Antarctic Treaty system General,1.0
4887,Tourism and NG_Activities,1.0
4888,Operation of the Antarctic Treaty system General,1.0
4889,Opening statements,1.0
4890,Tourism and NG_Activities,1.0
4891,Opening statements,1.0
4892,Opening statements,1.0
4893,Opening statements,1.0
4894,Opening statements,1.0
4895,Opening statements,1.0
4896,Opening statements,1.0
4897,Opening statements,1.0
4898,Environmental Domains Analysis,0.5
4898,Environmental Monitoring and Reporting,0.5
4899,Inspections,1.0
4900,Opening statements,1.0
4901,Exchange of Information,0.5
4901,Operational issues,0.5
4902,Opening statements,1.0
4903,Area Protection and Management Plans General,0.5
4903,Specially Protected Species,0.5
4904,Area Protection and Management Plans General,0.5
4904,Specially Protected Species,0.5
4905,Historic Sites and Monuments,1.0
4907,Operational issues,0.5
4907,Science issues,0.5
4908,Operational issues,0.5
4908,Science issues,0.5
4909,Operation of the Antarctic Treaty system General,1.0
4911,Operation of the Antarctic Treaty system Reports,1.0
4912,Operation of the Antarctic Treaty system General,1.0
4913,Operation of the Antarctic Treaty system General,1.0
4914,Operation of the Antarctic Treaty system General,1.0
4915,Opening statements,1.0
4916,Fauna and Flora_General,0.5
4916,Marine living resources,0.5
4917,Operation of the Antarctic Treaty system Reports,1.0
4921,Operation of the Antarctic Treaty system General,1.0
4922,Opening statements,1.0
4923,Operation of the Antarctic Treaty system Reports,1.0
4924,Cooperation with Other Organisations,1.0
4925,Environmental Protection General,1.0
4926,Operation of the Antarctic Treaty system General,1.0
4927,Operation of the Antarctic Treaty system General,1.0
4928,Operation of the Antarctic Treaty system General,1.0
4929,Environmental Protection General,0.5
4929,Fauna and Flora_General,0.5
4930,Opening statements,1.0
4931,Operation of the Antarctic Treaty system General,1.0
4932,Environmental Protection General,1.0
4933,Operation of the Antarctic Treaty system General,1.0
4935,Opening statements,1.0
4936,Exchange of Information,1.0
4938,Opening statements,1.0
4939,Operational issues,1.0
4942,Tourism and NG_Activities,1.0
4944,Environmental Protection General,1.0
4945,Exchange of Information,1.0
4946,Operation of the Antarctic Treaty system General,1.0
4947,Operational issues,1.0
4948,Operational issues,1.0
4949,Area Protection and Management Plans General,1.0
4950,Area Protection and Management Plans General,1.0
4951,Area Protection and Management Plans General,1.0
4952,Area Protection and Management Plans General,1.0
4953,Area Protection and Management Plans General,1.0
4954,Specially Protected Species,1.0
4955,Specially Protected Species,1.0
4956,Area Protection and Management Plans General,1.0
4957,Area Protection and Management Plans General,1.0
4958,Area Protection and Management Plans General,1.0
4959,Area Protection and Management Plans General,1.0
4960,Tourism and NG_Activities,1.0
4961,Marine Protected Areas,0.5
4961,Operational issues,0.5
4962,Environmental Protection General,0.5
4962,Exchange of Information,0.5
4963,Operational issues,1.0
4964,Operation of the Antarctic Treaty system General,1.0
4965,Operational issues,1.0
4966,Tourism and NG_Activities,1.0
4968,Operation of the Antarctic Treaty system Reports,1.0
4969,Opening statements,1.0
4970,Operation of the Antarctic Treaty system General,1.0
4971,Exchange of Information,1.0
4972,Tourism and NG_Activities,1.0
4973,Exchange of Information,0.5
4973,Operational issues,0.5
4974,Fauna and Flora_General,1.0
4976,Opening statements,1.0
4978,Historic Sites and Monuments,1.0
4980,Operation of the Antarctic Treaty system Reports,1.0
4981,Mineral resources,1.0
4982,Historic Sites and Monuments,1.0
4983,Operational issues,1.0
4984,Exchange of Information,0.5
4984,Fauna and Flora_General,0.5
4985,Fauna and Flora_General,1.0
4986,Tourism and NG_Activities,1.0
4987,Area Protection and Management Plans General,1.0
4988,Area Protection and Management Plans General,1.0
4989,Cooperation with Other Organisations,1.0
4990,Historic Sites and Monuments,1.0
4991,Operation of the Antarctic Treaty system Reports,1.0
4992,Fauna and Flora_General,0.5
4992,Specially Protected Species,0.5
4993,Environmental Protection General,0.5
4993,Operational issues,0.5
4994,Human Footprint and wilderness values,1.0
4995,Operational issues,0.5
4995,Science issues,0.5
4996,Mineral resources,1.0
4997,Mineral resources,1.0
4998,Historic Sites and Monuments,1.0
4999,Tourism and NG_Activities,1.0
5000,Fauna and Flora_General,1.0
5001,Fauna and Flora_General,1.0
5002,Operation of the Antarctic Treaty system Reports,1.0
5003,Fauna and Flora_General,0.5
5003,Specially Protected Species,0.5
5004,Mineral resources,1.0
5005,Human Footprint and wilderness values,1.0
5006,Operational issues,1.0
5007,Operational issues,1.0
5008,Operational issues,1.0
5009,Fauna and Flora_General,1.0
5010,Historic Sites and Monuments,1.0
5011,Historic Sites and Monuments,1.0
5012,Historic Sites and Monuments,1.0
5013,Operational issues,1.0
5014,Exchange of Information,1.0
5015,Comprehensive Environmental Evaluations,1.0
5016,Operational issues,1.0
5018,Historic Sites and Monuments,1.0
5019,Historic Sites and Monuments,1.0
5020,Exchange of Information,1.0
5021,Fauna and Flora_General,1.0
5022,Mineral resources,1.0
5023,Operation of the Antarctic Treaty system General,1.0
5024,Operation of the Antarctic Treaty system General,1.0
5025,Operational issues,1.0
5026,Fauna and Flora_General,1.0
5027,Operational issues,0.5
5027,Science issues,0.5
5028,Tourism and NG_Activities,1.0
5029,Human Footprint and wilderness values,1.0
5030,Area Protection and Management Plans General,1.0
5031,Area Protection and Management Plans General,1.0
5032,Area Protection and Management Plans General,1.0
5033,Area Protection and Management Plans General,1.0
5034,Area Protection and Management Plans General,1.0
5035,Operational issues,1.0
5036,Environmental Protection General,0.5
5036,Human Footprint and wilderness values,0.5
5037,Operational issues,1.0
5038,Operational issues,1.0
5039,Human Footprint and wilderness values,1.0
5040,Tourism and NG_Activities,1.0
5041,Tourism and NG_Activities,1.0
5042,Operational issues,1.0
5043,Opening statements,1.0
5044,Operational issues,1.0
5045,Operational issues,1.0
5046,Operational issues,1.0
5047,Operational issues,1.0
5048,Fauna and Flora_General,0.5
5048,Science issues,0.5
5049,Fauna and Flora_General,0.5
5049,Science issues,0.5
5050,Operational issues,0.5
5050,Safety and Operations in Antarctica,0.5
5051,Fauna and Flora_General,1.0
5052,Human Footprint and wilderness values,1.0
5053,Opening statements,1.0
5054,Historic Sites and Monuments,1.0
5055,Operational issues,1.0
5056,Operational issues,1.0
5057,Environmental Protection General,1.0
5058,Cooperation with Other Organisations,1.0
5059,Opening statements,1.0
5060,Opening statements,1.0
5061,Opening statements,1.0
5062,Opening statements,1.0
5063,Opening statements,1.0
5064,Opening statements,1.0
5065,Opening statements,1.0
5066,Opening statements,1.0
5067,Opening statements,1.0
5068,Opening statements,1.0
5069,Opening statements,1.0
5070,Opening statements,1.0
5071,Opening statements,1.0
5072,Opening statements,1.0
5073,Opening statements,1.0
5074,Operation of the Antarctic Treaty system Reports,1.0
5075,Opening statements,1.0
5076,Operation of the Antarctic Treaty system Reports,1.0
5077,Operation of the Antarctic Treaty system Reports,1.0
5078,Environmental Protection General,1.0
5079,Environmental Protection General,1.0
5080,Marine Protected Areas,1.0
5081,Operation of the Antarctic Treaty system Reports,1.0
5082,Area Protection and Management Plans General,1.0
5083,Marine living resources,1.0
5084,Exchange of Information,1.0
5085,Human Footprint and wilderness values,1.0
5086,Area Protection and Management Plans General,1.0
5087,Human Footprint and wilderness values,1.0
5088,Area Protection and Management Plans General,1.0
5089,Area Protection and Management Plans General,1.0
5090,Area Protection and Management Plans General,1.0
5091,Area Protection and Management Plans General,1.0
5092,Area Protection and Management Plans General,1.0
5093,Area Protection and Management Plans General,1.0
5094,Operational issues,1.0
5095,Operational issues,1.0
5096,Operational issues,1.0
5097,Marine living resources,1.0
5098,Marine living resources,1.0
5099,Tourism and NG_Activities,1.0
5100,Mineral resources,1.0
5101,Historic Sites and Monuments,1.0
5102,Area Protection and Management Plans General,1.0
5103,Area Protection and Management Plans General,1.0
5104,Area Protection and Management Plans General,1.0
5105,Mineral resources,1.0
5106,Mineral resources,1.0
5107,Management Plans,1.0
5108,Area Protection and Management Plans General,1.0
5109,Area Protection and Management Plans General,1.0
5110,Area Protection and Management Plans General,1.0
5111,Marine living resources,1.0
5113,Environmental Protection General,0.5
5113,Human Footprint and wilderness values,0.5
5115,Environmental Protection General,0.5
5115,Human Footprint and wilderness values,0.5
5116,Area Protection and Management Plans General,1.0
5117,Operational issues,1.0
5118,Tourism and NG_Activities,1.0
5119,Operational issues,1.0
5120,Marine living resources,1.0
5121,Area Protection and Management Plans General,1.0
5122,Area Protection and Management Plans General,1.0
5123,Area Protection and Management Plans General,1.0
5124,Area Protection and Management Plans General,1.0
5125,Operational issues,1.0
5126,Operational issues,1.0
5127,Marine Protected Areas,1.0
5128,Mineral resources,1.0
5129,Mineral resources,1.0
5130,Area Protection and Management Plans General,1.0
5131,Area Protection and Management Plans General,1.0
5132,Environmental Protection General,1.0
5133,Mineral resources,1.0
5134,Environmental Protection General,1.0
5135,Mineral resources,1.0
5136,Exchange of Information,0.5
5136,Operation of the Antarctic Treaty system General,0.5
5137,Mineral resources,1.0
5138,Operation of the Antarctic Treaty system Reports,1.0
5139,Operation of the Antarctic Treaty system Reports,1.0
5140,Operation of the Antarctic Treaty system Reports,1.0
5141,Mineral resources,1.0
5142,Environmental Protection General,0.3333333333333333
5142,Human Footprint and wilderness values,0.3333333333333333
5142,Mineral resources,0.3333333333333333
5143,Environmental Protection General,0.3333333333333333
5143,Human Footprint and wilderness values,0.3333333333333333
5143,Mineral resources,0.3333333333333333
5144,Marine living resources,1.0
5145,Marine living resources,1.0
5146,Marine living resources,1.0
5147,Marine living resources,1.0
5148,Operational issues,1.0
5149,Operational issues,1.0
5150,Operational issues,1.0
5151,Tourism and NG_Activities,1.0
5152,Mineral resources,1.0
5153,Mineral resources,1.0
5154,Science issues,1.0
5155,Human Footprint and wilderness values,0.5
5155,Prevention of marine pollution,0.5
5156,Drilling,1.0
5157,Human Footprint and wilderness values,0.5
5157,Prevention of marine pollution,0.5
5158,Prevention of marine pollution,1.0
5159,Marine living resources,1.0
5160,Marine living resources,1.0
5161,Tourism and NG_Activities,1.0
5162,Tourism and NG_Activities,1.0
5163,Marine living resources,1.0
5164,Mineral resources,1.0
5165,Mineral resources,1.0
5166,Tourism and NG_Activities,1.0
5167,Marine living resources,1.0
5168,Marine living resources,1.0
5169,Tourism and NG_Activities,1.0
5170,Operational issues,1.0
5171,Mineral resources,1.0
5172,Marine living resources,1.0
5173,Operational issues,1.0
5174,Exchange of Information,1.0
5176,Marine living resources,1.0
5177,Marine living resources,1.0
5178,Marine living resources,1.0
5179,Marine living resources,1.0
5180,Mineral resources,1.0
5181,Environmental Protection General,1.0
5182,Exchange of Information,1.0
5183,Marine living resources,1.0
5184,Marine living resources,1.0
5185,Marine living resources,1.0
5186,Prevention of marine pollution,1.0
5187,Prevention of marine pollution,1.0
5188,Exchange of Information,1.0
5189,Science issues,1.0
5190,Cooperation with Other Organisations,0.3333333333333333
5190,Operational issues,0.3333333333333333
5190,Science issues,0.3333333333333333
5191,Area Protection and Management Plans General,1.0
5192,Operational issues,0.5
5192,Science issues,0.5
5193,Mineral resources,1.0
5194,Mineral resources,1.0
5195,Mineral resources,1.0
5197,Mineral resources,1.0
5198,Marine living resources,1.0
5199,Marine living resources,1.0
5200,Marine living resources,1.0
5201,Mineral resources,1.0
5202,Mineral resources,1.0
5203,Mineral resources,1.0
5204,Operational issues,1.0
5205,Operational issues,1.0
5206,Operational issues,1.0
5207,Opening statements,1.0
5208,Opening statements,1.0
5209,Opening statements,1.0
5210,Opening statements,1.0
5211,Opening statements,1.0
5212,Opening statements,1.0
5213,Opening statements,1.0
5214,Opening statements,1.0
5215,Opening statements,1.0
5216,Opening statements,1.0
5217,Opening statements,1.0
5218,Opening statements,1.0
5219,Opening statements,1.0
5220,Marine living resources,1.0
5221,Operation of the Antarctic Treaty system General,1.0
5222,Area Protection and Management Plans General,1.0
5223,Operational issues,1.0
5224,Marine living resources,1.0
5225,Operational issues,1.0
5226,Marine living resources,1.0
5227,Operational issues,1.0
5228,Operational issues,1.0
5229,Mineral resources,1.0
5230,Operational issues,1.0
5231,Operational issues,1.0
5232,Marine living resources,1.0
5233,Marine living resources,1.0
5234,Operation of the Antarctic Treaty system Reports,1.0
5235,Operation of the Antarctic Treaty system Reports,1.0
5236,Operation of the Antarctic Treaty system Reports,1.0
5237,Operation of the Antarctic Treaty system Reports,1.0
5238,Marine Protected Areas,1.0
5239,Mineral resources,1.0
5240,Mineral resources,1.0
5243,Marine living resources,1.0
5244,Tourism and NG_Activities,1.0
5245,Operation of the Antarctic Treaty system Reports,1.0
5246,Exchange of Information,1.0
5247,Operation of the Antarctic Treaty system General,0.5
5247,Operational issues,0.5
5248,Area Protection and Management Plans General,1.0
5249,Area Protection and Management Plans General,1.0
5250,Area Protection and Management Plans General,1.0
5251,Operation of the Antarctic Treaty system General,1.0
5252,Operation of the Antarctic Treaty system General,1.0
5253,Area Protection and Management Plans General,1.0
5254,Management Plans,1.0
5255,Historic Sites and Monuments,1.0
5256,Exchange of Information,1.0
5257,Historic Sites and Monuments,1.0
5258,Historic Sites and Monuments,1.0
5259,Historic Sites and Monuments,1.0
5260,Area Protection and Management Plans General,1.0
5261,Comprehensive Environmental Evaluations,1.0
5262,Historic Sites and Monuments,1.0
5263,Operation of the Antarctic Treaty system Reports,1.0
5264,Operation of the Antarctic Treaty system General,1.0
5265,Human Footprint and wilderness values,1.0
5266,Human Footprint and wilderness values,1.0
5267,Exchange of Information,1.0
5268,Cooperation with Other Organisations,0.3333333333333333
5268,Institutional and legal matters,0.3333333333333333
5268,Operation of the Antarctic Treaty system General,0.3333333333333333
5269,Operational issues,1.0
5270,Area Protection and Management Plans General,1.0
5271,Operation of the Antarctic Treaty system General,1.0
5272,Operation of the Antarctic Treaty system General,1.0
5273,Cooperation with Other Organisations,0.3333333333333333
5273,Institutional and legal matters,0.3333333333333333
5273,Operation of the Antarctic Treaty system General,0.3333333333333333
5274,Operation of the Antarctic Treaty system General,1.0
5275,Operation of the Antarctic Treaty system General,1.0
5276,Environmental Protection General,0.5
5276,Operational issues,0.5
5277,Operational issues,1.0
5278,Area Protection and Management Plans General,1.0
5279,Operation of the Antarctic Treaty system General,1.0
5280,Environmental Protection General,1.0
5281,Environmental Protection General,1.0
5282,Environmental Protection General,1.0
5283,Safety and Operations in Antarctica,1.0
5284,Operational issues,0.5
5284,Science issues,0.5
5285,Environmental Protection General,1.0
5286,Environmental Protection General,1.0
5288,Waste management and disposal,1.0
5290,Prevention of marine pollution,1.0
5291,Operation of the Antarctic Treaty system General,1.0
5292,Environmental Protection General,1.0
5293,Operational issues,1.0
5294,Waste management and disposal,1.0
5295,Operation of the Antarctic Treaty system General,1.0
5296,Prevention of marine pollution,1.0
5297,Safety and Operations in Antarctica,1.0
5298,Environmental Monitoring and Reporting,1.0
5299,Environmental Protection General,1.0
5300,Exchange of Information,0.5
5300,Science issues,0.5
5301,Environmental Monitoring and Reporting,1.0
5302,Area Protection and Management Plans General,1.0
5303,Exchange of Information,1.0
5304,Emergency report and contingency planning,1.0
5306,Tourism and NG_Activities,1.0
5307,Environmental Protection General,1.0
5309,Area Protection and Management Plans General,1.0
5310,Area Protection and Management Plans General,0.3333333333333333
5310,Environmental Protection General,0.3333333333333333
5310,Historic Sites and Monuments,0.3333333333333333
5311,Area Protection and Management Plans General,1.0
5312,Area Protection and Management Plans General,1.0
5313,Environmental Monitoring and Reporting,1.0
5314,Environmental Protection General,1.0
5315,Historic Sites and Monuments,1.0
5317,Human Footprint and wilderness values,1.0
5318,Tourism and NG_Activities,1.0
5319,Operation of the Antarctic Treaty system General,1.0
5321,Operation of the Antarctic Treaty system Reports,1.0
5322,Area Protection and Management Plans General,1.0
5323,Management Plans,1.0
5325,Environmental Monitoring and Reporting,0.5
5325,Operational issues,0.5
5331,Science issues,1.0
5334,Operational issues,0.5
5334,Science issues,0.5
5338,Science issues,1.0
5339,Exchange of Information,1.0
5340,Environmental Protection General,0.5
5340,Human Footprint and wilderness values,0.5
5342,Operation of the Antarctic Treaty system Reports,1.0
5346,Exchange of Information,1.0
5348,Management Plans,1.0
5349,Operation of the Antarctic Treaty system Reports,1.0
5350,Exchange of Information,0.5
5350,Operational issues,0.5
5351,Environmental Monitoring and Reporting,1.0
5352,Tourism and NG_Activities,1.0
5353,Waste management and disposal,1.0
5354,Environmental Monitoring and Reporting,1.0
5355,Operational issues,1.0
5356,Waste management and disposal,1.0
5357,Prevention of marine pollution,1.0
5359,Area Protection and Management Plans General,1.0
5363,Comprehensive Environmental Evaluations,1.0
5365,Operational issues,1.0
5366,Historic Sites and Monuments,1.0
5367,Historic Sites and Monuments,1.0
5369,Operation of the Antarctic Treaty system Reports,1.0
5370,Operation of the Antarctic Treaty system Reports,1.0
5412,Historic Sites and Monuments,1.0
5414,Historic Sites and Monuments,1.0
5415,Historic Sites and Monuments,1.0
5417,Human Footprint and wilderness values,1.0
5474,Operation of the Antarctic Treaty system General,1.0
5476,Cooperation with Other Organisations,1.0
5497,Operational issues,1.0
5498,Comprehensive Environmental Evaluations,0.5
5498,Mineral resources,0.5
5499,Marine living resources,1.0
5500,Comprehensive Environmental Evaluations,0.5
5500,Mineral resources,0.5
5501,Mineral resources,1.0
5502,Operational issues,1.0
5503,Tourism and NG_Activities,1.0
5504,Marine living resources,1.0
5505,Tourism and NG_Activities,1.0
5506,Marine living resources,1.0
5507,Mineral resources,1.0
5508,Operation of the Antarctic Treaty system General,1.0
5509,Environmental Protection General,0.5
5509,Science issues,0.5
5510,Operation of the Antarctic Treaty system General,1.0
5511,Environmental Monitoring and Reporting,0.5
5511,Science issues,0.5
5512,Environmental Monitoring and Reporting,1.0
5513,Mineral resources,1.0
5540,Cooperation with Other Organisations,1.0
5541,Cooperation with Other Organisations,1.0
5542,Operational issues,1.0
5551,Management Plans,1.0
5552,Management Plans,1.0
5553,Inspections,1.0
5554,Management Plans,1.0
5555,Management Plans,1.0
5556,Cooperation with Other Organisations,1.0
5557,Cooperation with Other Organisations,0.3333333333333333
5557,Environmental Monitoring and Reporting,0.3333333333333333
5557,Science issues,0.3333333333333333
5558,Operational issues,1.0
5559,Management Plans,1.0
5560,Cooperation with Other Organisations,1.0
5561,Inspections,1.0
5562,Climate Change,0.5
5562,Fauna and Flora_General,0.5
5563,Management Plans,1.0
5564,Management Plans,1.0
5570,Environmental Protection General,0.5
5570,Operation of the CEP,0.5
5571,Management Plans,1.0
5572,Management Plans,1.0
5574,Site Guidelines for Visitors,0.5
5574,Tourism and NG_Activities,0.5
5575,Site Guidelines for Visitors,1.0
5576,Liability,1.0
5577,Cooperation with Other Organisations,0.5
5577,Science issues,0.5
5578,Educational issues,1.0
5580,Cooperation with Other Organisations,0.5
5580,Science issues,0.5
5583,Nonnative Species and Quarantine,1.0
5584,Operation of the Antarctic Treaty system Reports,1.0
5586,Site Guidelines for Visitors,1.0
5587,Area Protection and Management Plans General,0.5
5587,Fauna and Flora_General,0.5
5588,Fauna and Flora_General,0.5
5588,Science issues,0.5
5589,Historic Sites and Monuments,1.0
5591,Science issues,1.0
5592,Search and Rescue,1.0
5593,Site Guidelines for Visitors,1.0
5594,Emergency report and contingency planning,0.5
5594,Environmental Protection General,0.5
5595,CEP Strategy Discussions,0.5
5595,Operation of the Antarctic Treaty system Reports,0.5
5596,Management Plans,1.0
5597,Management Plans,1.0
5598,Operational issues,1.0
5599,Emergency report and contingency planning,0.5
5599,Environmental Protection General,0.5
5602,Exchange of Information,0.5
5602,Tourism and NG_Activities,0.5
5603,Exchange of Information,0.5
5603,Tourism and NG_Activities,0.5
5604,Search and Rescue,1.0
5605,Search and Rescue,1.0
5606,Comprehensive Environmental Evaluations,0.5
5606,Environmental Protection General,0.5
5607,Management Plans,1.0
5608,Fauna and Flora_General,1.0
5609,Operation of the Antarctic Treaty system General,1.0
5610,Climate Change,1.0
5611,Environmental Protection General,1.0
5612,Inspections,1.0
5613,Operation of the Antarctic Treaty system Reports,1.0
5614,Operational issues,1.0
5615,Comprehensive Environmental Evaluations,1.0
5617,Operational issues,1.0
5618,Operation of the Antarctic Treaty system The Secretariat,1.0
5619,Site Guidelines for Visitors,1.0
5620,Tourism and NG_Activities,1.0
5621,Biological Prospecting,0.5
5621,Exchange of Information,0.5
5622,Marine Protected Areas,1.0
5625,Search and Rescue,1.0
5626,Search and Rescue,1.0
5628,Tourism and NG_Activities,1.0
5629,Management Plans,1.0
5630,Educational issues,1.0
5631,Exchange of Information,1.0
5632,Management Plans,1.0
5634,Educational issues,1.0
5635,Biological Prospecting,1.0
5636,Cooperation with Other Organisations,0.25
5636,Environmental Monitoring and Reporting,0.25
5636,Environmental Protection General,0.25
5636,Science issues,0.25
5637,Management Plans,1.0
5640,Management Plans,0.3333333333333333
5640,Site Guidelines for Visitors,0.3333333333333333
5640,Tourism and NG_Activities,0.3333333333333333
5642,Environmental Impact Assessment EIA Other EIA Matters,1.0
5643,Search and Rescue,1.0
5646,Biological Prospecting,1.0
5648,Safety and Operations in Antarctica,0.5
5648,Search and Rescue,0.5
5649,Historic Sites and Monuments,1.0
5652,Environmental Protection General,1.0
5653,Environmental Impact Assessment EIA Other EIA Matters,1.0
5654,Environmental Impact Assessment EIA Other EIA Matters,1.0
5656,Environmental Monitoring and Reporting,0.5
5656,Environmental Protection General,0.5
5659,Fauna and Flora_General,0.5
5659,Nonnative Species and Quarantine,0.5
5660,Environmental Monitoring and Reporting,0.5
5660,Environmental Protection General,0.5
5665,Cooperation with Other Organisations,0.5
5665,Science issues,0.5
5666,Fauna and Flora_General,1.0
5668,Climate Change,1.0
5669,Human Footprint and wilderness values,0.3333333333333333
5669,Management Plans,0.3333333333333333
5669,Science issues,0.3333333333333333
5670,Climate Change,0.5
5670,Operational issues,0.5
5671,Fauna and Flora_General,0.3333333333333333
5671,Management Plans,0.3333333333333333
5671,Nonnative Species and Quarantine,0.3333333333333333
5673,Operation of the Antarctic Treaty system General,0.5
5673,Operational issues,0.5
5674,Cooperation with Other Organisations,0.5
5674,Science issues,0.5
5675,Inspections,1.0
5676,Area Protection and Management Plans General,0.3333333333333333
5676,Human Footprint and wilderness values,0.3333333333333333
5676,Management Plans,0.3333333333333333
5677,Operation of the Antarctic Treaty system Reports,1.0
5678,Operation of the Antarctic Treaty system Reports,1.0
5679,Environmental Impact Assessment EIA Other EIA Matters,1.0
5680,Operation of the Antarctic Treaty system General,1.0
5681,Safety and Operations in Antarctica,0.5
5681,Search and Rescue,0.5
5682,Inspections,1.0
5683,Area Protection and Management Plans General,0.5
5683,Management Plans,0.5
5684,Safety and Operations in Antarctica,0.5
5684,Search and Rescue,0.5
5685,Environmental Impact Assessment EIA Other EIA Matters,0.5
5685,Operation of the CEP,0.5
5686,Environmental Impact Assessment EIA Other EIA Matters,0.5
5686,Operation of the CEP,0.5
5688,Safety and Operations in Antarctica,0.5
5688,Search and Rescue,0.5
5690,Safety and Operations in Antarctica,0.5
5690,Search and Rescue,0.5
5691,Climate Change,0.5
5691,Cooperation with Other Organisations,0.5
5692,Inspections,1.0
5693,Tourism and NG_Activities,1.0
5695,Fauna and Flora_General,0.5
5695,Nonnative Species and Quarantine,0.5
5696,Cooperation with Other Organisations,0.5
5696,Science issues,0.5
5697,Cooperation with Other Organisations,0.5
5697,Science issues,0.5
5698,Management Plans,0.5
5698,Site Guidelines for Visitors,0.5
5708,Environmental Impact Assessment EIA Other EIA Matters,1.0
5709,Environmental Monitoring and Reporting,0.3333333333333333
5709,Safety and Operations in Antarctica,0.3333333333333333
5709,Search and Rescue,0.3333333333333333
5710,Area Protection and Management Plans General,0.3333333333333333
5710,Human Footprint and wilderness values,0.3333333333333333
5710,Management Plans,0.3333333333333333
5711,CEP Strategy Discussions,1.0
5713,Climate Change,0.5
5713,Operation of the Antarctic Treaty system Reports,0.5
5714,Safety and Operations in Antarctica,0.5
5714,Search and Rescue,0.5
5715,Biological Prospecting,1.0
5716,Climate Change,1.0
5717,Environmental Monitoring and Reporting,0.3333333333333333
5717,Operational issues,0.3333333333333333
5717,Waste management and disposal,0.3333333333333333
5718,Environmental Monitoring and Reporting,0.3333333333333333
5718,Management Plans,0.3333333333333333
5718,Tourism and NG_Activities,0.3333333333333333
5719,Emergency report and contingency planning,0.5
5719,Environmental Protection General,0.5
5720,Climate Change,1.0
5721,Emergency report and contingency planning,0.3333333333333333
5721,Environmental Impact Assessment EIA Other EIA Matters,0.3333333333333333
5721,Operation of the CEP,0.3333333333333333
5722,Exchange of Information,0.5
5722,Search and Rescue,0.5
5731,Operation of the Antarctic Treaty system Reports,1.0
5744,Area Protection and Management Plans General,0.5
5744,Management Plans,0.5
5755,Operation of the Antarctic Treaty system General,1.0
5756,Area Protection and Management Plans General,0.5
5756,Management Plans,0.5
5757,Environmental Impact Assessment EIA Other EIA Matters,1.0
5758,Environmental Monitoring and Reporting,0.5
5758,Environmental Protection General,0.5
5759,Inspections,1.0
5760,Environmental Monitoring and Reporting,0.5
5760,Environmental Protection General,0.5
5761,Operation of the Antarctic Treaty system General,1.0
5771,Environmental Impact Assessment EIA Other EIA Matters,1.0
5772,Safety and Operations in Antarctica,0.5
5772,Search and Rescue,0.5
5773,Cooperation with Other Organisations,0.5
5773,Science issues,0.5
5774,Science issues,1.0
5775,Safety and Operations in Antarctica,0.5
5775,Search and Rescue,0.5
5776,Liability,1.0
5777,Tourism and NG_Activities,1.0
5778,Tourism and NG_Activities,1.0
5779,Tourism and NG_Activities,1.0
5782,Safety and Operations in Antarctica,0.5
5782,Search and Rescue,0.5
5783,Safety and Operations in Antarctica,0.5
5783,Search and Rescue,0.5
5784,Safety and Operations in Antarctica,0.5
5784,Search and Rescue,0.5
5786,Safety and Operations in Antarctica,0.5
5786,Search and Rescue,0.5
5787,Safety and Operations in Antarctica,0.5
5787,Search and Rescue,0.5
5788,Operational issues,1.0
5789,Operational issues,1.0
5790,Operational issues,1.0
5793,Site Guidelines for Visitors,0.5
5793,Tourism and NG_Activities,0.5
5794,Tourism and NG_Activities,1.0
5795,Operation of the Antarctic Treaty system Reports,0.5
5795,Tourism and NG_Activities,0.5
5796,Safety and Operations in Antarctica,0.5
5796,Search and Rescue,0.5
5797,Climate Change,0.5
5797,Tourism and NG_Activities,0.5
5798,Site Guidelines for Visitors,0.5
5798,Tourism and NG_Activities,0.5
5799,Tourism and NG_Activities,1.0
5806,Operation of the Antarctic Treaty system General,1.0
5811,Exchange of Information,1.0
5812,Cooperation with Other Organisations,1.0
5813,Operation of the Antarctic Treaty system Reports,1.0
5814,Area Protection and Management Plans General,0.3333333333333333
5814,Cooperation with Other Organisations,0.3333333333333333
5814,Science issues,0.3333333333333333
5815,Environmental Monitoring and Reporting,0.5
5815,Environmental Protection General,0.5
5816,Cooperation with Other Organisations,0.5
5816,Science issues,0.5
5818,Management Plans,1.0
5825,Safety and Operations in Antarctica,1.0
5829,Operational issues,1.0
5830,Area Protection and Management Plans General,0.5
5830,Management Plans,0.5
5831,Inspections,1.0
5835,Historic Sites and Monuments,1.0
5836,Operation of the Antarctic Treaty system General,1.0
5840,Exchange of Information,1.0
5857,Area Protection and Management Plans General,0.3333333333333333
5857,Exchange of Information,0.3333333333333333
5857,Management Plans,0.3333333333333333
5858,Operation of the Antarctic Treaty system General,1.0
5870,Operation of the Antarctic Treaty system The Secretariat,1.0
5871,Operation of the Antarctic Treaty system The Secretariat,1.0
5872,Operation of the Antarctic Treaty system The Secretariat,1.0
5873,Operation of the Antarctic Treaty system The Secretariat,1.0
5875,Comprehensive Environmental Evaluations,0.5
5875,Environmental Impact Assessment EIA Other EIA Matters,0.5
5877,Environmental Protection General,1.0
5879,Operation of the Antarctic Treaty system General,1.0
5880,Area Protection and Management Plans General,0.5
5880,Historic Sites and Monuments,0.5
5882,Area Protection and Management Plans General,1.0
5883,Area Protection and Management Plans General,1.0
5884,Inspections,1.0
5885,Environmental Protection General,1.0
5892,Operation of the Antarctic Treaty system General,1.0
5894,Operation of the Antarctic Treaty system General,1.0
5896,Opening statements,1.0
5897,Environmental Protection General,0.5
5897,Operation of the CEP,0.5
5898,Environmental Protection General,0.5
5898,Operation of the CEP,0.5
5899,Operation of the Antarctic Treaty system Reports,1.0
5907,Operation of the Antarctic Treaty system General,1.0
5909,Exchange of Information,0.5
5909,Operation of the Antarctic Treaty system General,0.5
5928,Search and Rescue,1.0
5933,Operational issues,1.0
5936,Operation of the Antarctic Treaty system General,1.0
5937,Operation of the Antarctic Treaty system General,1.0
5938,Operation of the Antarctic Treaty system Reports,1.0
5939,Management Plans,1.0
5944,Operation of the Antarctic Treaty system Reports,1.0
5945,Operational issues,1.0
5946,Operational issues,1.0
5947,Area Protection and Management Plans General,1.0
5948,Operational issues,0.5
5948,Tourism and NG_Activities,0.5
5949,Operational issues,0.5
5949,Tourism and NG_Activities,0.5
5950,Operational issues,0.5
5950,Tourism and NG_Activities,0.5
5951,Operational issues,1.0
5952,Operational issues,1.0
5953,Operational issues,1.0
5954,Tourism and NG_Activities,1.0
5955,Area Protection and Management Plans General,1.0
5956,Management Plans,1.0
5957,Area Protection and Management Plans General,1.0
5958,Operational issues,1.0
5959,Operational issues,1.0
5960,Operational issues,1.0
5961,Operational issues,1.0
5962,Tourism and NG_Activities,1.0
5963,Operation of the Antarctic Treaty system General,1.0
5964,Operation of the Antarctic Treaty system General,1.0
5965,Science issues,1.0
5966,Tourism and NG_Activities,1.0
5967,Tourism and NG_Activities,1.0
5968,Operational issues,1.0
5969,Mineral resources,1.0
5970,Mineral resources,1.0
5971,Prevention of marine pollution,1.0
5972,Drilling,1.0
5973,Tourism and NG_Activities,1.0
5974,Tourism and NG_Activities,1.0
5975,Tourism and NG_Activities,1.0
5976,Science issues,1.0
5977,Science issues,1.0
5978,Science issues,1.0
5979,Science issues,1.0
5980,Science issues,1.0
5981,Operation of the Antarctic Treaty system General,1.0
5982,Operational issues,1.0
5983,Area Protection and Management Plans General,1.0
5984,Area Protection and Management Plans General,1.0
5985,Prevention of marine pollution,1.0
5986,Mineral resources,1.0
5987,Operational issues,1.0
5988,Mineral resources,1.0
5989,Mineral resources,1.0
5990,Operational issues,1.0
5991,Mineral resources,1.0
5992,Mineral resources,1.0
5993,Mineral resources,1.0
5994,Mineral resources,1.0
5995,Operation of the Antarctic Treaty system General,1.0
5996,Mineral resources,1.0
5997,Mineral resources,1.0
5998,Science issues,1.0
5999,Operation of the Antarctic Treaty system General,1.0
6000,Human Footprint and wilderness values,1.0
6001,Human Footprint and wilderness values,1.0
6002,Prevention of marine pollution,1.0
6003,Prevention of marine pollution,1.0
6004,Prevention of marine pollution,1.0
6005,Prevention of marine pollution,1.0
6006,Tourism and NG_Activities,1.0
6007,Environmental Protection General,0.5
6007,Science issues,0.5
6008,Prevention of marine pollution,1.0
6009,Prevention of marine pollution,1.0
6010,Operation of the Antarctic Treaty system General,1.0
6011,Mineral resources,1.0
6012,Mineral resources,1.0
6013,Mineral resources,1.0
6014,Mineral resources,1.0
6015,Mineral resources,1.0
6016,Mineral resources,1.0
6017,Operation of the Antarctic Treaty system Reports,1.0
6018,Mineral resources,1.0
6019,Operation of the Antarctic Treaty system General,1.0
6020,Operation of the Antarctic Treaty system General,1.0
6021,Marine living resources,1.0
6022,Marine living resources,1.0
6068,Institutional and legal matters,1.0
6069,Tourism and NG_Activities,1.0
6070,Opening statements,1.0
6071,Fauna and Flora_General,0.5
6071,Human Footprint and wilderness values,0.5
6072,Institutional and legal matters,1.0
6073,Operational issues,0.5
6073,Science issues,0.5
6074,Environmental Protection General,0.3333333333333333
6074,Human Footprint and wilderness values,0.3333333333333333
6074,Opening statements,0.3333333333333333
6077,Operation of the Antarctic Treaty system General,1.0
6078,Institutional and legal matters,1.0
6087,Operation of the Antarctic Treaty system General,1.0
6088,Operation of the Antarctic Treaty system General,1.0
6089,Operation of the Antarctic Treaty system General,1.0
6090,Operation of the Antarctic Treaty system General,1.0
6091,Operation of the Antarctic Treaty system General,1.0
6092,Operation of the Antarctic Treaty system General,1.0
6094,Comprehensive Environmental Evaluations,1.0
6095,Comprehensive Environmental Evaluations,0.5
6095,Human Footprint and wilderness values,0.5
6096,Human Footprint and wilderness values,1.0
6097,Opening statements,1.0
6098,Human Footprint and wilderness values,1.0
6099,Exchange of Information,1.0
6100,Operational issues,0.5
6100,Science issues,0.5
6101,Tourism and NG_Activities,1.0
6102,Tourism and NG_Activities,1.0
6103,Exchange of Information,1.0
6104,Exchange of Information,1.0
6105,Human Footprint and wilderness values,1.0
6106,Human Footprint and wilderness values,1.0
6107,Mineral resources,1.0
6108,Exchange of Information,1.0
6109,Exchange of Information,1.0
6110,Exchange of Information,1.0
6140,Operational issues,1.0
6141,Operation of the Antarctic Treaty system The Secretariat,1.0
6142,Operation of the Antarctic Treaty system General,1.0
6143,Operational issues,1.0
6144,Cooperation with Other Organisations,1.0
6145,Cooperation with Other Organisations,1.0
6146,Cooperation with Other Organisations,1.0
6147,Inspections,1.0
6148,Operation of the Antarctic Treaty system General,1.0
6149,Operation of the Antarctic Treaty system General,1.0
6150,Operation of the Antarctic Treaty system General,1.0
6151,Operation of the Antarctic Treaty system The Secretariat,1.0
6152,Historic Sites and Monuments,1.0
6153,Operational issues,1.0
6154,Safety and Operations in Antarctica,1.0
6155,Area Protection and Management Plans General,1.0
6156,Area Protection and Management Plans General,1.0
6157,Operation of the Antarctic Treaty system General,1.0
6158,Tourism and NG_Activities,1.0
6159,Operational issues,1.0
6160,Operation of the Antarctic Treaty system General,1.0
6161,Tourism and NG_Activities,1.0
6162,Operational issues,1.0
6163,Educational issues,1.0
6164,Management Plans,1.0
6165,Operation of the Antarctic Treaty system General,1.0
6167,Drilling,1.0
6168,Inspections,1.0
6170,Environmental Protection General,0.5
6170,Historic Sites and Monuments,0.5
6171,Operation of the Antarctic Treaty system The Secretariat,1.0
6172,Tourism and NG_Activities,1.0
6174,Operation of the Antarctic Treaty system The Secretariat,1.0
6175,Marine Protected Areas,1.0
6176,Environmental Protection General,1.0
6177,Operation of the Antarctic Treaty system General,1.0
6178,Operation of the Antarctic Treaty system General,1.0
6179,Cooperation with Other Organisations,1.0
6180,Human Footprint and wilderness values,1.0
6181,Operation of the Antarctic Treaty system General,1.0
6182,Area Protection and Management Plans General,1.0
6183,Human Footprint and wilderness values,1.0
6184,Operational issues,1.0
6185,Tourism and NG_Activities,1.0
6186,Tourism and NG_Activities,1.0
6187,Science issues,1.0
6188,Operation of the Antarctic Treaty system General,1.0
6189,Operation of the Antarctic Treaty system General,1.0
6190,Operation of the Antarctic Treaty system General,1.0
6191,Operation of the Antarctic Treaty system General,1.0
6194,Operation of the Antarctic Treaty system General,1.0
6195,Mineral resources,1.0
6196,Operation of the Antarctic Treaty system Reports,1.0
6197,Operation of the Antarctic Treaty system Reports,1.0
6198,Operation of the Antarctic Treaty system Reports,1.0
6199,Operation of the Antarctic Treaty system General,1.0
6200,Operation of the Antarctic Treaty system General,1.0
6201,Operation of the Antarctic Treaty system General,1.0
6202,Operation of the Antarctic Treaty system General,1.0
6203,Operation of the Antarctic Treaty system General,1.0
6204,Operation of the Antarctic Treaty system General,1.0
6205,Operation of the Antarctic Treaty system General,1.0
6206,Inspections,1.0
6207,Operation of the Antarctic Treaty system General,1.0
6208,Institutional and legal matters,1.0
6209,Operation of the Antarctic Treaty system General,1.0
6210,Human Footprint and wilderness values,1.0
6211,Operation of the Antarctic Treaty system General,1.0
6212,Operation of the Antarctic Treaty system General,1.0
6214,Exchange of Information,1.0
6215,Operation of the Antarctic Treaty system General,1.0
6216,Operation of the Antarctic Treaty system General,1.0
6218,Operation of the Antarctic Treaty system General,1.0
6219,Exchange of Information,1.0
6220,Comprehensive Environmental Evaluations,0.5
6220,Human Footprint and wilderness values,0.5
6221,Waste management and disposal,1.0
6222,Tourism and NG_Activities,1.0
6223,Operational issues,1.0
6224,Operation of the Antarctic Treaty system General,1.0
6225,Operation of the Antarctic Treaty system General,1.0
6226,Operation of the Antarctic Treaty system General,1.0
6227,Operation of the Antarctic Treaty system General,1.0
6229,Operation of the Antarctic Treaty system General,1.0
6230,Comprehensive Environmental Evaluations,1.0
6231,Inspections,1.0
6232,Science issues,1.0
6234,Operation of the Antarctic Treaty system General,1.0
6235,Operation of the Antarctic Treaty system General,1.0
6236,Operation of the Antarctic Treaty system General,1.0
6237,Operation of the Antarctic Treaty system General,1.0
6238,Operation of the Antarctic Treaty system General,1.0
6239,Operation of the Antarctic Treaty system General,1.0
6255,Operation of the Antarctic Treaty system General,1.0
6256,Human Footprint and wilderness values,1.0
6257,Operational issues,1.0
6259,Tourism and NG_Activities,1.0
6260,Operational issues,1.0
6262,Human Footprint and wilderness values,1.0
6263,Human Footprint and wilderness values,1.0
6264,Operation of the Antarctic Treaty system General,1.0
6265,Human Footprint and wilderness values,1.0
6266,Exchange of Information,1.0
6267,Operation of the Antarctic Treaty system General,1.0
6268,Exchange of Information,1.0
6269,Exchange of Information,1.0
6271,Area Protection and Management Plans General,1.0
6272,Operational issues,1.0
6274,Historic Sites and Monuments,1.0
6276,Area Protection and Management Plans General,1.0
6277,Human Footprint and wilderness values,1.0
6278,Cooperation with Other Organisations,1.0
6279,Cooperation with Other Organisations,0.5
6279,Operation of the Antarctic Treaty system General,0.5
6280,Operation of the Antarctic Treaty system General,1.0
6281,Operational issues,1.0
6282,Operational issues,1.0
6284,Operation of the Antarctic Treaty system Reports,1.0
6285,Human Footprint and wilderness values,1.0
6286,Operation of the Antarctic Treaty system General,1.0
6288,Operation of the Antarctic Treaty system General,1.0
6290,Cooperation with Other Organisations,1.0
6291,Operation of the Antarctic Treaty system General,1.0
6292,Operation of the Antarctic Treaty system General,1.0
6293,Operation of the Antarctic Treaty system Reports,0.5
6293,Operational issues,0.5
6296,Operation of the Antarctic Treaty system General,1.0
6297,Operational issues,1.0
6298,Tourism and NG_Activities,1.0
6299,Exchange of Information,0.5
6299,Science issues,0.5
6300,Environmental Monitoring and Reporting,0.5
6300,Exchange of Information,0.5
6301,Science issues,1.0
6302,Cooperation with Other Organisations,1.0
6303,Exchange of Information,1.0
6304,Operational issues,1.0
6356,Safety and Operations in Antarctica,1.0
6357,Operation of the CEP,1.0
6359,Educational issues,1.0
6360,Inspections,1.0
6362,Area Protection and Management Plans General,0.5
6362,Management Plans,0.5
6363,Fauna and Flora_General,0.3333333333333333
6363,Nonnative Species and Quarantine,0.3333333333333333
6363,Tourism and NG_Activities,0.3333333333333333
6364,Environmental Impact Assessment EIA Other EIA Matters,1.0
6366,Area Protection and Management Plans General,0.5
6366,Management Plans,0.5
6367,Area Protection and Management Plans General,0.5
6367,Management Plans,0.5
6368,Cooperation with Other Organisations,0.5
6368,Operation of the Antarctic Treaty system Reports,0.5
6369,Climate Change,0.5
6369,Operation of the Antarctic Treaty system Reports,0.5
6370,Educational issues,1.0
6372,CEP Strategy Discussions,0.5
6372,Operation of the Antarctic Treaty system Reports,0.5
6373,Area Protection and Management Plans General,0.5
6373,Management Plans,0.5
6375,Biological Prospecting,1.0
6378,Environmental Impact Assessment EIA Other EIA Matters,0.5
6378,Tourism and NG_Activities,0.5
6380,Safety and Operations in Antarctica,1.0
6381,Science issues,1.0
6382,Emergency report and contingency planning,0.5
6382,Operational issues,0.5
6384,Environmental Monitoring and Reporting,0.5
6384,Environmental Protection General,0.5
6389,Science issues,1.0
6390,Area Protection and Management Plans General,0.5
6390,Environmental Monitoring and Reporting,0.5
6391,Cooperation with Other Organisations,1.0
6395,Fauna and Flora_General,0.5
6395,Science issues,0.5
6396,Area Protection and Management Plans General,0.5
6396,Management Plans,0.5
6397,Comprehensive Environmental Evaluations,1.0
6398,Environmental Monitoring and Reporting,0.3333333333333333
6398,Environmental Protection General,0.3333333333333333
6398,Tourism and NG_Activities,0.3333333333333333
6399,Environmental Monitoring and Reporting,0.5
6399,Environmental Protection General,0.5
6400,Area Protection and Management Plans General,0.5
6400,Management Plans,0.5
6401,Area Protection and Management Plans General,0.5
6401,Management Plans,0.5
6402,Cooperation with Other Organisations,0.5
6402,Operation of the Antarctic Treaty system Reports,0.5
6403,Environmental Monitoring and Reporting,0.3333333333333333
6403,Environmental Protection General,0.3333333333333333
6403,Science issues,0.3333333333333333
6404,Marine Protected Areas,1.0
6405,Area Protection and Management Plans General,0.5
6405,Management Plans,0.5
6406,Comprehensive Environmental Evaluations,1.0
6407,Area Protection and Management Plans General,0.5
6407,Site Guidelines for Visitors,0.5
6409,Operation of the Antarctic Treaty system Reports,0.5
6409,Safety and Operations in Antarctica,0.5
6410,Environmental Impact Assessment EIA Other EIA Matters,1.0
6411,Area Protection and Management Plans General,0.5
6411,Management Plans,0.5
6412,Area Protection and Management Plans General,0.5
6412,Management Plans,0.5
6413,Comprehensive Environmental Evaluations,1.0
6414,Environmental Impact Assessment EIA Other EIA Matters,0.5
6414,Environmental Protection General,0.5
6415,Environmental Impact Assessment EIA Other EIA Matters,0.5
6415,Environmental Protection General,0.5
6416,Management Plans,0.5
6416,Site Guidelines for Visitors,0.5
6417,Management Plans,0.5
6417,Operation of the Antarctic Treaty system Reports,0.5
6418,Institutional and legal matters,0.5
6418,Tourism and NG_Activities,0.5
6419,Area Protection and Management Plans General,0.3333333333333333
6419,Institutional and legal matters,0.3333333333333333
6419,Management Plans,0.3333333333333333
6420,Comprehensive Environmental Evaluations,0.5
6420,Environmental Impact Assessment EIA Other EIA Matters,0.5
6421,Area Protection and Management Plans General,0.5
6421,Environmental Protection General,0.5
6422,Area Protection and Management Plans General,0.5
6422,Environmental Monitoring and Reporting,0.5
6423,Institutional and legal matters,0.5
6423,Operation of the Antarctic Treaty system Reports,0.5
6424,Exchange of Information,0.5
6424,Operation of the Antarctic Treaty system Reports,0.5
6426,Exchange of Information,0.3333333333333333
6426,Management Plans,0.3333333333333333
6426,Tourism and NG_Activities,0.3333333333333333
6427,Environmental Protection General,0.3333333333333333
6427,Human Footprint and wilderness values,0.3333333333333333
6427,Marine living resources,0.3333333333333333
6428,Operation of the Antarctic Treaty system Reports,1.0
6429,Climate Change,0.5
6429,Environmental Monitoring and Reporting,0.5
6430,Science issues,1.0
6431,Safety and Operations in Antarctica,1.0
6432,Comprehensive Environmental Evaluations,1.0
6433,Tourism and NG_Activities,1.0
6434,Safety and Operations in Antarctica,1.0
6435,Climate Change,0.5
6435,Environmental Protection General,0.5
6437,Tourism and NG_Activities,1.0
6438,Exchange of Information,0.5
6438,Tourism and NG_Activities,0.5
6439,Tourism and NG_Activities,1.0
6440,Environmental Impact Assessment EIA Other EIA Matters,0.5
6440,Safety and Operations in Antarctica,0.5
6441,Area Protection and Management Plans General,0.5
6441,Management Plans,0.5
6442,Safety and Operations in Antarctica,1.0
6443,Management Plans,0.5
6443,Site Guidelines for Visitors,0.5
6444,Area Protection and Management Plans General,0.5
6444,Management Plans,0.5
6445,Exchange of Information,1.0
6446,Fauna and Flora_General,1.0
6447,Safety and Operations in Antarctica,1.0
6449,Safety and Operations in Antarctica,1.0
6450,Operation of the Antarctic Treaty system Reports,1.0
6452,Area Protection and Management Plans General,0.5
6452,Management Plans,0.5
6453,Area Protection and Management Plans General,0.3333333333333333
6453,Historic Sites and Monuments,0.3333333333333333
6453,Management Plans,0.3333333333333333
6454,Fauna and Flora_General,0.5
6454,Nonnative Species and Quarantine,0.5
6455,Area Protection and Management Plans General,0.5
6455,Management Plans,0.5
6456,Human Footprint and wilderness values,0.5
6456,Management Plans,0.5
6457,Fauna and Flora_General,1.0
6459,Environmental Monitoring and Reporting,0.5
6459,Environmental Protection General,0.5
6460,Climate Change,0.5
6460,Operation of the Antarctic Treaty system Reports,0.5
6461,Operation of the Antarctic Treaty system General,1.0
6462,Safety and Operations in Antarctica,1.0
6463,Safety and Operations in Antarctica,0.5
6463,Search and Rescue,0.5
6465,Science issues,1.0
6466,Science issues,1.0
6467,Waste management and disposal,1.0
6469,Environmental Impact Assessment EIA Other EIA Matters,1.0
6472,Environmental Impact Assessment EIA Other EIA Matters,1.0
6474,Environmental Monitoring and Reporting,0.5
6474,Environmental Protection General,0.5
6475,Climate Change,0.5
6475,Cooperation with Other Organisations,0.5
6477,Operation of the Antarctic Treaty system Reports,1.0
6478,Educational issues,1.0
6482,Environmental Protection General,0.5
6482,Fauna and Flora_General,0.5
6483,Area Protection and Management Plans General,0.5
6483,Management Plans,0.5
6484,Operation of the Antarctic Treaty system Reports,1.0
6486,Educational issues,1.0
6487,Cooperation with Other Organisations,0.5
6487,Science issues,0.5
6491,Tourism and NG_Activities,1.0
6495,Management Plans,0.5
6495,Marine Protected Areas,0.5
6497,Safety and Operations in Antarctica,1.0
6499,Operation of the Antarctic Treaty system Reports,1.0
6500,Operation of the Antarctic Treaty system Reports,1.0
6501,Liability,1.0
6502,Comprehensive Environmental Evaluations,1.0
6503,Tourism and NG_Activities,1.0
6504,Comprehensive Environmental Evaluations,0.5
6504,Environmental Impact Assessment EIA Other EIA Matters,0.5
6505,Comprehensive Environmental Evaluations,0.5
6505,Environmental Impact Assessment EIA Other EIA Matters,0.5
6507,Area Protection and Management Plans General,0.5
6507,Management Plans,0.5
6508,Site Guidelines for Visitors,0.5
6508,Tourism and NG_Activities,0.5
6509,Climate Change,1.0
6511,Safety and Operations in Antarctica,1.0
6512,Operation of the Antarctic Treaty system General,1.0
6513,Area Protection and Management Plans General,0.5
6513,Management Plans,0.5
6514,Environmental Impact Assessment EIA Other EIA Matters,1.0
6515,Environmental Impact Assessment EIA Other EIA Matters,1.0
6516,Emergency report and contingency planning,0.5
6516,Safety and Operations in Antarctica,0.5
6518,Emergency report and contingency planning,0.5
6518,Safety and Operations in Antarctica,0.5
6519,Area Protection and Management Plans General,0.5
6519,Management Plans,0.5
6520,Climate Change,0.5
6520,Operation of the Antarctic Treaty system Reports,0.5
6521,Human Footprint and wilderness values,1.0
6522,Safety and Operations in Antarctica,1.0
6524,Climate Change,1.0
6525,Environmental Impact Assessment EIA Other EIA Matters,0.5
6525,Science issues,0.5
6526,Climate Change,1.0
6527,Safety and Operations in Antarctica,1.0
6528,Operation of the Antarctic Treaty system Reports,0.5
6528,Science issues,0.5
6529,Tourism and NG_Activities,1.0
6531,Tourism and NG_Activities,1.0
6532,Safety and Operations in Antarctica,0.5
6532,Search and Rescue,0.5
6534,Operation of the Antarctic Treaty system General,1.0
6535,Science issues,1.0
6536,CEP Strategy Discussions,1.0
6537,Environmental Monitoring and Reporting,0.5
6537,Environmental Protection General,0.5
6538,Fauna and Flora_General,0.5
6538,Nonnative Species and Quarantine,0.5
6540,Tourism and NG_Activities,1.0
6541,Fauna and Flora_General,1.0
6542,Management Plans,0.3333333333333333
6542,Site Guidelines for Visitors,0.3333333333333333
6542,Tourism and NG_Activities,0.3333333333333333
6543,Tourism and NG_Activities,1.0
6544,Tourism and NG_Activities,1.0
6545,Tourism and NG_Activities,1.0
6546,Science issues,1.0
6551,Safety and Operations in Antarctica,1.0
6552,Site Guidelines for Visitors,0.5
6552,Tourism and NG_Activities,0.5
6553,Tourism and NG_Activities,1.0
6554,Safety and Operations in Antarctica,0.5
6554,Search and Rescue,0.5
6555,Educational issues,1.0
6560,Safety and Operations in Antarctica,1.0
6561,Science issues,1.0
6562,Operation of the Antarctic Treaty system Reports,1.0
6563,Area Protection and Management Plans General,0.5
6563,Management Plans,0.5
6572,Environmental Protection General,0.5
6572,Safety and Operations in Antarctica,0.5
6584,Operation of the Antarctic Treaty system Reports,1.0
6585,Human Footprint and wilderness values,1.0
6591,Operation of the Antarctic Treaty system Reports,1.0
6595,Climate Change,1.0
6605,Area Protection and Management Plans General,0.5
6605,Management Plans,0.5
6629,Operation of the Antarctic Treaty system Reports,1.0
6630,Operation of the Antarctic Treaty system Reports,1.0
6631,Opening statements,1.0
6632,Operation of the Antarctic Treaty system General,1.0
6633,Opening statements,1.0
6634,Opening statements,1.0
6635,Opening statements,1.0
6636,Opening statements,1.0
6637,Opening statements,1.0
6638,Opening statements,1.0
6639,Opening statements,1.0
6640,Opening statements,1.0
6641,Opening statements,1.0
6642,Opening statements,1.0
6643,Opening statements,1.0
6644,Opening statements,1.0
6645,Opening statements,1.0
6646,Opening statements,1.0
6647,Operation of the Antarctic Treaty system General,1.0
6648,Operation of the Antarctic Treaty system Reports,1.0
6649,Operation of the Antarctic Treaty system General,1.0
6650,Prevention of marine pollution,1.0
6651,Operation of the Antarctic Treaty system General,1.0
6652,Operational issues,1.0
6653,Prevention of marine pollution,1.0
6654,Tourism and NG_Activities,1.0
6656,Marine Protected Areas,1.0
6657,Area Protection and Management Plans General,1.0
6658,Exchange of Information,1.0
6659,Marine living resources,1.0
6660,Operation of the Antarctic Treaty system General,1.0
6663,Operation of the Antarctic Treaty system General,1.0
6664,Operation of the Antarctic Treaty system Reports,1.0
6668,Operation of the Antarctic Treaty system Reports,1.0
6669,Operation of the Antarctic Treaty system General,1.0
6670,Operation of the Antarctic Treaty system General,1.0
6675,Mineral resources,1.0
6676,Exchange of Information,0.3333333333333333
6676,Operation of the Antarctic Treaty system General,0.3333333333333333
6676,Operation of the Antarctic Treaty system Reports,0.3333333333333333
6678,Operational issues,1.0
6679,Operational issues,1.0
6680,Exchange of Information,0.5
6680,Operational issues,0.5
6681,Prevention of marine pollution,1.0
6682,Operation of the Antarctic Treaty system General,1.0
6683,Opening statements,1.0
6684,Opening statements,1.0
6685,Opening statements,1.0
6686,Operation of the Antarctic Treaty system The Secretariat,1.0
6687,Operation of the Antarctic Treaty system Reports,1.0
6688,Operation of the Antarctic Treaty system General,1.0
6690,Tourism and NG_Activities,1.0
6691,Tourism and NG_Activities,1.0
6692,Tourism and NG_Activities,1.0
6693,Area Protection and Management Plans General,1.0
6694,Exchange of Information,0.5
6694,Operation of the Antarctic Treaty system Reports,0.5
6695,Tourism and NG_Activities,1.0
6696,Operation of the Antarctic Treaty system The Secretariat,1.0
6697,Liability,1.0
6698,Environmental Protection General,1.0
6699,Environmental Protection General,1.0
6700,Liability,1.0
6701,Prevention of marine pollution,1.0
6702,Exchange of Information,1.0
6703,Tourism and NG_Activities,1.0
6704,Operation of the Antarctic Treaty system General,1.0
6705,Exchange of Information,0.5
6705,Operational issues,0.5
6706,Institutional and legal matters,1.0
6707,Environmental Monitoring and Reporting,0.5
6707,Operational issues,0.5
6708,Operation of the Antarctic Treaty system The Secretariat,1.0
6709,CEP Strategy Discussions,1.0
6710,Science issues,1.0
6711,Area Protection and Management Plans General,1.0
6712,Tourism and NG_Activities,1.0
6715,Operation of the Antarctic Treaty system General,1.0
6716,Operation of the Antarctic Treaty system General,1.0
6717,Operation of the Antarctic Treaty system General,1.0
6720,Historic Sites and Monuments,1.0
6722,Science issues,1.0
6723,Operation of the Antarctic Treaty system Reports,1.0
6724,Environmental Monitoring and Reporting,1.0
6725,Tourism and NG_Activities,1.0
6726,Environmental Protection General,1.0
6727,Operation of the Antarctic Treaty system General,1.0
6728,Operation of the Antarctic Treaty system Reports,1.0
6729,Operation of the Antarctic Treaty system Reports,1.0
6730,Operation of the Antarctic Treaty system General,1.0
6733,Operation of the Antarctic Treaty system General,1.0
6734,Tourism and NG_Activities,1.0
6735,Tourism and NG_Activities,1.0
6736,Tourism and NG_Activities,1.0
6737,Tourism and NG_Activities,1.0
6738,Operation of the Antarctic Treaty system General,1.0
6739,Environmental Monitoring and Reporting,1.0
6740,Operation of the Antarctic Treaty system General,1.0
6741,Environmental Protection General,1.0
6742,Opening statements,1.0
6743,Opening statements,1.0
6744,Opening statements,1.0
6745,Operation of the Antarctic Treaty system General,1.0
6746,Marine living resources,1.0
6747,Environmental Protection General,1.0
6748,Tourism and NG_Activities,1.0
6749,Opening statements,1.0
6750,Environmental Protection General,1.0
6751,Tourism and NG_Activities,1.0
6752,Historic Sites and Monuments,1.0
6753,Historic Sites and Monuments,1.0
6754,Cooperation with Other Organisations,1.0
6755,Opening statements,1.0
6756,Opening statements,1.0
6757,Opening statements,1.0
6758,Operation of the Antarctic Treaty system Reports,1.0
6759,Cooperation with Other Organisations,0.5
6759,Operation of the Antarctic Treaty system Reports,0.5
6760,Tourism and NG_Activities,1.0
6761,Opening statements,1.0
6762,Cooperation with Other Organisations,0.5
6762,Operation of the Antarctic Treaty system Reports,0.5
6763,Environmental Protection General,0.5
6763,Science issues,0.5
6764,Operation of the Antarctic Treaty system The Secretariat,1.0
6765,Cooperation with Other Organisations,1.0
6766,Opening statements,1.0
6767,Environmental Protection General,1.0
6768,Cooperation with Other Organisations,1.0
6769,Environmental Protection General,0.5
6769,Operational issues,0.5
6770,Exchange of Information,1.0
6771,Opening statements,1.0
6772,Operational issues,1.0
6773,Environmental Protection General,0.5
6773,Management Plans,0.5
6774,Environmental Monitoring and Reporting,1.0
6775,Exchange of Information,1.0
6776,Opening statements,1.0
6777,Operation of the Antarctic Treaty system Reports,1.0
6778,Environmental Monitoring and Reporting,1.0
6779,Opening statements,1.0
6780,Tourism and NG_Activities,1.0
6783,Operation of the Antarctic Treaty system General,1.0
6784,Tourism and NG_Activities,1.0
6785,Liability,1.0
6786,Opening statements,1.0
6787,Environmental Protection General,1.0
6788,Operation of the Antarctic Treaty system Reports,1.0
6789,Marine living resources,0.5
6789,Operation of the Antarctic Treaty system Reports,0.5
6790,Exchange of Information,0.5
6790,Operational issues,0.5
6791,Opening statements,1.0
6792,Cooperation with Other Organisations,0.5
6792,Operation of the Antarctic Treaty system Reports,0.5
6793,Operational issues,1.0
6794,Operation of the Antarctic Treaty system Reports,1.0
6795,Tourism and NG_Activities,1.0
6796,Safety and Operations in Antarctica,1.0
6797,Opening statements,1.0
6798,Environmental Protection General,1.0
6799,Environmental Protection General,1.0
6800,Cooperation with Other Organisations,0.5
6800,Operation of the Antarctic Treaty system Reports,0.5
6801,Environmental Protection General,1.0
6802,Liability,1.0
6803,Opening statements,1.0
6804,Opening statements,1.0
6805,Educational issues,0.5
6805,Tourism and NG_Activities,0.5
6806,Tourism and NG_Activities,1.0
6807,Tourism and NG_Activities,1.0
6808,Tourism and NG_Activities,1.0
6809,Environmental Monitoring and Reporting,1.0
6810,Opening statements,1.0
6811,Exchange of Information,0.5
6811,Operational issues,0.5
6812,Tourism and NG_Activities,1.0
6813,Opening statements,1.0
6814,Operation of the Antarctic Treaty system Reports,1.0
6815,Operation of the Antarctic Treaty system General,1.0
6816,Opening statements,1.0
6817,Environmental Protection General,1.0
6818,Opening statements,1.0
6819,Opening statements,1.0
6820,Environmental Protection General,1.0
6821,Liability,1.0
6822,Prevention of marine pollution,0.5
6822,Safety and Operations in Antarctica,0.5
6823,Environmental Protection General,1.0
6824,Historic Sites and Monuments,1.0
6825,Historic Sites and Monuments,1.0
6826,Opening statements,1.0
6827,CEP Strategy Discussions,1.0
6828,Tourism and NG_Activities,1.0
6829,CEP Strategy Discussions,1.0
6830,Tourism and NG_Activities,1.0
6832,Inspections,1.0
6833,Science issues,1.0
6834,Environmental Protection General,1.0
6835,Environmental Protection General,1.0
6836,Tourism and NG_Activities,1.0
6837,Tourism and NG_Activities,1.0
6838,Exchange of Information,1.0
6839,Environmental Monitoring and Reporting,1.0
6840,Inspections,1.0
6841,Science issues,1.0
6842,Science issues,1.0
6843,Environmental Monitoring and Reporting,1.0
6844,Historic Sites and Monuments,1.0
6845,Environmental Protection General,1.0
6846,Prevention of marine pollution,1.0
6847,Exchange of Information,1.0
6848,Inspections,1.0
6849,Institutional and legal matters,1.0
6852,Institutional and legal matters,1.0
6853,Inspections,1.0
6854,Inspections,1.0
6855,Tourism and NG_Activities,1.0
6856,Environmental Protection General,1.0
6857,Operation of the Antarctic Treaty system Reports,1.0
6858,Operation of the Antarctic Treaty system Reports,1.0
6859,Operation of the Antarctic Treaty system General,1.0
6860,Operation of the Antarctic Treaty system General,1.0
6862,Operation of the Antarctic Treaty system General,1.0
6863,Operation of the Antarctic Treaty system Reports,1.0
6864,Operational issues,1.0
6865,Inspections,1.0
6866,Inspections,1.0
6867,Comprehensive Environmental Evaluations,1.0
6868,Environmental Protection General,1.0
6869,Opening statements,1.0
6870,Prevention of marine pollution,1.0
6871,Comprehensive Environmental Evaluations,1.0
6873,Area Protection and Management Plans General,1.0
6874,Tourism and NG_Activities,1.0
6875,Exchange of Information,0.5
6875,Operational issues,0.5
6876,Area Protection and Management Plans General,1.0
6877,Opening statements,1.0
6878,Operation of the Antarctic Treaty system Reports,1.0
6879,Operation of the Antarctic Treaty system Reports,1.0
6880,Comprehensive Environmental Evaluations,1.0
6882,Operation of the Antarctic Treaty system Reports,1.0
6883,Comprehensive Environmental Evaluations,1.0
6884,Operation of the Antarctic Treaty system Reports,1.0
6885,Exchange of Information,1.0
6886,Opening statements,1.0
6887,Environmental Protection General,1.0
6888,Opening statements,1.0
6889,Operation of the Antarctic Treaty system Reports,1.0
6890,Operation of the Antarctic Treaty system Reports,1.0
6891,Environmental Monitoring and Reporting,1.0
6892,Opening statements,1.0
6893,Comprehensive Environmental Evaluations,0.5
6893,Historic Sites and Monuments,0.5
6894,Inspections,1.0
6895,Tourism and NG_Activities,1.0
6896,Tourism and NG_Activities,1.0
6897,Operation of the Antarctic Treaty system General,1.0
6898,Opening statements,1.0
6899,Marine living resources,1.0
6900,Opening statements,1.0
6901,Operation of the Antarctic Treaty system Reports,1.0
6902,Opening statements,1.0
6903,Opening statements,1.0
6904,Opening statements,1.0
6905,Inspections,1.0
6906,Operational issues,1.0
6907,Operational issues,1.0
6908,Tourism and NG_Activities,1.0
6909,Tourism and NG_Activities,1.0
6910,Environmental Protection General,1.0
6911,Opening statements,1.0
6912,Opening statements,1.0
6913,Opening statements,1.0
6914,Comprehensive Environmental Evaluations,1.0
6915,Opening statements,1.0
6916,Opening statements,1.0
6917,Opening statements,1.0
6918,Opening statements,1.0
6919,Comprehensive Environmental Evaluations,0.5
6919,Environmental Monitoring and Reporting,0.5
6920,Comprehensive Environmental Evaluations,1.0
6921,Comprehensive Environmental Evaluations,1.0
6922,Drilling,1.0
6923,Environmental Protection General,1.0
6924,Operation of the Antarctic Treaty system Reports,1.0
6925,Opening statements,1.0
6926,Opening statements,1.0
6927,Opening statements,1.0
6928,Environmental Protection General,1.0
6929,Operation of the Antarctic Treaty system Reports,1.0
6930,Science issues,1.0
6931,Science issues,1.0
6932,Opening statements,1.0
6933,Opening statements,1.0
6934,Institutional and legal matters,0.5
6934,Operation of the Antarctic Treaty system General,0.5
6935,Environmental Protection General,0.3333333333333333
6935,Institutional and legal matters,0.3333333333333333
6935,Operation of the Antarctic Treaty system General,0.3333333333333333
6936,Environmental Protection General,0.5
6936,Human Footprint and wilderness values,0.5
6937,Environmental Monitoring and Reporting,1.0
6939,Liability,1.0
6940,Exchange of Information,0.5
6940,Operational issues,0.5
6941,Waste management and disposal,1.0
6942,Opening statements,1.0
6943,Exchange of Information,0.5
6943,Operational issues,0.5
6944,Cooperation with Other Organisations,1.0
6945,Opening statements,1.0
6946,Cooperation with Other Organisations,1.0
6947,Exchange of Information,0.5
6947,Operational issues,0.5
6949,Operation of the Antarctic Treaty system Reports,1.0
6950,Prevention of marine pollution,1.0
6951,Operation of the Antarctic Treaty system General,0.5
6951,Operation of the Antarctic Treaty system Reports,0.5
6952,Opening statements,1.0
6953,Operational issues,1.0
6954,Environmental Protection General,1.0
6955,Educational issues,1.0
6956,Environmental Monitoring and Reporting,0.3333333333333333
6956,Exchange of Information,0.3333333333333333
6956,Inspections,0.3333333333333333
6957,Cooperation with Other Organisations,1.0
6958,Environmental Protection General,1.0
6959,Opening statements,1.0
6960,Operation of the Antarctic Treaty system Reports,1.0
6961,Operation of the Antarctic Treaty system General,1.0
6962,Operation of the Antarctic Treaty system General,1.0
6963,Operation of the Antarctic Treaty system General,1.0
6964,Operation of the Antarctic Treaty system General,1.0
6965,Cooperation with Other Organisations,1.0
6966,Cooperation with Other Organisations,1.0
6967,Comprehensive Environmental Evaluations,0.5
6967,Tourism and NG_Activities,0.5
6968,Cooperation with Other Organisations,1.0
6969,Comprehensive Environmental Evaluations,1.0
6970,Comprehensive Environmental Evaluations,1.0
6971,Comprehensive Environmental Evaluations,1.0
6972,Cooperation with Other Organisations,1.0
6973,Environmental Protection General,1.0
6974,Tourism and NG_Activities,1.0
6975,Comprehensive Environmental Evaluations,1.0
6976,Comprehensive Environmental Evaluations,1.0
6977,Opening statements,1.0
6978,Operation of the Antarctic Treaty system General,1.0
6979,Environmental Monitoring and Reporting,0.5
6979,Operational issues,0.5
6980,Tourism and NG_Activities,1.0
6981,Exchange of Information,1.0
6984,Environmental Protection General,1.0
6985,Environmental Protection General,1.0
6986,Opening statements,1.0
6987,Liability,1.0
6988,Opening statements,1.0
6989,Cooperation with Other Organisations,1.0
6990,Environmental Monitoring and Reporting,1.0
6991,Waste management and disposal,1.0
6992,Environmental Monitoring and Reporting,1.0
6993,Exchange of Information,1.0
6994,Comprehensive Environmental Evaluations,1.0
6995,Climate Change,0.5
6995,Science issues,0.5
6996,Area Protection and Management Plans General,1.0
6997,Environmental Protection General,1.0
6998,Management Plans,1.0
6999,Exchange of Information,1.0
7000,Exchange of Information,1.0
7001,Educational issues,1.0
7002,Comprehensive Environmental Evaluations,1.0
7004,Cooperation with Other Organisations,0.5
7004,Operational issues,0.5
7005,Environmental Monitoring and Reporting,1.0
7006,Environmental Protection General,0.5
7006,Institutional and legal matters,0.5
7007,Tourism and NG_Activities,1.0
7010,Operation of the Antarctic Treaty system Reports,1.0
7011,Opening statements,1.0
7012,Environmental Protection General,1.0
7013,Comprehensive Environmental Evaluations,1.0
7014,Environmental Monitoring and Reporting,1.0
7015,Exchange of Information,1.0
7016,Climate Change,1.0
7017,Opening statements,1.0
7018,Operation of the Antarctic Treaty system General,1.0
7019,Opening statements,1.0
7020,Exchange of Information,1.0
7021,Environmental Monitoring and Reporting,1.0
7022,Cooperation with Other Organisations,1.0
7023,Environmental Protection General,1.0
7024,Opening statements,1.0
7025,Operation of the Antarctic Treaty system General,1.0
7026,Environmental Protection General,1.0
7027,Exchange of Information,1.0
7028,Opening statements,1.0
7029,Exchange of Information,1.0
7030,Environmental Monitoring and Reporting,1.0
7031,Environmental Monitoring and Reporting,1.0
7032,Opening statements,1.0
7033,Exchange of Information,0.5
7033,Science issues,0.5
7034,Opening statements,1.0
7035,Opening statements,1.0
7036,Inspections,1.0
7037,Opening statements,1.0
7038,Opening statements,1.0
7039,Opening statements,1.0
7040,Exchange of Information,1.0
7041,Exchange of Information,0.5
7041,Operational issues,0.5
7042,Opening statements,1.0
7043,Cooperation with Other Organisations,1.0
7044,Opening statements,1.0
7045,Opening statements,1.0
7046,Opening statements,1.0
7047,Climate Change,0.5
7047,Exchange of Information,0.5
7048,Comprehensive Environmental Evaluations,0.5
7048,Tourism and NG_Activities,0.5
7049,Exchange of Information,0.5
7049,Science issues,0.5
7050,Opening statements,1.0
7051,Opening statements,1.0
7052,Opening statements,1.0
7053,Opening statements,1.0
7054,Opening statements,1.0
7055,Opening statements,1.0
7056,Environmental Protection General,1.0
7057,Exchange of Information,1.0
7058,Opening statements,1.0
7059,Operation of the Antarctic Treaty system Reports,1.0
7060,Operation of the Antarctic Treaty system General,1.0
7061,Operation of the Antarctic Treaty system General,1.0
7062,Drilling,1.0
7063,Operation of the Antarctic Treaty system General,1.0
7064,Management Plans,1.0
7065,Inspections,1.0
7066,Cooperation with Other Organisations,1.0
7067,Comprehensive Environmental Evaluations,0.5
7067,Tourism and NG_Activities,0.5
7068,Operation of the Antarctic Treaty system General,1.0
7069,Exchange of Information,1.0
7070,Operation of the Antarctic Treaty system General,1.0
7071,Historic Sites and Monuments,1.0
7072,Human Footprint and wilderness values,1.0
7073,Area Protection and Management Plans General,1.0
7074,Area Protection and Management Plans General,1.0
7075,Inspections,1.0
7076,Environmental Protection General,1.0
7077,Operation of the Antarctic Treaty system General,1.0
7078,Operation of the Antarctic Treaty system General,1.0
7079,Environmental Monitoring and Reporting,0.5
7079,Exchange of Information,0.5
7080,Educational issues,1.0
7081,Management Plans,1.0
7082,Comprehensive Environmental Evaluations,1.0
7083,Management Plans,1.0
7084,Environmental Protection General,1.0
7085,Comprehensive Environmental Evaluations,1.0
7086,Operation of the Antarctic Treaty system General,1.0
7087,Environmental Protection General,0.5
7087,Operation of the Antarctic Treaty system General,0.5
7088,Liability,1.0
7090,Environmental Protection General,1.0
7091,Environmental Protection General,1.0
7092,Tourism and NG_Activities,1.0
7093,Environmental Protection General,1.0
7094,Operation of the Antarctic Treaty system Reports,1.0
7095,Tourism and NG_Activities,1.0
7096,Comprehensive Environmental Evaluations,1.0
7097,Environmental Protection General,1.0
7098,Comprehensive Environmental Evaluations,1.0
7099,Comprehensive Environmental Evaluations,1.0
7100,Environmental Protection General,1.0
7101,Environmental Protection General,1.0
7102,Comprehensive Environmental Evaluations,1.0
7103,Educational issues,1.0
7104,Comprehensive Environmental Evaluations,1.0
7105,Liability,1.0
7106,Tourism and NG_Activities,1.0
7107,Tourism and NG_Activities,1.0
7108,Tourism and NG_Activities,1.0
7109,Exchange of Information,1.0
7111,Science issues,1.0
7112,Cooperation with Other Organisations,1.0
7113,Exchange of Information,1.0
7114,Cooperation with Other Organisations,1.0
7115,Cooperation with Other Organisations,1.0
7116,Science issues,1.0
7117,Environmental Monitoring and Reporting,1.0
7118,Safety and Operations in Antarctica,1.0
7119,Environmental Monitoring and Reporting,1.0
7120,Liability,1.0
7121,Environmental Protection General,1.0
7122,Tourism and NG_Activities,1.0
7123,Historic Sites and Monuments,1.0
7124,Educational issues,1.0
7125,Operation of the Antarctic Treaty system General,1.0
7126,Educational issues,1.0
7127,Tourism and NG_Activities,1.0
7128,Environmental Protection General,1.0
7129,Operation of the Antarctic Treaty system General,1.0
7130,Tourism and NG_Activities,1.0
7131,Cooperation with Other Organisations,1.0
7132,Tourism and NG_Activities,1.0
7133,Environmental Monitoring and Reporting,1.0
7134,Area Protection and Management Plans General,1.0
7135,Liability,1.0
7136,Environmental Protection General,1.0
7137,Environmental Protection General,1.0
7138,Environmental Monitoring and Reporting,1.0
7139,Emergency report and contingency planning,1.0
7140,Cooperation with Other Organisations,1.0
7141,Comprehensive Environmental Evaluations,1.0
7142,Inspections,1.0
7143,Opening statements,1.0
7144,Cooperation with Other Organisations,1.0
7145,Educational issues,1.0
7146,Exchange of Information,1.0
7147,Educational issues,1.0
7148,Emergency report and contingency planning,1.0
7149,Opening statements,1.0
7150,Liability,1.0
7151,Environmental Protection General,1.0
7152,Operational issues,1.0
7153,Tourism and NG_Activities,1.0
7154,Environmental Monitoring and Reporting,1.0
7155,Environmental Monitoring and Reporting,1.0
7156,Management Plans,1.0
7157,Drilling,1.0
7158,Fauna and Flora_General,1.0
7159,Opening statements,1.0
7160,Educational issues,1.0
7161,Climate Change,1.0
7162,Educational issues,1.0
7163,Science issues,1.0
7164,Cooperation with Other Organisations,1.0
7165,Comprehensive Environmental Evaluations,1.0
7166,Waste management and disposal,1.0
7167,Operational issues,1.0
7168,Emergency report and contingency planning,1.0
7169,Liability,1.0
7170,Environmental Protection General,1.0
7171,Science issues,1.0
7172,Environmental Monitoring and Reporting,1.0
7173,Environmental Protection General,1.0
7174,Inspections,1.0
7175,Educational issues,1.0
7176,Exchange of Information,1.0
7177,Educational issues,1.0
7178,Exchange of Information,1.0
7179,Safety and Operations in Antarctica,1.0
7180,Science issues,1.0
7181,Environmental Monitoring and Reporting,1.0
7182,Science issues,1.0
7183,Tourism and NG_Activities,1.0
7184,Cooperation with Other Organisations,1.0
7185,Opening statements,1.0
7186,Educational issues,1.0
7187,Exchange of Information,1.0
7188,Educational issues,1.0
7189,Exchange of Information,1.0
7190,Cooperation with Other Organisations,1.0
7191,Opening statements,1.0
7192,Liability,1.0
7193,Exchange of Information,1.0
7194,Environmental Protection General,1.0
7195,Opening statements,1.0
7196,Environmental Protection General,1.0
7197,Operation of the Antarctic Treaty system General,1.0
7198,Cooperation with Other Organisations,1.0
7199,Opening statements,1.0
7200,Opening statements,1.0
7201,Environmental Monitoring and Reporting,1.0
7202,Opening statements,1.0
7203,Opening statements,1.0
7204,Opening statements,1.0
7205,Opening statements,1.0
7206,Opening statements,1.0
7207,Educational issues,1.0
7208,Opening statements,1.0
7209,Exchange of Information,1.0
7210,Exchange of Information,1.0
7211,Opening statements,1.0
7212,Opening statements,1.0
7213,Environmental Monitoring and Reporting,1.0
7214,Opening statements,1.0
7215,Opening statements,1.0
7216,Opening statements,1.0
7217,Cooperation with Other Organisations,1.0
7218,Opening statements,1.0
7219,Opening statements,1.0
7220,Opening statements,1.0
7221,Opening statements,1.0
7222,Opening statements,1.0
7223,Opening statements,1.0
7224,Opening statements,1.0
7225,Liability,1.0
7226,Opening statements,1.0
7227,Operation of the Antarctic Treaty system General,1.0
7228,Operation of the Antarctic Treaty system General,1.0
7229,Operation of the Antarctic Treaty system General,1.0
7230,Historic Sites and Monuments,1.0
7232,Management Plans,1.0
7235,Management Plans,1.0
7238,Management Plans,1.0
7241,Management Plans,1.0
7242,Comprehensive Environmental Evaluations,1.0
7243,Emergency report and contingency planning,1.0
7244,Area Protection and Management Plans General,1.0
7245,Safety and Operations in Antarctica,1.0
7247,Prevention of marine pollution,1.0
7248,Comprehensive Environmental Evaluations,1.0
7249,Educational issues,1.0
7252,Management Plans,1.0
7253,Inspections,1.0
7254,Area Protection and Management Plans General,1.0
7255,Management Plans,1.0
7256,Environmental Monitoring and Reporting,1.0
7257,Environmental Monitoring and Reporting,1.0
7258,Environmental Protection General,1.0
7259,Institutional and legal matters,1.0
7260,Operational issues,1.0
7261,Operation of the Antarctic Treaty system General,1.0
7262,Tourism and NG_Activities,1.0
7263,Inspections,1.0
7264,Historic Sites and Monuments,1.0
7265,Liability,1.0
7267,Management Plans,1.0
7268,Management Plans,1.0
7269,Management Plans,1.0
7270,Environmental Monitoring and Reporting,1.0
7271,Operation of the Antarctic Treaty system General,1.0
7274,Institutional and legal matters,1.0
7275,Comprehensive Environmental Evaluations,1.0
7276,Institutional and legal matters,1.0
7277,Comprehensive Environmental Evaluations,1.0
7278,Environmental Protection General,1.0
7279,Environmental Protection General,1.0
7280,Tourism and NG_Activities,1.0
7282,Educational issues,0.5
7282,Historic Sites and Monuments,0.5
7283,Environmental Protection General,1.0
7284,Comprehensive Environmental Evaluations,0.3333333333333333
7284,Environmental Protection General,0.3333333333333333
7284,Exchange of Information,0.3333333333333333
7285,Drilling,1.0
7286,Comprehensive Environmental Evaluations,0.5
7286,Drilling,0.5
7287,Environmental Protection General,1.0
7288,Tourism and NG_Activities,1.0
7289,Science issues,1.0
7290,Educational issues,1.0
7291,Opening statements,1.0
7292,Environmental Protection General,1.0
7293,Liability,1.0
7294,Tourism and NG_Activities,1.0
7295,Science issues,1.0
7296,Environmental Protection General,1.0
7297,Science issues,1.0
7298,Waste management and disposal,1.0
7299,Operational issues,1.0
7300,Operational issues,1.0
7301,Comprehensive Environmental Evaluations,1.0
7302,Environmental Protection General,1.0
7303,Science issues,1.0
7304,Operation of the Antarctic Treaty system Reports,1.0
7305,Science issues,1.0
7306,Tourism and NG_Activities,1.0
7307,Science issues,1.0
7308,Environmental Monitoring and Reporting,1.0
7309,Environmental Protection General,1.0
7310,Opening statements,1.0
7311,Opening statements,1.0
7312,Environmental Monitoring and Reporting,0.5
7312,Operational issues,0.5
7313,Science issues,1.0
7314,Science issues,1.0
7315,Science issues,1.0
7316,Operation of the Antarctic Treaty system Reports,1.0
7317,Inspections,1.0
7318,Environmental Protection General,0.5
7318,Institutional and legal matters,0.5
7319,Opening statements,1.0
7320,Area Protection and Management Plans General,1.0
7321,Operation of the Antarctic Treaty system Reports,1.0
7322,Operation of the Antarctic Treaty system Reports,1.0
7323,Operation of the Antarctic Treaty system Reports,1.0
7324,Science issues,1.0
7325,Operation of the Antarctic Treaty system Reports,1.0
7326,Comprehensive Environmental Evaluations,0.5
7326,Exchange of Information,0.5
7327,Operation of the Antarctic Treaty system General,1.0
7328,Operational issues,1.0
7329,Exchange of Information,1.0
7330,Fauna and Flora_General,1.0
7331,Science issues,1.0
7332,Opening statements,1.0
7333,Tourism and NG_Activities,1.0
7334,Comprehensive Environmental Evaluations,1.0
7335,Area Protection and Management Plans General,0.5
7335,Tourism and NG_Activities,0.5
7337,Comprehensive Environmental Evaluations,1.0
7338,Science issues,1.0
7339,Liability,1.0
7340,Environmental Protection General,1.0
7341,Operation of the Antarctic Treaty system Reports,1.0
7342,Liability,1.0
7343,Educational issues,1.0
7344,Area Protection and Management Plans General,1.0
7345,Operation of the Antarctic Treaty system Reports,1.0
7346,Environmental Monitoring and Reporting,1.0
7347,Opening statements,1.0
7348,Operational issues,1.0
7349,Opening statements,1.0
7350,Opening statements,1.0
7351,Operation of the Antarctic Treaty system Reports,1.0
7352,Operation of the Antarctic Treaty system General,1.0
7353,Comprehensive Environmental Evaluations,0.5
7353,Tourism and NG_Activities,0.5
7354,Tourism and NG_Activities,1.0
7355,Operational issues,1.0
7356,Operation of the Antarctic Treaty system Reports,1.0
7357,Opening statements,1.0
7358,Science issues,1.0
7359,Comprehensive Environmental Evaluations,1.0
7360,Opening statements,1.0
7361,Liability,1.0
7362,Opening statements,1.0
7363,Opening statements,1.0
7364,Opening statements,1.0
7365,Emergency report and contingency planning,1.0
7366,Emergency report and contingency planning,1.0
7367,Environmental Protection General,1.0
7368,Tourism and NG_Activities,1.0
7369,Opening statements,1.0
7370,Liability,1.0
7371,Environmental Protection General,1.0
7372,Environmental Protection General,1.0
7373,Opening statements,1.0
7374,Science issues,1.0
7375,Environmental Protection General,1.0
7376,Operation of the Antarctic Treaty system General,1.0
7377,Operation of the Antarctic Treaty system Reports,1.0
7378,Operation of the Antarctic Treaty system Reports,1.0
7379,Environmental Protection General,1.0
7380,Operation of the Antarctic Treaty system Reports,1.0
7381,Opening statements,1.0
7382,Liability,1.0
7383,Opening statements,1.0
7384,Science issues,1.0
7385,Science issues,1.0
7386,Operation of the Antarctic Treaty system Reports,1.0
7387,Science issues,1.0
7388,Opening statements,1.0
7389,Opening statements,1.0
7390,Environmental Protection General,0.5
7390,Institutional and legal matters,0.5
7391,Operation of the Antarctic Treaty system Reports,1.0
7392,Environmental Monitoring and Reporting,0.5
7392,Tourism and NG_Activities,0.5
7393,Liability,1.0
7394,Opening statements,1.0
7395,Operation of the Antarctic Treaty system The Secretariat,1.0
7396,Opening statements,1.0
7397,Environmental Protection General,1.0
7398,Opening statements,1.0
7399,Inspections,1.0
7400,Opening statements,1.0
7401,Opening statements,1.0
7402,Operational issues,1.0
7403,Tourism and NG_Activities,1.0
7404,Waste management and disposal,1.0
7405,Opening statements,1.0
7406,Environmental Protection General,1.0
7407,Science issues,1.0
7408,Opening statements,1.0
7409,Opening statements,1.0
7411,Tourism and NG_Activities,1.0
7412,Environmental Protection General,1.0
7413,Educational issues,1.0
7414,Emergency report and contingency planning,1.0
7415,Operational issues,0.5
7415,Science issues,0.5
7416,Operational issues,1.0
7417,Science issues,1.0
7418,Science issues,1.0
7419,Operational issues,1.0
7420,Emergency report and contingency planning,1.0
7421,Environmental Monitoring and Reporting,0.5
7421,Science issues,0.5
7422,Operation of the Antarctic Treaty system Reports,1.0
7423,Science issues,1.0
7424,Science issues,1.0
7425,Emergency report and contingency planning,1.0
7426,Tourism and NG_Activities,1.0
7427,Science issues,1.0
7428,Operation of the Antarctic Treaty system Reports,1.0
7429,Tourism and NG_Activities,1.0
7430,Liability,1.0
7431,Operational issues,1.0
7432,Safety and Operations in Antarctica,1.0
7433,Safety and Operations in Antarctica,1.0
7434,Liability,1.0
7435,Science issues,1.0
7436,Liability,1.0
7448,Operation of the Antarctic Treaty system Reports,1.0
7487,Exchange of Information,0.5
7487,Science issues,0.5
7523,Operation of the Antarctic Treaty system Reports,1.0
7524,Educational issues,1.0
7525,Science issues,1.0
7527,Tourism and NG_Activities,1.0
7528,Operation of the Antarctic Treaty system Reports,1.0
7529,Management Plans,1.0
7531,Management Plans,1.0
7532,Operation of the Antarctic Treaty system Reports,1.0
7533,Management Plans,1.0
7534,Management Plans,1.0
7535,CEP Strategy Discussions,1.0
7536,Climate Change,0.3333333333333333
7536,Cooperation with Other Organisations,0.3333333333333333
7536,Environmental Monitoring and Reporting,0.3333333333333333
7537,Institutional and legal matters,0.5
7537,Operation of the Antarctic Treaty system General,0.5
7538,Management Plans,1.0
7541,Management Plans,1.0
7542,Management Plans,1.0
7543,Management Plans,1.0
7544,Management Plans,1.0
7545,Environmental Impact Assessment EIA Other EIA Matters,1.0
7546,Cooperation with Other Organisations,0.5
7546,Operation of the Antarctic Treaty system Reports,0.5
7548,Exchange of Information,0.5
7548,Operation of the CEP,0.5
7549,Management Plans,1.0
7550,Science issues,1.0
7551,Historic Sites and Monuments,1.0
7552,Tourism and NG_Activities,1.0
7554,Marine Protected Areas,1.0
7555,Marine Protected Areas,1.0
7556,CEP Strategy Discussions,1.0
7557,CEP Strategy Discussions,1.0
7558,Cooperation with Other Organisations,1.0
7559,Environmental Impact Assessment EIA Other EIA Matters,0.5
7559,Safety and Operations in Antarctica,0.5
7560,Historic Sites and Monuments,1.0
7561,Historic Sites and Monuments,1.0
7562,Tourism and NG_Activities,1.0
7563,Management Plans,1.0
7564,Management Plans,1.0
7565,Science issues,1.0
7566,Environmental Impact Assessment EIA Other EIA Matters,0.5
7566,Science issues,0.5
7568,Fauna and Flora_General,0.5
7568,Science issues,0.5
7569,Nonnative Species and Quarantine,1.0
7570,Area Protection and Management Plans General,1.0
7571,Comprehensive Environmental Evaluations,1.0
7573,Tourism and NG_Activities,1.0
7574,Liability,1.0
7575,Repair and remediation of environmental damage,1.0
7576,Educational issues,1.0
7577,Educational issues,1.0
7581,Science issues,1.0
7583,Operation of the Antarctic Treaty system Reports,1.0
7584,Operation of the Antarctic Treaty system Reports,1.0
7585,Science issues,1.0
7586,Management Plans,1.0
7587,Area Protection and Management Plans General,1.0
7588,Area Protection and Management Plans General,1.0
7589,Liability,1.0
7594,Climate Change,1.0
7595,Climate Change,1.0
7596,Climate Change,1.0
7597,Science issues,1.0
7598,Science issues,1.0
7599,Fauna and Flora_General,1.0
7600,Fauna and Flora_General,1.0
7601,Management Plans,1.0
7602,Safety and Operations in Antarctica,1.0
7603,Management Plans,1.0
7604,Operation of the Antarctic Treaty system General,1.0
7605,Environmental Protection General,0.5
7605,Operation of the Antarctic Treaty system General,0.5
7607,Operation of the Antarctic Treaty system The Secretariat,1.0
7608,Nonnative Species and Quarantine,1.0
7609,Educational issues,1.0
7610,Nonnative Species and Quarantine,1.0
7611,Management Plans,1.0
7612,Repair and remediation of environmental damage,1.0
7614,Science issues,1.0
7615,Area Protection and Management Plans General,1.0
7616,Educational issues,1.0
7617,Science issues,1.0
7618,Operation of the Antarctic Treaty system Reports,1.0
7621,Tourism and NG_Activities,1.0
7622,Tourism and NG_Activities,1.0
7623,Tourism and NG_Activities,1.0
7624,Tourism and NG_Activities,1.0
7625,Comprehensive Environmental Evaluations,1.0
7626,Operation of the Antarctic Treaty system Reports,1.0
7627,Repair and remediation of environmental damage,1.0
7628,Environmental Monitoring and Reporting,1.0
7629,Educational issues,1.0
7630,Safety and Operations in Antarctica,1.0
7632,Nonnative Species and Quarantine,1.0
7634,Science issues,1.0
7635,Educational issues,1.0
7636,Tourism and NG_Activities,1.0
7637,Historic Sites and Monuments,0.5
7637,Safety and Operations in Antarctica,0.5
7638,Safety and Operations in Antarctica,1.0
7639,Safety and Operations in Antarctica,1.0
7640,Tourism and NG_Activities,1.0
7641,Tourism and NG_Activities,1.0
7642,Operational issues,0.5
7642,Safety and Operations in Antarctica,0.5
7643,Safety and Operations in Antarctica,1.0
7646,Inspections,1.0
7647,Tourism and NG_Activities,1.0
7648,Science issues,1.0
7649,Operation of the Antarctic Treaty system The Secretariat,1.0
7650,Safety and Operations in Antarctica,1.0
7651,Educational issues,1.0
7652,Science issues,1.0
7654,Tourism and NG_Activities,1.0
7655,Tourism and NG_Activities,1.0
7656,Science issues,1.0
7657,Exchange of Information,1.0
7658,Fauna and Flora_General,1.0
7660,Operation of the Antarctic Treaty system Reports,0.5
7660,Science issues,0.5
7661,Environmental Monitoring and Reporting,1.0
7662,Tourism and NG_Activities,1.0
7663,Educational issues,1.0
7664,Safety and Operations in Antarctica,0.5
7664,Waste management and disposal,0.5
7665,Educational issues,1.0
7666,Tourism and NG_Activities,1.0
7667,Educational issues,1.0
7668,Environmental Impact Assessment EIA Other EIA Matters,1.0
7669,Nonnative Species and Quarantine,1.0
7672,Environmental Impact Assessment EIA Other EIA Matters,1.0
7673,Tourism and NG_Activities,1.0
7674,Environmental Impact Assessment EIA Other EIA Matters,0.5
7674,Safety and Operations in Antarctica,0.5
7675,Environmental Impact Assessment EIA Other EIA Matters,0.5
7675,Safety and Operations in Antarctica,0.5
7677,Operation of the Antarctic Treaty system Reports,0.5
7677,Tourism and NG_Activities,0.5
7678,Site Guidelines for Visitors,0.5
7678,Tourism and NG_Activities,0.5
7679,Tourism and NG_Activities,1.0
7680,Educational issues,1.0
7681,Environmental Impact Assessment EIA Other EIA Matters,0.5
7681,Safety and Operations in Antarctica,0.5
7682,Science issues,1.0
7686,Tourism and NG_Activities,1.0
7687,Educational issues,1.0
7688,Operation of the Antarctic Treaty system Reports,1.0
7692,Educational issues,1.0
7693,Science issues,1.0
7694,Climate Change,1.0
7695,Nonnative Species and Quarantine,1.0
7696,Inspections,1.0
7697,Climate Change,0.5
7697,Science issues,0.5
7698,Tourism and NG_Activities,1.0
7699,Tourism and NG_Activities,1.0
7700,Educational issues,1.0
7701,Environmental Monitoring and Reporting,0.5
7701,Science issues,0.5
7703,Science issues,1.0
7704,Safety and Operations in Antarctica,0.5
7704,Science issues,0.5
7705,Educational issues,0.5
7705,Nonnative Species and Quarantine,0.5
7706,Site Guidelines for Visitors,0.5
7706,Tourism and NG_Activities,0.5
7707,Environmental Monitoring and Reporting,1.0
7709,Tourism and NG_Activities,1.0
7714,Educational issues,1.0
7715,Cooperation with Other Organisations,1.0
7716,Tourism and NG_Activities,1.0
7719,Area Protection and Management Plans General,0.5
7719,Tourism and NG_Activities,0.5
7720,Climate Change,1.0
7721,Environmental Impact Assessment EIA Other EIA Matters,1.0
7722,Area Protection and Management Plans General,1.0
7723,Safety and Operations in Antarctica,1.0
7724,Climate Change,1.0
7726,Science issues,1.0
7727,Science issues,1.0
7728,Tourism and NG_Activities,1.0
7730,Site Guidelines for Visitors,1.0
7733,Tourism and NG_Activities,1.0
7734,Educational issues,1.0
7735,Operation of the CEP,1.0
7736,Operation of the Antarctic Treaty system Reports,1.0
7737,Educational issues,1.0
7738,Tourism and NG_Activities,1.0
7740,Educational issues,1.0
7744,Science issues,1.0
7745,Tourism and NG_Activities,1.0
7747,Tourism and NG_Activities,1.0
7758,Educational issues,1.0
7760,Science issues,1.0
7762,Site Guidelines for Visitors,1.0
7763,Tourism and NG_Activities,1.0
7764,Biological Prospecting,0.5
7764,Institutional and legal matters,0.5
7769,Educational issues,1.0
7771,Science issues,1.0
7775,Science issues,1.0
7776,Science issues,1.0
7778,Operation of the Antarctic Treaty system Reports,0.5
7778,Tourism and NG_Activities,0.5
7792,Tourism and NG_Activities,1.0
7794,Cooperation with Other Organisations,0.5
7794,Operation of the Antarctic Treaty system Reports,0.5
7796,Tourism and NG_Activities,1.0
7800,Historic Sites and Monuments,1.0
7921,Historic Sites and Monuments,0.5
7921,Tourism and NG_Activities,0.5
7923,Environmental Impact Assessment EIA Other EIA Matters,1.0
7924,Management Plans,1.0
7925,Operation of the Antarctic Treaty system Reports,1.0
7926,Management Plans,1.0
7928,Management Plans,1.0
7930,Environmental Impact Assessment EIA Other EIA Matters,1.0
7931,Area Protection and Management Plans General,0.5
7931,Operation of the Antarctic Treaty system General,0.5
7932,Operation of the Antarctic Treaty system Reports,1.0
7933,Area Protection and Management Plans General,1.0
7934,Operation of the Antarctic Treaty system General,1.0
7935,Operation of the Antarctic Treaty system Reports,1.0
7936,Cooperation with Other Organisations,1.0
7937,Educational issues,1.0
7938,Environmental Monitoring and Reporting,0.5
7938,Science issues,0.5
7939,Marine Protected Areas,1.0
7940,Management Plans,1.0
7941,Environmental Protection General,1.0
7942,Operation of the CEP,1.0
7943,Tourism and NG_Activities,1.0
7944,Historic Sites and Monuments,1.0
7945,Nonnative Species and Quarantine,1.0
7946,Cooperation with Other Organisations,0.5
7946,Operation of the Antarctic Treaty system Reports,0.5
7947,Environmental Impact Assessment EIA Other EIA Matters,0.5
7947,Safety and Operations in Antarctica,0.5
7948,Environmental Impact Assessment EIA Other EIA Matters,1.0
7949,Environmental Monitoring and Reporting,1.0
7950,Exchange of Information,0.5
7950,Operation of the CEP,0.5
7951,Management Plans,1.0
7952,Operation of the Antarctic Treaty system General,1.0
7953,Educational issues,1.0
7954,Comprehensive Environmental Evaluations,1.0
7955,Inspections,1.0
7956,Area Protection and Management Plans General,1.0
7961,Educational issues,1.0
7962,Tourism and NG_Activities,1.0
7963,Management Plans,1.0
7964,Management Plans,1.0
7965,Tourism and NG_Activities,1.0
7966,Management Plans,1.0
7967,Historic Sites and Monuments,1.0
7968,Area Protection and Management Plans General,0.5
7968,Management Plans,0.5
7969,Operation of the Antarctic Treaty system Reports,1.0
7970,Climate Change,1.0
7971,Science issues,1.0
7972,Science issues,1.0
7973,Cooperation with Other Organisations,0.5
7973,Science issues,0.5
7974,Site Guidelines for Visitors,1.0
7975,Site Guidelines for Visitors,1.0
7976,Tourism and NG_Activities,1.0
7977,Tourism and NG_Activities,1.0
7978,Management Plans,1.0
7979,Management Plans,1.0
7980,Operation of the Antarctic Treaty system General,1.0
7982,Management Plans,1.0
7984,Operation of the Antarctic Treaty system The Secretariat,1.0
7985,Comprehensive Environmental Evaluations,1.0
7986,Inspections,1.0
7987,Science issues,1.0
7988,Educational issues,1.0
7990,Science issues,1.0
7991,Educational issues,1.0
7992,Site Guidelines for Visitors,1.0
7993,Cooperation with Other Organisations,0.5
7993,Operation of the Antarctic Treaty system Reports,0.5
7997,Environmental Protection General,1.0
7998,Operation of the Antarctic Treaty system General,1.0
7999,Historic Sites and Monuments,1.0
8000,Nonnative Species and Quarantine,1.0
8001,Operation of the Antarctic Treaty system Reports,0.5
8001,Science issues,0.5
8004,Safety and Operations in Antarctica,1.0
8006,Operation of the Antarctic Treaty system Reports,1.0
8007,Science issues,1.0
8009,Educational issues,1.0
8013,Science issues,1.0
8014,Nonnative Species and Quarantine,1.0
8016,Safety and Operations in Antarctica,1.0
8017,Science issues,1.0
8018,Environmental Impact Assessment EIA Other EIA Matters,0.5
8018,Safety and Operations in Antarctica,0.5
8019,Area Protection and Management Plans General,1.0
8022,Environmental Monitoring and Reporting,0.5
8022,Science issues,0.5
8023,Management Plans,1.0
8024,Cooperation with Other Organisations,0.5
8024,Science issues,0.5
8025,Climate Change,1.0
8026,Tourism and NG_Activities,1.0
8027,Safety and Operations in Antarctica,1.0
8030,Fauna and Flora_General,1.0
8031,Area Protection and Management Plans General,1.0
8032,Science issues,1.0
8033,Climate Change,1.0
8034,Operation of the Antarctic Treaty system Reports,1.0
8039,Operation of the Antarctic Treaty system Reports,1.0
8040,Operation of the Antarctic Treaty system Reports,1.0
8041,Environmental Impact Assessment EIA Other EIA Matters,1.0
8043,Science issues,1.0
8044,Operational issues,0.5
8044,Safety and Operations in Antarctica,0.5
8045,Inspections,1.0
8047,Science issues,1.0
8048,Safety and Operations in Antarctica,1.0
8051,Science issues,1.0
8052,Safety and Operations in Antarctica,1.0
8053,Environmental Impact Assessment EIA Other EIA Matters,1.0
8054,Science issues,1.0
8055,Science issues,1.0
8056,Environmental Impact Assessment EIA Other EIA Matters,0.5
8056,Tourism and NG_Activities,0.5
8057,Nonnative Species and Quarantine,1.0
8059,Comprehensive Environmental Evaluations,1.0
8060,Environmental Impact Assessment EIA Other EIA Matters,1.0
8061,Nonnative Species and Quarantine,1.0
8062,Comprehensive Environmental Evaluations,1.0
8063,Site Guidelines for Visitors,1.0
8065,Science issues,1.0
8066,Climate Change,1.0
8068,Marine Protected Areas,1.0
8069,Science issues,1.0
8071,Educational issues,1.0
8072,Safety and Operations in Antarctica,1.0
8073,Environmental Protection General,1.0
8074,Science issues,1.0
8075,Management Plans,1.0
8076,Inspections,1.0
8077,Exchange of Information,1.0
8078,Exchange of Information,1.0
8079,Exchange of Information,1.0
8080,Repair and remediation of environmental damage,1.0
8081,Cooperation with Other Organisations,1.0
8082,Climate Change,1.0
8083,Operation of the Antarctic Treaty system General,1.0
8084,Area Protection and Management Plans General,1.0
8085,Climate Change,1.0
8086,Safety and Operations in Antarctica,1.0
8087,Marine Protected Areas,1.0
8088,Science issues,1.0
8089,Science issues,1.0
8090,Science issues,1.0
8091,Educational issues,1.0
8092,Educational issues,1.0
8093,Educational issues,1.0
8094,Educational issues,1.0
8095,Science issues,1.0
8096,Tourism and NG_Activities,1.0
8097,Safety and Operations in Antarctica,1.0
8098,Safety and Operations in Antarctica,1.0
8099,Safety and Operations in Antarctica,1.0
8100,Environmental Monitoring and Reporting,0.5
8100,Science issues,0.5
8101,Safety and Operations in Antarctica,1.0
8102,Educational issues,1.0
8103,Educational issues,1.0
8104,Safety and Operations in Antarctica,1.0
8106,Site Guidelines for Visitors,0.5
8106,Tourism and NG_Activities,0.5
8107,Inspections,1.0
8108,Operation of the Antarctic Treaty system Reports,1.0
8110,Site Guidelines for Visitors,0.5
8110,Tourism and NG_Activities,0.5
8111,Tourism and NG_Activities,1.0
8112,Fauna and Flora_General,0.5
8112,Tourism and NG_Activities,0.5
8113,Tourism and NG_Activities,1.0
8114,Safety and Operations in Antarctica,1.0
8115,Safety and Operations in Antarctica,1.0
8119,Science issues,1.0
8120,Tourism and NG_Activities,1.0
8123,Area Protection and Management Plans General,1.0
8124,Tourism and NG_Activities,1.0
8127,Operation of the CEP,1.0
8129,Environmental Protection General,1.0
8130,Climate Change,0.5
8130,Operation of the Antarctic Treaty system Reports,0.5
8144,Science issues,1.0
8154,Tourism and NG_Activities,1.0
8155,Nonnative Species and Quarantine,1.0
8156,Environmental Impact Assessment EIA Other EIA Matters,1.0
8157,Fauna and Flora_General,0.5
8157,Tourism and NG_Activities,0.5
8180,Environmental Impact Assessment EIA Other EIA Matters,1.0
8181,Operation of the Antarctic Treaty system Reports,1.0
8184,CEP Strategy Discussions,0.5
8184,Environmental Protection General,0.5
8188,Cooperation with Other Organisations,1.0
8194,Tourism and NG_Activities,1.0
8196,Historic Sites and Monuments,1.0
8197,Operation of the Antarctic Treaty system General,1.0
8198,Science issues,1.0
8199,Science issues,1.0
8200,Site Guidelines for Visitors,0.5
8200,Tourism and NG_Activities,0.5
8208,Historic Sites and Monuments,1.0
9324,Safety and Operations in Antarctica,1.0
9325,Science issues,1.0
9326,Repair and remediation of environmental damage,1.0
9329,Operation of the Antarctic Treaty system Reports,0.5
9329,Safety and Operations in Antarctica,0.5
9330,Environmental Impact Assessment EIA Other EIA Matters,1.0
9331,Science issues,1.0
9332,Safety and Operations in Antarctica,1.0
9333,Environmental Monitoring and Reporting,1.0
9334,Cooperation with Other Organisations,0.5
9334,Operation of the Antarctic Treaty system Reports,0.5
9335,Safety and Operations in Antarctica,1.0
9339,Climate Change,1.0
9340,Operation of the Antarctic Treaty system Reports,1.0
9341,Exchange of Information,1.0
9342,Operation of the Antarctic Treaty system General,1.0
9343,Science issues,1.0
9344,Nonnative Species and Quarantine,1.0
9346,Operation of the Antarctic Treaty system General,1.0
9348,Management Plans,1.0
9354,Climate Change,0.3333333333333333
9354,Fauna and Flora_General,0.3333333333333333
9354,Management Plans,0.3333333333333333
9356,Climate Change,0.5
9356,Science issues,0.5
9360,Science issues,1.0
9361,Area Protection and Management Plans General,1.0
9362,Area Protection and Management Plans General,1.0
9363,Area Protection and Management Plans General,1.0
9364,Tourism and NG_Activities,1.0
9365,Fauna and Flora_General,0.5
9365,Safety and Operations in Antarctica,0.5
9367,Area Protection and Management Plans General,1.0
9368,Tourism and NG_Activities,1.0
9369,Tourism and NG_Activities,1.0
9370,Educational issues,1.0
9371,Operation of the CEP,1.0
9372,Operation of the CEP,1.0
9373,Nonnative Species and Quarantine,1.0
9376,Operation of the Antarctic Treaty system General,1.0
9377,Repair and remediation of environmental damage,1.0
9378,Area Protection and Management Plans General,1.0
9379,Area Protection and Management Plans General,1.0
9380,Science issues,1.0
9381,Tourism and NG_Activities,1.0
9382,Operation of the Antarctic Treaty system General,1.0
9384,Tourism and NG_Activities,1.0
9385,Operation of the CEP,1.0
9386,Management Plans,1.0
9387,Environmental Protection General,1.0
9388,Area Protection and Management Plans General,1.0
9389,Area Protection and Management Plans General,1.0
9390,Area Protection and Management Plans General,1.0
9391,Management Plans,1.0
9392,Science issues,1.0
9393,Inspections,1.0
9394,Environmental Impact Assessment EIA Other EIA Matters,1.0
9395,Area Protection and Management Plans General,1.0
9397,Inspections,1.0
9398,Fauna and Flora_General,1.0
9399,Area Protection and Management Plans General,0.5
9399,Management Plans,0.5
9400,Safety and Operations in Antarctica,1.0
9405,Science issues,1.0
9406,Educational issues,1.0
9407,Fauna and Flora_General,1.0
9409,Science issues,1.0
9410,Environmental Monitoring and Reporting,1.0
9411,Area Protection and Management Plans General,1.0
9412,Science issues,1.0
9413,Area Protection and Management Plans General,1.0
9414,Science issues,1.0
9415,Safety and Operations in Antarctica,1.0
9416,Educational issues,1.0
9417,Science issues,1.0
9418,Inspections,1.0
9419,Operation of the Antarctic Treaty system Reports,1.0
9420,Operation of the Antarctic Treaty system Reports,1.0
9421,Operation of the Antarctic Treaty system General,1.0
9422,Area Protection and Management Plans General,0.5
9422,Environmental Monitoring and Reporting,0.5
9424,Cooperation with Other Organisations,0.5
9424,Operation of the Antarctic Treaty system Reports,0.5
9425,Science issues,1.0
9426,Fauna and Flora_General,1.0
9427,Fauna and Flora_General,1.0
9428,Fauna and Flora_General,1.0
9429,Safety and Operations in Antarctica,1.0
9430,Environmental Impact Assessment EIA Other EIA Matters,0.5
9430,Safety and Operations in Antarctica,0.5
9431,Safety and Operations in Antarctica,1.0
9432,Safety and Operations in Antarctica,1.0
9433,Area Protection and Management Plans General,1.0
9434,Historic Sites and Monuments,1.0
9435,Fauna and Flora_General,1.0
9436,Fauna and Flora_General,1.0
9437,Nonnative Species and Quarantine,1.0
9438,Repair and remediation of environmental damage,1.0
9439,Repair and remediation of environmental damage,1.0
9440,Cooperation with Other Organisations,1.0
9441,Educational issues,1.0
9442,Climate Change,1.0
9444,Cooperation with Other Organisations,1.0
9445,Nonnative Species and Quarantine,1.0
9446,Safety and Operations in Antarctica,1.0
9447,Safety and Operations in Antarctica,1.0
9449,Science issues,1.0
9450,Science issues,1.0
9451,Science issues,1.0
9452,Educational issues,1.0
9453,Educational issues,1.0
9454,Science issues,1.0
9455,Safety and Operations in Antarctica,1.0
9456,Exchange of Information,0.5
9456,Safety and Operations in Antarctica,0.5
9457,Science issues,1.0
9458,Tourism and NG_Activities,1.0
9459,Science issues,0.5
9459,Tourism and NG_Activities,0.5
9460,Environmental Monitoring and Reporting,0.5
9460,Science issues,0.5
9461,Climate Change,1.0
9462,Environmental Impact Assessment EIA Other EIA Matters,1.0
9464,Climate Change,1.0
9466,Operation of the Antarctic Treaty system Reports,1.0
9468,Safety and Operations in Antarctica,1.0
9469,Area Protection and Management Plans General,1.0
9470,Repair and remediation of environmental damage,1.0
9471,Fauna and Flora_General,1.0
9472,Environmental Monitoring and Reporting,1.0
9473,Fauna and Flora_General,0.5
9473,Safety and Operations in Antarctica,0.5
9474,Safety and Operations in Antarctica,1.0
9476,Environmental Monitoring and Reporting,1.0
9478,Environmental Monitoring and Reporting,1.0
9479,Science issues,1.0
9481,Climate Change,1.0
9482,Science issues,1.0
9484,Area Protection and Management Plans General,1.0
9485,Liability,0.5
9485,Operation of the Antarctic Treaty system Reports,0.5
9486,Liability,0.5
9486,Operation of the Antarctic Treaty system Reports,0.5
9487,Operation of the Antarctic Treaty system The Secretariat,1.0
9489,Science issues,1.0
9490,Science issues,1.0
9491,Science issues,1.0
9492,Science issues,1.0
9493,Operation of the Antarctic Treaty system General,0.5
9493,Operation of the CEP,0.5
9496,Science issues,1.0
9497,Educational issues,1.0
9498,Science issues,1.0
9499,Science issues,1.0
9500,Educational issues,1.0
9504,Safety and Operations in Antarctica,1.0
9505,Safety and Operations in Antarctica,1.0
9506,Safety and Operations in Antarctica,1.0
9507,Safety and Operations in Antarctica,1.0
9508,Safety and Operations in Antarctica,1.0
9509,Safety and Operations in Antarctica,1.0
9517,Environmental Impact Assessment EIA Other EIA Matters,1.0
9518,Safety and Operations in Antarctica,1.0
9519,Repair and remediation of environmental damage,1.0
9520,Safety and Operations in Antarctica,1.0
9521,Safety and Operations in Antarctica,1.0
9522,Science issues,1.0
9523,Cooperation with Other Organisations,0.5
9523,Operation of the Antarctic Treaty system Reports,0.5
9524,Environmental Monitoring and Reporting,0.5
9524,Science issues,0.5
9525,Environmental Monitoring and Reporting,0.5
9525,Science issues,0.5
9526,Climate Change,1.0
9527,Cooperation with Other Organisations,0.5
9527,Science issues,0.5
9528,Science issues,1.0
9529,Climate Change,1.0
9530,Climate Change,1.0
9531,Science issues,1.0
9532,Science issues,1.0
9533,Science issues,1.0
9534,Safety and Operations in Antarctica,1.0
9536,Safety and Operations in Antarctica,1.0
9538,Inspections,1.0
9539,Marine Protected Areas,1.0
9541,Educational issues,1.0
9542,Safety and Operations in Antarctica,1.0
9543,Tourism and NG_Activities,1.0
9544,Safety and Operations in Antarctica,1.0
9545,Safety and Operations in Antarctica,1.0
9547,Educational issues,0.5
9547,Science issues,0.5
9548,Safety and Operations in Antarctica,1.0
9549,Science issues,1.0
9550,Tourism and NG_Activities,1.0
9552,Educational issues,0.5
9552,Science issues,0.5
9555,Safety and Operations in Antarctica,1.0
9556,Science issues,1.0
9557,Science issues,1.0
9558,Safety and Operations in Antarctica,1.0
9559,Liability,1.0
9560,Liability,1.0
9561,Operation of the Antarctic Treaty system Reports,1.0
9562,Climate Change,1.0
9563,Educational issues,1.0
9564,Area Protection and Management Plans General,1.0
9565,Tourism and NG_Activities,1.0
9566,Safety and Operations in Antarctica,1.0
9568,Area Protection and Management Plans General,1.0
9569,Science issues,1.0
9571,Science issues,1.0
9572,Safety and Operations in Antarctica,1.0
9576,Operation of the CEP,1.0
9578,Safety and Operations in Antarctica,1.0
9579,Tourism and NG_Activities,1.0
9581,Science issues,1.0
9582,Operation of the Antarctic Treaty system Reports,1.0
9584,Site Guidelines for Visitors,0.5
9584,Tourism and NG_Activities,0.5
9586,Nonnative Species and Quarantine,1.0
9587,Tourism and NG_Activities,1.0
9591,Safety and Operations in Antarctica,1.0
9592,Tourism and NG_Activities,1.0
9594,Area Protection and Management Plans General,0.5
9594,Tourism and NG_Activities,0.5
9595,Safety and Operations in Antarctica,0.5
9595,Tourism and NG_Activities,0.5
9596,Environmental Monitoring and Reporting,1.0
9597,Tourism and NG_Activities,1.0
9598,Climate Change,1.0
9602,Biological Prospecting,1.0
9605,Operation of the Antarctic Treaty system Reports,1.0
9607,Climate Change,1.0
10609,Operation of the Antarctic Treaty system General,1.0
10617,Science issues,1.0
10618,Educational issues,1.0
10619,Science issues,1.0
10620,Science issues,1.0
10628,Management Plans,1.0
10629,Management Plans,1.0
10630,Management Plans,1.0
10631,Management Plans,1.0
10632,Management Plans,1.0
10634,Management Plans,1.0
10635,Science issues,1.0
10663,Operation of the Antarctic Treaty system General,1.0
10774,Multiyear strategic workplan,0.5
10774,Science issues,0.5
10780,Operational issues,1.0
10781,CEP Strategy Discussions,0.5
10781,Science issues,0.5
10782,Area Protection and Management Plans General,0.5
10782,Management Plans,0.5
10783,Climate Change,1.0
10784,Area Protection and Management Plans General,0.5
10784,Management Plans,0.5
10785,Area Protection and Management Plans General,0.5
10785,Management Plans,0.5
10786,Area Protection and Management Plans General,0.5
10786,Management Plans,0.5
10787,Area Protection and Management Plans General,0.5
10787,Management Plans,0.5
10788,Institutional and legal matters,1.0
10789,Management Plans,1.0
10790,Area Protection and Management Plans General,0.5
10790,Management Plans,0.5
10791,Area Protection and Management Plans General,0.5
10791,Management Plans,0.5
10792,Area Protection and Management Plans General,1.0
10793,Area Protection and Management Plans General,1.0
10794,Science issues,1.0
10795,Cooperation with Other Organisations,1.0
10796,Marine Protected Areas,1.0
10797,Comprehensive Environmental Evaluations,1.0
10798,Operational issues,1.0
10799,Area Protection and Management Plans General,0.5
10799,Management Plans,0.5
10800,Area Protection and Management Plans General,1.0
10801,CEP Strategy Discussions,1.0
10802,Sub glacial Lakes,1.0
10803,Multiyear strategic workplan,1.0
10807,Comprehensive Environmental Evaluations,1.0
10808,Historic Sites and Monuments,1.0
10809,Historic Sites and Monuments,1.0
10810,Site Guidelines for Visitors,0.5
10810,Tourism and NG_Activities,0.5
10811,Comprehensive Environmental Evaluations,1.0
10812,Operation of the Antarctic Treaty system General,1.0
10813,Biological Prospecting,1.0
10814,Inspections,1.0
10815,Biological Prospecting,1.0
10816,Comprehensive Environmental Evaluations,1.0
10817,Environmental Protection General,0.5
10817,Operational issues,0.5
10818,Institutional and legal matters,1.0
10819,Science issues,1.0
10820,Area Protection and Management Plans General,1.0
10821,Area Protection and Management Plans General,0.5
10821,Management Plans,0.5
10822,Site Guidelines for Visitors,1.0
10823,Site Guidelines for Visitors,1.0
10824,Site Guidelines for Visitors,1.0
10825,Site Guidelines for Visitors,1.0
10828,Science issues,1.0
10832,Institutional and legal matters,1.0
10835,Operation of the Antarctic Treaty system Reports,1.0
10836,Environmental Protection General,1.0
10840,Science issues,1.0
10841,Operation of the Antarctic Treaty system Reports,1.0
10843,Biological Prospecting,1.0
10844,Safety and Operations in Antarctica,1.0
10845,Nonnative Species and Quarantine,1.0
10847,Cooperation with Other Organisations,0.5
10847,Environmental Monitoring and Reporting,0.5
10848,Safety and Operations in Antarctica,1.0
10849,Area Protection and Management Plans General,0.5
10849,Management Plans,0.5
10850,Repair and remediation of environmental damage,1.0
10851,Multiyear strategic workplan,0.5
10851,Science issues,0.5
10852,Operation of the Antarctic Treaty system Reports,1.0
10853,Operation of the Antarctic Treaty system Reports,1.0
10854,Operation of the Antarctic Treaty system Reports,1.0
10855,Tourism and NG_Activities,1.0
10856,Area Protection and Management Plans General,1.0
10867,Environmental Protection General,1.0
10868,Search and Rescue,1.0
10870,Environmental Protection General,0.5
10870,Operational issues,0.5
10871,Operation of the Antarctic Treaty system Reports,1.0
10874,Operational issues,1.0
10875,Operational issues,1.0
10876,Operation of the Antarctic Treaty system Reports,1.0
10887,Operational issues,1.0
10888,Operation of the Antarctic Treaty system Reports,0.5
10888,Science issues,0.5
10889,Environmental Protection General,1.0
10891,Comprehensive Environmental Evaluations,1.0
10892,Comprehensive Environmental Evaluations,0.5
10892,Operational issues,0.5
10893,Climate Change,1.0
10894,Cooperation with Other Organisations,1.0
10895,Cooperation with Other Organisations,0.5
10895,Environmental Monitoring and Reporting,0.5
10896,Climate Change,0.5
10896,Science issues,0.5
10898,Environmental Monitoring and Reporting,1.0
10900,Nonnative Species and Quarantine,0.5
10900,Tourism and NG_Activities,0.5
10901,Operational issues,1.0
10902,Operational issues,1.0
10903,Tourism and NG_Activities,1.0
10904,Area Protection and Management Plans General,0.5
10904,Site Guidelines for Visitors,0.5
10906,Tourism and NG_Activities,1.0
10909,Liability,1.0
10910,Operation of the Antarctic Treaty system Reports,1.0
10911,Marine Protected Areas,1.0
10912,Environmental Protection General,1.0
10913,Climate Change,1.0
10914,Area Protection and Management Plans General,0.3333333333333333
10914,Site Guidelines for Visitors,0.3333333333333333
10914,Tourism and NG_Activities,0.3333333333333333
10915,Comprehensive Environmental Evaluations,1.0
10916,Tourism and NG_Activities,1.0
10917,Marine Protected Areas,1.0
10918,Operational issues,1.0
10933,Cooperation with Other Organisations,1.0
10934,Operation of the CEP,1.0
10937,Area Protection and Management Plans General,1.0
10938,Biological Prospecting,1.0
10941,Operational issues,1.0
10942,Comprehensive Environmental Evaluations,1.0
10944,Science issues,1.0
10950,Comprehensive Environmental Evaluations,1.0
10953,Site Guidelines for Visitors,0.5
10953,Tourism and NG_Activities,0.5
10954,Operation of the Antarctic Treaty system Reports,1.0
10955,Tourism and NG_Activities,1.0
10981,Operation of the Antarctic Treaty system Reports,1.0
11029,Safety and Operations in Antarctica,1.0
11064,Operation of the Antarctic Treaty system The Secretariat,1.0
11069,Comprehensive Environmental Evaluations,1.0
11070,Management Plans,1.0
11071,Management Plans,1.0
11077,Science issues,1.0
11078,Science issues,1.0
11079,Science issues,1.0
11080,Environmental Monitoring and Reporting,0.5
11080,Science issues,0.5
11081,Science issues,1.0
11083,Management Plans,1.0
11084,Management Plans,1.0
11085,Cooperation with Other Organisations,0.5
11085,Operation of the Antarctic Treaty system Reports,0.5
11086,Safety and Operations in Antarctica,1.0
11088,Marine living resources,0.5
11088,Operation of the Antarctic Treaty system Reports,0.5
11090,Management Plans,1.0
11091,Management Plans,1.0
11093,Fauna and Flora_General,1.0
11094,Biological Prospecting,0.5
11094,Exchange of Information,0.5
11095,Educational issues,1.0
11096,Environmental Monitoring and Reporting,1.0
11097,Comprehensive Environmental Evaluations,1.0
11098,Management Plans,1.0
11100,Fauna and Flora_General,1.0
11102,CEP Strategy Discussions,0.5
11102,Tourism and NG_Activities,0.5
11103,CEP Strategy Discussions,0.5
11103,Tourism and NG_Activities,0.5
11104,Management Plans,1.0
11106,Historic Sites and Monuments,1.0
11107,Safety and Operations in Antarctica,1.0
11108,Safety and Operations in Antarctica,1.0
11109,Historic Sites and Monuments,1.0
11110,Site Guidelines for Visitors,1.0
11111,Management Plans,1.0
11112,Operation of the Antarctic Treaty system General,1.0
11114,Environmental Protection General,1.0
11115,Management Plans,1.0
11116,Management Plans,1.0
11117,Historic Sites and Monuments,1.0
11118,Science issues,1.0
11119,Educational issues,1.0
11120,Cooperation with Other Organisations,0.5
11120,Marine living resources,0.5
11121,Nonnative Species and Quarantine,1.0
11122,Management Plans,1.0
11123,Climate Change,1.0
11124,Science issues,1.0
11125,Operation of the Antarctic Treaty system The Secretariat,1.0
11126,Inspections,1.0
11127,Management Plans,1.0
11128,Environmental Protection General,0.5
11128,Science issues,0.5
11129,Operation of the Antarctic Treaty system General,1.0
11130,Safety and Operations in Antarctica,1.0
11131,Safety and Operations in Antarctica,1.0
11132,Safety and Operations in Antarctica,1.0
11133,Environmental Protection General,0.5
11133,Safety and Operations in Antarctica,0.5
11134,Safety and Operations in Antarctica,1.0
11136,Environmental Protection General,0.5
11136,Safety and Operations in Antarctica,0.5
11137,Environmental Protection General,0.5
11137,Safety and Operations in Antarctica,0.5
11138,Tourism and NG_Activities,1.0
11139,Area Protection and Management Plans General,1.0
11140,Operation of the Antarctic Treaty system Reports,1.0
11141,Environmental Protection General,1.0
11142,Repair and remediation of environmental damage,1.0
11143,Environmental Protection General,0.5
11143,Safety and Operations in Antarctica,0.5
11144,Management Plans,1.0
11145,Marine Protected Areas,1.0
11146,Management Plans,1.0
11147,Nonnative Species and Quarantine,1.0
11148,Tourism and NG_Activities,1.0
11149,Environmental Monitoring and Reporting,1.0
11150,Environmental Monitoring and Reporting,1.0
11151,Management Plans,1.0
11152,Site Guidelines for Visitors,1.0
11153,Area Protection and Management Plans General,0.5
11153,Tourism and NG_Activities,0.5
11154,Site Guidelines for Visitors,1.0
11155,Management Plans,1.0
11156,Operation of the Antarctic Treaty system General,1.0
11157,Historic Sites and Monuments,1.0
11158,Tourism and NG_Activities,1.0
11159,Safety and Operations in Antarctica,1.0
11160,Safety and Operations in Antarctica,1.0
11161,Environmental Monitoring and Reporting,1.0
11162,Environmental Protection General,1.0
11163,Site Guidelines for Visitors,1.0
11164,Area Protection and Management Plans General,0.5
11164,Management Plans,0.5
11165,Historic Sites and Monuments,1.0
11166,Tourism and NG_Activities,1.0
11167,CEP Strategy Discussions,0.5
11167,Tourism and NG_Activities,0.5
11169,Nonnative Species and Quarantine,1.0
11170,Operation of the Antarctic Treaty system Reports,0.5
11170,Science issues,0.5
11171,Comprehensive Environmental Evaluations,1.0
11172,Cooperation with Other Organisations,1.0
11173,Fauna and Flora_General,0.3333333333333333
11173,Marine Acoustics,0.3333333333333333
11173,Science issues,0.3333333333333333
11174,Nonnative Species and Quarantine,1.0
11176,Environmental Monitoring and Reporting,1.0
11177,Historic Sites and Monuments,1.0
11178,Fauna and Flora_General,0.5
11178,Marine Acoustics,0.5
11180,Operation of the Antarctic Treaty system General,1.0
11181,Science issues,1.0
11182,Science issues,1.0
11183,Safety and Operations in Antarctica,1.0
11185,Nonnative Species and Quarantine,1.0
11186,Science issues,1.0
11187,Area Protection and Management Plans General,1.0
11188,Environmental Protection General,1.0
11189,Specially Protected Species,1.0
11191,Site Guidelines for Visitors,1.0
11192,Science issues,1.0
11193,Science issues,1.0
11194,Safety and Operations in Antarctica,1.0
11195,Climate Change,1.0
11196,Safety and Operations in Antarctica,1.0
11198,Cooperation with Other Organisations,0.5
11198,Educational issues,0.5
11199,Environmental Protection General,1.0
11200,Fauna and Flora_General,1.0
11201,Area Protection and Management Plans General,1.0
11202,Biological Prospecting,1.0
11205,Science issues,1.0
11206,Safety and Operations in Antarctica,1.0
11208,Environmental Protection General,0.3333333333333333
11208,Institutional and legal matters,0.3333333333333333
11208,Operation of the Antarctic Treaty system General,0.3333333333333333
11210,Science issues,1.0
11211,Science issues,1.0
11212,Science issues,1.0
11213,Science issues,1.0
11214,Science issues,1.0
11215,Science issues,1.0
11216,Science issues,1.0
11217,Safety and Operations in Antarctica,1.0
11218,Science issues,1.0
11219,Science issues,1.0
11220,Science issues,1.0
11221,Operation of the Antarctic Treaty system Reports,1.0
11222,Environmental Protection General,1.0
11224,Educational issues,1.0
11225,Climate Change,1.0
11228,Science issues,1.0
11229,Operation of the Antarctic Treaty system General,1.0
11230,Cooperation with Other Organisations,1.0
11231,Cooperation with Other Organisations,0.5
11231,Science issues,0.5
11232,Comprehensive Environmental Evaluations,1.0
11233,Comprehensive Environmental Evaluations,1.0
11234,Tourism and NG_Activities,1.0
11235,Science issues,1.0
11236,Safety and Operations in Antarctica,1.0
11237,Safety and Operations in Antarctica,1.0
11238,Comprehensive Environmental Evaluations,1.0
11239,Inspections,1.0
11241,Tourism and NG_Activities,1.0
11243,Safety and Operations in Antarctica,1.0
11244,Area Protection and Management Plans General,1.0
11246,Safety and Operations in Antarctica,1.0
11247,Safety and Operations in Antarctica,1.0
11248,Operation of the Antarctic Treaty system Reports,1.0
11249,Operation of the Antarctic Treaty system Reports,1.0
11250,Cooperation with Other Organisations,0.5
11250,Operation of the Antarctic Treaty system Reports,0.5
11251,Cooperation with Other Organisations,0.5
11251,Science issues,0.5
11252,Cooperation with Other Organisations,0.5
11252,Science issues,0.5
11253,Educational issues,1.0
11254,Operation of the Antarctic Treaty system General,1.0
11255,Fauna and Flora_General,0.5
11255,Tourism and NG_Activities,0.5
11256,Educational issues,1.0
11257,Environmental Monitoring and Reporting,1.0
11259,Environmental Monitoring and Reporting,1.0
11260,Liability,1.0
11263,Environmental Monitoring and Reporting,1.0
11264,Safety and Operations in Antarctica,1.0
11265,Safety and Operations in Antarctica,1.0
11266,Inspections,1.0
11267,Science issues,1.0
11269,Marine Protected Areas,1.0
11270,Comprehensive Environmental Evaluations,1.0
11271,Safety and Operations in Antarctica,1.0
11272,Science issues,1.0
11273,Liability,1.0
11274,Educational issues,1.0
11275,Safety and Operations in Antarctica,1.0
11276,Science issues,1.0
11277,Science issues,1.0
11280,Area Protection and Management Plans General,1.0
11281,Repair and remediation of environmental damage,0.5
11281,Safety and Operations in Antarctica,0.5
11282,Management Plans,1.0
11283,Nonnative Species and Quarantine,1.0
11284,Environmental Protection General,0.5
11284,Safety and Operations in Antarctica,0.5
11285,Management Plans,1.0
11286,Safety and Operations in Antarctica,1.0
11290,Environmental Monitoring and Reporting,0.5
11290,Safety and Operations in Antarctica,0.5
11291,Operation of the Antarctic Treaty system The Secretariat,1.0
11292,Science issues,1.0
11293,Science issues,1.0
11294,Tourism and NG_Activities,1.0
11295,Operation of the Antarctic Treaty system Reports,1.0
11296,Marine Protected Areas,1.0
11297,Safety and Operations in Antarctica,1.0
11298,Climate Change,1.0
11299,Environmental Monitoring and Reporting,1.0
11300,Area Protection and Management Plans General,1.0
11301,Climate Change,0.5
11301,Science issues,0.5
11302,Climate Change,1.0
11304,Tourism and NG_Activities,1.0
11305,Operation of the Antarctic Treaty system Reports,0.5
11305,Tourism and NG_Activities,0.5
11307,Cooperation with Other Organisations,0.5
11307,Science issues,0.5
11308,Site Guidelines for Visitors,0.5
11308,Tourism and NG_Activities,0.5
11309,Safety and Operations in Antarctica,1.0
11310,Tourism and NG_Activities,1.0
11311,CEP Strategy Discussions,0.5
11311,Tourism and NG_Activities,0.5
11313,Science issues,1.0
11314,Site Guidelines for Visitors,1.0
11317,Safety and Operations in Antarctica,1.0
11318,Nonnative Species and Quarantine,1.0
11319,Safety and Operations in Antarctica,1.0
11320,Science issues,1.0
11321,Operation of the Antarctic Treaty system General,1.0
11323,Tourism and NG_Activities,1.0
11326,Environmental Monitoring and Reporting,1.0
11328,Liability,1.0
11329,Safety and Operations in Antarctica,1.0
11332,Operation of the CEP,1.0
11334,Science issues,1.0
11335,Operation of the Antarctic Treaty system General,1.0
11337,Management Plans,1.0
11341,Tourism and NG_Activities,1.0
11343,Historic Sites and Monuments,1.0
11344,Educational issues,1.0
11345,Biological Prospecting,1.0
11346,Historic Sites and Monuments,1.0
11361,Science issues,1.0
11364,Science issues,1.0
11365,Safety and Operations in Antarctica,1.0
11366,Climate Change,1.0
11367,Science issues,1.0
11370,Educational issues,1.0
11371,Safety and Operations in Antarctica,1.0
11375,Climate Change,0.5
11375,Cooperation with Other Organisations,0.5
11377,Area Protection and Management Plans General,1.0
11378,Area Protection and Management Plans General,1.0
11380,Climate Change,1.0
11564,Historic Sites and Monuments,1.0
11566,Management Plans,1.0
11567,Management Plans,1.0
11573,Inspections,1.0
11574,Operation of the Antarctic Treaty system Reports,1.0
11575,Operation of the Antarctic Treaty system Reports,1.0
11576,Operation of the Antarctic Treaty system Reports,1.0
11577,Area Protection and Management Plans General,1.0
11578,Institutional and legal matters,1.0
11580,Nonnative Species and Quarantine,1.0
11582,Repair and remediation of environmental damage,1.0
11583,Operation of the Antarctic Treaty system General,1.0
11584,Environmental Monitoring and Reporting,0.5
11584,Science issues,0.5
11587,Management Plans,1.0
11588,Site Guidelines for Visitors,1.0
11590,Cooperation with Other Organisations,0.5
11590,Operation of the Antarctic Treaty system Reports,0.5
11591,Safety and Operations in Antarctica,1.0
11602,Comprehensive Environmental Evaluations,1.0
11603,Site Guidelines for Visitors,0.5
11603,Tourism and NG_Activities,0.5
11604,Comprehensive Environmental Evaluations,1.0
11605,Historic Sites and Monuments,1.0
11606,Climate Change,1.0
11607,Educational issues,1.0
11608,Biological Prospecting,1.0
11609,Biological Prospecting,1.0
11610,Climate Change,1.0
11611,Comprehensive Environmental Evaluations,1.0
11612,Environmental Protection General,1.0
11614,Tourism and NG_Activities,1.0
11615,Environmental Protection General,1.0
11616,Inspections,1.0
11618,Operation of the Antarctic Treaty system Reports,1.0
11619,Management Plans,1.0
11620,Marine Protected Areas,1.0
11621,Management Plans,1.0
11626,Climate Change,1.0
11627,Climate Change,1.0
11628,Management Plans,1.0
11629,Management Plans,1.0
11630,Management Plans,1.0
11631,Management Plans,1.0
11632,Climate Change,1.0
11633,Environmental Impact Assessment EIA Other EIA Matters,1.0
11634,Area Protection and Management Plans General,1.0
11635,Tourism and NG_Activities,1.0
11636,Environmental Monitoring and Reporting,1.0
11637,Fauna and Flora_General,1.0
11639,Fauna and Flora_General,1.0
11641,Environmental Monitoring and Reporting,1.0
11642,Climate Change,1.0
11643,Area Protection and Management Plans General,1.0
11645,Exchange of Information,1.0
11647,Management Plans,1.0
11648,Tourism and NG_Activities,1.0
11649,Safety and Operations in Antarctica,1.0
11650,Area Protection and Management Plans General,1.0
11651,Area Protection and Management Plans General,1.0
11652,Site Guidelines for Visitors,1.0
11653,Management Plans,1.0
11654,Comprehensive Environmental Evaluations,1.0
11655,Nonnative Species and Quarantine,1.0
11656,Tourism and NG_Activities,1.0
11658,Educational issues,1.0
11659,Management Plans,1.0
11660,Management Plans,1.0
11661,Fauna and Flora_General,1.0
11662,Fauna and Flora_General,1.0
11663,Management Plans,1.0
11664,Operation of the Antarctic Treaty system General,1.0
11665,Area Protection and Management Plans General,0.5
11665,Fauna and Flora_General,0.5
11666,Site Guidelines for Visitors,1.0
11667,Science issues,1.0
11668,Area Protection and Management Plans General,0.5
11668,Science issues,0.5
11669,Area Protection and Management Plans General,1.0
11673,Tourism and NG_Activities,1.0
11674,Area Protection and Management Plans General,0.5
11674,Management Plans,0.5
11675,Operation of the Antarctic Treaty system General,1.0
11676,Management Plans,1.0
11677,Safety and Operations in Antarctica,1.0
11682,Science issues,1.0
11683,Science issues,1.0
11684,Institutional and legal matters,1.0
11690,Environmental Impact Assessment EIA Other EIA Matters,1.0
11693,Environmental Monitoring and Reporting,1.0
11694,Educational issues,1.0
11695,Educational issues,1.0
11696,Environmental Monitoring and Reporting,1.0
11698,Nonnative Species and Quarantine,1.0
11701,Safety and Operations in Antarctica,1.0
11702,Fauna and Flora_General,0.3333333333333333
11702,Nonnative Species and Quarantine,0.3333333333333333
11702,Science issues,0.3333333333333333
11705,Safety and Operations in Antarctica,1.0
11706,Safety and Operations in Antarctica,1.0
11707,Science issues,1.0
11708,Marine Protected Areas,0.5
11708,Operation of the Antarctic Treaty system General,0.5
11710,Safety and Operations in Antarctica,1.0
11711,Science issues,1.0
11712,Educational issues,1.0
11713,Science issues,1.0
11714,Climate Change,1.0
11715,Nonnative Species and Quarantine,1.0
11716,Fauna and Flora_General,1.0
11718,Historic Sites and Monuments,1.0
11719,Science issues,1.0
11721,Environmental Impact Assessment EIA Other EIA Matters,0.5
11721,Science issues,0.5
11722,Science issues,1.0
11723,Management Plans,1.0
11724,Tourism and NG_Activities,1.0
11725,Nonnative Species and Quarantine,1.0
11726,Safety and Operations in Antarctica,1.0
11727,Safety and Operations in Antarctica,1.0
11728,Tourism and NG_Activities,1.0
11729,Safety and Operations in Antarctica,1.0
11731,Safety and Operations in Antarctica,1.0
11732,Tourism and NG_Activities,1.0
11736,Educational issues,1.0
11737,Educational issues,1.0
11738,Science issues,1.0
11739,Science issues,1.0
11740,Operation of the Antarctic Treaty system General,1.0
11741,Science issues,1.0
11742,Science issues,1.0
11743,Science issues,1.0
11744,Science issues,1.0
11745,Science issues,1.0
11746,Science issues,1.0
11747,Science issues,1.0
11748,Educational issues,1.0
11749,Science issues,1.0
11750,Marine Protected Areas,0.5
11750,Science issues,0.5
11751,Science issues,1.0
11752,Science issues,1.0
11753,Operation of the Antarctic Treaty system Reports,1.0
11754,Environmental Protection General,0.5
11754,Operation of the Antarctic Treaty system General,0.5
11755,Operation of the Antarctic Treaty system General,0.5
11755,Science issues,0.5
11756,Operation of the Antarctic Treaty system Reports,1.0
11757,Operation of the Antarctic Treaty system Reports,1.0
11758,Science issues,1.0
11760,Tourism and NG_Activities,1.0
11761,Science issues,1.0
11762,Nonnative Species and Quarantine,1.0
11763,Nonnative Species and Quarantine,1.0
11764,Operation of the Antarctic Treaty system General,1.0
11765,Comprehensive Environmental Evaluations,1.0
11766,Safety and Operations in Antarctica,1.0
11767,Cooperation with Other Organisations,0.5
11767,Operation of the Antarctic Treaty system Reports,0.5
11768,Science issues,1.0
11769,Cooperation with Other Organisations,0.5
11769,Science issues,0.5
11770,Environmental Impact Assessment EIA Other EIA Matters,0.5
11770,Tourism and NG_Activities,0.5
11771,Environmental Impact Assessment EIA Other EIA Matters,1.0
11772,Nonnative Species and Quarantine,1.0
11773,Site Guidelines for Visitors,1.0
11774,Area Protection and Management Plans General,1.0
11775,Area Protection and Management Plans General,1.0
11778,Comprehensive Environmental Evaluations,1.0
11779,Safety and Operations in Antarctica,1.0
11780,Area Protection and Management Plans General,0.5
11780,Tourism and NG_Activities,0.5
11781,Operation of the Antarctic Treaty system General,1.0
11782,Science issues,1.0
11783,Fauna and Flora_General,1.0
11784,Science issues,1.0
11785,Safety and Operations in Antarctica,1.0
11786,Operation of the Antarctic Treaty system Reports,0.5
11786,Tourism and NG_Activities,0.5
11787,Tourism and NG_Activities,1.0
11788,Site Guidelines for Visitors,0.5
11788,Tourism and NG_Activities,0.5
11789,Science issues,1.0
11790,Science issues,1.0
11791,Educational issues,1.0
11792,Science issues,1.0
11793,Science issues,1.0
11794,Operation of the Antarctic Treaty system General,1.0
11795,Safety and Operations in Antarctica,1.0
11796,Science issues,1.0
11797,Science issues,1.0
11799,Operation of the Antarctic Treaty system General,1.0
11800,Educational issues,1.0
11801,Science issues,1.0
11802,Environmental Impact Assessment EIA Other EIA Matters,1.0
11803,Safety and Operations in Antarctica,1.0
11804,Science issues,1.0
11805,Safety and Operations in Antarctica,1.0
11806,Safety and Operations in Antarctica,1.0
11807,Educational issues,1.0
11808,Safety and Operations in Antarctica,1.0
11809,Educational issues,1.0
11810,Safety and Operations in Antarctica,1.0
11811,Management Plans,1.0
11812,Area Protection and Management Plans General,0.5
11812,Safety and Operations in Antarctica,0.5
11813,Historic Sites and Monuments,1.0
11814,Science issues,1.0
11815,Environmental Monitoring and Reporting,1.0
11818,Safety and Operations in Antarctica,1.0
11819,Inspections,1.0
11820,Tourism and NG_Activities,1.0
11821,Educational issues,1.0
11829,Science issues,1.0
11830,Environmental Protection General,1.0
11831,Operation of the Antarctic Treaty system Reports,1.0
11832,Inspections,1.0
11833,Management Plans,1.0
11834,Management Plans,1.0
11837,Institutional and legal matters,1.0
11840,Management Plans,1.0
11842,Operation of the Antarctic Treaty system The Secretariat,1.0
11851,Specially Protected Species,1.0
11852,Fauna and Flora_General,1.0
11861,Marine Acoustics,1.0
11865,Management Plans,1.0
11866,Management Plans,1.0
11867,Management Plans,1.0
11868,Management Plans,1.0
11945,Management Plans,1.0
11946,Management Plans,1.0
11947,Environmental Monitoring and Reporting,1.0
11948,Climate Change,0.5
11948,Environmental Monitoring and Reporting,0.5
11949,CEP Strategy Discussions,0.5
11949,Educational issues,0.5
11950,Environmental Monitoring and Reporting,1.0
11951,Management Plans,1.0
11952,Management Plans,1.0
11953,Management Plans,1.0
11955,Operation of the CEP,1.0
11957,Science issues,1.0
11958,Safety and Operations in Antarctica,1.0
11959,Exchange of Information,0.5
11959,Science issues,0.5
11960,Educational issues,1.0
11962,Management Plans,1.0
11963,Management Plans,1.0
11964,Fauna and Flora_General,1.0
11966,Tourism and NG_Activities,1.0
11967,Management Plans,1.0
11968,Climate Change,1.0
11969,Nonnative Species and Quarantine,1.0
11970,Fauna and Flora_General,0.5
11970,Specially Protected Species,0.5
11971,Operation of the Antarctic Treaty system General,1.0
11973,Science issues,1.0
11974,Science issues,1.0
11976,Safety and Operations in Antarctica,1.0
11977,Safety and Operations in Antarctica,1.0
11978,Management Plans,1.0
11979,Area Protection and Management Plans General,1.0
11980,CEP Strategy Discussions,0.5
11980,Science issues,0.5
11981,Environmental Monitoring and Reporting,0.5
11981,Tourism and NG_Activities,0.5
11982,Educational issues,1.0
11983,Operation of the Antarctic Treaty system Reports,1.0
11984,Cooperation with Other Organisations,1.0
11985,Cooperation with Other Organisations,0.5
11985,Operation of the Antarctic Treaty system Reports,0.5
11986,Specially Protected Species,1.0
11987,Educational issues,1.0
11988,Area Protection and Management Plans General,0.5
11988,Fauna and Flora_General,0.5
11990,Cooperation with Other Organisations,0.5
11990,Operation of the Antarctic Treaty system Reports,0.5
11991,Comprehensive Environmental Evaluations,1.0
11992,Climate Change,0.5
11992,Historic Sites and Monuments,0.5
11993,CEP Strategy Discussions,1.0
11994,Historic Sites and Monuments,1.0
11995,Climate Change,1.0
11999,Management Plans,1.0
12000,Environmental Impact Assessment EIA Other EIA Matters,1.0
12001,Specially Protected Species,1.0
12002,Fauna and Flora_General,0.5
12002,Specially Protected Species,0.5
12003,Tourism and NG_Activities,1.0
12005,Climate Change,1.0
12006,Management Plans,1.0
12007,Environmental Impact Assessment EIA Other EIA Matters,1.0
12008,Management Plans,1.0
12009,Management Plans,1.0
12010,Management Plans,1.0
12011,Management Plans,1.0
12012,Management Plans,1.0
12013,Management Plans,1.0
12014,Management Plans,1.0
12015,Historic Sites and Monuments,1.0
12016,Area Protection and Management Plans General,0.5
12016,Climate Change,0.5
12017,Climate Change,1.0
12018,Nonnative Species and Quarantine,1.0
12019,Nonnative Species and Quarantine,1.0
12020,Climate Change,1.0
12021,Site Guidelines for Visitors,1.0
12022,Climate Change,0.5
12022,Science issues,0.5
12023,Climate Change,0.5
12023,Science issues,0.5
12024,Science issues,1.0
12028,Operation of the Antarctic Treaty system General,1.0
12029,Educational issues,0.5
12029,Inspections,0.5
12031,Nonnative Species and Quarantine,1.0
12032,Tourism and NG_Activities,1.0
12033,Historic Sites and Monuments,1.0
12034,Historic Sites and Monuments,1.0
12035,Management Plans,1.0
12036,Climate Change,1.0
12037,Safety and Operations in Antarctica,1.0
12038,Operation of the Antarctic Treaty system General,1.0
12039,Environmental Impact Assessment EIA Other EIA Matters,1.0
12040,Fauna and Flora_General,1.0
12041,Fauna and Flora_General,1.0
12042,Fauna and Flora_General,1.0
12043,Fauna and Flora_General,1.0
12044,Environmental Impact Assessment EIA Other EIA Matters,1.0
12045,Cooperation with Other Organisations,0.3333333333333333
12045,Operation of the Antarctic Treaty system Reports,0.3333333333333333
12045,Tourism and NG_Activities,0.3333333333333333
12046,Tourism and NG_Activities,1.0
12047,Site Guidelines for Visitors,0.5
12047,Tourism and NG_Activities,0.5
12053,Fauna and Flora_General,0.5
12053,Specially Protected Species,0.5
12054,Operation of the Antarctic Treaty system Reports,1.0
12055,Operation of the Antarctic Treaty system Reports,1.0
12056,Area Protection and Management Plans General,1.0
12057,Environmental Impact Assessment EIA Other EIA Matters,1.0
12058,Climate Change,1.0
12059,Science issues,1.0
12061,Operation of the Antarctic Treaty system General,1.0
12062,Operation of the Antarctic Treaty system Reports,1.0
12063,Environmental Impact Assessment EIA Other EIA Matters,1.0
12065,Climate Change,1.0
12067,Science issues,1.0
12068,Tourism and NG_Activities,1.0
12069,Safety and Operations in Antarctica,1.0
12071,Environmental Impact Assessment EIA Other EIA Matters,0.5
12071,Safety and Operations in Antarctica,0.5
12073,Science issues,1.0
12074,Tourism and NG_Activities,1.0
12075,Tourism and NG_Activities,1.0
12077,Science issues,1.0
12080,Safety and Operations in Antarctica,1.0
12081,Management Plans,1.0
12085,Environmental Monitoring and Reporting,1.0
12090,Climate Change,1.0
12091,Climate Change,1.0
12094,Science issues,1.0
12096,Safety and Operations in Antarctica,1.0
12097,Climate Change,0.5
12097,Science issues,0.5
12098,Climate Change,0.5
12098,Science issues,0.5
12099,Science issues,1.0
12100,CEP Strategy Discussions,0.5
12100,Educational issues,0.5
12101,Tourism and NG_Activities,1.0
12102,Environmental Protection General,1.0
12103,Area Protection and Management Plans General,1.0
12105,Science issues,1.0
12106,Tourism and NG_Activities,1.0
12109,Climate Change,1.0
12111,Institutional and legal matters,1.0
12113,CEP Strategy Discussions,1.0
12114,Fauna and Flora_General,0.5
12114,Science issues,0.5
12115,Specially Protected Species,1.0
12116,Nonnative Species and Quarantine,1.0
12118,Tourism and NG_Activities,1.0
12119,Safety and Operations in Antarctica,1.0
12120,Operation of the Antarctic Treaty system Reports,1.0
12121,Climate Change,1.0
12122,Climate Change,1.0
12123,Tourism and NG_Activities,1.0
12124,Tourism and NG_Activities,1.0
12125,Environmental Impact Assessment EIA Other EIA Matters,1.0
12126,Safety and Operations in Antarctica,1.0
12127,Environmental Impact Assessment EIA Other EIA Matters,0.5
12127,Science issues,0.5
12128,Science issues,1.0
12129,Site Guidelines for Visitors,0.5
12129,Tourism and NG_Activities,0.5
12131,Safety and Operations in Antarctica,1.0
12132,Science issues,1.0
12133,Environmental Impact Assessment EIA Other EIA Matters,1.0
12135,Science issues,1.0
12137,Science issues,1.0
12138,Science issues,1.0
12139,Science issues,1.0
12140,Educational issues,1.0
12141,CEP Strategy Discussions,0.5
12141,Science issues,0.5
12143,Science issues,1.0
12147,Science issues,1.0
12150,Safety and Operations in Antarctica,1.0
12151,Tourism and NG_Activities,1.0
12153,Operation of the Antarctic Treaty system General,1.0
12155,Science issues,1.0
12157,Safety and Operations in Antarctica,1.0
12158,Science issues,1.0
12161,Cooperation with Other Organisations,0.5
12161,Science issues,0.5
12163,Science issues,1.0
12166,Cooperation with Other Organisations,0.5
12166,Operation of the Antarctic Treaty system Reports,0.5
12167,Science issues,1.0
12169,Tourism and NG_Activities,1.0
12170,Management Plans,1.0
12171,CEP Strategy Discussions,0.5
12171,Science issues,0.5
12172,Environmental Monitoring and Reporting,1.0
12173,Environmental Monitoring and Reporting,1.0
12176,Operation of the CEP,1.0
12181,Area Protection and Management Plans General,1.0
12184,Science issues,1.0
12185,Educational issues,1.0
12186,Safety and Operations in Antarctica,1.0
12187,Operation of the Antarctic Treaty system Reports,1.0
12189,Management Plans,1.0
12192,Operation of the Antarctic Treaty system Reports,1.0
12195,Climate Change,0.5
12195,Historic Sites and Monuments,0.5
12196,Tourism and NG_Activities,1.0
12197,Management Plans,1.0
12198,Management Plans,1.0
12214,Management Plans,1.0
12292,Area Protection and Management Plans General,1.0
12293,Cooperation with Other Organisations,1.0
12296,Nonnative Species and Quarantine,0.5
12296,Safety and Operations in Antarctica,0.5
12297,Cooperation with Other Organisations,1.0
12299,Tourism and NG_Activities,1.0
12300,Area Protection and Management Plans General,1.0
12301,Area Protection and Management Plans General,1.0
12302,Area Protection and Management Plans General,1.0
12303,Area Protection and Management Plans General,1.0
12304,Specially Protected Species,1.0
12308,Science issues,1.0
12309,Operation of the Antarctic Treaty system Reports,1.0
12311,Operation of the Antarctic Treaty system Reports,1.0
12312,Operation of the Antarctic Treaty system General,1.0
12313,Cooperation with Other Organisations,1.0
12314,Cooperation with Other Organisations,0.5
12314,Operation of the Antarctic Treaty system Reports,0.5
12315,Safety and Operations in Antarctica,1.0
12316,Area Protection and Management Plans General,1.0
12317,Climate Change,1.0
12319,Tourism and NG_Activities,1.0
12322,Nonnative Species and Quarantine,1.0
12324,Exchange of Information,1.0
12327,Environmental Monitoring and Reporting,1.0
12328,Environmental Monitoring and Reporting,1.0
12329,Tourism and NG_Activities,1.0
12331,Tourism and NG_Activities,1.0
12332,Area Protection and Management Plans General,1.0
12334,Operation of the CEP,1.0
12335,Area Protection and Management Plans General,1.0
12336,Area Protection and Management Plans General,1.0
12337,Educational issues,1.0
12338,Area Protection and Management Plans General,1.0
12339,Operation of the Antarctic Treaty system General,0.5
12339,Science issues,0.5
12340,Operation of the Antarctic Treaty system Reports,1.0
12341,Operation of the Antarctic Treaty system Reports,1.0
12342,Historic Sites and Monuments,1.0
12344,Climate Change,1.0
12346,Climate Change,1.0
12347,Climate Change,0.3333333333333333
12347,Operation of the Antarctic Treaty system Reports,0.3333333333333333
12347,Safety and Operations in Antarctica,0.3333333333333333
12348,Comprehensive Environmental Evaluations,1.0
12349,Science issues,1.0
12350,Cooperation with Other Organisations,0.5
12350,Operation of the Antarctic Treaty system Reports,0.5
12351,Tourism and NG_Activities,1.0
12352,Climate Change,1.0
12353,Operation of the Antarctic Treaty system General,0.5
12353,Operation of the CEP,0.5
12356,Climate Change,1.0
12357,Environmental Impact Assessment EIA Other EIA Matters,1.0
12358,Environmental Monitoring and Reporting,0.5
12358,Tourism and NG_Activities,0.5
12360,Climate Change,1.0
12361,Safety and Operations in Antarctica,1.0
12362,Area Protection and Management Plans General,1.0
12363,Safety and Operations in Antarctica,0.5
12363,Science issues,0.5
12366,Climate Change,1.0
12368,Area Protection and Management Plans General,1.0
12369,Area Protection and Management Plans General,1.0
12370,Science issues,1.0
12371,Safety and Operations in Antarctica,1.0
12372,Specially Protected Species,1.0
12373,Safety and Operations in Antarctica,1.0
12374,Historic Sites and Monuments,1.0
12377,Climate Change,0.5
12377,Operation of the Antarctic Treaty system General,0.5
12379,Area Protection and Management Plans General,1.0
12380,Safety and Operations in Antarctica,1.0
12381,Operation of the Antarctic Treaty system General,1.0
12382,Area Protection and Management Plans General,1.0
12385,Area Protection and Management Plans General,1.0
12392,Science issues,1.0
12393,Climate Change,1.0
12394,Science issues,1.0
12397,Environmental Impact Assessment EIA Other EIA Matters,1.0
12398,Cooperation with Other Organisations,0.5
12398,Science issues,0.5
12401,Science issues,1.0
12410,Environmental Impact Assessment EIA Other EIA Matters,0.5
12410,Safety and Operations in Antarctica,0.5
12413,Science issues,1.0
12414,Environmental Monitoring and Reporting,1.0
12415,Fauna and Flora_General,0.5
12415,Science issues,0.5
12416,Educational issues,1.0
12417,Environmental Protection General,1.0
12418,Educational issues,1.0
12419,Science issues,1.0
12420,Climate Change,1.0
12422,Liability,1.0
12423,Nonnative Species and Quarantine,0.5
12423,Safety and Operations in Antarctica,0.5
12424,Tourism and NG_Activities,1.0
12425,Nonnative Species and Quarantine,1.0
12430,Institutional and legal matters,1.0
12434,Educational issues,1.0
12435,Climate Change,1.0
12436,Inspections,1.0
12437,Area Protection and Management Plans General,1.0
12438,Science issues,1.0
12439,Area Protection and Management Plans General,1.0
12440,Science issues,1.0
12441,Science issues,1.0
12442,Environmental Monitoring and Reporting,0.5
12442,Science issues,0.5
12443,Area Protection and Management Plans General,1.0
12444,Environmental Monitoring and Reporting,1.0
12445,Environmental Monitoring and Reporting,0.5
12445,Tourism and NG_Activities,0.5
12446,Fauna and Flora_General,1.0
12447,Climate Change,1.0
12448,Environmental Monitoring and Reporting,1.0
12449,Repair and remediation of environmental damage,1.0
12450,Operation of the Antarctic Treaty system General,0.5
12450,Safety and Operations in Antarctica,0.5
12451,Educational issues,1.0
12452,Area Protection and Management Plans General,1.0
12453,Operation of the Antarctic Treaty system General,0.5
12453,Safety and Operations in Antarctica,0.5
12454,Area Protection and Management Plans General,1.0
12457,Science issues,1.0
12458,Nonnative Species and Quarantine,0.5
12458,Safety and Operations in Antarctica,0.5
12459,Climate Change,1.0
12460,Climate Change,1.0
12461,Safety and Operations in Antarctica,1.0
12463,Science issues,1.0
12465,Environmental Monitoring and Reporting,1.0
12466,Area Protection and Management Plans General,1.0
12467,Science issues,1.0
12468,Environmental Monitoring and Reporting,1.0
12469,Operation of the CEP,1.0
12471,Safety and Operations in Antarctica,1.0
12472,Safety and Operations in Antarctica,1.0
12473,Environmental Impact Assessment EIA Other EIA Matters,0.5
12473,Safety and Operations in Antarctica,0.5
12474,Safety and Operations in Antarctica,1.0
12475,Science issues,1.0
12476,Safety and Operations in Antarctica,1.0
12477,Safety and Operations in Antarctica,1.0
12479,Science issues,1.0
12480,Science issues,1.0
12481,Specially Protected Species,1.0
12482,Area Protection and Management Plans General,1.0
12483,Tourism and NG_Activities,1.0
12484,Safety and Operations in Antarctica,1.0
12485,Climate Change,1.0
12487,Climate Change,1.0
12488,Climate Change,1.0
12489,Safety and Operations in Antarctica,1.0
12490,Climate Change,1.0
12491,Climate Change,1.0
12492,Safety and Operations in Antarctica,1.0
12493,Environmental Monitoring and Reporting,1.0
12494,Fauna and Flora_General,1.0
12495,Climate Change,1.0
12496,Area Protection and Management Plans General,1.0
12497,Science issues,1.0
12498,Tourism and NG_Activities,1.0
12499,Safety and Operations in Antarctica,0.5
12499,Science issues,0.5
12500,Tourism and NG_Activities,1.0
12510,Science issues,1.0
12512,Educational issues,1.0
12513,Tourism and NG_Activities,1.0
12514,Science issues,1.0
12516,Historic Sites and Monuments,1.0
12518,Science issues,1.0
12519,Historic Sites and Monuments,1.0
12521,Comprehensive Environmental Evaluations,1.0
12522,Cooperation with Other Organisations,0.5
12522,Operation of the Antarctic Treaty system Reports,0.5
12523,Tourism and NG_Activities,1.0
12525,Climate Change,1.0
12527,Safety and Operations in Antarctica,1.0
12529,Climate Change,1.0
12531,Nonnative Species and Quarantine,1.0
12537,Safety and Operations in Antarctica,1.0
12539,Fauna and Flora_General,1.0
12540,Safety and Operations in Antarctica,1.0
12541,Science issues,1.0
12542,Safety and Operations in Antarctica,1.0
12546,Operation of the Antarctic Treaty system General,1.0
12547,Operation of the Antarctic Treaty system General,1.0
12549,Science issues,1.0
12554,Science issues,1.0
12558,Environmental Impact Assessment EIA Other EIA Matters,0.5
12558,Science issues,0.5
12559,Science issues,1.0
12560,Environmental Monitoring and Reporting,0.5
12560,Tourism and NG_Activities,0.5
12561,Science issues,1.0
12562,Science issues,1.0
12563,Science issues,1.0
12564,Fauna and Flora_General,0.5
12564,Science issues,0.5
12565,Science issues,1.0
12566,Operation of the Antarctic Treaty system General,1.0
12567,Science issues,1.0
12568,Science issues,1.0
12571,Science issues,1.0
12572,Tourism and NG_Activities,1.0
12574,Area Protection and Management Plans General,1.0
12575,Nonnative Species and Quarantine,0.5
12575,Tourism and NG_Activities,0.5
12576,Site Guidelines for Visitors,0.5
12576,Tourism and NG_Activities,0.5
12577,Fauna and Flora_General,0.5
12577,Tourism and NG_Activities,0.5
12578,Cooperation with Other Organisations,0.3333333333333333
12578,Operation of the Antarctic Treaty system Reports,0.3333333333333333
12578,Tourism and NG_Activities,0.3333333333333333
12585,Educational issues,1.0
12586,Tourism and NG_Activities,1.0
12587,Tourism and NG_Activities,1.0
12588,Safety and Operations in Antarctica,0.5
12588,Tourism and NG_Activities,0.5
12589,Educational issues,1.0
12593,Cooperation with Other Organisations,0.5
12593,Operation of the Antarctic Treaty system Reports,0.5
12594,Climate Change,1.0
12596,Environmental Protection General,0.5
12596,Safety and Operations in Antarctica,0.5
12599,Operation of the Antarctic Treaty system General,1.0
12603,Marine Protected Areas,1.0
12604,Area Protection and Management Plans General,1.0
12606,Safety and Operations in Antarctica,1.0
12607,Area Protection and Management Plans General,1.0
12610,Climate Change,1.0
12611,Operation of the CEP,1.0
12612,Operation of the CEP,1.0
12633,Climate Change,1.0
12713,Safety and Operations in Antarctica,1.0
12714,Science issues,1.0
12715,Environmental Impact Assessment EIA Other EIA Matters,1.0
12718,Safety and Operations in Antarctica,1.0
12720,Tourism and NG_Activities,1.0
12721,Tourism and NG_Activities,1.0
12722,Area Protection and Management Plans General,1.0
12724,Climate Change,1.0
12725,Science issues,1.0
12726,Area Protection and Management Plans General,1.0
12727,Historic Sites and Monuments,1.0
12728,Environmental Impact Assessment EIA Other EIA Matters,1.0
12731,Area Protection and Management Plans General,1.0
12732,Climate Change,1.0
12733,Environmental Impact Assessment EIA Other EIA Matters,0.5
12733,Tourism and NG_Activities,0.5
12734,Climate Change,1.0
12735,Safety and Operations in Antarctica,1.0
12736,Operation of the Antarctic Treaty system The Secretariat,1.0
12737,Climate Change,0.5
12737,Safety and Operations in Antarctica,0.5
12738,Area Protection and Management Plans General,1.0
12739,Safety and Operations in Antarctica,1.0
12740,Environmental Impact Assessment EIA Other EIA Matters,1.0
12741,Operation of the Antarctic Treaty system General,0.5
12741,Science issues,0.5
12743,Historic Sites and Monuments,1.0
12744,Multiyear strategic workplan,1.0
12745,Area Protection and Management Plans General,1.0
12746,Tourism and NG_Activities,1.0
12748,Area Protection and Management Plans General,1.0
12751,Area Protection and Management Plans General,1.0
12752,Area Protection and Management Plans General,1.0
12753,Area Protection and Management Plans General,1.0
12755,Educational issues,1.0
12756,Area Protection and Management Plans General,1.0
12757,Area Protection and Management Plans General,1.0
12758,Area Protection and Management Plans General,1.0
12759,Tourism and NG_Activities,1.0
12760,Fauna and Flora_General,0.5
12760,Specially Protected Species,0.5
12761,Safety and Operations in Antarctica,1.0
12762,Multiyear strategic workplan,1.0
12763,Operation of the CEP,1.0
12764,Climate Change,1.0
12765,Area Protection and Management Plans General,1.0
12766,Operation of the Antarctic Treaty system General,1.0
12767,Historic Sites and Monuments,1.0
12768,Operation of the Antarctic Treaty system General,1.0
12769,Area Protection and Management Plans General,1.0
12770,Historic Sites and Monuments,1.0
12771,Environmental Monitoring and Reporting,1.0
12772,Environmental Monitoring and Reporting,1.0
12774,Specially Protected Species,1.0
12775,Climate Change,1.0
12777,Area Protection and Management Plans General,1.0
12778,Area Protection and Management Plans General,1.0
12779,Site Guidelines for Visitors,0.5
12779,Tourism and NG_Activities,0.5
12780,Area Protection and Management Plans General,1.0
12781,Exchange of Information,1.0
12782,Area Protection and Management Plans General,1.0
12783,Science issues,1.0
12784,Site Guidelines for Visitors,1.0
12785,Tourism and NG_Activities,1.0
12786,Operation of the Antarctic Treaty system General,1.0
12787,Tourism and NG_Activities,1.0
12788,Science issues,1.0
12789,Operation of the Antarctic Treaty system General,1.0
12790,Tourism and NG_Activities,1.0
12793,Cooperation with Other Organisations,0.5
12793,Operation of the Antarctic Treaty system Reports,0.5
12794,Science issues,1.0
12797,Safety and Operations in Antarctica,1.0
12798,Environmental Monitoring and Reporting,1.0
12799,Environmental Monitoring and Reporting,1.0
12800,Environmental Monitoring and Reporting,0.5
12800,Science issues,0.5
12801,Cooperation with Other Organisations,0.5
12801,Operation of the Antarctic Treaty system Reports,0.5
12802,Educational issues,1.0
12804,Science issues,1.0
12805,Science issues,1.0
12807,Nonnative Species and Quarantine,1.0
12808,Area Protection and Management Plans General,1.0
12809,Area Protection and Management Plans General,1.0
12810,Environmental Monitoring and Reporting,1.0
12811,Climate Change,0.5
12811,Environmental Monitoring and Reporting,0.5
12812,Science issues,1.0
12813,Safety and Operations in Antarctica,1.0
12814,Nonnative Species and Quarantine,0.5
12814,Science issues,0.5
12815,Safety and Operations in Antarctica,1.0
12816,Climate Change,0.5
12816,Safety and Operations in Antarctica,0.5
12818,Repair and remediation of environmental damage,1.0
12819,Operation of the Antarctic Treaty system Reports,1.0
12820,Cooperation with Other Organisations,1.0
12822,Area Protection and Management Plans General,1.0
12825,Nonnative Species and Quarantine,0.5
12825,Safety and Operations in Antarctica,0.5
12827,Cooperation with Other Organisations,0.5
12827,Science issues,0.5
12828,Area Protection and Management Plans General,1.0
12830,Cooperation with Other Organisations,0.5
12830,Operation of the Antarctic Treaty system Reports,0.5
12831,Historic Sites and Monuments,1.0
12832,Historic Sites and Monuments,1.0
12833,Safety and Operations in Antarctica,1.0
12834,Inspections,1.0
12835,Nonnative Species and Quarantine,1.0
12836,Nonnative Species and Quarantine,0.5
12836,Safety and Operations in Antarctica,0.5
12841,Science issues,1.0
12849,Environmental Monitoring and Reporting,1.0
12851,Operation of the Antarctic Treaty system General,1.0
12852,Safety and Operations in Antarctica,1.0
12853,Tourism and NG_Activities,1.0
12854,Liability,1.0
12855,Operation of the Antarctic Treaty system Reports,1.0
12856,Operation of the Antarctic Treaty system Reports,1.0
12857,Safety and Operations in Antarctica,1.0
12859,Safety and Operations in Antarctica,1.0
12860,Science issues,1.0
12861,Climate Change,0.5
12861,Science issues,0.5
12862,Science issues,1.0
12863,Educational issues,1.0
12864,Environmental Protection General,0.5
12864,Safety and Operations in Antarctica,0.5
12865,Environmental Monitoring and Reporting,0.5
12865,Science issues,0.5
12866,Biological Prospecting,0.5
12866,Science issues,0.5
12867,Science issues,1.0
12868,Operation of the Antarctic Treaty system General,1.0
12869,Science issues,1.0
12870,Area Protection and Management Plans General,1.0
12871,Fauna and Flora_General,1.0
12872,Safety and Operations in Antarctica,1.0
12873,Safety and Operations in Antarctica,0.5
12873,Science issues,0.5
12874,Science issues,1.0
12875,Safety and Operations in Antarctica,1.0
12876,Safety and Operations in Antarctica,1.0
12877,Science issues,1.0
12878,Safety and Operations in Antarctica,1.0
12879,Safety and Operations in Antarctica,1.0
12880,Safety and Operations in Antarctica,1.0
12881,Tourism and NG_Activities,1.0
12883,Science issues,1.0
12884,Science issues,1.0
12885,Tourism and NG_Activities,1.0
12887,Environmental Monitoring and Reporting,1.0
12888,Environmental Monitoring and Reporting,1.0
12889,Environmental Monitoring and Reporting,0.5
12889,Tourism and NG_Activities,0.5
12890,Operation of the Antarctic Treaty system Reports,1.0
12891,Tourism and NG_Activities,1.0
12892,Science issues,1.0
12897,Environmental Monitoring and Reporting,1.0
12898,Inspections,1.0
12899,Environmental Monitoring and Reporting,1.0
12900,Climate Change,1.0
12901,Safety and Operations in Antarctica,1.0
12902,Operation of the Antarctic Treaty system General,1.0
12903,Environmental Monitoring and Reporting,0.5
12903,Science issues,0.5
12904,Educational issues,1.0
12905,Safety and Operations in Antarctica,1.0
12906,Environmental Monitoring and Reporting,1.0
12908,Educational issues,1.0
12910,Environmental Protection General,0.5
12910,Science issues,0.5
12911,Science issues,1.0
12919,Nonnative Species and Quarantine,1.0
12920,Nonnative Species and Quarantine,1.0
12921,Historic Sites and Monuments,1.0
12922,Science issues,1.0
12923,Exchange of Information,1.0
12924,Safety and Operations in Antarctica,1.0
12926,Climate Change,1.0
12927,Area Protection and Management Plans General,0.5
12927,Safety and Operations in Antarctica,0.5
12928,Environmental Impact Assessment EIA Other EIA Matters,1.0
12929,Environmental Monitoring and Reporting,1.0
12930,Climate Change,1.0
12931,Environmental Protection General,0.5
12931,Science issues,0.5
12932,Environmental Protection General,0.5
12932,Science issues,0.5
12933,Cooperation with Other Organisations,0.5
12933,Science issues,0.5
12934,Science issues,1.0
12936,Nonnative Species and Quarantine,1.0
12937,Nonnative Species and Quarantine,1.0
12938,Nonnative Species and Quarantine,0.5
12938,Safety and Operations in Antarctica,0.5
12939,Science issues,1.0
12940,Science issues,1.0
12946,Science issues,1.0
12947,Fauna and Flora_General,1.0
12948,Science issues,1.0
12950,Environmental Impact Assessment EIA Other EIA Matters,1.0
12951,Operation of the Antarctic Treaty system General,1.0
12952,Environmental Impact Assessment EIA Other EIA Matters,0.5
12952,Safety and Operations in Antarctica,0.5
12953,Science issues,1.0
12954,Educational issues,1.0
12956,Environmental Impact Assessment EIA Other EIA Matters,1.0
12958,Nonnative Species and Quarantine,0.5
12958,Safety and Operations in Antarctica,0.5
12959,Environmental Monitoring and Reporting,0.5
12959,Science issues,0.5
12960,Safety and Operations in Antarctica,1.0
12961,Operation of the Antarctic Treaty system Reports,1.0
12963,Climate Change,1.0
12968,Environmental Monitoring and Reporting,0.5
12968,Science issues,0.5
12969,Science issues,1.0
12970,Tourism and NG_Activities,1.0
12971,Tourism and NG_Activities,1.0
12972,Area Protection and Management Plans General,1.0
12974,Area Protection and Management Plans General,0.5
12974,Tourism and NG_Activities,0.5
12975,Science issues,1.0
12979,Science issues,1.0
12980,Safety and Operations in Antarctica,0.5
12980,Science issues,0.5
12981,Safety and Operations in Antarctica,1.0
12983,Educational issues,1.0
12984,Environmental Impact Assessment EIA Other EIA Matters,1.0
12986,Science issues,1.0
12987,Science issues,1.0
12988,Environmental Monitoring and Reporting,0.5
12988,Science issues,0.5
12989,Historic Sites and Monuments,1.0
12990,Nonnative Species and Quarantine,1.0
12991,Climate Change,1.0
12993,Environmental Monitoring and Reporting,0.5
12993,Science issues,0.5
12994,Environmental Monitoring and Reporting,0.5
12994,Science issues,0.5
12995,Climate Change,1.0
12996,Environmental Monitoring and Reporting,1.0
12997,Environmental Monitoring and Reporting,1.0
12999,Tourism and NG_Activities,1.0
13001,Science issues,1.0
13002,Environmental Impact Assessment EIA Other EIA Matters,1.0
13003,Educational issues,1.0
13010,Science issues,1.0
13011,Area Protection and Management Plans General,1.0
13012,Science issues,1.0
13013,Area Protection and Management Plans General,1.0
13015,Area Protection and Management Plans General,1.0
13016,Science issues,1.0
13020,Climate Change,1.0
13030,Environmental Protection General,0.5
13030,Safety and Operations in Antarctica,0.5
13035,Educational issues,1.0
13038,Cooperation with Other Organisations,0.3333333333333333
13038,Operation of the Antarctic Treaty system Reports,0.3333333333333333
13038,Tourism and NG_Activities,0.3333333333333333
13040,Tourism and NG_Activities,1.0
13041,Site Guidelines for Visitors,0.5
13041,Tourism and NG_Activities,0.5
13042,Nonnative Species and Quarantine,0.5
13042,Safety and Operations in Antarctica,0.5
13043,Tourism and NG_Activities,1.0
13044,Tourism and NG_Activities,1.0
13045,Site Guidelines for Visitors,0.5
13045,Tourism and NG_Activities,0.5
13046,Tourism and NG_Activities,1.0
13047,Educational issues,1.0
13048,Tourism and NG_Activities,1.0
13049,Safety and Operations in Antarctica,1.0
13050,Area Protection and Management Plans General,1.0
13051,Tourism and NG_Activities,1.0
13056,Operation of the Antarctic Treaty system Reports,1.0
13060,Operation of the Antarctic Treaty system General,1.0
13073,Tourism and NG_Activities,1.0
13080,Tourism and NG_Activities,1.0
13152,Tourism and NG_Activities,1.0
13153,Environmental Monitoring and Reporting,0.5
13153,Science issues,0.5
13155,Cooperation with Other Organisations,1.0
13158,Operation of the Antarctic Treaty system Reports,1.0
13159,Operation of the Antarctic Treaty system General,1.0
13171,Tourism and NG_Activities,1.0
13172,Educational issues,1.0
13175,Operation of the Antarctic Treaty system Reports,1.0
13176,Safety and Operations in Antarctica,1.0
13177,Environmental Impact Assessment EIA Other EIA Matters,0.5
13177,Tourism and NG_Activities,0.5
13179,Operation of the Antarctic Treaty system General,1.0
13180,Climate Change,1.0
13181,Operation of the Antarctic Treaty system Reports,1.0
13182,Operation of the Antarctic Treaty system Reports,1.0
13183,Environmental Monitoring and Reporting,1.0
13185,Fauna and Flora_General,1.0
13186,Operational issues,1.0
13187,Cooperation with Other Organisations,0.5
13187,Operation of the Antarctic Treaty system Reports,0.5
13188,Environmental Monitoring and Reporting,0.5
13188,Science issues,0.5
13189,Operation of the Antarctic Treaty system General,1.0
13190,Area Protection and Management Plans General,1.0
13191,Area Protection and Management Plans General,1.0
13192,Area Protection and Management Plans General,1.0
13193,Fauna and Flora_General,1.0
13194,Science issues,1.0
13195,Area Protection and Management Plans General,1.0
13196,Exchange of Information,1.0
13197,Operation of the Antarctic Treaty system General,0.5
13197,Operation of the CEP,0.5
13199,Area Protection and Management Plans General,0.5
13199,Inspections,0.5
13200,Comprehensive Environmental Evaluations,1.0
13201,Comprehensive Environmental Evaluations,1.0
13202,Area Protection and Management Plans General,1.0
13204,Site Guidelines for Visitors,1.0
13205,Environmental Impact Assessment EIA Other EIA Matters,1.0
13206,Climate Change,1.0
13207,Repair and remediation of environmental damage,1.0
13208,Science issues,1.0
13209,Historic Sites and Monuments,1.0
13210,Educational issues,1.0
13211,Operation of the Antarctic Treaty system General,1.0
13212,Operation of the Antarctic Treaty system General,1.0
13213,Operation of the Antarctic Treaty system General,1.0
13215,Site Guidelines for Visitors,1.0
13216,Cooperation with Other Organisations,0.5
13216,Operation of the Antarctic Treaty system Reports,0.5
13217,CEP Strategy Discussions,1.0
13218,Fauna and Flora_General,1.0
13219,Fauna and Flora_General,1.0
13220,Environmental Monitoring and Reporting,1.0
13221,Area Protection and Management Plans General,1.0
13222,Area Protection and Management Plans General,1.0
13223,Climate Change,1.0
13224,Climate Change,1.0
13225,Operation of the CEP,1.0
13227,Environmental Impact Assessment EIA Other EIA Matters,1.0
13228,Tourism and NG_Activities,1.0
13229,Repair and remediation of environmental damage,1.0
13231,Liability,0.5
13231,Operation of the Antarctic Treaty system General,0.5
13232,Science issues,1.0
13233,Science issues,1.0
13234,Repair and remediation of environmental damage,1.0
13235,Environmental Impact Assessment EIA Other EIA Matters,1.0
13236,Historic Sites and Monuments,1.0
13237,Safety and Operations in Antarctica,0.5
13237,Science issues,0.5
13238,Multiyear strategic workplan,0.5
13238,Science issues,0.5
13239,Area Protection and Management Plans General,1.0
13240,Climate Change,1.0
13241,Safety and Operations in Antarctica,1.0
13243,Cooperation with Other Organisations,0.5
13243,Operation of the Antarctic Treaty system Reports,0.5
13244,Educational issues,1.0
13245,Safety and Operations in Antarctica,1.0
13246,Repair and remediation of environmental damage,1.0
13247,Environmental Impact Assessment EIA Other EIA Matters,0.5
13247,Safety and Operations in Antarctica,0.5
13248,Fauna and Flora_General,0.5
13248,Safety and Operations in Antarctica,0.5
13249,Environmental Monitoring and Reporting,0.5
13249,Science issues,0.5
13251,Science issues,1.0
13252,Fauna and Flora_General,0.5
13252,Safety and Operations in Antarctica,0.5
13253,Safety and Operations in Antarctica,1.0
13254,Operation of the Antarctic Treaty system General,0.5
13254,Science issues,0.5
13258,Science issues,1.0
13259,Repair and remediation of environmental damage,1.0
13260,Safety and Operations in Antarctica,1.0
13262,Climate Change,0.3333333333333333
13262,Operation of the Antarctic Treaty system Reports,0.3333333333333333
13262,Safety and Operations in Antarctica,0.3333333333333333
13263,Fauna and Flora_General,0.5
13263,Safety and Operations in Antarctica,0.5
13264,Science issues,1.0
13265,Historic Sites and Monuments,1.0
13266,Repair and remediation of environmental damage,1.0
13267,Environmental Impact Assessment EIA Other EIA Matters,1.0
13268,Fauna and Flora_General,0.5
13268,Safety and Operations in Antarctica,0.5
13269,Operation of the Antarctic Treaty system The Secretariat,1.0
13270,Environmental Monitoring and Reporting,0.5
13270,Science issues,0.5
13271,Environmental Impact Assessment EIA Other EIA Matters,0.5
13271,Science issues,0.5
13272,Science issues,1.0
13273,Environmental Protection General,0.5
13273,Science issues,0.5
13276,Educational issues,1.0
13277,Area Protection and Management Plans General,1.0
13278,Environmental Monitoring and Reporting,0.5
13278,Science issues,0.5
13279,Science issues,1.0
13280,Educational issues,1.0
13281,Fauna and Flora_General,0.5
13281,Safety and Operations in Antarctica,0.5
13284,Fauna and Flora_General,1.0
13285,Tourism and NG_Activities,1.0
13286,Exchange of Information,1.0
13287,Fauna and Flora_General,1.0
13288,Tourism and NG_Activities,1.0
13289,Tourism and NG_Activities,1.0
13290,Environmental Monitoring and Reporting,1.0
13291,Environmental Monitoring and Reporting,0.5
13291,Science issues,0.5
13293,Environmental Monitoring and Reporting,1.0
13294,Environmental Monitoring and Reporting,1.0
13296,Environmental Monitoring and Reporting,1.0
13298,Operation of the Antarctic Treaty system The Secretariat,1.0
13300,Specially Protected Species,1.0
13301,Science issues,1.0
13303,Safety and Operations in Antarctica,0.5
13303,Science issues,0.5
13304,Fauna and Flora_General,1.0
13309,Nonnative Species and Quarantine,1.0
13310,Operation of the Antarctic Treaty system General,1.0
13316,Fauna and Flora_General,1.0
13319,Historic Sites and Monuments,1.0
13320,Specially Protected Species,1.0
13322,Tourism and NG_Activities,1.0
13323,Safety and Operations in Antarctica,1.0
13324,Safety and Operations in Antarctica,1.0
13327,Nonnative Species and Quarantine,1.0
13331,Operation of the Antarctic Treaty system General,1.0
13332,Operation of the Antarctic Treaty system General,1.0
13333,Environmental Monitoring and Reporting,1.0
13337,Science issues,1.0
13338,Nonnative Species and Quarantine,0.5
13338,Safety and Operations in Antarctica,0.5
13339,Tourism and NG_Activities,1.0
13340,Climate Change,0.5
13340,Historic Sites and Monuments,0.5
13342,Nonnative Species and Quarantine,1.0
13343,Environmental Monitoring and Reporting,1.0
13350,Tourism and NG_Activities,1.0
13352,Nonnative Species and Quarantine,0.5
13352,Tourism and NG_Activities,0.5
13353,Tourism and NG_Activities,1.0
13357,Operation of the Antarctic Treaty system Reports,0.5
13357,Tourism and NG_Activities,0.5
13358,Operation of the Antarctic Treaty system Reports,1.0
13359,Climate Change,0.5
13359,Science issues,0.5
13360,Climate Change,0.5
13360,Science issues,0.5
13362,Science issues,1.0
13363,Science issues,1.0
13367,Tourism and NG_Activities,1.0
13371,Safety and Operations in Antarctica,1.0
13372,Operation of the Antarctic Treaty system General,0.5
13372,Science issues,0.5
13379,Operation of the Antarctic Treaty system General,1.0
13381,Exchange of Information,1.0
13382,Biological Prospecting,1.0
13383,Science issues,1.0
13385,Educational issues,1.0
13386,Environmental Monitoring and Reporting,0.5
13386,Science issues,0.5
13387,Tourism and NG_Activities,1.0
13388,Nonnative Species and Quarantine,1.0
13389,Nonnative Species and Quarantine,1.0
13390,Educational issues,0.5
13390,Environmental Monitoring and Reporting,0.5
13391,Environmental Protection General,1.0
13392,Fauna and Flora_General,1.0
13394,Safety and Operations in Antarctica,0.5
13394,Science issues,0.5
13396,Educational issues,1.0
13397,Tourism and NG_Activities,1.0
13399,Area Protection and Management Plans General,0.5
13399,Safety and Operations in Antarctica,0.5
13400,Tourism and NG_Activities,1.0
13401,Operation of the Antarctic Treaty system Reports,1.0
13403,Climate Change,1.0
13404,Safety and Operations in Antarctica,0.5
13404,Science issues,0.5
13406,Science issues,1.0
13407,Educational issues,1.0
13408,Safety and Operations in Antarctica,1.0
13412,Science issues,1.0
13413,Science issues,1.0
13416,Nonnative Species and Quarantine,1.0
13424,Science issues,1.0
13429,Environmental Impact Assessment EIA Other EIA Matters,0.5
13429,Safety and Operations in Antarctica,0.5
13431,Tourism and NG_Activities,1.0
13432,Tourism and NG_Activities,1.0
13433,Tourism and NG_Activities,1.0
13434,Biological Prospecting,1.0
13435,Climate Change,1.0
13436,Environmental Monitoring and Reporting,0.5
13436,Science issues,0.5
13437,Comprehensive Environmental Evaluations,1.0
13438,Area Protection and Management Plans General,1.0
13441,Environmental Monitoring and Reporting,1.0
13443,Environmental Monitoring and Reporting,1.0
13444,Operation of the Antarctic Treaty system Reports,1.0
13445,Environmental Monitoring and Reporting,1.0
13446,Nonnative Species and Quarantine,1.0
13447,Area Protection and Management Plans General,1.0
13448,Environmental Protection General,0.5
13448,Science issues,0.5
13449,Specially Protected Species,1.0
13450,Nonnative Species and Quarantine,0.5
13450,Safety and Operations in Antarctica,0.5
13451,Nonnative Species and Quarantine,0.5
13451,Safety and Operations in Antarctica,0.5
13452,Area Protection and Management Plans General,0.5
13452,Tourism and NG_Activities,0.5
13453,Environmental Monitoring and Reporting,1.0
13454,Environmental Monitoring and Reporting,0.5
13454,Science issues,0.5
13455,Fauna and Flora_General,0.5
13455,Science issues,0.5
13456,Environmental Protection General,0.5
13456,Science issues,0.5
13457,Nonnative Species and Quarantine,1.0
13458,Science issues,1.0
13459,Science issues,1.0
13461,Cooperation with Other Organisations,0.5
13461,Science issues,0.5
13462,Climate Change,1.0
13463,Environmental Monitoring and Reporting,1.0
13464,Site Guidelines for Visitors,1.0
13466,Environmental Protection General,1.0
13467,Area Protection and Management Plans General,1.0
13468,Environmental Protection General,1.0
13472,Nonnative Species and Quarantine,0.5
13472,Safety and Operations in Antarctica,0.5
13473,Nonnative Species and Quarantine,1.0
13474,Environmental Monitoring and Reporting,0.5
13474,Science issues,0.5
13475,Tourism and NG_Activities,1.0
13476,Nonnative Species and Quarantine,0.3333333333333333
13476,Tourism and NG_Activities,0.3333333333333333
13476,Waste management and disposal,0.3333333333333333
13481,Science issues,1.0
13482,Area Protection and Management Plans General,1.0
13486,Environmental Monitoring and Reporting,0.5
13486,Science issues,0.5
13487,Tourism and NG_Activities,1.0
13497,Educational issues,1.0
13504,Tourism and NG_Activities,1.0
